[{"stream_name":"stdout","time":17.934896859,"data":"     ━━━━━━━━━━━━━━━━━━━━━━━━━━━━━━━━━━━━━━━━ 18.9/18.9 MB 56.7 MB/s eta 0:00:00\n"}
,{"stream_name":"stdout","time":352.276380034,"data":"     ━━━━━━━━━━━━━━━━━━━━━━━━━━━━━━━━━━━━━━━━ 62.1/62.1 kB 1.8 MB/s eta 0:00:00\n"}
,{"stream_name":"stdout","time":354.404303769,"data":"     ━━━━━━━━━━━━━━━━━━━━━━━━━━━━━━━━━━━━━━━━ 80.3/80.3 kB 2.6 MB/s eta 0:00:00\n"}
,{"stream_name":"stdout","time":356.898861339,"data":"     ━━━━━━━━━━━━━━━━━━━━━━━━━━━━━━━━━━━━━━━━ 41.2/41.2 kB 1.2 MB/s eta 0:00:00\n"}
,{"stream_name":"stdout","time":358.820570596,"data":"   ━━━━━━━━━━━━━━━━━━━━━━━━━━━━━━━━━━━━━━━━ 10.5/10.5 MB 86.4 MB/s eta 0:00:00\n"}
,{"stream_name":"stdout","time":359.025732492,"data":"   ━━━━━━━━━━━━━━━━━━━━━━━━━━━━━━━━━━━━━━━━ 11.1/11.1 MB 57.0 MB/s eta 0:00:00\n"}
,{"stream_name":"stdout","time":359.075042868,"data":"   ━━━━━━━━━━━━━━━━━━━━━━━━━━━━━━━━━━━━━━━━ 243.4/243.4 kB 7.7 MB/s eta 0:00:00\n"}
,{"stream_name":"stdout","time":359.122296952,"data":"   ━━━━━━━━━━━━━━━━━━━━━━━━━━━━━━━━━━━━━━━━ 377.7/377.7 kB 12.7 MB/s eta 0:00:00\n"}
,{"stream_name":"stdout","time":359.16836006,"data":"   ━━━━━━━━━━━━━━━━━━━━━━━━━━━━━━━━━━━━━━━━ 261.1/261.1 kB 8.5 MB/s eta 0:00:00\n"}
,{"stream_name":"stdout","time":359.303555153,"data":"   ━━━━━━━━━━━━━━━━━━━━━━━━━━━━━━━━━━━━━━━━ 9.9/9.9 MB 82.6 MB/s eta 0:00:00\n"}
,{"stream_name":"stdout","time":359.348499314,"data":"   ━━━━━━━━━━━━━━━━━━━━━━━━━━━━━━━━━━━━━━━━ 155.6/155.6 kB 5.1 MB/s eta 0:00:00\n"}
,{"stream_name":"stdout","time":359.473691605,"data":"   ━━━━━━━━━━━━━━━━━━━━━━━━━━━━━━━━━━━━━━━━ 9.1/9.1 MB 83.2 MB/s eta 0:00:00\n"}
,{"stream_name":"stdout","time":359.940017084,"data":"   ━━━━━━━━━━━━━━━━━━━━━━━━━━━━━━━━━━━━━━━━ 35.2/35.2 MB 45.0 MB/s eta 0:00:00\n"}
,{"stream_name":"stdout","time":359.983990552,"data":"   ━━━━━━━━━━━━━━━━━━━━━━━━━━━━━━━━━━━━━━━━ 47.5/47.5 kB 1.3 MB/s eta 0:00:00\n"}
,{"stream_name":"stdout","time":360.086056623,"data":"   ━━━━━━━━━━━━━━━━━━━━━━━━━━━━━━━━━━━━━━━━ 1.2/1.2 MB 30.2 MB/s eta 0:00:00\n"}
,{"stream_name":"stdout","time":360.13657869,"data":"   ━━━━━━━━━━━━━━━━━━━━━━━━━━━━━━━━━━━━━━━━ 60.1/60.1 kB 1.5 MB/s eta 0:00:00\n"}
,{"stream_name":"stderr","time":417.356867583,"data":"ERROR: pip's dependency resolver does not currently take into account all the packages that are installed. This behaviour is the source of the following dependency conflicts.\n"}
,{"stream_name":"stderr","time":417.356926582,"data":"bigframes 2.48.0 requires google-cloud-bigquery-storage\u003c3.0.0,\u003e=2.30.0, which is not installed.\n"}
,{"stream_name":"stderr","time":417.356933889,"data":"ydata-profiling 4.18.4 requires matplotlib\u003c=3.10,\u003e=3.5, but you have matplotlib 3.11.2 which is incompatible.\n"}
,{"stream_name":"stderr","time":417.356952061,"data":"ydata-profiling 4.18.4 requires scipy\u003c1.17,\u003e=1.8, but you have scipy 1.17.1 which is incompatible.\n"}
,{"stream_name":"stderr","time":417.356956937,"data":"mne 1.13.2 requires numpy\u003c3,\u003e=2.1, but you have numpy 2.0.2 which is incompatible.\n"}
,{"stream_name":"stderr","time":417.356961077,"data":"bayesian-optimization 3.3.0 requires numpy\u003e=2.1.3; python_full_version \u003e= \"3.13\", but you have numpy 2.0.2 which is incompatible.\n"}
,{"stream_name":"stderr","time":417.356965822,"data":"google-colab 1.0.0 requires jupyter-server==2.20.0, but you have jupyter-server 2.12.5 which is incompatible.\n"}
,{"stream_name":"stderr","time":417.356970029,"data":"google-colab 1.0.0 requires pandas==2.2.3, but you have pandas 2.3.3 which is incompatible.\n"}
,{"stream_name":"stderr","time":417.356974513,"data":"google-colab 1.0.0 requires requests==2.32.4, but you have requests 2.34.2 which is incompatible.\n"}
,{"stream_name":"stderr","time":417.35697848,"data":"dopamine-rl 4.1.2 requires gym\u003c=0.25.2, but you have gym 0.26.2 which is incompatible.\n"}
,{"stream_name":"stderr","time":417.356982912,"data":"moviepy 1.0.3 requires decorator\u003c5.0,\u003e=4.0.2, but you have decorator 5.3.1 which is incompatible.\n"}
,{"stream_name":"stderr","time":417.356986944,"data":"ml-dtypes 0.6.0 requires numpy\u003e=2.1.0; python_version \u003e= \"3.13\", but you have numpy 2.0.2 which is incompatible.\n"}
,{"stream_name":"stderr","time":417.356991216,"data":"jax 0.11.1 requires numpy\u003e=2.1, but you have numpy 2.0.2 which is incompatible.\n"}
,{"stream_name":"stderr","time":417.356995761,"data":"dm-tree 0.1.10 requires numpy\u003e=2.1.0; python_version \u003e= \"3.13\", but you have numpy 2.0.2 which is incompatible.\n"}
,{"stream_name":"stderr","time":417.356999934,"data":"tifffile 2026.8.23 requires numpy\u003e=2.1, but you have numpy 2.0.2 which is incompatible.\n"}
,{"stream_name":"stdout","time":420.18350769,"data":"search_tls_2of5: 408 injections on 159 hosts, cache /kaggle/input/datasets/srijeetbanerjee/exog-lc-cache-v1/cache\n"}
,{"stream_name":"stdout","time":439.530520523,"data":"Transit Least Squares TLS 1.32 (5 Apr 2024)\n"}
,{"stream_name":"stdout","time":439.572532261,"data":"Transit Least Squares TLS 1.32 (5 Apr 2024)\n"}
,{"stream_name":"stdout","time":439.721505959,"data":"Creating model cache for 36 durations\n"}
,{"stream_name":"stdout","time":439.735166889,"data":"Searching 2973 data points, 1380 periods from 0.782 to 10.884 days\n"}
,{"stream_name":"stdout","time":439.735195049,"data":"Using 1 of 4 CPU threads\n"}
,{"stream_name":"stdout","time":439.806331975,"data":"Creating model cache for 37 durations\n"}
,{"stream_name":"stdout","time":439.820144592,"data":"Searching 2685 data points, 1632 periods from 0.729 to 11.631 days\n"}
,{"stream_name":"stdout","time":439.820605133,"data":"Using 1 of 4 CPU threads\n"}
,{"stream_name":"stdout","time":440.208910621,"data":"Transit Least Squares TLS 1.32 (5 Apr 2024)\n"}
,{"stream_name":"stdout","time":440.354070375,"data":"Creating model cache for 43 durations\n"}
,{"stream_name":"stdout","time":440.373946097,"data":"Searching 4870 data points, 5235 periods from 0.605 to 26.129 days\n"}
,{"stream_name":"stdout","time":440.374310874,"data":"Using 1 of 4 CPU threads\n"}
,{"stream_name":"stdout","time":440.512176235,"data":"Transit Least Squares TLS 1.32 (5 Apr 2024)\n"}
,{"stream_name":"stdout","time":440.65968724,"data":"Creating model cache for 42 durations\n"}
,{"stream_name":"stdout","time":440.675717171,"data":"Searching 5949 data points, 3122 periods from 0.929 to 25.552 days\n"}
,{"stream_name":"stdout","time":440.675805157,"data":"Using 1 of 4 CPU threads\n"}
,{"stream_name":"stdout","time":452.164267115,"data":"Searching for best T0 for period 10.55831 days\n"}
,{"stream_name":"stdout","time":453.977407266,"data":"Searching for best T0 for period 7.87880 days\n"}
,{"stream_name":"stderr","time":454.66977507,"data":"/usr/local/lib/python3.13/dist-packages/transitleastsquares/main.py:411: UserWarning: 1 of 3 transits without data. The true period may be twice the given period.\n"}
,{"stream_name":"stderr","time":454.669815097,"data":"  warnings.warn(text)\n"}
,{"stream_name":"stdout","time":456.15365989,"data":"Transit Least Squares TLS 1.32 (5 Apr 2024)\n"}
,{"stream_name":"stdout","time":456.154747704,"data":"Creating model cache for 36 durations\n"}
,{"stream_name":"stdout","time":456.165844749,"data":"Searching 2973 data points, 1380 periods from 0.782 to 10.884 days\n"}
,{"stream_name":"stdout","time":456.166235235,"data":"Using 1 of 4 CPU threads\n"}
,{"stream_name":"stdout","time":457.488083912,"data":"Transit Least Squares TLS 1.32 (5 Apr 2024)\n"}
,{"stream_name":"stdout","time":457.489004735,"data":"Creating model cache for 37 durations\n"}
,{"stream_name":"stdout","time":457.500006325,"data":"Searching 2685 data points, 1632 periods from 0.729 to 11.631 days\n"}
,{"stream_name":"stdout","time":457.500233227,"data":"Using 1 of 4 CPU threads\n"}
,{"stream_name":"stdout","time":466.954487494,"data":"Searching for best T0 for period 1.34061 days\n"}
,{"stream_name":"stdout","time":467.894561256,"data":"Searching for best T0 for period 1.18540 days\n"}
,{"stream_name":"stderr","time":468.364741838,"data":"/usr/local/lib/python3.13/dist-packages/numpy/_core/_methods.py:218: RuntimeWarning: Degrees of freedom \u003c= 0 for slice\n"}
,{"stream_name":"stderr","time":468.364827465,"data":"  ret = _var(a, axis=axis, dtype=dtype, out=out, ddof=ddof,\n"}
,{"stream_name":"stderr","time":468.365106016,"data":"/usr/local/lib/python3.13/dist-packages/numpy/_core/_methods.py:175: RuntimeWarning: invalid value encountered in divide\n"}
,{"stream_name":"stderr","time":468.365123628,"data":"  arrmean = um.true_divide(arrmean, div, out=arrmean,\n"}
,{"stream_name":"stderr","time":468.365408436,"data":"/usr/local/lib/python3.13/dist-packages/numpy/_core/_methods.py:210: RuntimeWarning: invalid value encountered in scalar divide\n"}
,{"stream_name":"stderr","time":468.365425047,"data":"  ret = ret.dtype.type(ret / rcount)\n"}
,{"stream_name":"stdout","time":471.702914919,"data":"Transit Least Squares TLS 1.32 (5 Apr 2024)\n"}
,{"stream_name":"stdout","time":471.702956684,"data":"Creating model cache for 36 durations\n"}
,{"stream_name":"stdout","time":471.711647436,"data":"Searching 2973 data points, 1380 periods from 0.782 to 10.884 days\n"}
,{"stream_name":"stdout","time":471.711829143,"data":"Using 1 of 4 CPU threads\n"}
,{"stream_name":"stdout","time":471.782449056,"data":"Transit Least Squares TLS 1.32 (5 Apr 2024)\n"}
,{"stream_name":"stdout","time":471.783673087,"data":"Creating model cache for 37 durations\n"}
,{"stream_name":"stdout","time":471.795293511,"data":"Searching 2685 data points, 1632 periods from 0.729 to 11.631 days\n"}
,{"stream_name":"stdout","time":471.795689406,"data":"Using 1 of 4 CPU threads\n"}
,{"stream_name":"stdout","time":482.418094426,"data":"Searching for best T0 for period 7.01985 days\n"}
,{"stream_name":"stdout","time":483.099840894,"data":"Searching for best T0 for period 8.29535 days\n"}
,{"stream_name":"stderr","time":483.688870753,"data":"/usr/local/lib/python3.13/dist-packages/transitleastsquares/main.py:411: UserWarning: 1 of 3 transits without data. The true period may be twice the given period.\n"}
,{"stream_name":"stderr","time":483.688930986,"data":"  warnings.warn(text)\n"}
,{"stream_name":"stdout","time":485.697979819,"data":"Transit Least Squares TLS 1.32 (5 Apr 2024)\n"}
,{"stream_name":"stdout","time":485.700055293,"data":"Creating model cache for 37 durations\n"}
,{"stream_name":"stdout","time":485.712423972,"data":"Searching 2685 data points, 1632 periods from 0.729 to 11.631 days\n"}
,{"stream_name":"stdout","time":485.712915127,"data":"Using 1 of 4 CPU threads\n"}
,{"stream_name":"stdout","time":486.582527188,"data":"Transit Least Squares TLS 1.32 (5 Apr 2024)\n"}
,{"stream_name":"stdout","time":486.583609513,"data":"Creating model cache for 36 durations\n"}
,{"stream_name":"stdout","time":486.595824349,"data":"Searching 2973 data points, 1380 periods from 0.782 to 10.884 days\n"}
,{"stream_name":"stdout","time":486.596002797,"data":"Using 1 of 4 CPU threads\n"}
,{"stream_name":"stdout","time":490.099534401,"data":"Searching for best T0 for period 0.93783 days\n"}
,{"stream_name":"stdout","time":497.262629365,"data":"Searching for best T0 for period 8.31952 days\n"}
,{"stream_name":"stdout","time":499.754246932,"data":"Transit Least Squares TLS 1.32 (5 Apr 2024)\n"}
,{"stream_name":"stdout","time":499.75604613,"data":"Creating model cache for 42 durations\n"}
,{"stream_name":"stdout","time":499.770069353,"data":"Searching 5949 data points, 3122 periods from 0.929 to 25.552 days\n"}
,{"stream_name":"stdout","time":499.770234933,"data":"Using 1 of 4 CPU threads\n"}
,{"stream_name":"stdout","time":501.941294366,"data":"Transit Least Squares TLS 1.32 (5 Apr 2024)\n"}
,{"stream_name":"stdout","time":501.944235217,"data":"Creating model cache for 43 durations\n"}
,{"stream_name":"stdout","time":501.960067042,"data":"Searching 6420 data points, 6536 periods from 0.5 to 26.24 days\n"}
,{"stream_name":"stdout","time":501.960320111,"data":"Using 1 of 4 CPU threads\n"}
,{"stream_name":"stdout","time":502.261409919,"data":"Searching for best T0 for period 1.01173 days\n"}
,{"stream_name":"stdout","time":505.327421777,"data":"Searching for best T0 for period 6.02696 days\n"}
,{"stream_name":"stdout","time":506.747727043,"data":"Transit Least Squares TLS 1.32 (5 Apr 2024)\n"}
,{"stream_name":"stdout","time":506.74939351,"data":"Creating model cache for 37 durations\n"}
,{"stream_name":"stdout","time":506.763939455,"data":"Searching 2570 data points, 2187 periods from 0.585 to 11.892 days\n"}
,{"stream_name":"stdout","time":506.763987845,"data":"Using 1 of 4 CPU threads\n"}
,{"stream_name":"stderr","time":506.882960486,"data":"/usr/local/lib/python3.13/dist-packages/transitleastsquares/stats.py:458: RuntimeWarning: divide by zero encountered in scalar divide\n"}
,{"stream_name":"stderr","time":506.883015555,"data":"  snr_pink_per_transit[i] = (1 - mean_flux) / pinknoise\n"}
,{"stream_name":"stderr","time":506.897194278,"data":"/usr/local/lib/python3.13/dist-packages/transitleastsquares/main.py:411: UserWarning: 3 of 8 transits without data. The true period may be twice the given period.\n"}
,{"stream_name":"stderr","time":506.897228545,"data":"  warnings.warn(text)\n"}
,{"stream_name":"stdout","time":511.902794917,"data":"Transit Least Squares TLS 1.32 (5 Apr 2024)\n"}
,{"stream_name":"stdout","time":511.905201126,"data":"Creating model cache for 43 durations\n"}
,{"stream_name":"stdout","time":511.91973878,"data":"Searching 4870 data points, 5235 periods from 0.605 to 26.129 days\n"}
,{"stream_name":"stdout","time":511.919786774,"data":"Using 1 of 4 CPU threads\n"}
,{"stream_name":"stdout","time":520.922397874,"data":"Searching for best T0 for period 5.22104 days\n"}
,{"stream_name":"stdout","time":523.922980679,"data":"Transit Least Squares TLS 1.32 (5 Apr 2024)\n"}
,{"stream_name":"stdout","time":523.924271333,"data":"Creating model cache for 37 durations\n"}
,{"stream_name":"stdout","time":523.935643709,"data":"Searching 2949 data points, 2471 periods from 0.564 to 12.715 days\n"}
,{"stream_name":"stdout","time":523.935911503,"data":"Using 1 of 4 CPU threads\n"}
,{"stream_name":"stdout","time":543.725564199,"data":"Searching for best T0 for period 3.19703 days\n"}
,{"stream_name":"stdout","time":547.509187741,"data":"Searching for best T0 for period 1.55223 days\n"}
,{"stream_name":"stdout","time":552.296289627,"data":"Transit Least Squares TLS 1.32 (5 Apr 2024)\n"}
,{"stream_name":"stdout","time":552.297842335,"data":"Creating model cache for 37 durations\n"}
,{"stream_name":"stdout","time":552.310039754,"data":"Searching 2949 data points, 2471 periods from 0.564 to 12.715 days\n"}
,{"stream_name":"stdout","time":552.310168975,"data":"Using 1 of 4 CPU threads\n"}
,{"stream_name":"stdout","time":552.478175983,"data":"Transit Least Squares TLS 1.32 (5 Apr 2024)\n"}
,{"stream_name":"stdout","time":552.480742941,"data":"Creating model cache for 42 durations\n"}
,{"stream_name":"stdout","time":552.495040893,"data":"Searching 4979 data points, 4974 periods from 0.614 to 25.337 days\n"}
,{"stream_name":"stdout","time":552.495449082,"data":"Using 1 of 4 CPU threads\n"}
,{"stream_name":"stdout","time":574.129731546,"data":"Searching for best T0 for period 4.99182 days\n"}
,{"stream_name":"stdout","time":574.380856106,"data":"Searching for best T0 for period 0.64436 days\n"}
,{"stream_name":"stderr","time":576.008537356,"data":"/usr/local/lib/python3.13/dist-packages/numpy/_core/_methods.py:218: RuntimeWarning: Degrees of freedom \u003c= 0 for slice\n"}
,{"stream_name":"stderr","time":576.008586076,"data":"  ret = _var(a, axis=axis, dtype=dtype, out=out, ddof=ddof,\n"}
,{"stream_name":"stderr","time":576.008678438,"data":"/usr/local/lib/python3.13/dist-packages/numpy/_core/_methods.py:175: RuntimeWarning: invalid value encountered in divide\n"}
,{"stream_name":"stderr","time":576.008722313,"data":"  arrmean = um.true_divide(arrmean, div, out=arrmean,\n"}
,{"stream_name":"stderr","time":576.008850104,"data":"/usr/local/lib/python3.13/dist-packages/numpy/_core/_methods.py:210: RuntimeWarning: invalid value encountered in scalar divide\n"}
,{"stream_name":"stderr","time":576.008879116,"data":"  ret = ret.dtype.type(ret / rcount)\n"}
,{"stream_name":"stderr","time":576.393748796,"data":"/usr/local/lib/python3.13/dist-packages/transitleastsquares/main.py:411: UserWarning: 67 of 81 transits without data. The true period may be twice the given period.\n"}
,{"stream_name":"stderr","time":576.393803906,"data":"  warnings.warn(text)\n"}
,{"stream_name":"stdout","time":578.637462782,"data":"Transit Least Squares TLS 1.32 (5 Apr 2024)\n"}
,{"stream_name":"stdout","time":578.640749202,"data":"Creating model cache for 42 durations\n"}
,{"stream_name":"stdout","time":578.656981256,"data":"Searching 6442 data points, 7621 periods from 0.5 to 25.218 days\n"}
,{"stream_name":"stdout","time":578.657047722,"data":"Using 1 of 4 CPU threads\n"}
,{"stream_name":"stdout","time":582.861964701,"data":"Transit Least Squares TLS 1.32 (5 Apr 2024)\n"}
,{"stream_name":"stdout","time":582.864495132,"data":"Creating model cache for 43 durations\n"}
,{"stream_name":"stdout","time":582.878391085,"data":"Searching 4870 data points, 5235 periods from 0.605 to 26.129 days\n"}
,{"stream_name":"stdout","time":582.878544612,"data":"Using 1 of 4 CPU threads\n"}
,{"stream_name":"stdout","time":617.222022159,"data":"Searching for best T0 for period 1.98983 days\n"}
,{"stream_name":"stderr","time":618.056907786,"data":"/usr/local/lib/python3.13/dist-packages/transitleastsquares/main.py:411: UserWarning: 9 of 25 transits without data. The true period may be twice the given period.\n"}
,{"stream_name":"stderr","time":618.056968562,"data":"  warnings.warn(text)\n"}
,{"stream_name":"stdout","time":623.090905623,"data":"Transit Least Squares TLS 1.32 (5 Apr 2024)\n"}
,{"stream_name":"stdout","time":623.091941539,"data":"Creating model cache for 37 durations\n"}
,{"stream_name":"stdout","time":623.102966055,"data":"Searching 2222 data points, 1985 periods from 0.614 to 11.517 days\n"}
,{"stream_name":"stdout","time":623.103032937,"data":"Using 1 of 4 CPU threads\n"}
,{"stream_name":"stdout","time":634.818320414,"data":"Searching for best T0 for period 9.24458 days\n"}
,{"stream_name":"stderr","time":635.189510242,"data":"/usr/local/lib/python3.13/dist-packages/transitleastsquares/main.py:411: UserWarning: 1 of 3 transits without data. The true period may be twice the given period.\n"}
,{"stream_name":"stderr","time":635.189549465,"data":"  warnings.warn(text)\n"}
,{"stream_name":"stdout","time":638.445377134,"data":"Transit Least Squares TLS 1.32 (5 Apr 2024)\n"}
,{"stream_name":"stdout","time":638.448258598,"data":"Creating model cache for 42 durations\n"}
,{"stream_name":"stdout","time":638.46236592,"data":"Searching 4979 data points, 4974 periods from 0.614 to 25.337 days\n"}
,{"stream_name":"stdout","time":638.462405831,"data":"Using 1 of 4 CPU threads\n"}
,{"stream_name":"stdout","time":641.775024088,"data":"Searching for best T0 for period 0.84787 days\n"}
,{"stream_name":"stdout","time":651.322905748,"data":"Transit Least Squares TLS 1.32 (5 Apr 2024)\n"}
,{"stream_name":"stdout","time":651.328752635,"data":"Creating model cache for 43 durations\n"}
,{"stream_name":"stdout","time":651.348409463,"data":"Searching 6420 data points, 6536 periods from 0.5 to 26.24 days\n"}
,{"stream_name":"stdout","time":651.34868648,"data":"Using 1 of 4 CPU threads\n"}
,{"stream_name":"stdout","time":668.111388245,"data":"Searching for best T0 for period 1.44484 days\n"}
,{"stream_name":"stdout","time":668.367275996,"data":"Searching for best T0 for period 16.20724 days\n"}
,{"stream_name":"stderr","time":668.89442271,"data":"/usr/local/lib/python3.13/dist-packages/transitleastsquares/main.py:411: UserWarning: 12 of 36 transits without data. The true period may be twice the given period.\n"}
,{"stream_name":"stderr","time":668.894473248,"data":"  warnings.warn(text)\n"}
,{"stream_name":"stdout","time":674.997666022,"data":"Transit Least Squares TLS 1.32 (5 Apr 2024)\n"}
,{"stream_name":"stdout","time":675.002868469,"data":"Creating model cache for 43 durations\n"}
,{"stream_name":"stdout","time":675.014859594,"data":"Searching 4870 data points, 5235 periods from 0.605 to 26.129 days\n"}
,{"stream_name":"stdout","time":675.01496621,"data":"Using 1 of 4 CPU threads\n"}
,{"stream_name":"stdout","time":675.763601993,"data":"Transit Least Squares TLS 1.32 (5 Apr 2024)\n"}
,{"stream_name":"stdout","time":675.767310795,"data":"Creating model cache for 42 durations\n"}
,{"stream_name":"stdout","time":675.785797531,"data":"Searching 6442 data points, 7621 periods from 0.5 to 25.218 days\n"}
,{"stream_name":"stdout","time":675.786003811,"data":"Using 1 of 4 CPU threads\n"}
,{"stream_name":"stdout","time":720.224582491,"data":"Searching for best T0 for period 1.91838 days\n"}
,{"stream_name":"stderr","time":721.353647297,"data":"/usr/local/lib/python3.13/dist-packages/transitleastsquares/main.py:411: UserWarning: 9 of 27 transits without data. The true period may be twice the given period.\n"}
,{"stream_name":"stderr","time":721.353913268,"data":"  warnings.warn(text)\n"}
,{"stream_name":"stdout","time":726.357027745,"data":"Transit Least Squares TLS 1.32 (5 Apr 2024)\n"}
,{"stream_name":"stdout","time":726.360003304,"data":"Creating model cache for 42 durations\n"}
,{"stream_name":"stdout","time":726.374326274,"data":"Searching 4979 data points, 4974 periods from 0.614 to 25.337 days\n"}
,{"stream_name":"stdout","time":726.374808935,"data":"Using 1 of 4 CPU threads\n"}
,{"stream_name":"stdout","time":737.260443139,"data":"Searching for best T0 for period 0.84057 days\n"}
,{"stream_name":"stderr","time":737.9163131,"data":"/usr/local/lib/python3.13/dist-packages/transitleastsquares/main.py:411: UserWarning: 23 of 62 transits without data. The true period may be twice the given period.\n"}
,{"stream_name":"stderr","time":737.916378254,"data":"  warnings.warn(text)\n"}
,{"stream_name":"stdout","time":744.970843831,"data":"Searching for best T0 for period 0.75146 days\n"}
,{"stream_name":"stdout","time":745.390914524,"data":"Transit Least Squares TLS 1.32 (5 Apr 2024)\n"}
,{"stream_name":"stdout","time":745.393638267,"data":"Creating model cache for 43 durations\n"}
,{"stream_name":"stdout","time":745.409961585,"data":"Searching 7048 data points, 5004 periods from 0.654 to 27.145 days\n"}
,{"stream_name":"stdout","time":745.410039189,"data":"Using 1 of 4 CPU threads\n"}
,{"stream_name":"stdout","time":754.474032577,"data":"Transit Least Squares TLS 1.32 (5 Apr 2024)\n"}
,{"stream_name":"stdout","time":754.477489394,"data":"Creating model cache for 43 durations\n"}
,{"stream_name":"stdout","time":754.493541453,"data":"Searching 6420 data points, 6536 periods from 0.5 to 26.24 days\n"}
,{"stream_name":"stdout","time":754.493909889,"data":"Using 1 of 4 CPU threads\n"}
,{"stream_name":"stdout","time":778.339655041,"data":"Searching for best T0 for period 5.44455 days\n"}
,{"stream_name":"stdout","time":781.279165843,"data":"Searching for best T0 for period 3.15700 days\n"}
,{"stream_name":"stdout","time":784.739401294,"data":"Transit Least Squares TLS 1.32 (5 Apr 2024)\n"}
,{"stream_name":"stdout","time":784.742480119,"data":"Creating model cache for 42 durations\n"}
,{"stream_name":"stdout","time":784.757089319,"data":"Searching 4979 data points, 4974 periods from 0.614 to 25.337 days\n"}
,{"stream_name":"stdout","time":784.757207133,"data":"Using 1 of 4 CPU threads\n"}
,{"stream_name":"stdout","time":788.156618441,"data":"Transit Least Squares TLS 1.32 (5 Apr 2024)\n"}
,{"stream_name":"stdout","time":788.15802135,"data":"Creating model cache for 37 durations\n"}
,{"stream_name":"stdout","time":788.168860896,"data":"Searching 2186 data points, 2016 periods from 0.601 to 11.419 days\n"}
,{"stream_name":"stdout","time":788.169075649,"data":"Using 1 of 4 CPU threads\n"}
,{"stream_name":"stdout","time":800.87994272,"data":"Searching for best T0 for period 2.02734 days\n"}
,{"stream_name":"stderr","time":801.353236673,"data":"/usr/local/lib/python3.13/dist-packages/transitleastsquares/main.py:411: UserWarning: 4 of 11 transits without data. The true period may be twice the given period.\n"}
,{"stream_name":"stderr","time":801.353283624,"data":"  warnings.warn(text)\n"}
,{"stream_name":"stdout","time":804.762694808,"data":"Transit Least Squares TLS 1.32 (5 Apr 2024)\n"}
,{"stream_name":"stdout","time":804.765287054,"data":"Creating model cache for 42 durations\n"}
,{"stream_name":"stdout","time":804.779553842,"data":"Searching 4945 data points, 5097 periods from 0.601 to 25.344 days\n"}
,{"stream_name":"stdout","time":804.779780419,"data":"Using 1 of 4 CPU threads\n"}
,{"stream_name":"stdout","time":807.434881969,"data":"Searching for best T0 for period 0.79944 days\n"}
,{"stream_name":"stdout","time":817.37590996,"data":"Transit Least Squares TLS 1.32 (5 Apr 2024)\n"}
,{"stream_name":"stdout","time":817.378924463,"data":"Creating model cache for 42 durations\n"}
,{"stream_name":"stdout","time":817.393624378,"data":"Searching 6168 data points, 6032 periods from 0.513 to 25.104 days\n"}
,{"stream_name":"stdout","time":817.394082864,"data":"Using 1 of 4 CPU threads\n"}
,{"stream_name":"stdout","time":861.045154789,"data":"Searching for best T0 for period 2.12710 days\n"}
,{"stream_name":"stderr","time":861.83886261,"data":"/usr/local/lib/python3.13/dist-packages/transitleastsquares/main.py:411: UserWarning: 8 of 24 transits without data. The true period may be twice the given period.\n"}
,{"stream_name":"stderr","time":861.838905278,"data":"  warnings.warn(text)\n"}
,{"stream_name":"stdout","time":867.63471208,"data":"Transit Least Squares TLS 1.32 (5 Apr 2024)\n"}
,{"stream_name":"stdout","time":867.63659639,"data":"Creating model cache for 42 durations\n"}
,{"stream_name":"stdout","time":867.650543045,"data":"Searching 5925 data points, 3760 periods from 0.74 to 23.889 days\n"}
,{"stream_name":"stdout","time":867.650927736,"data":"Using 1 of 4 CPU threads\n"}
,{"stream_name":"stdout","time":867.9114689,"data":"Searching for best T0 for period 14.50567 days\n"}
,{"stream_name":"stdout","time":873.509798282,"data":"Transit Least Squares TLS 1.32 (5 Apr 2024)\n"}
,{"stream_name":"stdout","time":873.512932314,"data":"Creating model cache for 42 durations\n"}
,{"stream_name":"stdout","time":873.527507365,"data":"Searching 4945 data points, 5097 periods from 0.601 to 25.344 days\n"}
,{"stream_name":"stdout","time":873.52792715,"data":"Using 1 of 4 CPU threads\n"}
,{"stream_name":"stdout","time":886.159489973,"data":"Searching for best T0 for period 2.63570 days\n"}
,{"stream_name":"stdout","time":894.6259304,"data":"Transit Least Squares TLS 1.32 (5 Apr 2024)\n"}
,{"stream_name":"stdout","time":894.627962151,"data":"Creating model cache for 43 durations\n"}
,{"stream_name":"stdout","time":894.643780552,"data":"Searching 9472 data points, 9608 periods from 0.513 to 29.998 days\n"}
,{"stream_name":"stdout","time":894.644181641,"data":"Using 1 of 4 CPU threads\n"}
,{"stream_name":"stdout","time":896.913375987,"data":"Searching for best T0 for period 1.05435 days\n"}
,{"stream_name":"stdout","time":906.092791436,"data":"Transit Least Squares TLS 1.32 (5 Apr 2024)\n"}
,{"stream_name":"stdout","time":906.096179807,"data":"Creating model cache for 43 durations\n"}
,{"stream_name":"stdout","time":906.111684063,"data":"Searching 6420 data points, 6536 periods from 0.5 to 26.24 days\n"}
,{"stream_name":"stdout","time":906.112060557,"data":"Using 1 of 4 CPU threads\n"}
,{"stream_name":"stdout","time":928.638678816,"data":"Searching for best T0 for period 7.95253 days\n"}
,{"stream_name":"stdout","time":935.73648425,"data":"Transit Least Squares TLS 1.32 (5 Apr 2024)\n"}
,{"stream_name":"stdout","time":935.738524055,"data":"Creating model cache for 42 durations\n"}
,{"stream_name":"stdout","time":935.75849399,"data":"Searching 5925 data points, 3760 periods from 0.74 to 23.889 days\n"}
,{"stream_name":"stdout","time":935.75878269,"data":"Using 1 of 4 CPU threads\n"}
,{"stream_name":"stdout","time":941.517466378,"data":"Searching for best T0 for period 1.85633 days\n"}
,{"stream_name":"stdout","time":947.748963973,"data":"Transit Least Squares TLS 1.32 (5 Apr 2024)\n"}
,{"stream_name":"stdout","time":947.75133658,"data":"Creating model cache for 42 durations\n"}
,{"stream_name":"stdout","time":947.765439615,"data":"Searching 4945 data points, 5097 periods from 0.601 to 25.344 days\n"}
,{"stream_name":"stdout","time":947.765531779,"data":"Using 1 of 4 CPU threads\n"}
,{"stream_name":"stdout","time":989.484204127,"data":"Searching for best T0 for period 3.77822 days\n"}
,{"stream_name":"stdout","time":996.477445347,"data":"Transit Least Squares TLS 1.32 (5 Apr 2024)\n"}
,{"stream_name":"stdout","time":996.478583017,"data":"Creating model cache for 37 durations\n"}
,{"stream_name":"stdout","time":996.489944342,"data":"Searching 3362 data points, 1697 periods from 0.739 to 12.18 days\n"}
,{"stream_name":"stdout","time":996.490356868,"data":"Using 1 of 4 CPU threads\n"}
,{"stream_name":"stdout","time":999.360955204,"data":"Searching for best T0 for period 25.05367 days\n"}
,{"stream_name":"stdout","time":1008.026962545,"data":"Transit Least Squares TLS 1.32 (5 Apr 2024)\n"}
,{"stream_name":"stdout","time":1008.036041894,"data":"Creating model cache for 43 durations\n"}
,{"stream_name":"stdout","time":1008.056073625,"data":"Searching 10256 data points, 21136 periods from 0.628 to 29.993 days\n"}
,{"stream_name":"stdout","time":1008.056258403,"data":"Using 1 of 4 CPU threads\n"}
,{"stream_name":"stdout","time":1015.6420344000001,"data":"Searching for best T0 for period 1.84722 days\n"}
,{"stream_name":"stdout","time":1018.638946299,"data":"Searching for best T0 for period 4.71297 days\n"}
,{"stream_name":"stdout","time":1022.571054065,"data":"Transit Least Squares TLS 1.32 (5 Apr 2024)\n"}
,{"stream_name":"stdout","time":1022.574024559,"data":"Creating model cache for 43 durations\n"}
,{"stream_name":"stdout","time":1022.58850646,"data":"Searching 9588 data points, 5742 periods from 0.81 to 29.97 days\n"}
,{"stream_name":"stdout","time":1022.588776551,"data":"Using 1 of 4 CPU threads\n"}
,{"stream_name":"stdout","time":1024.125664322,"data":"Transit Least Squares TLS 1.32 (5 Apr 2024)\n"}
,{"stream_name":"stdout","time":1024.127867039,"data":"Creating model cache for 37 durations\n"}
,{"stream_name":"stdout","time":1024.137956889,"data":"Searching 3428 data points, 1143 periods from 1.047 to 12.53 days\n"}
,{"stream_name":"stdout","time":1024.138175712,"data":"Using 1 of 4 CPU threads\n"}
,{"stream_name":"stdout","time":1034.232088017,"data":"Searching for best T0 for period 1.48704 days\n"}
,{"stream_name":"stdout","time":1038.436797135,"data":"Transit Least Squares TLS 1.32 (5 Apr 2024)\n"}
,{"stream_name":"stdout","time":1038.439892549,"data":"Creating model cache for 37 durations\n"}
,{"stream_name":"stdout","time":1038.449548962,"data":"Searching 3428 data points, 1143 periods from 1.047 to 12.53 days\n"}
,{"stream_name":"stdout","time":1038.449944883,"data":"Using 1 of 4 CPU threads\n"}
,{"stream_name":"stdout","time":1046.367011561,"data":"Searching for best T0 for period 3.98774 days\n"}
,{"stream_name":"stdout","time":1052.593874759,"data":"Searching for best T0 for period 1.70962 days\n"}
,{"stream_name":"stdout","time":1056.767253287,"data":"Transit Least Squares TLS 1.32 (5 Apr 2024)\n"}
,{"stream_name":"stdout","time":1056.768533095,"data":"Creating model cache for 37 durations\n"}
,{"stream_name":"stdout","time":1056.779796742,"data":"Searching 2798 data points, 1887 periods from 0.692 to 12.441 days\n"}
,{"stream_name":"stdout","time":1056.779982363,"data":"Using 1 of 4 CPU threads\n"}
,{"stream_name":"stdout","time":1057.762857166,"data":"Transit Least Squares TLS 1.32 (5 Apr 2024)\n"}
,{"stream_name":"stdout","time":1057.766017913,"data":"Creating model cache for 38 durations\n"}
,{"stream_name":"stdout","time":1057.778892772,"data":"Searching 3458 data points, 5406 periods from 0.5 to 13.462 days\n"}
,{"stream_name":"stdout","time":1057.779289146,"data":"Using 1 of 4 CPU threads\n"}
,{"stream_name":"stdout","time":1075.766129797,"data":"Searching for best T0 for period 1.36452 days\n"}
,{"stream_name":"stdout","time":1079.683242025,"data":"Transit Least Squares TLS 1.32 (5 Apr 2024)\n"}
,{"stream_name":"stdout","time":1079.684792501,"data":"Creating model cache for 37 durations\n"}
,{"stream_name":"stdout","time":1079.696921379,"data":"Searching 2798 data points, 1887 periods from 0.692 to 12.441 days\n"}
,{"stream_name":"stdout","time":1079.697101786,"data":"Using 1 of 4 CPU threads\n"}
,{"stream_name":"stdout","time":1092.016597869,"data":"Searching for best T0 for period 6.88231 days\n"}
,{"stream_name":"stderr","time":1092.563977843,"data":"/usr/local/lib/python3.13/dist-packages/transitleastsquares/main.py:411: UserWarning: 1 of 3 transits without data. The true period may be twice the given period.\n"}
,{"stream_name":"stderr","time":1092.564030477,"data":"  warnings.warn(text)\n"}
,{"stream_name":"stdout","time":1096.628165004,"data":"Transit Least Squares TLS 1.32 (5 Apr 2024)\n"}
,{"stream_name":"stdout","time":1096.631040278,"data":"Creating model cache for 42 durations\n"}
,{"stream_name":"stdout","time":1096.648930457,"data":"Searching 6269 data points, 5965 periods from 0.52 to 25.193 days\n"}
,{"stream_name":"stdout","time":1096.648972783,"data":"Using 1 of 4 CPU threads\n"}
,{"stream_name":"stdout","time":1124.320961326,"data":"Searching for best T0 for period 0.62543 days\n"}
,{"stream_name":"stdout","time":1129.726411497,"data":"Transit Least Squares TLS 1.32 (5 Apr 2024)\n"}
,{"stream_name":"stdout","time":1129.729841752,"data":"Creating model cache for 38 durations\n"}
,{"stream_name":"stdout","time":1129.743265959,"data":"Searching 3458 data points, 5406 periods from 0.5 to 13.462 days\n"}
,{"stream_name":"stdout","time":1129.743412219,"data":"Using 1 of 4 CPU threads\n"}
,{"stream_name":"stdout","time":1132.785747325,"data":"Searching for best T0 for period 1.51263 days\n"}
,{"stream_name":"stdout","time":1142.730063274,"data":"Transit Least Squares TLS 1.32 (5 Apr 2024)\n"}
,{"stream_name":"stdout","time":1142.732365869,"data":"Creating model cache for 38 durations\n"}
,{"stream_name":"stdout","time":1142.745457379,"data":"Searching 2288 data points, 3443 periods from 0.5 to 13.02 days\n"}
,{"stream_name":"stdout","time":1142.745822663,"data":"Using 1 of 4 CPU threads\n"}
,{"stream_name":"stdout","time":1168.904823378,"data":"Searching for best T0 for period 1.43489 days\n"}
,{"stream_name":"stderr","time":1169.336941834,"data":"/usr/local/lib/python3.13/dist-packages/transitleastsquares/main.py:411: UserWarning: 6 of 18 transits without data. The true period may be twice the given period.\n"}
,{"stream_name":"stderr","time":1169.336987151,"data":"  warnings.warn(text)\n"}
,{"stream_name":"stdout","time":1173.710187441,"data":"Transit Least Squares TLS 1.32 (5 Apr 2024)\n"}
,{"stream_name":"stdout","time":1173.71382357,"data":"Creating model cache for 42 durations\n"}
,{"stream_name":"stdout","time":1173.729131856,"data":"Searching 5140 data points, 7325 periods from 0.5 to 25.177 days\n"}
,{"stream_name":"stdout","time":1173.729300186,"data":"Using 1 of 4 CPU threads\n"}
,{"stream_name":"stdout","time":1180.709924229,"data":"Searching for best T0 for period 1.36041 days\n"}
,{"stream_name":"stdout","time":1187.089789637,"data":"Searching for best T0 for period 2.09670 days\n"}
,{"stream_name":"stdout","time":1187.970788575,"data":"Transit Least Squares TLS 1.32 (5 Apr 2024)\n"}
,{"stream_name":"stdout","time":1187.974202124,"data":"Creating model cache for 43 durations\n"}
,{"stream_name":"stdout","time":1187.990261366,"data":"Searching 8769 data points, 7446 periods from 0.633 to 29.998 days\n"}
,{"stream_name":"stdout","time":1187.990477008,"data":"Using 1 of 4 CPU threads\n"}
,{"stream_name":"stdout","time":1194.461270637,"data":"Transit Least Squares TLS 1.32 (5 Apr 2024)\n"}
,{"stream_name":"stdout","time":1194.462750866,"data":"Creating model cache for 37 durations\n"}
,{"stream_name":"stdout","time":1194.473661328,"data":"Searching 2827 data points, 2040 periods from 0.641 to 12.295 days\n"}
,{"stream_name":"stdout","time":1194.473883636,"data":"Using 1 of 4 CPU threads\n"}
,{"stream_name":"stdout","time":1212.657669066,"data":"Searching for best T0 for period 0.98444 days\n"}
,{"stream_name":"stdout","time":1217.210709506,"data":"Transit Least Squares TLS 1.32 (5 Apr 2024)\n"}
,{"stream_name":"stdout","time":1217.212293689,"data":"Creating model cache for 37 durations\n"}
,{"stream_name":"stdout","time":1217.223929485,"data":"Searching 3335 data points, 2327 periods from 0.593 to 12.712 days\n"}
,{"stream_name":"stdout","time":1217.224099358,"data":"Using 1 of 4 CPU threads\n"}
,{"stream_name":"stdout","time":1235.369819164,"data":"Searching for best T0 for period 0.63952 days\n"}
,{"stream_name":"stdout","time":1241.206751025,"data":"Transit Least Squares TLS 1.32 (5 Apr 2024)\n"}
,{"stream_name":"stdout","time":1241.208072985,"data":"Creating model cache for 37 durations\n"}
,{"stream_name":"stdout","time":1241.219063704,"data":"Searching 3335 data points, 2327 periods from 0.593 to 12.712 days\n"}
,{"stream_name":"stdout","time":1241.220914221,"data":"Using 1 of 4 CPU threads\n"}
,{"stream_name":"stdout","time":1258.868162204,"data":"Searching for best T0 for period 7.01201 days\n"}
,{"stream_name":"stdout","time":1263.17374436,"data":"Transit Least Squares TLS 1.32 (5 Apr 2024)\n"}
,{"stream_name":"stdout","time":1263.175246908,"data":"Creating model cache for 37 durations\n"}
,{"stream_name":"stdout","time":1263.186285096,"data":"Searching 3406 data points, 3130 periods from 0.5 to 12.476 days\n"}
,{"stream_name":"stdout","time":1263.186426607,"data":"Using 1 of 4 CPU threads\n"}
,{"stream_name":"stdout","time":1269.864833161,"data":"Searching for best T0 for period 6.45385 days\n"}
,{"stream_name":"stderr","time":1271.373065969,"data":"/usr/local/lib/python3.13/dist-packages/transitleastsquares/main.py:411: UserWarning: 3 of 8 transits without data. The true period may be twice the given period.\n"}
,{"stream_name":"stderr","time":1271.373102448,"data":"  warnings.warn(text)\n"}
,{"stream_name":"stdout","time":1275.879855347,"data":"Transit Least Squares TLS 1.32 (5 Apr 2024)\n"}
,{"stream_name":"stdout","time":1275.883645559,"data":"Creating model cache for 42 durations\n"}
,{"stream_name":"stdout","time":1275.897689673,"data":"Searching 5140 data points, 7325 periods from 0.5 to 25.177 days\n"}
,{"stream_name":"stdout","time":1275.898081299,"data":"Using 1 of 4 CPU threads\n"}
,{"stream_name":"stdout","time":1291.321977601,"data":"Searching for best T0 for period 4.31069 days\n"}
,{"stream_name":"stdout","time":1297.042093613,"data":"Transit Least Squares TLS 1.32 (5 Apr 2024)\n"}
,{"stream_name":"stdout","time":1297.044390718,"data":"Creating model cache for 37 durations\n"}
,{"stream_name":"stdout","time":1297.056358396,"data":"Searching 3406 data points, 3130 periods from 0.5 to 12.476 days\n"}
,{"stream_name":"stdout","time":1297.056842253,"data":"Using 1 of 4 CPU threads\n"}
,{"stream_name":"stdout","time":1326.388662336,"data":"Searching for best T0 for period 11.89668 days\n"}
,{"stream_name":"stdout","time":1330.422921498,"data":"Transit Least Squares TLS 1.32 (5 Apr 2024)\n"}
,{"stream_name":"stdout","time":1330.423896791,"data":"Creating model cache for 37 durations\n"}
,{"stream_name":"stdout","time":1330.434510491,"data":"Searching 3509 data points, 908 periods from 1.269 to 12.666 days\n"}
,{"stream_name":"stdout","time":1330.434808441,"data":"Using 1 of 4 CPU threads\n"}
,{"stream_name":"stdout","time":1342.469235942,"data":"Searching for best T0 for period 1.30991 days\n"}
,{"stream_name":"stdout","time":1346.826115191,"data":"Transit Least Squares TLS 1.32 (5 Apr 2024)\n"}
,{"stream_name":"stdout","time":1346.828889349,"data":"Creating model cache for 37 durations\n"}
,{"stream_name":"stdout","time":1346.837502526,"data":"Searching 3509 data points, 908 periods from 1.269 to 12.666 days\n"}
,{"stream_name":"stdout","time":1346.837689634,"data":"Using 1 of 4 CPU threads\n"}
,{"stream_name":"stdout","time":1356.558479148,"data":"Searching for best T0 for period 2.75020 days\n"}
,{"stream_name":"stdout","time":1361.063868494,"data":"Transit Least Squares TLS 1.32 (5 Apr 2024)\n"}
,{"stream_name":"stdout","time":1361.065097273,"data":"Creating model cache for 37 durations\n"}
,{"stream_name":"stdout","time":1361.075869031,"data":"Searching 3509 data points, 908 periods from 1.269 to 12.666 days\n"}
,{"stream_name":"stdout","time":1361.076220203,"data":"Using 1 of 4 CPU threads\n"}
,{"stream_name":"stdout","time":1369.42730543,"data":"Searching for best T0 for period 11.24922 days\n"}
,{"stream_name":"stderr","time":1370.760183186,"data":"/usr/local/lib/python3.13/dist-packages/transitleastsquares/main.py:411: UserWarning: 2 of 4 transits without data. The true period may be twice the given period.\n"}
,{"stream_name":"stderr","time":1370.760222815,"data":"  warnings.warn(text)\n"}
,{"stream_name":"stdout","time":1373.564522243,"data":"Searching for best T0 for period 1.43454 days\n"}
,{"stream_name":"stdout","time":1375.182837389,"data":"Transit Least Squares TLS 1.32 (5 Apr 2024)\n"}
,{"stream_name":"stdout","time":1375.18514814,"data":"Creating model cache for 42 durations\n"}
,{"stream_name":"stdout","time":1375.198133877,"data":"Searching 6240 data points, 3531 periods from 0.781 to 23.906 days\n"}
,{"stream_name":"stdout","time":1375.198509216,"data":"Using 1 of 4 CPU threads\n"}
,{"stream_name":"stdout","time":1379.28992929,"data":"Transit Least Squares TLS 1.32 (5 Apr 2024)\n"}
,{"stream_name":"stdout","time":1379.290470993,"data":"Creating model cache for 43 durations\n"}
,{"stream_name":"stdout","time":1379.30500154,"data":"Searching 7049 data points, 6996 periods from 0.5 to 27.145 days\n"}
,{"stream_name":"stdout","time":1379.305244634,"data":"Using 1 of 4 CPU threads\n"}
,{"stream_name":"stdout","time":1391.086781141,"data":"Searching for best T0 for period 0.81101 days\n"}
,{"stream_name":"stdout","time":1403.863677358,"data":"Transit Least Squares TLS 1.32 (5 Apr 2024)\n"}
,{"stream_name":"stdout","time":1403.866854609,"data":"Creating model cache for 43 durations\n"}
,{"stream_name":"stdout","time":1403.882067384,"data":"Searching 8769 data points, 7446 periods from 0.633 to 29.998 days\n"}
,{"stream_name":"stdout","time":1403.882257561,"data":"Using 1 of 4 CPU threads\n"}
,{"stream_name":"stdout","time":1422.524711343,"data":"Searching for best T0 for period 10.58049 days\n"}
,{"stream_name":"stdout","time":1429.86871164,"data":"Transit Least Squares TLS 1.32 (5 Apr 2024)\n"}
,{"stream_name":"stdout","time":1429.871351426,"data":"Creating model cache for 42 durations\n"}
,{"stream_name":"stdout","time":1429.887971318,"data":"Searching 5384 data points, 4295 periods from 0.63 to 22.864 days\n"}
,{"stream_name":"stdout","time":1429.888035913,"data":"Using 1 of 4 CPU threads\n"}
,{"stream_name":"stdout","time":1471.647404228,"data":"Searching for best T0 for period 2.94034 days\n"}
,{"stream_name":"stdout","time":1480.759338962,"data":"Transit Least Squares TLS 1.32 (5 Apr 2024)\n"}
,{"stream_name":"stdout","time":1480.762051192,"data":"Creating model cache for 43 durations\n"}
,{"stream_name":"stdout","time":1480.779904586,"data":"Searching 6646 data points, 5214 periods from 0.609 to 26.204 days\n"}
,{"stream_name":"stdout","time":1480.779947383,"data":"Using 1 of 4 CPU threads\n"}
,{"stream_name":"stdout","time":1493.288535184,"data":"Searching for best T0 for period 12.44105 days\n"}
,{"stream_name":"stdout","time":1500.986491341,"data":"Transit Least Squares TLS 1.32 (5 Apr 2024)\n"}
,{"stream_name":"stdout","time":1500.990706667,"data":"Creating model cache for 43 durations\n"}
,{"stream_name":"stdout","time":1501.010878493,"data":"Searching 8849 data points, 6978 periods from 0.63 to 29.984 days\n"}
,{"stream_name":"stdout","time":1501.011394525,"data":"Using 1 of 4 CPU threads\n"}
,{"stream_name":"stdout","time":1555.567040423,"data":"Searching for best T0 for period 1.07179 days\n"}
,{"stream_name":"stdout","time":1563.51913822,"data":"Transit Least Squares TLS 1.32 (5 Apr 2024)\n"}
,{"stream_name":"stdout","time":1563.52145899,"data":"Creating model cache for 43 durations\n"}
,{"stream_name":"stdout","time":1563.534812689,"data":"Searching 6646 data points, 5214 periods from 0.609 to 26.204 days\n"}
,{"stream_name":"stdout","time":1563.534852894,"data":"Using 1 of 4 CPU threads\n"}
,{"stream_name":"stdout","time":1570.285713927,"data":"Searching for best T0 for period 19.02372 days\n"}
,{"stream_name":"stdout","time":1580.144868023,"data":"Transit Least Squares TLS 1.32 (5 Apr 2024)\n"}
,{"stream_name":"stdout","time":1580.15098214,"data":"Creating model cache for 43 durations\n"}
,{"stream_name":"stdout","time":1580.163724136,"data":"Searching 8769 data points, 7446 periods from 0.633 to 29.998 days\n"}
,{"stream_name":"stdout","time":1580.164152093,"data":"Using 1 of 4 CPU threads\n"}
,{"stream_name":"stdout","time":1659.546917293,"data":"Searching for best T0 for period 2.75579 days\n"}
,{"stream_name":"stdout","time":1666.925476391,"data":"Transit Least Squares TLS 1.32 (5 Apr 2024)\n"}
,{"stream_name":"stdout","time":1666.926690483,"data":"Creating model cache for 38 durations\n"}
,{"stream_name":"stdout","time":1666.937465896,"data":"Searching 3778 data points, 2308 periods from 0.642 to 13.67 days\n"}
,{"stream_name":"stdout","time":1666.937580017,"data":"Using 1 of 4 CPU threads\n"}
,{"stream_name":"stdout","time":1679.274161459,"data":"Searching for best T0 for period 3.71204 days\n"}
,{"stream_name":"stdout","time":1688.944875769,"data":"Transit Least Squares TLS 1.32 (5 Apr 2024)\n"}
,{"stream_name":"stdout","time":1688.948082236,"data":"Creating model cache for 43 durations\n"}
,{"stream_name":"stdout","time":1688.963154057,"data":"Searching 8849 data points, 6978 periods from 0.63 to 29.984 days\n"}
,{"stream_name":"stdout","time":1688.963332728,"data":"Using 1 of 4 CPU threads\n"}
,{"stream_name":"stdout","time":1690.763926868,"data":"Searching for best T0 for period 1.17480 days\n"}
,{"stream_name":"stdout","time":1691.879789035,"data":"Searching for best T0 for period 2.99088 days\n"}
,{"stream_name":"stderr","time":1693.371099979,"data":"/usr/local/lib/python3.13/dist-packages/transitleastsquares/main.py:411: UserWarning: 123 of 184 transits without data. The true period may be twice the given period.\n"}
,{"stream_name":"stderr","time":1693.37117795,"data":"  warnings.warn(text)\n"}
,{"stream_name":"stdout","time":1696.757545521,"data":"Transit Least Squares TLS 1.32 (5 Apr 2024)\n"}
,{"stream_name":"stdout","time":1696.760444136,"data":"Creating model cache for 38 durations\n"}
,{"stream_name":"stdout","time":1696.773082187,"data":"Searching 3727 data points, 5223 periods from 0.5 to 13.701 days\n"}
,{"stream_name":"stdout","time":1696.773625606,"data":"Using 1 of 4 CPU threads\n"}
,{"stream_name":"stdout","time":1703.853292158,"data":"Transit Least Squares TLS 1.32 (5 Apr 2024)\n"}
,{"stream_name":"stdout","time":1703.862027304,"data":"Creating model cache for 43 durations\n"}
,{"stream_name":"stdout","time":1703.883134092,"data":"Searching 10256 data points, 21136 periods from 0.628 to 29.993 days\n"}
,{"stream_name":"stdout","time":1703.883287135,"data":"Using 1 of 4 CPU threads\n"}
,{"stream_name":"stdout","time":1721.2972344,"data":"Searching for best T0 for period 1.74885 days\n"}
,{"stream_name":"stdout","time":1739.691073703,"data":"Transit Least Squares TLS 1.32 (5 Apr 2024)\n"}
,{"stream_name":"stdout","time":1739.695833314,"data":"Creating model cache for 42 durations\n"}
,{"stream_name":"stdout","time":1739.707409559,"data":"Searching 5184 data points, 4765 periods from 0.639 to 25.389 days\n"}
,{"stream_name":"stdout","time":1739.707589565,"data":"Using 1 of 4 CPU threads\n"}
,{"stream_name":"stdout","time":1743.299502962,"data":"Searching for best T0 for period 2.92917 days\n"}
,{"stream_name":"stdout","time":1748.603161674,"data":"Transit Least Squares TLS 1.32 (5 Apr 2024)\n"}
,{"stream_name":"stdout","time":1748.606547567,"data":"Creating model cache for 38 durations\n"}
,{"stream_name":"stdout","time":1748.622985925,"data":"Searching 3727 data points, 5223 periods from 0.5 to 13.701 days\n"}
,{"stream_name":"stdout","time":1748.623340653,"data":"Using 1 of 4 CPU threads\n"}
,{"stream_name":"stdout","time":1790.306738312,"data":"Searching for best T0 for period 4.78769 days\n"}
,{"stream_name":"stdout","time":1797.165212476,"data":"Transit Least Squares TLS 1.32 (5 Apr 2024)\n"}
,{"stream_name":"stdout","time":1797.169924553,"data":"Creating model cache for 42 durations\n"}
,{"stream_name":"stdout","time":1797.182635399,"data":"Searching 5184 data points, 4765 periods from 0.639 to 25.389 days\n"}
,{"stream_name":"stdout","time":1797.18302794,"data":"Using 1 of 4 CPU threads\n"}
,{"stream_name":"stdout","time":1804.617186589,"data":"Searching for best T0 for period 0.71704 days\n"}
,{"stream_name":"stdout","time":1810.119741015,"data":"Transit Least Squares TLS 1.32 (5 Apr 2024)\n"}
,{"stream_name":"stdout","time":1810.123045434,"data":"Creating model cache for 38 durations\n"}
,{"stream_name":"stdout","time":1810.137974771,"data":"Searching 3727 data points, 5223 periods from 0.5 to 13.701 days\n"}
,{"stream_name":"stdout","time":1810.138186858,"data":"Using 1 of 4 CPU threads\n"}
,{"stream_name":"stdout","time":1856.872573476,"data":"Searching for best T0 for period 2.92917 days\n"}
,{"stream_name":"stdout","time":1862.00661717,"data":"Transit Least Squares TLS 1.32 (5 Apr 2024)\n"}
,{"stream_name":"stdout","time":1862.009547061,"data":"Creating model cache for 38 durations\n"}
,{"stream_name":"stdout","time":1862.022034446,"data":"Searching 3727 data points, 5223 periods from 0.5 to 13.701 days\n"}
,{"stream_name":"stdout","time":1862.022825388,"data":"Using 1 of 4 CPU threads\n"}
,{"stream_name":"stdout","time":1866.425578126,"data":"Searching for best T0 for period 0.66274 days\n"}
,{"stream_name":"stdout","time":1879.118990296,"data":"Searching for best T0 for period 1.41523 days\n"}
,{"stream_name":"stdout","time":1879.284896864,"data":"Transit Least Squares TLS 1.32 (5 Apr 2024)\n"}
,{"stream_name":"stdout","time":1879.2872817,"data":"Creating model cache for 43 durations\n"}
,{"stream_name":"stdout","time":1879.302731152,"data":"Searching 8849 data points, 6978 periods from 0.63 to 29.984 days\n"}
,{"stream_name":"stdout","time":1879.303164041,"data":"Using 1 of 4 CPU threads\n"}
,{"stream_name":"stdout","time":1885.848609773,"data":"Transit Least Squares TLS 1.32 (5 Apr 2024)\n"}
,{"stream_name":"stdout","time":1885.849460221,"data":"Creating model cache for 37 durations\n"}
,{"stream_name":"stdout","time":1885.863258145,"data":"Searching 3446 data points, 873 periods from 1.283 to 12.431 days\n"}
,{"stream_name":"stdout","time":1885.863411271,"data":"Using 1 of 4 CPU threads\n"}
,{"stream_name":"stdout","time":1892.575510179,"data":"Searching for best T0 for period 6.96686 days\n"}
,{"stream_name":"stdout","time":1898.586083258,"data":"Transit Least Squares TLS 1.32 (5 Apr 2024)\n"}
,{"stream_name":"stdout","time":1898.587341804,"data":"Creating model cache for 37 durations\n"}
,{"stream_name":"stdout","time":1898.598752992,"data":"Searching 3446 data points, 873 periods from 1.283 to 12.431 days\n"}
,{"stream_name":"stdout","time":1898.598923391,"data":"Using 1 of 4 CPU threads\n"}
,{"stream_name":"stdout","time":1908.672576949,"data":"Searching for best T0 for period 1.42090 days\n"}
,{"stream_name":"stdout","time":1912.889813182,"data":"Searching for best T0 for period 7.13360 days\n"}
,{"stream_name":"stdout","time":1913.573454408,"data":"Transit Least Squares TLS 1.32 (5 Apr 2024)\n"}
,{"stream_name":"stdout","time":1913.574567193,"data":"Creating model cache for 37 durations\n"}
,{"stream_name":"stdout","time":1913.588087291,"data":"Searching 3446 data points, 873 periods from 1.283 to 12.431 days\n"}
,{"stream_name":"stdout","time":1913.588292615,"data":"Using 1 of 4 CPU threads\n"}
,{"stream_name":"stdout","time":1919.046666818,"data":"Transit Least Squares TLS 1.32 (5 Apr 2024)\n"}
,{"stream_name":"stdout","time":1919.053904284,"data":"Creating model cache for 43 durations\n"}
,{"stream_name":"stdout","time":1919.067691544,"data":"Searching 8280 data points, 10160 periods from 0.638 to 29.983 days\n"}
,{"stream_name":"stdout","time":1919.068114132,"data":"Using 1 of 4 CPU threads\n"}
,{"stream_name":"stdout","time":1921.672614585,"data":"Searching for best T0 for period 7.26594 days\n"}
,{"stream_name":"stdout","time":1925.726613313,"data":"Transit Least Squares TLS 1.32 (5 Apr 2024)\n"}
,{"stream_name":"stdout","time":1925.727445647,"data":"Creating model cache for 37 durations\n"}
,{"stream_name":"stdout","time":1925.738056423,"data":"Searching 3446 data points, 873 periods from 1.283 to 12.431 days\n"}
,{"stream_name":"stdout","time":1925.738180801,"data":"Using 1 of 4 CPU threads\n"}
,{"stream_name":"stdout","time":1932.176489274,"data":"Searching for best T0 for period 11.33766 days\n"}
,{"stream_name":"stdout","time":1937.297246297,"data":"Transit Least Squares TLS 1.32 (5 Apr 2024)\n"}
,{"stream_name":"stdout","time":1937.299157087,"data":"Creating model cache for 37 durations\n"}
,{"stream_name":"stdout","time":1937.310733471,"data":"Searching 2599 data points, 2426 periods from 0.536 to 11.902 days\n"}
,{"stream_name":"stdout","time":1937.310959472,"data":"Using 1 of 4 CPU threads\n"}
,{"stream_name":"stdout","time":1954.445469159,"data":"Searching for best T0 for period 3.04742 days\n"}
,{"stream_name":"stdout","time":1958.738638188,"data":"Transit Least Squares TLS 1.32 (5 Apr 2024)\n"}
,{"stream_name":"stdout","time":1958.741239439,"data":"Creating model cache for 42 durations\n"}
,{"stream_name":"stdout","time":1958.756511209,"data":"Searching 5530 data points, 5802 periods from 0.536 to 25.354 days\n"}
,{"stream_name":"stdout","time":1958.756942852,"data":"Using 1 of 4 CPU threads\n"}
,{"stream_name":"stdout","time":1993.170172919,"data":"Searching for best T0 for period 0.66337 days\n"}
,{"stream_name":"stdout","time":2005.745706084,"data":"Transit Least Squares TLS 1.32 (5 Apr 2024)\n"}
,{"stream_name":"stdout","time":2005.749228753,"data":"Creating model cache for 43 durations\n"}
,{"stream_name":"stdout","time":2005.76407346,"data":"Searching 8849 data points, 6978 periods from 0.63 to 29.984 days\n"}
,{"stream_name":"stdout","time":2005.764236183,"data":"Using 1 of 4 CPU threads\n"}
,{"stream_name":"stdout","time":2031.613969589,"data":"Searching for best T0 for period 2.89798 days\n"}
,{"stream_name":"stdout","time":2038.938274363,"data":"Transit Least Squares TLS 1.32 (5 Apr 2024)\n"}
,{"stream_name":"stdout","time":2038.941169651,"data":"Creating model cache for 42 durations\n"}
,{"stream_name":"stdout","time":2038.955531547,"data":"Searching 5530 data points, 5802 periods from 0.536 to 25.354 days\n"}
,{"stream_name":"stdout","time":2038.957925367,"data":"Using 1 of 4 CPU threads\n"}
,{"stream_name":"stdout","time":2103.460052707,"data":"Searching for best T0 for period 11.19863 days\n"}
,{"stream_name":"stderr","time":2106.26620634,"data":"/usr/local/lib/python3.13/dist-packages/transitleastsquares/main.py:411: UserWarning: 4 of 9 transits without data. The true period may be twice the given period.\n"}
,{"stream_name":"stderr","time":2106.266276976,"data":"  warnings.warn(text)\n"}
,{"stream_name":"stdout","time":2113.271535732,"data":"Transit Least Squares TLS 1.32 (5 Apr 2024)\n"}
,{"stream_name":"stdout","time":2113.275655006,"data":"Creating model cache for 43 durations\n"}
,{"stream_name":"stdout","time":2113.291592171,"data":"Searching 8280 data points, 10160 periods from 0.638 to 29.983 days\n"}
,{"stream_name":"stdout","time":2113.291639558,"data":"Using 1 of 4 CPU threads\n"}
,{"stream_name":"stdout","time":2118.769459803,"data":"Searching for best T0 for period 16.21339 days\n"}
,{"stream_name":"stdout","time":2127.312957703,"data":"Transit Least Squares TLS 1.32 (5 Apr 2024)\n"}
,{"stream_name":"stdout","time":2127.314248841,"data":"Creating model cache for 36 durations\n"}
,{"stream_name":"stdout","time":2127.325888973,"data":"Searching 2970 data points, 1092 periods from 0.943 to 10.884 days\n"}
,{"stream_name":"stdout","time":2127.325929641,"data":"Using 1 of 4 CPU threads\n"}
,{"stream_name":"stdout","time":2130.276737913,"data":"Searching for best T0 for period 4.35122 days\n"}
,{"stream_name":"stdout","time":2134.453928086,"data":"Searching for best T0 for period 10.62469 days\n"}
,{"stream_name":"stderr","time":2135.02539882,"data":"/usr/local/lib/python3.13/dist-packages/transitleastsquares/main.py:411: UserWarning: 1 of 2 transits without data. The true period may be twice the given period.\n"}
,{"stream_name":"stderr","time":2135.025443083,"data":"  warnings.warn(text)\n"}
,{"stream_name":"stdout","time":2137.457788414,"data":"Transit Least Squares TLS 1.32 (5 Apr 2024)\n"}
,{"stream_name":"stdout","time":2137.462058273,"data":"Creating model cache for 43 durations\n"}
,{"stream_name":"stdout","time":2137.477579457,"data":"Searching 7251 data points, 7892 periods from 0.5 to 28.107 days\n"}
,{"stream_name":"stdout","time":2137.477935169,"data":"Using 1 of 4 CPU threads\n"}
,{"stream_name":"stdout","time":2138.804985569,"data":"Transit Least Squares TLS 1.32 (5 Apr 2024)\n"}
,{"stream_name":"stdout","time":2138.808003675,"data":"Creating model cache for 42 durations\n"}
,{"stream_name":"stdout","time":2138.822506828,"data":"Searching 6422 data points, 6492 periods from 0.5 to 25.905 days\n"}
,{"stream_name":"stdout","time":2138.822713578,"data":"Using 1 of 4 CPU threads\n"}
,{"stream_name":"stdout","time":2160.054606064,"data":"Searching for best T0 for period 26.16896 days\n"}
,{"stream_name":"stderr","time":2164.429989213,"data":"/usr/local/lib/python3.13/dist-packages/transitleastsquares/main.py:411: UserWarning: 6 of 9 transits without data. The true period may be twice the given period.\n"}
,{"stream_name":"stderr","time":2164.430057233,"data":"  warnings.warn(text)\n"}
,{"stream_name":"stdout","time":2171.287441386,"data":"Transit Least Squares TLS 1.32 (5 Apr 2024)\n"}
,{"stream_name":"stdout","time":2171.289924951,"data":"Creating model cache for 43 durations\n"}
,{"stream_name":"stdout","time":2171.307248021,"data":"Searching 7221 data points, 3952 periods from 0.819 to 27.635 days\n"}
,{"stream_name":"stdout","time":2171.307281855,"data":"Using 1 of 4 CPU threads\n"}
,{"stream_name":"stdout","time":2218.437257776,"data":"Searching for best T0 for period 1.81142 days\n"}
,{"stream_name":"stdout","time":2227.405926397,"data":"Searching for best T0 for period 1.36594 days\n"}
,{"stream_name":"stdout","time":2227.517049601,"data":"Transit Least Squares TLS 1.32 (5 Apr 2024)\n"}
,{"stream_name":"stdout","time":2227.519192478,"data":"Creating model cache for 43 durations\n"}
,{"stream_name":"stdout","time":2227.532803294,"data":"Searching 7221 data points, 3952 periods from 0.819 to 27.635 days\n"}
,{"stream_name":"stdout","time":2227.533124217,"data":"Using 1 of 4 CPU threads\n"}
,{"stream_name":"stdout","time":2236.136724519,"data":"Transit Least Squares TLS 1.32 (5 Apr 2024)\n"}
,{"stream_name":"stdout","time":2236.139667646,"data":"Creating model cache for 42 durations\n"}
,{"stream_name":"stdout","time":2236.153646416,"data":"Searching 6422 data points, 6492 periods from 0.5 to 25.905 days\n"}
,{"stream_name":"stdout","time":2236.15380921,"data":"Using 1 of 4 CPU threads\n"}
,{"stream_name":"stdout","time":2266.033892618,"data":"Searching for best T0 for period 1.13619 days\n"}
,{"stream_name":"stdout","time":2274.593421153,"data":"Transit Least Squares TLS 1.32 (5 Apr 2024)\n"}
,{"stream_name":"stdout","time":2274.594481854,"data":"Creating model cache for 36 durations\n"}
,{"stream_name":"stdout","time":2274.607895709,"data":"Searching 2975 data points, 1306 periods from 0.817 to 10.885 days\n"}
,{"stream_name":"stdout","time":2274.607934651,"data":"Using 1 of 4 CPU threads\n"}
,{"stream_name":"stdout","time":2282.803724024,"data":"Searching for best T0 for period 16.52697 days\n"}
,{"stream_name":"stdout","time":2286.494071935,"data":"Searching for best T0 for period 2.21012 days\n"}
,{"stream_name":"stdout","time":2290.342287612,"data":"Transit Least Squares TLS 1.32 (5 Apr 2024)\n"}
,{"stream_name":"stdout","time":2290.344246302,"data":"Creating model cache for 38 durations\n"}
,{"stream_name":"stdout","time":2290.357133927,"data":"Searching 2987 data points, 3191 periods from 0.5 to 12.774 days\n"}
,{"stream_name":"stdout","time":2290.357533439,"data":"Using 1 of 4 CPU threads\n"}
,{"stream_name":"stdout","time":2290.646268126,"data":"Transit Least Squares TLS 1.32 (5 Apr 2024)\n"}
,{"stream_name":"stdout","time":2290.648194968,"data":"Creating model cache for 43 durations\n"}
,{"stream_name":"stdout","time":2290.665933918,"data":"Searching 7221 data points, 3952 periods from 0.819 to 27.635 days\n"}
,{"stream_name":"stdout","time":2290.665975236,"data":"Using 1 of 4 CPU threads\n"}
,{"stream_name":"stdout","time":2298.990491745,"data":"Searching for best T0 for period 4.58985 days\n"}
,{"stream_name":"stderr","time":2301.111772897,"data":"/usr/local/lib/python3.13/dist-packages/transitleastsquares/main.py:411: UserWarning: 10 of 23 transits without data. The true period may be twice the given period.\n"}
,{"stream_name":"stderr","time":2301.111818595,"data":"  warnings.warn(text)\n"}
,{"stream_name":"stdout","time":2308.304019831,"data":"Transit Least Squares TLS 1.32 (5 Apr 2024)\n"}
,{"stream_name":"stdout","time":2308.306341172,"data":"Creating model cache for 42 durations\n"}
,{"stream_name":"stdout","time":2308.320074231,"data":"Searching 6176 data points, 4795 periods from 0.625 to 24.975 days\n"}
,{"stream_name":"stdout","time":2308.320223733,"data":"Using 1 of 4 CPU threads\n"}
,{"stream_name":"stdout","time":2315.376092985,"data":"Searching for best T0 for period 11.65319 days\n"}
,{"stream_name":"stdout","time":2318.696005764,"data":"Transit Least Squares TLS 1.32 (5 Apr 2024)\n"}
,{"stream_name":"stdout","time":2318.697709542,"data":"Creating model cache for 38 durations\n"}
,{"stream_name":"stdout","time":2318.709946384,"data":"Searching 2987 data points, 3191 periods from 0.5 to 12.774 days\n"}
,{"stream_name":"stdout","time":2318.710030325,"data":"Using 1 of 4 CPU threads\n"}
,{"stream_name":"stdout","time":2333.132201701,"data":"Searching for best T0 for period 1.17058 days\n"}
,{"stream_name":"stdout","time":2341.184938159,"data":"Transit Least Squares TLS 1.32 (5 Apr 2024)\n"}
,{"stream_name":"stdout","time":2341.185001083,"data":"Creating model cache for 37 durations\n"}
,{"stream_name":"stdout","time":2341.19655172,"data":"Searching 3128 data points, 2649 periods from 0.5 to 11.865 days\n"}
,{"stream_name":"stdout","time":2341.19673285,"data":"Using 1 of 4 CPU threads\n"}
,{"stream_name":"stdout","time":2341.91014931,"data":"Searching for best T0 for period 1.55413 days\n"}
,{"stream_name":"stdout","time":2347.701888259,"data":"Transit Least Squares TLS 1.32 (5 Apr 2024)\n"}
,{"stream_name":"stdout","time":2347.704995039,"data":"Creating model cache for 42 durations\n"}
,{"stream_name":"stdout","time":2347.721103315,"data":"Searching 4957 data points, 6796 periods from 0.5 to 25.337 days\n"}
,{"stream_name":"stdout","time":2347.721222229,"data":"Using 1 of 4 CPU threads\n"}
,{"stream_name":"stdout","time":2361.702363742,"data":"Searching for best T0 for period 1.49226 days\n"}
,{"stream_name":"stdout","time":2367.44086537,"data":"Transit Least Squares TLS 1.32 (5 Apr 2024)\n"}
,{"stream_name":"stdout","time":2367.443102043,"data":"Creating model cache for 42 durations\n"}
,{"stream_name":"stdout","time":2367.457420388,"data":"Searching 4970 data points, 4344 periods from 0.692 to 25.337 days\n"}
,{"stream_name":"stdout","time":2367.458022467,"data":"Using 1 of 4 CPU threads\n"}
,{"stream_name":"stdout","time":2379.959533358,"data":"Searching for best T0 for period 1.17298 days\n"}
,{"stream_name":"stdout","time":2389.25981135,"data":"Transit Least Squares TLS 1.32 (5 Apr 2024)\n"}
,{"stream_name":"stdout","time":2389.262677087,"data":"Creating model cache for 42 durations\n"}
,{"stream_name":"stdout","time":2389.276984276,"data":"Searching 6176 data points, 4795 periods from 0.625 to 24.975 days\n"}
,{"stream_name":"stdout","time":2389.277175606,"data":"Using 1 of 4 CPU threads\n"}
,{"stream_name":"stdout","time":2389.867486534,"data":"Searching for best T0 for period 0.84409 days\n"}
,{"stream_name":"stdout","time":2399.343292964,"data":"Transit Least Squares TLS 1.32 (5 Apr 2024)\n"}
,{"stream_name":"stdout","time":2399.344261012,"data":"Creating model cache for 37 durations\n"}
,{"stream_name":"stdout","time":2399.355344283,"data":"Searching 3108 data points, 926 periods from 1.213 to 12.305 days\n"}
,{"stream_name":"stdout","time":2399.355458042,"data":"Using 1 of 4 CPU threads\n"}
,{"stream_name":"stdout","time":2407.219475882,"data":"Searching for best T0 for period 1.38456 days\n"}
,{"stream_name":"stdout","time":2412.109409306,"data":"Transit Least Squares TLS 1.32 (5 Apr 2024)\n"}
,{"stream_name":"stdout","time":2412.110373309,"data":"Creating model cache for 37 durations\n"}
,{"stream_name":"stdout","time":2412.121150001,"data":"Searching 3108 data points, 926 periods from 1.213 to 12.305 days\n"}
,{"stream_name":"stdout","time":2412.121315348,"data":"Using 1 of 4 CPU threads\n"}
,{"stream_name":"stdout","time":2418.373453762,"data":"Searching for best T0 for period 15.84273 days\n"}
,{"stream_name":"stdout","time":2422.565390467,"data":"Searching for best T0 for period 1.24350 days\n"}
,{"stream_name":"stdout","time":2423.870947282,"data":"Transit Least Squares TLS 1.32 (5 Apr 2024)\n"}
,{"stream_name":"stdout","time":2423.875970408,"data":"Creating model cache for 43 durations\n"}
,{"stream_name":"stdout","time":2423.888526751,"data":"Searching 3705 data points, 4780 periods from 0.656 to 26.128 days\n"}
,{"stream_name":"stdout","time":2423.888865598,"data":"Using 1 of 4 CPU threads\n"}
,{"stream_name":"stdout","time":2426.839789579,"data":"Transit Least Squares TLS 1.32 (5 Apr 2024)\n"}
,{"stream_name":"stdout","time":2426.840666819,"data":"Creating model cache for 37 durations\n"}
,{"stream_name":"stdout","time":2426.852321133,"data":"Searching 3108 data points, 926 periods from 1.213 to 12.305 days\n"}
,{"stream_name":"stdout","time":2426.852544932,"data":"Using 1 of 4 CPU threads\n"}
,{"stream_name":"stdout","time":2436.506863912,"data":"Searching for best T0 for period 2.14324 days\n"}
,{"stream_name":"stdout","time":2440.837608454,"data":"Transit Least Squares TLS 1.32 (5 Apr 2024)\n"}
,{"stream_name":"stdout","time":2440.838602519,"data":"Creating model cache for 37 durations\n"}
,{"stream_name":"stdout","time":2440.849519697,"data":"Searching 3108 data points, 926 periods from 1.213 to 12.305 days\n"}
,{"stream_name":"stdout","time":2440.849797506,"data":"Using 1 of 4 CPU threads\n"}
,{"stream_name":"stdout","time":2446.92984823,"data":"Searching for best T0 for period 5.96209 days\n"}
,{"stream_name":"stdout","time":2453.866206736,"data":"Transit Least Squares TLS 1.32 (5 Apr 2024)\n"}
,{"stream_name":"stdout","time":2453.874285517,"data":"Creating model cache for 43 durations\n"}
,{"stream_name":"stdout","time":2453.894165966,"data":"Searching 13097 data points, 17437 periods from 1.129 to 29.993 days\n"}
,{"stream_name":"stdout","time":2453.896946606,"data":"Using 1 of 4 CPU threads\n"}
,{"stream_name":"stdout","time":2457.611533464,"data":"Searching for best T0 for period 1.64708 days\n"}
,{"stream_name":"stdout","time":2464.098745827,"data":"Transit Least Squares TLS 1.32 (5 Apr 2024)\n"}
,{"stream_name":"stdout","time":2464.102309186,"data":"Creating model cache for 42 durations\n"}
,{"stream_name":"stdout","time":2464.116542876,"data":"Searching 4957 data points, 6796 periods from 0.5 to 25.337 days\n"}
,{"stream_name":"stdout","time":2464.116926817,"data":"Using 1 of 4 CPU threads\n"}
,{"stream_name":"stdout","time":2486.92086383,"data":"Searching for best T0 for period 1.27266 days\n"}
,{"stream_name":"stderr","time":2487.580954374,"data":"/usr/local/lib/python3.13/dist-packages/transitleastsquares/main.py:411: UserWarning: 21 of 41 transits without data. The true period may be twice the given period.\n"}
,{"stream_name":"stderr","time":2487.580996277,"data":"  warnings.warn(text)\n"}
,{"stream_name":"stdout","time":2491.961666679,"data":"Transit Least Squares TLS 1.32 (5 Apr 2024)\n"}
,{"stream_name":"stdout","time":2491.964253032,"data":"Creating model cache for 43 durations\n"}
,{"stream_name":"stdout","time":2491.977752338,"data":"Searching 3705 data points, 4780 periods from 0.656 to 26.128 days\n"}
,{"stream_name":"stdout","time":2491.977964647,"data":"Using 1 of 4 CPU threads\n"}
,{"stream_name":"stdout","time":2492.241480627,"data":"Searching for best T0 for period 0.63363 days\n"}
,{"stream_name":"stdout","time":2500.524872555,"data":"Transit Least Squares TLS 1.32 (5 Apr 2024)\n"}
,{"stream_name":"stdout","time":2500.527628704,"data":"Creating model cache for 37 durations\n"}
,{"stream_name":"stdout","time":2500.540300133,"data":"Searching 3196 data points, 5305 periods from 0.5 to 12.093 days\n"}
,{"stream_name":"stdout","time":2500.540649462,"data":"Using 1 of 4 CPU threads\n"}
,{"stream_name":"stdout","time":2545.379293879,"data":"Searching for best T0 for period 5.57742 days\n"}
,{"stream_name":"stderr","time":2546.299080589,"data":"/usr/local/lib/python3.13/dist-packages/transitleastsquares/main.py:411: UserWarning: 4 of 9 transits without data. The true period may be twice the given period.\n"}
,{"stream_name":"stderr","time":2546.299145897,"data":"  warnings.warn(text)\n"}
,{"stream_name":"stdout","time":2550.177492204,"data":"Transit Least Squares TLS 1.32 (5 Apr 2024)\n"}
,{"stream_name":"stdout","time":2550.180056171,"data":"Creating model cache for 43 durations\n"}
,{"stream_name":"stdout","time":2550.193677058,"data":"Searching 3705 data points, 4780 periods from 0.656 to 26.128 days\n"}
,{"stream_name":"stdout","time":2550.193833556,"data":"Using 1 of 4 CPU threads\n"}
,{"stream_name":"stdout","time":2562.339167956,"data":"Searching for best T0 for period 0.78139 days\n"}
,{"stream_name":"stdout","time":2563.975030236,"data":"Searching for best T0 for period 0.58293 days\n"}
,{"stream_name":"stdout","time":2568.607221455,"data":"Transit Least Squares TLS 1.32 (5 Apr 2024)\n"}
,{"stream_name":"stdout","time":2568.609946258,"data":"Creating model cache for 38 durations\n"}
,{"stream_name":"stdout","time":2568.621753509,"data":"Searching 3755 data points, 3180 periods from 0.5 to 13.938 days\n"}
,{"stream_name":"stdout","time":2568.622071047,"data":"Using 1 of 4 CPU threads\n"}
,{"stream_name":"stdout","time":2569.135668558,"data":"Transit Least Squares TLS 1.32 (5 Apr 2024)\n"}
,{"stream_name":"stdout","time":2569.138876605,"data":"Creating model cache for 42 durations\n"}
,{"stream_name":"stdout","time":2569.154644395,"data":"Searching 4957 data points, 6796 periods from 0.5 to 25.337 days\n"}
,{"stream_name":"stdout","time":2569.154820546,"data":"Using 1 of 4 CPU threads\n"}
,{"stream_name":"stdout","time":2596.482567722,"data":"Searching for best T0 for period 12.33577 days\n"}
,{"stream_name":"stdout","time":2600.675122009,"data":"Transit Least Squares TLS 1.32 (5 Apr 2024)\n"}
,{"stream_name":"stdout","time":2600.67702036,"data":"Creating model cache for 38 durations\n"}
,{"stream_name":"stdout","time":2600.688223713,"data":"Searching 3755 data points, 3180 periods from 0.5 to 13.938 days\n"}
,{"stream_name":"stdout","time":2600.690839644,"data":"Using 1 of 4 CPU threads\n"}
,{"stream_name":"stdout","time":2608.862806015,"data":"Searching for best T0 for period 2.03943 days\n"}
,{"stream_name":"stderr","time":2609.409408177,"data":"/usr/local/lib/python3.13/dist-packages/transitleastsquares/main.py:411: UserWarning: 13 of 26 transits without data. The true period may be twice the given period.\n"}
,{"stream_name":"stderr","time":2609.409472963,"data":"  warnings.warn(text)\n"}
,{"stream_name":"stdout","time":2613.562426187,"data":"Transit Least Squares TLS 1.32 (5 Apr 2024)\n"}
,{"stream_name":"stdout","time":2613.563302197,"data":"Creating model cache for 37 durations\n"}
,{"stream_name":"stdout","time":2613.57452766,"data":"Searching 2628 data points, 975 periods from 1.144 to 12.084 days\n"}
,{"stream_name":"stdout","time":2613.575013463,"data":"Using 1 of 4 CPU threads\n"}
,{"stream_name":"stdout","time":2620.455703001,"data":"Searching for best T0 for period 10.76627 days\n"}
,{"stream_name":"stdout","time":2624.562498658,"data":"Transit Least Squares TLS 1.32 (5 Apr 2024)\n"}
,{"stream_name":"stdout","time":2624.563248916,"data":"Creating model cache for 37 durations\n"}
,{"stream_name":"stdout","time":2624.574157278,"data":"Searching 2628 data points, 975 periods from 1.144 to 12.084 days\n"}
,{"stream_name":"stdout","time":2624.574379358,"data":"Using 1 of 4 CPU threads\n"}
,{"stream_name":"stdout","time":2631.03762593,"data":"Searching for best T0 for period 3.70522 days\n"}
,{"stream_name":"stdout","time":2635.326714266,"data":"Transit Least Squares TLS 1.32 (5 Apr 2024)\n"}
,{"stream_name":"stdout","time":2635.327576712,"data":"Creating model cache for 37 durations\n"}
,{"stream_name":"stdout","time":2635.338136483,"data":"Searching 2628 data points, 975 periods from 1.144 to 12.084 days\n"}
,{"stream_name":"stdout","time":2635.338299552,"data":"Using 1 of 4 CPU threads\n"}
,{"stream_name":"stdout","time":2636.891972673,"data":"Searching for best T0 for period 4.44212 days\n"}
,{"stream_name":"stdout","time":2643.337182367,"data":"Transit Least Squares TLS 1.32 (5 Apr 2024)\n"}
,{"stream_name":"stdout","time":2643.354597103,"data":"Creating model cache for 43 durations\n"}
,{"stream_name":"stdout","time":2643.381145083,"data":"Searching 11362 data points, 45248 periods from 0.5 to 30.0 days\n"}
,{"stream_name":"stdout","time":2643.381314038,"data":"Using 1 of 4 CPU threads\n"}
,{"stream_name":"stdout","time":2645.458017371,"data":"Searching for best T0 for period 1.41681 days\n"}
,{"stream_name":"stdout","time":2646.693856683,"data":"Searching for best T0 for period 13.50787 days\n"}
,{"stream_name":"stdout","time":2651.304872187,"data":"Transit Least Squares TLS 1.32 (5 Apr 2024)\n"}
,{"stream_name":"stdout","time":2651.319123502,"data":"Creating model cache for 43 durations\n"}
,{"stream_name":"stdout","time":2651.344799106,"data":"Searching 9641 data points, 26512 periods from 0.511 to 29.991 days\n"}
,{"stream_name":"stdout","time":2651.344932585,"data":"Using 1 of 4 CPU threads\n"}
,{"stream_name":"stdout","time":2654.305053656,"data":"Transit Least Squares TLS 1.32 (5 Apr 2024)\n"}
,{"stream_name":"stdout","time":2654.316127494,"data":"Creating model cache for 43 durations\n"}
,{"stream_name":"stdout","time":2654.339669169,"data":"Searching 11668 data points, 27050 periods from 0.618 to 29.996 days\n"}
,{"stream_name":"stdout","time":2654.339824072,"data":"Using 1 of 4 CPU threads\n"}
,{"stream_name":"stdout","time":3043.326964444,"data":"Searching for best T0 for period 1.10347 days\n"}
,{"stream_name":"stderr","time":3044.382121819,"data":"/usr/local/lib/python3.13/dist-packages/numpy/_core/_methods.py:218: RuntimeWarning: Degrees of freedom \u003c= 0 for slice\n"}
,{"stream_name":"stderr","time":3044.382157089,"data":"  ret = _var(a, axis=axis, dtype=dtype, out=out, ddof=ddof,\n"}
,{"stream_name":"stderr","time":3044.382441153,"data":"/usr/local/lib/python3.13/dist-packages/numpy/_core/_methods.py:175: RuntimeWarning: invalid value encountered in divide\n"}
,{"stream_name":"stderr","time":3044.382455836,"data":"  arrmean = um.true_divide(arrmean, div, out=arrmean,\n"}
,{"stream_name":"stderr","time":3044.382701827,"data":"/usr/local/lib/python3.13/dist-packages/numpy/_core/_methods.py:210: RuntimeWarning: invalid value encountered in scalar divide\n"}
,{"stream_name":"stderr","time":3044.38271372,"data":"  ret = ret.dtype.type(ret / rcount)\n"}
,{"stream_name":"stderr","time":3045.405532882,"data":"/usr/local/lib/python3.13/dist-packages/transitleastsquares/main.py:411: UserWarning: 136 of 195 transits without data. The true period may be twice the given period.\n"}
,{"stream_name":"stderr","time":3045.40560255,"data":"  warnings.warn(text)\n"}
,{"stream_name":"stdout","time":3057.13404356,"data":"Transit Least Squares TLS 1.32 (5 Apr 2024)\n"}
,{"stream_name":"stdout","time":3057.146492106,"data":"Creating model cache for 43 durations\n"}
,{"stream_name":"stdout","time":3057.168688808,"data":"Searching 12559 data points, 30009 periods from 0.511 to 29.992 days\n"}
,{"stream_name":"stdout","time":3057.169915967,"data":"Using 1 of 4 CPU threads\n"}
,{"stream_name":"stdout","time":3185.711494206,"data":"Searching for best T0 for period 1.45326 days\n"}
,{"stream_name":"stderr","time":3186.901860837,"data":"/usr/local/lib/python3.13/dist-packages/transitleastsquares/stats.py:458: RuntimeWarning: divide by zero encountered in scalar divide\n"}
,{"stream_name":"stderr","time":3186.901936689,"data":"  snr_pink_per_transit[i] = (1 - mean_flux) / pinknoise\n"}
,{"stream_name":"stderr","time":3187.895186769,"data":"/usr/local/lib/python3.13/dist-packages/transitleastsquares/main.py:411: UserWarning: 177 of 240 transits without data. The true period may be twice the given period.\n"}
,{"stream_name":"stderr","time":3187.895270374,"data":"  warnings.warn(text)\n"}
,{"stream_name":"stdout","time":3203.71171435,"data":"Transit Least Squares TLS 1.32 (5 Apr 2024)\n"}
,{"stream_name":"stdout","time":3203.719019902,"data":"Creating model cache for 43 durations\n"}
,{"stream_name":"stdout","time":3203.739242086,"data":"Searching 13097 data points, 17437 periods from 1.129 to 29.993 days\n"}
,{"stream_name":"stdout","time":3203.739461923,"data":"Using 1 of 4 CPU threads\n"}
,{"stream_name":"stdout","time":3444.728922905,"data":"Searching for best T0 for period 10.45266 days\n"}
,{"stream_name":"stderr","time":3447.428366847,"data":"/usr/local/lib/python3.13/dist-packages/transitleastsquares/main.py:411: UserWarning: 27 of 35 transits without data. The true period may be twice the given period.\n"}
,{"stream_name":"stderr","time":3447.42841264,"data":"  warnings.warn(text)\n"}
,{"stream_name":"stdout","time":3458.386011281,"data":"Transit Least Squares TLS 1.32 (5 Apr 2024)\n"}
,{"stream_name":"stdout","time":3458.390349759,"data":"Creating model cache for 43 durations\n"}
,{"stream_name":"stdout","time":3458.406532705,"data":"Searching 12713 data points, 10114 periods from 0.798 to 29.987 days\n"}
,{"stream_name":"stdout","time":3458.406700624,"data":"Using 1 of 4 CPU threads\n"}
,{"stream_name":"stdout","time":3469.221725395,"data":"Searching for best T0 for period 6.75218 days\n"}
,{"stream_name":"stderr","time":3472.297867663,"data":"/usr/local/lib/python3.13/dist-packages/transitleastsquares/main.py:411: UserWarning: 27 of 40 transits without data. The true period may be twice the given period.\n"}
,{"stream_name":"stderr","time":3472.297912156,"data":"  warnings.warn(text)\n"}
,{"stream_name":"stdout","time":3482.450184609,"data":"Transit Least Squares TLS 1.32 (5 Apr 2024)\n"}
,{"stream_name":"stdout","time":3482.460843323,"data":"Creating model cache for 43 durations\n"}
,{"stream_name":"stdout","time":3482.48345284,"data":"Searching 11668 data points, 27050 periods from 0.618 to 29.996 days\n"}
,{"stream_name":"stdout","time":3482.483516441,"data":"Using 1 of 4 CPU threads\n"}
,{"stream_name":"stdout","time":3514.766689223,"data":"Searching for best T0 for period 9.63534 days\n"}
,{"stream_name":"stderr","time":3517.580512482,"data":"/usr/local/lib/python3.13/dist-packages/transitleastsquares/main.py:411: UserWarning: 27 of 37 transits without data. The true period may be twice the given period.\n"}
,{"stream_name":"stderr","time":3517.58057125,"data":"  warnings.warn(text)\n"}
,{"stream_name":"stdout","time":3526.893581928,"data":"Transit Least Squares TLS 1.32 (5 Apr 2024)\n"}
,{"stream_name":"stdout","time":3526.895556671,"data":"Creating model cache for 42 durations\n"}
,{"stream_name":"stdout","time":3526.909063846,"data":"Searching 6256 data points, 3690 periods from 0.752 to 23.905 days\n"}
,{"stream_name":"stdout","time":3526.909246969,"data":"Using 1 of 4 CPU threads\n"}
,{"stream_name":"stdout","time":3610.491083837,"data":"Searching for best T0 for period 0.95754 days\n"}
,{"stream_name":"stdout","time":3618.243091241,"data":"Transit Least Squares TLS 1.32 (5 Apr 2024)\n"}
,{"stream_name":"stdout","time":3618.245672559,"data":"Creating model cache for 42 durations\n"}
,{"stream_name":"stdout","time":3618.259118817,"data":"Searching 6256 data points, 3690 periods from 0.752 to 23.905 days\n"}
,{"stream_name":"stdout","time":3618.25958749,"data":"Using 1 of 4 CPU threads\n"}
,{"stream_name":"stdout","time":3694.855287181,"data":"Searching for best T0 for period 1.20432 days\n"}
,{"stream_name":"stdout","time":3702.344672224,"data":"Transit Least Squares TLS 1.32 (5 Apr 2024)\n"}
,{"stream_name":"stdout","time":3702.346511724,"data":"Creating model cache for 42 durations\n"}
,{"stream_name":"stdout","time":3702.359196512,"data":"Searching 6256 data points, 3690 periods from 0.752 to 23.905 days\n"}
,{"stream_name":"stdout","time":3702.359328681,"data":"Using 1 of 4 CPU threads\n"}
,{"stream_name":"stdout","time":3748.000853459,"data":"Searching for best T0 for period 27.63096 days\n"}
,{"stream_name":"stderr","time":3754.395499571,"data":"/usr/local/lib/python3.13/dist-packages/transitleastsquares/main.py:411: UserWarning: 4 of 5 transits without data. The true period may be twice the given period.\n"}
,{"stream_name":"stderr","time":3754.395547242,"data":"  warnings.warn(text)\n"}
,{"stream_name":"stdout","time":3762.242899073,"data":"Transit Least Squares TLS 1.32 (5 Apr 2024)\n"}
,{"stream_name":"stdout","time":3762.24297792,"data":"Creating model cache for 43 durations\n"}
,{"stream_name":"stdout","time":3762.257414292,"data":"Searching 7336 data points, 6088 periods from 0.56 to 27.636 days\n"}
,{"stream_name":"stdout","time":3762.257567123,"data":"Using 1 of 4 CPU threads\n"}
,{"stream_name":"stdout","time":3780.264403713,"data":"Searching for best T0 for period 0.85221 days\n"}
,{"stream_name":"stdout","time":3788.83370441,"data":"Transit Least Squares TLS 1.32 (5 Apr 2024)\n"}
,{"stream_name":"stdout","time":3788.835745064,"data":"Creating model cache for 42 durations\n"}
,{"stream_name":"stdout","time":3788.848526985,"data":"Searching 6256 data points, 3690 periods from 0.752 to 23.905 days\n"}
,{"stream_name":"stdout","time":3788.848731769,"data":"Using 1 of 4 CPU threads\n"}
,{"stream_name":"stdout","time":3831.548878589,"data":"Searching for best T0 for period 1.25842 days\n"}
,{"stream_name":"stdout","time":3840.651937633,"data":"Transit Least Squares TLS 1.32 (5 Apr 2024)\n"}
,{"stream_name":"stdout","time":3840.662069715,"data":"Creating model cache for 43 durations\n"}
,{"stream_name":"stdout","time":3840.682512023,"data":"Searching 10584 data points, 21012 periods from 0.629 to 29.989 days\n"}
,{"stream_name":"stdout","time":3840.682892431,"data":"Using 1 of 4 CPU threads\n"}
,{"stream_name":"stdout","time":3845.049487891,"data":"Searching for best T0 for period 15.90998 days\n"}
,{"stream_name":"stderr","time":3850.687531149,"data":"/usr/local/lib/python3.13/dist-packages/transitleastsquares/main.py:411: UserWarning: 10 of 15 transits without data. The true period may be twice the given period.\n"}
,{"stream_name":"stderr","time":3850.687611518,"data":"  warnings.warn(text)\n"}
,{"stream_name":"stdout","time":3859.747133015,"data":"Transit Least Squares TLS 1.32 (5 Apr 2024)\n"}
,{"stream_name":"stdout","time":3859.760317037,"data":"Creating model cache for 43 durations\n"}
,{"stream_name":"stdout","time":3859.782737683,"data":"Searching 12559 data points, 30009 periods from 0.511 to 29.992 days\n"}
,{"stream_name":"stdout","time":3859.783122438,"data":"Using 1 of 4 CPU threads\n"}
,{"stream_name":"stdout","time":3909.227510845,"data":"Searching for best T0 for period 3.31028 days\n"}
,{"stream_name":"stdout","time":3919.159788203,"data":"Transit Least Squares TLS 1.32 (5 Apr 2024)\n"}
,{"stream_name":"stdout","time":3919.162802159,"data":"Creating model cache for 43 durations\n"}
,{"stream_name":"stdout","time":3919.177321724,"data":"Searching 7336 data points, 6088 periods from 0.56 to 27.636 days\n"}
,{"stream_name":"stdout","time":3919.177656662,"data":"Using 1 of 4 CPU threads\n"}
,{"stream_name":"stdout","time":4011.450378063,"data":"Searching for best T0 for period 4.11828 days\n"}
,{"stream_name":"stdout","time":4020.081776455,"data":"Transit Least Squares TLS 1.32 (5 Apr 2024)\n"}
,{"stream_name":"stdout","time":4020.085887096,"data":"Creating model cache for 43 durations\n"}
,{"stream_name":"stdout","time":4020.09904125,"data":"Searching 7336 data points, 6088 periods from 0.56 to 27.636 days\n"}
,{"stream_name":"stdout","time":4020.099170563,"data":"Using 1 of 4 CPU threads\n"}
,{"stream_name":"stdout","time":4110.10914947,"data":"Searching for best T0 for period 1.43305 days\n"}
,{"stream_name":"stdout","time":4119.719462209,"data":"Transit Least Squares TLS 1.32 (5 Apr 2024)\n"}
,{"stream_name":"stdout","time":4119.722400974,"data":"Creating model cache for 42 durations\n"}
,{"stream_name":"stdout","time":4119.736530586,"data":"Searching 6963 data points, 6634 periods from 0.5 to 25.749 days\n"}
,{"stream_name":"stdout","time":4119.736707927,"data":"Using 1 of 4 CPU threads\n"}
,{"stream_name":"stdout","time":4200.030132151,"data":"Searching for best T0 for period 1.82089 days\n"}
,{"stream_name":"stdout","time":4208.340334695,"data":"Transit Least Squares TLS 1.32 (5 Apr 2024)\n"}
,{"stream_name":"stdout","time":4208.343507368,"data":"Creating model cache for 42 durations\n"}
,{"stream_name":"stdout","time":4208.357915611,"data":"Searching 6963 data points, 6634 periods from 0.5 to 25.749 days\n"}
,{"stream_name":"stdout","time":4208.358082219,"data":"Using 1 of 4 CPU threads\n"}
,{"stream_name":"stdout","time":4277.473188104,"data":"Searching for best T0 for period 2.29157 days\n"}
,{"stream_name":"stdout","time":4286.705580623,"data":"Transit Least Squares TLS 1.32 (5 Apr 2024)\n"}
,{"stream_name":"stdout","time":4286.70915707,"data":"Creating model cache for 42 durations\n"}
,{"stream_name":"stdout","time":4286.72309914,"data":"Searching 6963 data points, 6634 periods from 0.5 to 25.749 days\n"}
,{"stream_name":"stdout","time":4286.723512346,"data":"Using 1 of 4 CPU threads\n"}
,{"stream_name":"stdout","time":4390.348805877,"data":"Searching for best T0 for period 9.14317 days\n"}
,{"stream_name":"stdout","time":4393.799294682,"data":"Searching for best T0 for period 4.52921 days\n"}
,{"stream_name":"stderr","time":4396.38555185,"data":"/usr/local/lib/python3.13/dist-packages/transitleastsquares/stats.py:458: RuntimeWarning: divide by zero encountered in scalar divide\n"}
,{"stream_name":"stderr","time":4396.385622617,"data":"  snr_pink_per_transit[i] = (1 - mean_flux) / pinknoise\n"}
,{"stream_name":"stderr","time":4396.603357559,"data":"/usr/local/lib/python3.13/dist-packages/transitleastsquares/main.py:411: UserWarning: 43 of 60 transits without data. The true period may be twice the given period.\n"}
,{"stream_name":"stderr","time":4396.603404831,"data":"  warnings.warn(text)\n"}
,{"stream_name":"stdout","time":4397.690874069,"data":"Transit Least Squares TLS 1.32 (5 Apr 2024)\n"}
,{"stream_name":"stdout","time":4397.692505113,"data":"Creating model cache for 38 durations\n"}
,{"stream_name":"stdout","time":4397.706338811,"data":"Searching 3513 data points, 2989 periods from 0.5 to 12.833 days\n"}
,{"stream_name":"stdout","time":4397.706632728,"data":"Using 1 of 4 CPU threads\n"}
,{"stream_name":"stdout","time":4407.089998624,"data":"Transit Least Squares TLS 1.32 (5 Apr 2024)\n"}
,{"stream_name":"stdout","time":4407.101749136,"data":"Creating model cache for 43 durations\n"}
,{"stream_name":"stdout","time":4407.126484711,"data":"Searching 11668 data points, 27050 periods from 0.618 to 29.996 days\n"}
,{"stream_name":"stdout","time":4407.126654188,"data":"Using 1 of 4 CPU threads\n"}
,{"stream_name":"stdout","time":4413.584202325,"data":"Searching for best T0 for period 2.65567 days\n"}
,{"stream_name":"stderr","time":4415.585723613,"data":"/usr/local/lib/python3.13/dist-packages/transitleastsquares/main.py:411: UserWarning: 52 of 81 transits without data. The true period may be twice the given period.\n"}
,{"stream_name":"stderr","time":4415.585780246,"data":"  warnings.warn(text)\n"}
,{"stream_name":"stdout","time":4425.383624351,"data":"Transit Least Squares TLS 1.32 (5 Apr 2024)\n"}
,{"stream_name":"stdout","time":4425.39200712,"data":"Creating model cache for 43 durations\n"}
,{"stream_name":"stdout","time":4425.411729421,"data":"Searching 10584 data points, 21012 periods from 0.629 to 29.989 days\n"}
,{"stream_name":"stdout","time":4425.411875802,"data":"Using 1 of 4 CPU threads\n"}
,{"stream_name":"stdout","time":4426.750413372,"data":"Searching for best T0 for period 5.18944 days\n"}
,{"stream_name":"stdout","time":4431.614925514,"data":"Transit Least Squares TLS 1.32 (5 Apr 2024)\n"}
,{"stream_name":"stdout","time":4431.61514743,"data":"Creating model cache for 43 durations\n"}
,{"stream_name":"stdout","time":4431.629647817,"data":"Searching 6030 data points, 7156 periods from 0.5 to 26.447 days\n"}
,{"stream_name":"stdout","time":4431.629782442,"data":"Using 1 of 4 CPU threads\n"}
,{"stream_name":"stdout","time":4519.503909401,"data":"Searching for best T0 for period 14.74061 days\n"}
,{"stream_name":"stderr","time":4521.24287025,"data":"/usr/local/lib/python3.13/dist-packages/transitleastsquares/main.py:411: UserWarning: 2 of 4 transits without data. The true period may be twice the given period.\n"}
,{"stream_name":"stderr","time":4521.242907588,"data":"  warnings.warn(text)\n"}
,{"stream_name":"stdout","time":4526.770653279,"data":"Transit Least Squares TLS 1.32 (5 Apr 2024)\n"}
,{"stream_name":"stdout","time":4526.773057596,"data":"Creating model cache for 43 durations\n"}
,{"stream_name":"stdout","time":4526.787223199,"data":"Searching 9740 data points, 4802 periods from 0.927 to 29.973 days\n"}
,{"stream_name":"stdout","time":4526.787368722,"data":"Using 1 of 4 CPU threads\n"}
,{"stream_name":"stdout","time":4596.612892892,"data":"Searching for best T0 for period 12.28959 days\n"}
,{"stream_name":"stdout","time":4606.878588348,"data":"Transit Least Squares TLS 1.32 (5 Apr 2024)\n"}
,{"stream_name":"stdout","time":4606.880830026,"data":"Creating model cache for 43 durations\n"}
,{"stream_name":"stdout","time":4606.894935169,"data":"Searching 9740 data points, 4802 periods from 0.927 to 29.973 days\n"}
,{"stream_name":"stdout","time":4606.895104041,"data":"Using 1 of 4 CPU threads\n"}
,{"stream_name":"stdout","time":4740.546918714,"data":"Searching for best T0 for period 9.91799 days\n"}
,{"stream_name":"stdout","time":4751.360394094,"data":"Transit Least Squares TLS 1.32 (5 Apr 2024)\n"}
,{"stream_name":"stdout","time":4751.371324969,"data":"Creating model cache for 43 durations\n"}
,{"stream_name":"stdout","time":4751.394984726,"data":"Searching 13243 data points, 16799 periods from 0.857 to 29.989 days\n"}
,{"stream_name":"stdout","time":4751.39503995,"data":"Using 1 of 4 CPU threads\n"}
,{"stream_name":"stdout","time":4900.479817824,"data":"Searching for best T0 for period 1.99095 days\n"}
,{"stream_name":"stderr","time":4904.776043241,"data":"/usr/local/lib/python3.13/dist-packages/transitleastsquares/main.py:411: UserWarning: 79 of 123 transits without data. The true period may be twice the given period.\n"}
,{"stream_name":"stderr","time":4904.776120296,"data":"  warnings.warn(text)\n"}
,{"stream_name":"stdout","time":4915.195267106,"data":"Transit Least Squares TLS 1.32 (5 Apr 2024)\n"}
,{"stream_name":"stdout","time":4915.203101418,"data":"Creating model cache for 43 durations\n"}
,{"stream_name":"stdout","time":4915.223543665,"data":"Searching 12372 data points, 18561 periods from 0.702 to 29.992 days\n"}
,{"stream_name":"stdout","time":4915.223785252,"data":"Using 1 of 4 CPU threads\n"}
,{"stream_name":"stdout","time":5010.432546325,"data":"Searching for best T0 for period 2.99591 days\n"}
,{"stream_name":"stderr","time":5015.039414535,"data":"/usr/local/lib/python3.13/dist-packages/transitleastsquares/main.py:411: UserWarning: 47 of 72 transits without data. The true period may be twice the given period.\n"}
,{"stream_name":"stderr","time":5015.039473553,"data":"  warnings.warn(text)\n"}
,{"stream_name":"stdout","time":5022.625577449,"data":"Transit Least Squares TLS 1.32 (5 Apr 2024)\n"}
,{"stream_name":"stdout","time":5022.628691867,"data":"Creating model cache for 43 durations\n"}
,{"stream_name":"stdout","time":5022.644569975,"data":"Searching 6436 data points, 6769 periods from 0.5 to 26.382 days\n"}
,{"stream_name":"stdout","time":5022.644695164,"data":"Using 1 of 4 CPU threads\n"}
,{"stream_name":"stdout","time":5118.881640467,"data":"Searching for best T0 for period 15.37803 days\n"}
,{"stream_name":"stdout","time":5126.455832588,"data":"Transit Least Squares TLS 1.32 (5 Apr 2024)\n"}
,{"stream_name":"stdout","time":5126.459260744,"data":"Creating model cache for 43 durations\n"}
,{"stream_name":"stdout","time":5126.476548209,"data":"Searching 6436 data points, 6769 periods from 0.5 to 26.382 days\n"}
,{"stream_name":"stdout","time":5126.476828714,"data":"Using 1 of 4 CPU threads\n"}
,{"stream_name":"stdout","time":5244.181286231,"data":"Searching for best T0 for period 14.63541 days\n"}
,{"stream_name":"stdout","time":5250.490414626,"data":"Transit Least Squares TLS 1.32 (5 Apr 2024)\n"}
,{"stream_name":"stdout","time":5250.491503556,"data":"Creating model cache for 38 durations\n"}
,{"stream_name":"stdout","time":5250.503188096,"data":"Searching 3565 data points, 1009 periods from 1.214 to 13.157 days\n"}
,{"stream_name":"stdout","time":5250.503564721,"data":"Using 1 of 4 CPU threads\n"}
,{"stream_name":"stdout","time":5257.814752789,"data":"Searching for best T0 for period 1.36116 days\n"}
,{"stream_name":"stdout","time":5263.310166975,"data":"Searching for best T0 for period 5.04299 days\n"}
,{"stream_name":"stdout","time":5264.083529302,"data":"Transit Least Squares TLS 1.32 (5 Apr 2024)\n"}
,{"stream_name":"stdout","time":5264.086557932,"data":"Creating model cache for 38 durations\n"}
,{"stream_name":"stdout","time":5264.099234808,"data":"Searching 3946 data points, 6021 periods from 0.5 to 14.216 days\n"}
,{"stream_name":"stdout","time":5264.099396061,"data":"Using 1 of 4 CPU threads\n"}
,{"stream_name":"stderr","time":5266.446735492,"data":"/usr/local/lib/python3.13/dist-packages/transitleastsquares/main.py:411: UserWarning: 38 of 54 transits without data. The true period may be twice the given period.\n"}
,{"stream_name":"stderr","time":5266.446792545,"data":"  warnings.warn(text)\n"}
,{"stream_name":"stdout","time":5275.850474482,"data":"Transit Least Squares TLS 1.32 (5 Apr 2024)\n"}
,{"stream_name":"stdout","time":5275.863914238,"data":"Creating model cache for 43 durations\n"}
,{"stream_name":"stdout","time":5275.882702486,"data":"Searching 11668 data points, 27050 periods from 0.618 to 29.996 days\n"}
,{"stream_name":"stdout","time":5275.882917534,"data":"Using 1 of 4 CPU threads\n"}
,{"stream_name":"stdout","time":5311.267423567,"data":"Searching for best T0 for period 1.41939 days\n"}
,{"stream_name":"stdout","time":5316.535957247,"data":"Transit Least Squares TLS 1.32 (5 Apr 2024)\n"}
,{"stream_name":"stdout","time":5316.537751382,"data":"Creating model cache for 38 durations\n"}
,{"stream_name":"stdout","time":5316.550261551,"data":"Searching 3756 data points, 3878 periods from 0.5 to 13.938 days\n"}
,{"stream_name":"stdout","time":5316.550703584,"data":"Using 1 of 4 CPU threads\n"}
,{"stream_name":"stdout","time":5350.123468079,"data":"Searching for best T0 for period 13.11691 days\n"}
,{"stream_name":"stdout","time":5354.055288957,"data":"Transit Least Squares TLS 1.32 (5 Apr 2024)\n"}
,{"stream_name":"stdout","time":5354.057323017,"data":"Creating model cache for 38 durations\n"}
,{"stream_name":"stdout","time":5354.068849381,"data":"Searching 3756 data points, 3878 periods from 0.5 to 13.938 days\n"}
,{"stream_name":"stdout","time":5354.069095675,"data":"Using 1 of 4 CPU threads\n"}
,{"stream_name":"stdout","time":5385.233547934,"data":"Searching for best T0 for period 14.93265 days\n"}
,{"stream_name":"stdout","time":5388.070094108,"data":"Searching for best T0 for period 2.32149 days\n"}
,{"stream_name":"stderr","time":5390.446753704,"data":"/usr/local/lib/python3.13/dist-packages/transitleastsquares/main.py:411: UserWarning: 10 of 14 transits without data. The true period may be twice the given period.\n"}
,{"stream_name":"stderr","time":5390.446824044,"data":"  warnings.warn(text)\n"}
,{"stream_name":"stdout","time":5393.384504005,"data":"Transit Least Squares TLS 1.32 (5 Apr 2024)\n"}
,{"stream_name":"stdout","time":5393.387887283,"data":"Creating model cache for 38 durations\n"}
,{"stream_name":"stdout","time":5393.400205357,"data":"Searching 3756 data points, 3878 periods from 0.5 to 13.938 days\n"}
,{"stream_name":"stdout","time":5393.400541621,"data":"Using 1 of 4 CPU threads\n"}
,{"stream_name":"stdout","time":5400.591407767,"data":"Transit Least Squares TLS 1.32 (5 Apr 2024)\n"}
,{"stream_name":"stdout","time":5400.600632516,"data":"Creating model cache for 43 durations\n"}
,{"stream_name":"stdout","time":5400.621925424,"data":"Searching 18575 data points, 23375 periods from 0.702 to 29.994 days\n"}
,{"stream_name":"stdout","time":5400.622104944,"data":"Using 1 of 4 CPU threads\n"}
,{"stream_name":"stdout","time":5431.146447774,"data":"Searching for best T0 for period 1.96980 days\n"}
,{"stream_name":"stderr","time":5433.265847774,"data":"/usr/local/lib/python3.13/dist-packages/transitleastsquares/main.py:411: UserWarning: 76 of 125 transits without data. The true period may be twice the given period.\n"}
,{"stream_name":"stderr","time":5433.265892667,"data":"  warnings.warn(text)\n"}
,{"stream_name":"stdout","time":5434.542244621,"data":"Searching for best T0 for period 8.77759 days\n"}
,{"stream_name":"stdout","time":5439.281710702,"data":"Transit Least Squares TLS 1.32 (5 Apr 2024)\n"}
,{"stream_name":"stdout","time":5439.284843029,"data":"Creating model cache for 43 durations\n"}
,{"stream_name":"stdout","time":5439.300545634,"data":"Searching 6745 data points, 7255 periods from 0.5 to 26.753 days\n"}
,{"stream_name":"stdout","time":5439.300669418,"data":"Using 1 of 4 CPU threads\n"}
,{"stream_name":"stdout","time":5446.493941628,"data":"Transit Least Squares TLS 1.32 (5 Apr 2024)\n"}
,{"stream_name":"stdout","time":5446.498971352,"data":"Creating model cache for 43 durations\n"}
,{"stream_name":"stdout","time":5446.517255647,"data":"Searching 9730 data points, 14943 periods from 0.857 to 29.992 days\n"}
,{"stream_name":"stdout","time":5446.517402965,"data":"Using 1 of 4 CPU threads\n"}
,{"stream_name":"stdout","time":5552.860140472,"data":"Searching for best T0 for period 4.16481 days\n"}
,{"stream_name":"stdout","time":5561.450065782,"data":"Transit Least Squares TLS 1.32 (5 Apr 2024)\n"}
,{"stream_name":"stdout","time":5561.453534426,"data":"Creating model cache for 43 durations\n"}
,{"stream_name":"stdout","time":5561.470812345,"data":"Searching 6326 data points, 6640 periods from 0.5 to 26.051 days\n"}
,{"stream_name":"stdout","time":5561.470993263,"data":"Using 1 of 4 CPU threads\n"}
,{"stream_name":"stdout","time":5709.089900282,"data":"Searching for best T0 for period 0.55006 days\n"}
,{"stream_name":"stdout","time":5717.453672881,"data":"Transit Least Squares TLS 1.32 (5 Apr 2024)\n"}
,{"stream_name":"stdout","time":5717.455313422,"data":"Creating model cache for 38 durations\n"}
,{"stream_name":"stdout","time":5717.467126907,"data":"Searching 3727 data points, 3188 periods from 0.5 to 13.701 days\n"}
,{"stream_name":"stdout","time":5717.467274729,"data":"Using 1 of 4 CPU threads\n"}
,{"stream_name":"stdout","time":5759.638914005,"data":"Searching for best T0 for period 0.61422 days\n"}
,{"stream_name":"stdout","time":5766.030075842,"data":"Transit Least Squares TLS 1.32 (5 Apr 2024)\n"}
,{"stream_name":"stdout","time":5766.03492904,"data":"Creating model cache for 43 durations\n"}
,{"stream_name":"stdout","time":5766.047835096,"data":"Searching 6326 data points, 6640 periods from 0.5 to 26.051 days\n"}
,{"stream_name":"stdout","time":5766.048197508,"data":"Using 1 of 4 CPU threads\n"}
,{"stream_name":"stdout","time":5863.250953371,"data":"Searching for best T0 for period 2.84824 days\n"}
,{"stream_name":"stderr","time":5865.012888088,"data":"/usr/local/lib/python3.13/dist-packages/transitleastsquares/main.py:411: UserWarning: 53 of 76 transits without data. The true period may be twice the given period.\n"}
,{"stream_name":"stderr","time":5865.01293223,"data":"  warnings.warn(text)\n"}
,{"stream_name":"stdout","time":5874.325556569,"data":"Transit Least Squares TLS 1.32 (5 Apr 2024)\n"}
,{"stream_name":"stdout","time":5874.331625052,"data":"Creating model cache for 43 durations\n"}
,{"stream_name":"stdout","time":5874.351932014,"data":"Searching 9730 data points, 14943 periods from 0.857 to 29.992 days\n"}
,{"stream_name":"stdout","time":5874.352111602,"data":"Using 1 of 4 CPU threads\n"}
,{"stream_name":"stdout","time":5879.453893311,"data":"Searching for best T0 for period 0.74767 days\n"}
,{"stream_name":"stderr","time":5882.00155498,"data":"/usr/local/lib/python3.13/dist-packages/transitleastsquares/main.py:411: UserWarning: 253 of 363 transits without data. The true period may be twice the given period.\n"}
,{"stream_name":"stderr","time":5882.001611871,"data":"  warnings.warn(text)\n"}
,{"stream_name":"stdout","time":5895.394264837,"data":"Transit Least Squares TLS 1.32 (5 Apr 2024)\n"}
,{"stream_name":"stdout","time":5895.394864604,"data":"Creating model cache for 36 durations\n"}
,{"stream_name":"stdout","time":5895.40583084,"data":"Searching 2605 data points, 955 periods from 0.976 to 10.136 days\n"}
,{"stream_name":"stdout","time":5895.406137822,"data":"Using 1 of 4 CPU threads\n"}
,{"stream_name":"stdout","time":5895.547224842,"data":"Searching for best T0 for period 2.05724 days\n"}
,{"stream_name":"stdout","time":5901.790288326,"data":"Transit Least Squares TLS 1.32 (5 Apr 2024)\n"}
,{"stream_name":"stdout","time":5901.791805835,"data":"Creating model cache for 38 durations\n"}
,{"stream_name":"stdout","time":5901.803328112,"data":"Searching 3398 data points, 2817 periods from 0.522 to 13.157 days\n"}
,{"stream_name":"stdout","time":5901.803468657,"data":"Using 1 of 4 CPU threads\n"}
,{"stream_name":"stdout","time":5903.564087355,"data":"Searching for best T0 for period 1.95435 days\n"}
,{"stream_name":"stdout","time":5907.160835802,"data":"Transit Least Squares TLS 1.32 (5 Apr 2024)\n"}
,{"stream_name":"stdout","time":5907.162681384,"data":"Creating model cache for 38 durations\n"}
,{"stream_name":"stdout","time":5907.177155808,"data":"Searching 3250 data points, 2645 periods from 0.556 to 13.28 days\n"}
,{"stream_name":"stdout","time":5907.177315621,"data":"Using 1 of 4 CPU threads\n"}
,{"stream_name":"stdout","time":5926.818659705,"data":"Searching for best T0 for period 9.93243 days\n"}
,{"stream_name":"stdout","time":5929.193553524,"data":"Searching for best T0 for period 1.67164 days\n"}
,{"stream_name":"stdout","time":5930.898024358,"data":"Transit Least Squares TLS 1.32 (5 Apr 2024)\n"}
,{"stream_name":"stdout","time":5930.899673429,"data":"Creating model cache for 38 durations\n"}
,{"stream_name":"stdout","time":5930.912134351,"data":"Searching 3250 data points, 2645 periods from 0.556 to 13.28 days\n"}
,{"stream_name":"stdout","time":5930.912373971,"data":"Using 1 of 4 CPU threads\n"}
,{"stream_name":"stdout","time":5934.508089787,"data":"Transit Least Squares TLS 1.32 (5 Apr 2024)\n"}
,{"stream_name":"stdout","time":5934.509831897,"data":"Creating model cache for 38 durations\n"}
,{"stream_name":"stdout","time":5934.521847806,"data":"Searching 3398 data points, 2817 periods from 0.522 to 13.157 days\n"}
,{"stream_name":"stdout","time":5934.522014362,"data":"Using 1 of 4 CPU threads\n"}
,{"stream_name":"stdout","time":5950.802420686,"data":"Searching for best T0 for period 10.78592 days\n"}
,{"stream_name":"stdout","time":5954.611438405,"data":"Transit Least Squares TLS 1.32 (5 Apr 2024)\n"}
,{"stream_name":"stdout","time":5954.613555584,"data":"Creating model cache for 38 durations\n"}
,{"stream_name":"stdout","time":5954.62628331,"data":"Searching 3250 data points, 2645 periods from 0.556 to 13.28 days\n"}
,{"stream_name":"stdout","time":5954.626344479,"data":"Using 1 of 4 CPU threads\n"}
,{"stream_name":"stdout","time":5964.460102255,"data":"Searching for best T0 for period 1.90376 days\n"}
,{"stream_name":"stdout","time":5964.595686037,"data":"Searching for best T0 for period 1.59641 days\n"}
,{"stream_name":"stderr","time":5969.129248331,"data":"/usr/local/lib/python3.13/dist-packages/transitleastsquares/main.py:411: UserWarning: 93 of 170 transits without data. The true period may be twice the given period.\n"}
,{"stream_name":"stderr","time":5969.129294772,"data":"  warnings.warn(text)\n"}
,{"stream_name":"stdout","time":5970.711850461,"data":"Transit Least Squares TLS 1.32 (5 Apr 2024)\n"}
,{"stream_name":"stdout","time":5970.715188419,"data":"Creating model cache for 43 durations\n"}
,{"stream_name":"stdout","time":5970.732872556,"data":"Searching 8874 data points, 14308 periods from 0.5 to 29.995 days\n"}
,{"stream_name":"stdout","time":5970.733232762,"data":"Using 1 of 4 CPU threads\n"}
,{"stream_name":"stdout","time":5974.991818975,"data":"Searching for best T0 for period 7.78607 days\n"}
,{"stream_name":"stdout","time":5979.801571681,"data":"Transit Least Squares TLS 1.32 (5 Apr 2024)\n"}
,{"stream_name":"stdout","time":5979.803266059,"data":"Creating model cache for 38 durations\n"}
,{"stream_name":"stdout","time":5979.815941729,"data":"Searching 3250 data points, 2645 periods from 0.556 to 13.28 days\n"}
,{"stream_name":"stdout","time":5979.815999478,"data":"Using 1 of 4 CPU threads\n"}
,{"stream_name":"stdout","time":5987.180686837,"data":"Transit Least Squares TLS 1.32 (5 Apr 2024)\n"}
,{"stream_name":"stdout","time":5987.189925498,"data":"Creating model cache for 43 durations\n"}
,{"stream_name":"stdout","time":5987.211629352,"data":"Searching 18575 data points, 23375 periods from 0.702 to 29.994 days\n"}
,{"stream_name":"stdout","time":5987.211741563,"data":"Using 1 of 4 CPU threads\n"}
,{"stream_name":"stdout","time":5999.286163604,"data":"Searching for best T0 for period 1.90372 days\n"}
,{"stream_name":"stdout","time":6005.536016739,"data":"Transit Least Squares TLS 1.32 (5 Apr 2024)\n"}
,{"stream_name":"stdout","time":6005.546169459,"data":"Creating model cache for 43 durations\n"}
,{"stream_name":"stdout","time":6005.566179308,"data":"Searching 9647 data points, 24774 periods from 0.546 to 29.999 days\n"}
,{"stream_name":"stdout","time":6005.566534132,"data":"Using 1 of 4 CPU threads\n"}
,{"stream_name":"stdout","time":6227.132040195,"data":"Searching for best T0 for period 28.37028 days\n"}
,{"stream_name":"stdout","time":6236.66921323,"data":"Transit Least Squares TLS 1.32 (5 Apr 2024)\n"}
,{"stream_name":"stdout","time":6236.675450008,"data":"Creating model cache for 43 durations\n"}
,{"stream_name":"stdout","time":6236.692714059,"data":"Searching 8874 data points, 14308 periods from 0.5 to 29.995 days\n"}
,{"stream_name":"stdout","time":6236.693031616,"data":"Using 1 of 4 CPU threads\n"}
,{"stream_name":"stdout","time":6312.991777577,"data":"Searching for best T0 for period 5.52830 days\n"}
,{"stream_name":"stderr","time":6314.93974832,"data":"/usr/local/lib/python3.13/dist-packages/transitleastsquares/main.py:411: UserWarning: 27 of 40 transits without data. The true period may be twice the given period.\n"}
,{"stream_name":"stderr","time":6314.939807581,"data":"  warnings.warn(text)\n"}
,{"stream_name":"stdout","time":6324.442822583,"data":"Transit Least Squares TLS 1.32 (5 Apr 2024)\n"}
,{"stream_name":"stdout","time":6324.468442377,"data":"Creating model cache for 43 durations\n"}
,{"stream_name":"stdout","time":6324.504836259,"data":"Searching 12117 data points, 64151 periods from 0.5 to 29.996 days\n"}
,{"stream_name":"stdout","time":6324.505071642,"data":"Using 1 of 4 CPU threads\n"}
,{"stream_name":"stdout","time":6500.319870468,"data":"Searching for best T0 for period 14.68862 days\n"}
,{"stream_name":"stderr","time":6503.784658453,"data":"/usr/local/lib/python3.13/dist-packages/transitleastsquares/main.py:411: UserWarning: 2 of 5 transits without data. The true period may be twice the given period.\n"}
,{"stream_name":"stderr","time":6503.784703255,"data":"  warnings.warn(text)\n"}
,{"stream_name":"stdout","time":6510.557454885,"data":"Transit Least Squares TLS 1.32 (5 Apr 2024)\n"}
,{"stream_name":"stdout","time":6510.562900041,"data":"Creating model cache for 43 durations\n"}
,{"stream_name":"stdout","time":6510.576440275,"data":"Searching 10742 data points, 7599 periods from 0.803 to 29.991 days\n"}
,{"stream_name":"stdout","time":6510.576621305,"data":"Using 1 of 4 CPU threads\n"}
,{"stream_name":"stdout","time":6550.640166783,"data":"Searching for best T0 for period 1.32235 days\n"}
,{"stream_name":"stderr","time":6554.922893154,"data":"/usr/local/lib/python3.13/dist-packages/transitleastsquares/main.py:411: UserWarning: 104 of 205 transits without data. The true period may be twice the given period.\n"}
,{"stream_name":"stderr","time":6554.922933841,"data":"  warnings.warn(text)\n"}
,{"stream_name":"stdout","time":6570.450537295,"data":"Transit Least Squares TLS 1.32 (5 Apr 2024)\n"}
,{"stream_name":"stdout","time":6570.452874377,"data":"Creating model cache for 42 durations\n"}
,{"stream_name":"stdout","time":6570.466494527,"data":"Searching 6058 data points, 4309 periods from 0.702 to 25.527 days\n"}
,{"stream_name":"stdout","time":6570.466783346,"data":"Using 1 of 4 CPU threads\n"}
,{"stream_name":"stdout","time":6588.397876272,"data":"Searching for best T0 for period 8.84013 days\n"}
,{"stream_name":"stderr","time":6591.024871273,"data":"/usr/local/lib/python3.13/dist-packages/transitleastsquares/main.py:411: UserWarning: 18 of 25 transits without data. The true period may be twice the given period.\n"}
,{"stream_name":"stderr","time":6591.024911181,"data":"  warnings.warn(text)\n"}
,{"stream_name":"stdout","time":6599.469088936,"data":"Transit Least Squares TLS 1.32 (5 Apr 2024)\n"}
,{"stream_name":"stdout","time":6599.47981058,"data":"Creating model cache for 43 durations\n"}
,{"stream_name":"stdout","time":6599.500310584,"data":"Searching 9647 data points, 24774 periods from 0.546 to 29.999 days\n"}
,{"stream_name":"stdout","time":6599.50072317,"data":"Using 1 of 4 CPU threads\n"}
,{"stream_name":"stdout","time":6649.137105365,"data":"Searching for best T0 for period 2.20713 days\n"}
,{"stream_name":"stdout","time":6659.27131221,"data":"Transit Least Squares TLS 1.32 (5 Apr 2024)\n"}
,{"stream_name":"stdout","time":6659.2807882,"data":"Creating model cache for 43 durations\n"}
,{"stream_name":"stdout","time":6659.301901463,"data":"Searching 18575 data points, 23375 periods from 0.702 to 29.994 days\n"}
,{"stream_name":"stdout","time":6659.302124447,"data":"Using 1 of 4 CPU threads\n"}
,{"stream_name":"stdout","time":6674.742103109,"data":"Searching for best T0 for period 4.11344 days\n"}
,{"stream_name":"stdout","time":6687.952166155,"data":"Transit Least Squares TLS 1.32 (5 Apr 2024)\n"}
,{"stream_name":"stdout","time":6687.955613069,"data":"Creating model cache for 43 durations\n"}
,{"stream_name":"stdout","time":6687.970631161,"data":"Searching 10742 data points, 7599 periods from 0.803 to 29.991 days\n"}
,{"stream_name":"stdout","time":6687.97089322,"data":"Using 1 of 4 CPU threads\n"}
,{"stream_name":"stdout","time":6920.507540025,"data":"Searching for best T0 for period 2.20076 days\n"}
,{"stream_name":"stdout","time":6933.84438313,"data":"Transit Least Squares TLS 1.32 (5 Apr 2024)\n"}
,{"stream_name":"stdout","time":6933.847647109,"data":"Creating model cache for 43 durations\n"}
,{"stream_name":"stdout","time":6933.863885423,"data":"Searching 10742 data points, 7599 periods from 0.803 to 29.991 days\n"}
,{"stream_name":"stdout","time":6933.864038827,"data":"Using 1 of 4 CPU threads\n"}
,{"stream_name":"stdout","time":6983.890327082,"data":"Searching for best T0 for period 13.52309 days\n"}
,{"stream_name":"stderr","time":6987.407774475,"data":"/usr/local/lib/python3.13/dist-packages/transitleastsquares/main.py:411: UserWarning: 10 of 16 transits without data. The true period may be twice the given period.\n"}
,{"stream_name":"stderr","time":6987.407816619,"data":"  warnings.warn(text)\n"}
,{"stream_name":"stdout","time":6995.125094644,"data":"Transit Least Squares TLS 1.32 (5 Apr 2024)\n"}
,{"stream_name":"stdout","time":6995.135166806,"data":"Creating model cache for 43 durations\n"}
,{"stream_name":"stdout","time":6995.157959033,"data":"Searching 9647 data points, 24774 periods from 0.546 to 29.999 days\n"}
,{"stream_name":"stdout","time":6995.158024757,"data":"Using 1 of 4 CPU threads\n"}
,{"stream_name":"stdout","time":7204.947580749,"data":"Searching for best T0 for period 1.21293 days\n"}
,{"stream_name":"stdout","time":7216.450345536,"data":"Transit Least Squares TLS 1.32 (5 Apr 2024)\n"}
,{"stream_name":"stdout","time":7216.452256679,"data":"Creating model cache for 37 durations\n"}
,{"stream_name":"stdout","time":7216.46361246,"data":"Searching 3171 data points, 3417 periods from 0.5 to 12.701 days\n"}
,{"stream_name":"stdout","time":7216.463790927,"data":"Using 1 of 4 CPU threads\n"}
,{"stream_name":"stdout","time":7240.17350612,"data":"Searching for best T0 for period 9.44232 days\n"}
,{"stream_name":"stdout","time":7247.6065221,"data":"Transit Least Squares TLS 1.32 (5 Apr 2024)\n"}
,{"stream_name":"stdout","time":7247.617959636,"data":"Creating model cache for 43 durations\n"}
,{"stream_name":"stdout","time":7247.634738725,"data":"Searching 16771 data points, 19836 periods from 0.818 to 29.997 days\n"}
,{"stream_name":"stdout","time":7247.635119863,"data":"Using 1 of 4 CPU threads\n"}
,{"stream_name":"stdout","time":7627.143894013,"data":"Searching for best T0 for period 5.81886 days\n"}
,{"stream_name":"stderr","time":7629.541333279,"data":"/usr/local/lib/python3.13/dist-packages/transitleastsquares/main.py:411: UserWarning: 25 of 37 transits without data. The true period may be twice the given period.\n"}
,{"stream_name":"stderr","time":7629.541398949,"data":"  warnings.warn(text)\n"}
,{"stream_name":"stdout","time":7637.431868384,"data":"Transit Least Squares TLS 1.32 (5 Apr 2024)\n"}
,{"stream_name":"stdout","time":7637.44191434,"data":"Creating model cache for 43 durations\n"}
,{"stream_name":"stdout","time":7637.46177254,"data":"Searching 9647 data points, 24774 periods from 0.546 to 29.999 days\n"}
,{"stream_name":"stdout","time":7637.46196872,"data":"Using 1 of 4 CPU threads\n"}
,{"stream_name":"stdout","time":7697.756187131,"data":"Searching for best T0 for period 3.03955 days\n"}
,{"stream_name":"stderr","time":7701.996212754,"data":"/usr/local/lib/python3.13/dist-packages/transitleastsquares/main.py:411: UserWarning: 44 of 90 transits without data. The true period may be twice the given period.\n"}
,{"stream_name":"stderr","time":7701.996253627,"data":"  warnings.warn(text)\n"}
,{"stream_name":"stdout","time":7715.257398221,"data":"Transit Least Squares TLS 1.32 (5 Apr 2024)\n"}
,{"stream_name":"stdout","time":7715.258174282,"data":"Creating model cache for 38 durations\n"}
,{"stream_name":"stdout","time":7715.268708767,"data":"Searching 3753 data points, 1041 periods from 1.254 to 13.938 days\n"}
,{"stream_name":"stdout","time":7715.26883434,"data":"Using 1 of 4 CPU threads\n"}
,{"stream_name":"stdout","time":7728.247954296,"data":"Searching for best T0 for period 7.15855 days\n"}
,{"stream_name":"stdout","time":7732.686822033,"data":"Transit Least Squares TLS 1.32 (5 Apr 2024)\n"}
,{"stream_name":"stdout","time":7732.687831316,"data":"Creating model cache for 38 durations\n"}
,{"stream_name":"stdout","time":7732.698698522,"data":"Searching 3753 data points, 1041 periods from 1.254 to 13.938 days\n"}
,{"stream_name":"stdout","time":7732.698829705,"data":"Using 1 of 4 CPU threads\n"}
,{"stream_name":"stdout","time":7747.59610004,"data":"Searching for best T0 for period 1.35726 days\n"}
,{"stream_name":"stdout","time":7752.535885204,"data":"Transit Least Squares TLS 1.32 (5 Apr 2024)\n"}
,{"stream_name":"stdout","time":7752.536866964,"data":"Creating model cache for 38 durations\n"}
,{"stream_name":"stdout","time":7752.54784438,"data":"Searching 3753 data points, 1041 periods from 1.254 to 13.938 days\n"}
,{"stream_name":"stdout","time":7752.548076781,"data":"Using 1 of 4 CPU threads\n"}
,{"stream_name":"stdout","time":7763.101978253,"data":"Searching for best T0 for period 2.10988 days\n"}
,{"stream_name":"stdout","time":7769.072672823,"data":"Transit Least Squares TLS 1.32 (5 Apr 2024)\n"}
,{"stream_name":"stdout","time":7769.076160616,"data":"Creating model cache for 43 durations\n"}
,{"stream_name":"stdout","time":7769.09042217,"data":"Searching 6718 data points, 7801 periods from 0.5 to 27.025 days\n"}
,{"stream_name":"stdout","time":7769.090678309,"data":"Using 1 of 4 CPU threads\n"}
,{"stream_name":"stdout","time":7942.887434284,"data":"Searching for best T0 for period 0.79611 days\n"}
,{"stream_name":"stdout","time":7950.717282335,"data":"Transit Least Squares TLS 1.32 (5 Apr 2024)\n"}
,{"stream_name":"stdout","time":7950.718635923,"data":"Creating model cache for 37 durations\n"}
,{"stream_name":"stdout","time":7950.730184123,"data":"Searching 3028 data points, 1005 periods from 1.128 to 12.197 days\n"}
,{"stream_name":"stdout","time":7950.730647369,"data":"Using 1 of 4 CPU threads\n"}
,{"stream_name":"stdout","time":7957.742992891,"data":"Searching for best T0 for period 6.72456 days\n"}
,{"stream_name":"stdout","time":7961.57104308,"data":"Transit Least Squares TLS 1.32 (5 Apr 2024)\n"}
,{"stream_name":"stdout","time":7961.572333167,"data":"Creating model cache for 37 durations\n"}
,{"stream_name":"stdout","time":7961.583151825,"data":"Searching 3028 data points, 1005 periods from 1.128 to 12.197 days\n"}
,{"stream_name":"stdout","time":7961.583560956,"data":"Using 1 of 4 CPU threads\n"}
,{"stream_name":"stdout","time":7971.404735018,"data":"Searching for best T0 for period 1.70616 days\n"}
,{"stream_name":"stdout","time":7975.484569449,"data":"Transit Least Squares TLS 1.32 (5 Apr 2024)\n"}
,{"stream_name":"stdout","time":7975.4859207,"data":"Creating model cache for 37 durations\n"}
,{"stream_name":"stdout","time":7975.496677422,"data":"Searching 3028 data points, 1005 periods from 1.128 to 12.197 days\n"}
,{"stream_name":"stdout","time":7975.496728625,"data":"Using 1 of 4 CPU threads\n"}
,{"stream_name":"stdout","time":7985.784966415,"data":"Searching for best T0 for period 1.51098 days\n"}
,{"stream_name":"stdout","time":7990.694600018,"data":"Transit Least Squares TLS 1.32 (5 Apr 2024)\n"}
,{"stream_name":"stdout","time":7990.696681522,"data":"Creating model cache for 43 durations\n"}
,{"stream_name":"stdout","time":7990.71494628,"data":"Searching 6297 data points, 2939 periods from 1.049 to 27.412 days\n"}
,{"stream_name":"stdout","time":7990.714986472,"data":"Using 1 of 4 CPU threads\n"}
,{"stream_name":"stdout","time":8018.542303829,"data":"Searching for best T0 for period 2.14687 days\n"}
,{"stream_name":"stdout","time":8026.291339199,"data":"Transit Least Squares TLS 1.32 (5 Apr 2024)\n"}
,{"stream_name":"stdout","time":8026.292870935,"data":"Creating model cache for 43 durations\n"}
,{"stream_name":"stdout","time":8026.305471068,"data":"Searching 6297 data points, 2939 periods from 1.049 to 27.412 days\n"}
,{"stream_name":"stdout","time":8026.305618663,"data":"Using 1 of 4 CPU threads\n"}
,{"stream_name":"stdout","time":8090.441050785,"data":"Searching for best T0 for period 1.16405 days\n"}
,{"stream_name":"stdout","time":8100.335269402,"data":"Transit Least Squares TLS 1.32 (5 Apr 2024)\n"}
,{"stream_name":"stdout","time":8100.338771105,"data":"Creating model cache for 43 durations\n"}
,{"stream_name":"stdout","time":8100.353740974,"data":"Searching 12839 data points, 7920 periods from 0.8 to 29.996 days\n"}
,{"stream_name":"stdout","time":8100.353947139,"data":"Using 1 of 4 CPU threads\n"}
,{"stream_name":"stdout","time":8155.10512892,"data":"Searching for best T0 for period 5.43610 days\n"}
,{"stream_name":"stderr","time":8158.912880924,"data":"/usr/local/lib/python3.13/dist-packages/transitleastsquares/main.py:411: UserWarning: 30 of 51 transits without data. The true period may be twice the given period.\n"}
,{"stream_name":"stderr","time":8158.912948237,"data":"  warnings.warn(text)\n"}
,{"stream_name":"stdout","time":8172.724835594,"data":"Transit Least Squares TLS 1.32 (5 Apr 2024)\n"}
,{"stream_name":"stdout","time":8172.735907277,"data":"Creating model cache for 43 durations\n"}
,{"stream_name":"stdout","time":8172.757002155,"data":"Searching 16771 data points, 19836 periods from 0.818 to 29.997 days\n"}
,{"stream_name":"stdout","time":8172.757431347,"data":"Using 1 of 4 CPU threads\n"}
,{"stream_name":"stdout","time":8259.957892867,"data":"Searching for best T0 for period 1.42167 days\n"}
,{"stream_name":"stdout","time":8275.446512457,"data":"Transit Least Squares TLS 1.32 (5 Apr 2024)\n"}
,{"stream_name":"stdout","time":8275.449978637,"data":"Creating model cache for 43 durations\n"}
,{"stream_name":"stdout","time":8275.464670868,"data":"Searching 12839 data points, 7920 periods from 0.8 to 29.996 days\n"}
,{"stream_name":"stdout","time":8275.464861108,"data":"Using 1 of 4 CPU threads\n"}
,{"stream_name":"stdout","time":8371.472994191,"data":"Searching for best T0 for period 1.24809 days\n"}
,{"stream_name":"stderr","time":8373.268012174,"data":"/usr/local/lib/python3.13/dist-packages/transitleastsquares/main.py:411: UserWarning: 118 of 174 transits without data. The true period may be twice the given period.\n"}
,{"stream_name":"stderr","time":8373.268078414,"data":"  warnings.warn(text)\n"}
,{"stream_name":"stdout","time":8383.902352718,"data":"Transit Least Squares TLS 1.32 (5 Apr 2024)\n"}
,{"stream_name":"stdout","time":8383.919963055,"data":"Creating model cache for 43 durations\n"}
,{"stream_name":"stdout","time":8383.941991473,"data":"Searching 12634 data points, 36326 periods from 0.5 to 29.995 days\n"}
,{"stream_name":"stdout","time":8383.942401429,"data":"Using 1 of 4 CPU threads\n"}
,{"stream_name":"stdout","time":8604.007547169,"data":"Searching for best T0 for period 1.16706 days\n"}
,{"stream_name":"stdout","time":8620.231450759,"data":"Transit Least Squares TLS 1.32 (5 Apr 2024)\n"}
,{"stream_name":"stdout","time":8620.235510212,"data":"Creating model cache for 43 durations\n"}
,{"stream_name":"stdout","time":8620.251248039,"data":"Searching 12839 data points, 7920 periods from 0.8 to 29.996 days\n"}
,{"stream_name":"stdout","time":8620.25165718,"data":"Using 1 of 4 CPU threads\n"}
,{"stream_name":"stdout","time":8623.172994067,"data":"Searching for best T0 for period 0.80800 days\n"}
,{"stream_name":"stderr","time":8626.775719913,"data":"/usr/local/lib/python3.13/dist-packages/transitleastsquares/main.py:411: UserWarning: 366 of 470 transits without data. The true period may be twice the given period.\n"}
,{"stream_name":"stderr","time":8626.775786226,"data":"  warnings.warn(text)\n"}
,{"stream_name":"stdout","time":8639.586360012,"data":"Transit Least Squares TLS 1.32 (5 Apr 2024)\n"}
,{"stream_name":"stdout","time":8639.611265114,"data":"Creating model cache for 43 durations\n"}
,{"stream_name":"stdout","time":8639.643033553,"data":"Searching 12117 data points, 64151 periods from 0.5 to 29.996 days\n"}
,{"stream_name":"stdout","time":8639.643189233,"data":"Using 1 of 4 CPU threads\n"}
,{"stream_name":"stdout","time":8766.0517522,"data":"Searching for best T0 for period 8.49518 days\n"}
,{"stream_name":"stdout","time":8779.356348187,"data":"Transit Least Squares TLS 1.32 (5 Apr 2024)\n"}
,{"stream_name":"stdout","time":8779.359201533,"data":"Creating model cache for 43 durations\n"}
,{"stream_name":"stdout","time":8779.374155984,"data":"Searching 9483 data points, 5821 periods from 0.8 to 29.988 days\n"}
,{"stream_name":"stdout","time":8779.374365735,"data":"Using 1 of 4 CPU threads\n"}
,{"stream_name":"stdout","time":8920.799393545,"data":"Searching for best T0 for period 9.93711 days\n"}
,{"stream_name":"stdout","time":8928.703884643,"data":"Transit Least Squares TLS 1.32 (5 Apr 2024)\n"}
,{"stream_name":"stdout","time":8928.705297128,"data":"Creating model cache for 37 durations\n"}
,{"stream_name":"stdout","time":8928.716922214,"data":"Searching 3347 data points, 3181 periods from 0.5 to 12.712 days\n"}
,{"stream_name":"stdout","time":8928.718900231,"data":"Using 1 of 4 CPU threads\n"}
,{"stream_name":"stdout","time":8956.137876458,"data":"Searching for best T0 for period 6.42104 days\n"}
,{"stream_name":"stdout","time":8960.177294583,"data":"Transit Least Squares TLS 1.32 (5 Apr 2024)\n"}
,{"stream_name":"stdout","time":8960.179052078,"data":"Creating model cache for 37 durations\n"}
,{"stream_name":"stdout","time":8960.190359194,"data":"Searching 3347 data points, 3181 periods from 0.5 to 12.712 days\n"}
,{"stream_name":"stdout","time":8960.190574362,"data":"Using 1 of 4 CPU threads\n"}
,{"stream_name":"stdout","time":8988.728387762,"data":"Searching for best T0 for period 0.55950 days\n"}
,{"stream_name":"stdout","time":8996.73311298,"data":"Transit Least Squares TLS 1.32 (5 Apr 2024)\n"}
,{"stream_name":"stdout","time":8996.761347053,"data":"Creating model cache for 43 durations\n"}
,{"stream_name":"stdout","time":8996.796713895,"data":"Searching 11496 data points, 70428 periods from 0.5 to 29.999 days\n"}
,{"stream_name":"stdout","time":8996.797180324,"data":"Using 1 of 4 CPU threads\n"}
,{"stream_name":"stdout","time":9093.143434014,"data":"Searching for best T0 for period 7.37793 days\n"}
,{"stream_name":"stderr","time":9096.507311115,"data":"/usr/local/lib/python3.13/dist-packages/transitleastsquares/main.py:411: UserWarning: 20 of 37 transits without data. The true period may be twice the given period.\n"}
,{"stream_name":"stderr","time":9096.507356566,"data":"  warnings.warn(text)\n"}
,{"stream_name":"stdout","time":9106.372442208,"data":"Transit Least Squares TLS 1.32 (5 Apr 2024)\n"}
,{"stream_name":"stdout","time":9106.373533436,"data":"Creating model cache for 38 durations\n"}
,{"stream_name":"stdout","time":9106.386906877,"data":"Searching 3926 data points, 1588 periods from 0.893 to 13.937 days\n"}
,{"stream_name":"stdout","time":9106.386972298,"data":"Using 1 of 4 CPU threads\n"}
,{"stream_name":"stdout","time":9122.933225249,"data":"Searching for best T0 for period 7.69277 days\n"}
,{"stream_name":"stdout","time":9127.908741424,"data":"Transit Least Squares TLS 1.32 (5 Apr 2024)\n"}
,{"stream_name":"stdout","time":9127.910307227,"data":"Creating model cache for 38 durations\n"}
,{"stream_name":"stdout","time":9127.921463087,"data":"Searching 3926 data points, 1588 periods from 0.893 to 13.937 days\n"}
,{"stream_name":"stdout","time":9127.921793622,"data":"Using 1 of 4 CPU threads\n"}
,{"stream_name":"stdout","time":9144.628566688,"data":"Searching for best T0 for period 6.11042 days\n"}
,{"stream_name":"stdout","time":9149.958080589,"data":"Transit Least Squares TLS 1.32 (5 Apr 2024)\n"}
,{"stream_name":"stdout","time":9149.959582469,"data":"Creating model cache for 38 durations\n"}
,{"stream_name":"stdout","time":9149.974210686,"data":"Searching 3926 data points, 1588 periods from 0.893 to 13.937 days\n"}
,{"stream_name":"stdout","time":9149.974421501,"data":"Using 1 of 4 CPU threads\n"}
,{"stream_name":"stdout","time":9171.553820435,"data":"Searching for best T0 for period 1.09973 days\n"}
,{"stream_name":"stdout","time":9177.288214041,"data":"Transit Least Squares TLS 1.32 (5 Apr 2024)\n"}
,{"stream_name":"stdout","time":9177.289950371,"data":"Creating model cache for 38 durations\n"}
,{"stream_name":"stdout","time":9177.301389681,"data":"Searching 3926 data points, 1588 periods from 0.893 to 13.937 days\n"}
,{"stream_name":"stdout","time":9177.301787497,"data":"Using 1 of 4 CPU threads\n"}
,{"stream_name":"stdout","time":9194.494287097,"data":"Searching for best T0 for period 4.27718 days\n"}
,{"stream_name":"stdout","time":9201.528637858,"data":"Transit Least Squares TLS 1.32 (5 Apr 2024)\n"}
,{"stream_name":"stdout","time":9201.536609349,"data":"Creating model cache for 43 durations\n"}
,{"stream_name":"stdout","time":9201.55592506,"data":"Searching 10578 data points, 19933 periods from 0.657 to 29.998 days\n"}
,{"stream_name":"stdout","time":9201.556125492,"data":"Using 1 of 4 CPU threads\n"}
,{"stream_name":"stdout","time":9242.022634569,"data":"Searching for best T0 for period 23.53184 days\n"}
,{"stream_name":"stderr","time":9248.458659716,"data":"/usr/local/lib/python3.13/dist-packages/transitleastsquares/main.py:411: UserWarning: 7 of 11 transits without data. The true period may be twice the given period.\n"}
,{"stream_name":"stderr","time":9248.45873684,"data":"  warnings.warn(text)\n"}
,{"stream_name":"stdout","time":9257.762094018,"data":"Transit Least Squares TLS 1.32 (5 Apr 2024)\n"}
,{"stream_name":"stdout","time":9257.776599703,"data":"Creating model cache for 43 durations\n"}
,{"stream_name":"stdout","time":9257.800904129,"data":"Searching 12634 data points, 36326 periods from 0.5 to 29.995 days\n"}
,{"stream_name":"stdout","time":9257.802946133,"data":"Using 1 of 4 CPU threads\n"}
,{"stream_name":"stdout","time":9771.317893541,"data":"Searching for best T0 for period 1.63137 days\n"}
,{"stream_name":"stderr","time":9774.426455433,"data":"/usr/local/lib/python3.13/dist-packages/transitleastsquares/main.py:411: UserWarning: 85 of 131 transits without data. The true period may be twice the given period.\n"}
,{"stream_name":"stderr","time":9774.42649663,"data":"  warnings.warn(text)\n"}
,{"stream_name":"stdout","time":9784.28570533,"data":"Transit Least Squares TLS 1.32 (5 Apr 2024)\n"}
,{"stream_name":"stdout","time":9784.29538442,"data":"Creating model cache for 43 durations\n"}
,{"stream_name":"stdout","time":9784.316461486,"data":"Searching 13909 data points, 22601 periods from 0.657 to 29.991 days\n"}
,{"stream_name":"stdout","time":9784.31680116,"data":"Using 1 of 4 CPU threads\n"}
,{"stream_name":"stdout","time":9971.255159318,"data":"Searching for best T0 for period 0.67058 days\n"}
,{"stream_name":"stderr","time":9972.845283748,"data":"/usr/local/lib/python3.13/dist-packages/numpy/_core/_methods.py:218: RuntimeWarning: Degrees of freedom \u003c= 0 for slice\n"}
,{"stream_name":"stderr","time":9972.845326348,"data":"  ret = _var(a, axis=axis, dtype=dtype, out=out, ddof=ddof,\n"}
,{"stream_name":"stderr","time":9972.845485516,"data":"/usr/local/lib/python3.13/dist-packages/numpy/_core/_methods.py:175: RuntimeWarning: invalid value encountered in divide\n"}
,{"stream_name":"stderr","time":9972.845514337,"data":"  arrmean = um.true_divide(arrmean, div, out=arrmean,\n"}
,{"stream_name":"stderr","time":9972.845629905,"data":"/usr/local/lib/python3.13/dist-packages/numpy/_core/_methods.py:210: RuntimeWarning: invalid value encountered in scalar divide\n"}
,{"stream_name":"stderr","time":9972.845645817,"data":"  ret = ret.dtype.type(ret / rcount)\n"}
,{"stream_name":"stderr","time":9974.771196113,"data":"/usr/local/lib/python3.13/dist-packages/transitleastsquares/main.py:411: UserWarning: 233 of 365 transits without data. The true period may be twice the given period.\n"}
,{"stream_name":"stderr","time":9974.771268478,"data":"  warnings.warn(text)\n"}
,{"stream_name":"stdout","time":9986.499020611,"data":"Transit Least Squares TLS 1.32 (5 Apr 2024)\n"}
,{"stream_name":"stdout","time":9986.504869609,"data":"Creating model cache for 42 durations\n"}
,{"stream_name":"stdout","time":9986.515862587,"data":"Searching 5439 data points, 7194 periods from 0.5 to 24.78 days\n"}
,{"stream_name":"stdout","time":9986.516010126,"data":"Using 1 of 4 CPU threads\n"}
,{"stream_name":"stdout","time":10055.684030612,"data":"Searching for best T0 for period 1.58921 days\n"}
,{"stream_name":"stdout","time":10062.730729076,"data":"Transit Least Squares TLS 1.32 (5 Apr 2024)\n"}
,{"stream_name":"stdout","time":10062.73349973,"data":"Creating model cache for 42 durations\n"}
,{"stream_name":"stdout","time":10062.747356955,"data":"Searching 5789 data points, 5579 periods from 0.539 to 24.631 days\n"}
,{"stream_name":"stdout","time":10062.747528589,"data":"Using 1 of 4 CPU threads\n"}
,{"stream_name":"stdout","time":10122.55682899,"data":"Searching for best T0 for period 4.07269 days\n"}
,{"stream_name":"stdout","time":10134.454055427,"data":"Transit Least Squares TLS 1.32 (5 Apr 2024)\n"}
,{"stream_name":"stdout","time":10134.466390625,"data":"Creating model cache for 43 durations\n"}
,{"stream_name":"stdout","time":10134.491097467,"data":"Searching 23373 data points, 31377 periods from 0.54 to 29.998 days\n"}
,{"stream_name":"stdout","time":10134.491317327,"data":"Using 1 of 4 CPU threads\n"}
,{"stream_name":"stdout","time":10564.263531936,"data":"Searching for best T0 for period 0.99849 days\n"}
,{"stream_name":"stderr","time":10567.782513766,"data":"/usr/local/lib/python3.13/dist-packages/transitleastsquares/main.py:411: UserWarning: 297 of 381 transits without data. The true period may be twice the given period.\n"}
,{"stream_name":"stderr","time":10567.782571203,"data":"  warnings.warn(text)\n"}
,{"stream_name":"stdout","time":10576.542487533,"data":"200/408 10156s\n"}
,{"stream_name":"stdout","time":10578.493179075,"data":"Transit Least Squares TLS 1.32 (5 Apr 2024)\n"}
,{"stream_name":"stdout","time":10578.500697382,"data":"Creating model cache for 42 durations\n"}
,{"stream_name":"stdout","time":10578.51782605,"data":"Searching 6403 data points, 14590 periods from 0.5 to 25.961 days\n"}
,{"stream_name":"stdout","time":10578.518234434,"data":"Using 1 of 4 CPU threads\n"}
,{"stream_name":"stdout","time":10600.152744769,"data":"Searching for best T0 for period 3.74544 days\n"}
,{"stream_name":"stderr","time":10603.97981403,"data":"/usr/local/lib/python3.13/dist-packages/transitleastsquares/main.py:411: UserWarning: 80 of 101 transits without data. The true period may be twice the given period.\n"}
,{"stream_name":"stderr","time":10603.979855963,"data":"  warnings.warn(text)\n"}
,{"stream_name":"stdout","time":10606.219285955,"data":"Searching for best T0 for period 10.12028 days\n"}
,{"stream_name":"stderr","time":10610.245962756,"data":"/usr/local/lib/python3.13/dist-packages/transitleastsquares/main.py:411: UserWarning: 14 of 24 transits without data. The true period may be twice the given period.\n"}
,{"stream_name":"stderr","time":10610.246003839,"data":"  warnings.warn(text)\n"}
,{"stream_name":"stdout","time":10612.871363435,"data":"Transit Least Squares TLS 1.32 (5 Apr 2024)\n"}
,{"stream_name":"stdout","time":10612.88956822,"data":"Creating model cache for 43 durations\n"}
,{"stream_name":"stdout","time":10612.917922635,"data":"Searching 6446 data points, 45746 periods from 0.5 to 29.995 days\n"}
,{"stream_name":"stdout","time":10612.917961852,"data":"Using 1 of 4 CPU threads\n"}
,{"stream_name":"stdout","time":10620.518116379,"data":"Transit Least Squares TLS 1.32 (5 Apr 2024)\n"}
,{"stream_name":"stdout","time":10620.527306655,"data":"Creating model cache for 43 durations\n"}
,{"stream_name":"stdout","time":10620.54828234,"data":"Searching 13909 data points, 22601 periods from 0.657 to 29.991 days\n"}
,{"stream_name":"stdout","time":10620.548412512,"data":"Using 1 of 4 CPU threads\n"}
,{"stream_name":"stdout","time":10786.120650184,"data":"Searching for best T0 for period 0.81595 days\n"}
,{"stream_name":"stdout","time":10794.863506157,"data":"Transit Least Squares TLS 1.32 (5 Apr 2024)\n"}
,{"stream_name":"stdout","time":10794.870030031,"data":"Creating model cache for 42 durations\n"}
,{"stream_name":"stdout","time":10794.885978084,"data":"Searching 6403 data points, 14590 periods from 0.5 to 25.961 days\n"}
,{"stream_name":"stdout","time":10794.886232396,"data":"Using 1 of 4 CPU threads\n"}
,{"stream_name":"stdout","time":11003.109139642,"data":"Searching for best T0 for period 6.44303 days\n"}
,{"stream_name":"stdout","time":11009.28215718,"data":"Searching for best T0 for period 5.53329 days\n"}
,{"stream_name":"stdout","time":11011.151563504,"data":"Transit Least Squares TLS 1.32 (5 Apr 2024)\n"}
,{"stream_name":"stdout","time":11011.158366951,"data":"Creating model cache for 42 durations\n"}
,{"stream_name":"stdout","time":11011.176480553,"data":"Searching 6403 data points, 14590 periods from 0.5 to 25.961 days\n"}
,{"stream_name":"stdout","time":11011.176716606,"data":"Using 1 of 4 CPU threads\n"}
,{"stream_name":"stderr","time":11013.0386166,"data":"/usr/local/lib/python3.13/dist-packages/transitleastsquares/main.py:411: UserWarning: 26 of 44 transits without data. The true period may be twice the given period.\n"}
,{"stream_name":"stderr","time":11013.038687543,"data":"  warnings.warn(text)\n"}
,{"stream_name":"stdout","time":11026.131738895,"data":"Transit Least Squares TLS 1.32 (5 Apr 2024)\n"}
,{"stream_name":"stdout","time":11026.142601882,"data":"Creating model cache for 43 durations\n"}
,{"stream_name":"stdout","time":11026.165493337,"data":"Searching 18854 data points, 27466 periods from 0.61 to 29.992 days\n"}
,{"stream_name":"stdout","time":11026.165642919,"data":"Using 1 of 4 CPU threads\n"}
,{"stream_name":"stdout","time":11232.170956502,"data":"Searching for best T0 for period 3.42236 days\n"}
,{"stream_name":"stdout","time":11240.465598524,"data":"Transit Least Squares TLS 1.32 (5 Apr 2024)\n"}
,{"stream_name":"stdout","time":11240.472370554,"data":"Creating model cache for 42 durations\n"}
,{"stream_name":"stdout","time":11240.48826436,"data":"Searching 6403 data points, 14590 periods from 0.5 to 25.961 days\n"}
,{"stream_name":"stdout","time":11240.490908378,"data":"Using 1 of 4 CPU threads\n"}
,{"stream_name":"stdout","time":11263.799058298,"data":"Searching for best T0 for period 1.21399 days\n"}
,{"stream_name":"stderr","time":11265.715160137,"data":"/usr/local/lib/python3.13/dist-packages/transitleastsquares/main.py:411: UserWarning: 165 of 202 transits without data. The true period may be twice the given period.\n"}
,{"stream_name":"stderr","time":11265.715224212,"data":"  warnings.warn(text)\n"}
,{"stream_name":"stdout","time":11272.090910722,"data":"Transit Least Squares TLS 1.32 (5 Apr 2024)\n"}
,{"stream_name":"stdout","time":11272.09096815,"data":"Creating model cache for 37 durations\n"}
,{"stream_name":"stdout","time":11272.101600329,"data":"Searching 2611 data points, 1397 periods from 0.855 to 12.025 days\n"}
,{"stream_name":"stdout","time":11272.102066862,"data":"Using 1 of 4 CPU threads\n"}
,{"stream_name":"stdout","time":11282.754452861,"data":"Searching for best T0 for period 3.01295 days\n"}
,{"stream_name":"stdout","time":11286.40163526,"data":"Transit Least Squares TLS 1.32 (5 Apr 2024)\n"}
,{"stream_name":"stdout","time":11286.402724937,"data":"Creating model cache for 37 durations\n"}
,{"stream_name":"stdout","time":11286.414230278,"data":"Searching 2611 data points, 1397 periods from 0.855 to 12.025 days\n"}
,{"stream_name":"stdout","time":11286.416829433,"data":"Using 1 of 4 CPU threads\n"}
,{"stream_name":"stdout","time":11298.469216445,"data":"Searching for best T0 for period 1.85176 days\n"}
,{"stream_name":"stdout","time":11301.795904747,"data":"Transit Least Squares TLS 1.32 (5 Apr 2024)\n"}
,{"stream_name":"stdout","time":11301.797246497,"data":"Creating model cache for 37 durations\n"}
,{"stream_name":"stdout","time":11301.807622054,"data":"Searching 2611 data points, 1397 periods from 0.855 to 12.025 days\n"}
,{"stream_name":"stdout","time":11301.807931156,"data":"Using 1 of 4 CPU threads\n"}
,{"stream_name":"stdout","time":11313.4204849,"data":"Searching for best T0 for period 2.69170 days\n"}
,{"stream_name":"stdout","time":11317.290830344,"data":"Transit Least Squares TLS 1.32 (5 Apr 2024)\n"}
,{"stream_name":"stdout","time":11317.29190725,"data":"Creating model cache for 38 durations\n"}
,{"stream_name":"stdout","time":11317.30413376,"data":"Searching 3731 data points, 1227 periods from 1.06 to 13.423 days\n"}
,{"stream_name":"stdout","time":11317.304344376,"data":"Using 1 of 4 CPU threads\n"}
,{"stream_name":"stdout","time":11328.859525188,"data":"Searching for best T0 for period 13.24986 days\n"}
,{"stream_name":"stdout","time":11332.969675695,"data":"Transit Least Squares TLS 1.32 (5 Apr 2024)\n"}
,{"stream_name":"stdout","time":11332.970865256,"data":"Creating model cache for 38 durations\n"}
,{"stream_name":"stdout","time":11332.982236837,"data":"Searching 3731 data points, 1227 periods from 1.06 to 13.423 days\n"}
,{"stream_name":"stdout","time":11332.982349377,"data":"Using 1 of 4 CPU threads\n"}
,{"stream_name":"stdout","time":11346.650962327,"data":"Searching for best T0 for period 4.64444 days\n"}
,{"stream_name":"stdout","time":11351.695833874,"data":"Transit Least Squares TLS 1.32 (5 Apr 2024)\n"}
,{"stream_name":"stdout","time":11351.697704177,"data":"Creating model cache for 42 durations\n"}
,{"stream_name":"stdout","time":11351.712462982,"data":"Searching 4880 data points, 3996 periods from 0.721 to 24.552 days\n"}
,{"stream_name":"stdout","time":11351.712591618,"data":"Using 1 of 4 CPU threads\n"}
,{"stream_name":"stdout","time":11405.230580407,"data":"Searching for best T0 for period 5.55296 days\n"}
,{"stream_name":"stdout","time":11410.864253857,"data":"Transit Least Squares TLS 1.32 (5 Apr 2024)\n"}
,{"stream_name":"stdout","time":11410.866285586,"data":"Creating model cache for 42 durations\n"}
,{"stream_name":"stdout","time":11410.880034052,"data":"Searching 4880 data points, 3996 periods from 0.721 to 24.552 days\n"}
,{"stream_name":"stdout","time":11410.880170635,"data":"Using 1 of 4 CPU threads\n"}
,{"stream_name":"stdout","time":11448.327892392,"data":"Searching for best T0 for period 14.28639 days\n"}
,{"stream_name":"stdout","time":11451.159906516,"data":"Searching for best T0 for period 7.11510 days\n"}
,{"stream_name":"stdout","time":11455.748324595,"data":"Transit Least Squares TLS 1.32 (5 Apr 2024)\n"}
,{"stream_name":"stdout","time":11455.754816755,"data":"Creating model cache for 42 durations\n"}
,{"stream_name":"stdout","time":11455.772526682,"data":"Searching 6403 data points, 14590 periods from 0.5 to 25.961 days\n"}
,{"stream_name":"stdout","time":11455.772990405,"data":"Using 1 of 4 CPU threads\n"}
,{"stream_name":"stdout","time":11462.583240987,"data":"Transit Least Squares TLS 1.32 (5 Apr 2024)\n"}
,{"stream_name":"stdout","time":11462.590799226,"data":"Creating model cache for 43 durations\n"}
,{"stream_name":"stdout","time":11462.610126459,"data":"Searching 24449 data points, 18006 periods from 0.721 to 29.996 days\n"}
,{"stream_name":"stdout","time":11462.610488639,"data":"Using 1 of 4 CPU threads\n"}
,{"stream_name":"stdout","time":11627.617705534,"data":"Searching for best T0 for period 1.24952 days\n"}
,{"stream_name":"stderr","time":11633.629990764,"data":"/usr/local/lib/python3.13/dist-packages/transitleastsquares/main.py:411: UserWarning: 112 of 217 transits without data. The true period may be twice the given period.\n"}
,{"stream_name":"stderr","time":11633.630036889,"data":"  warnings.warn(text)\n"}
,{"stream_name":"stdout","time":11649.302059777,"data":"Transit Least Squares TLS 1.32 (5 Apr 2024)\n"}
,{"stream_name":"stdout","time":11649.312731539,"data":"Creating model cache for 43 durations\n"}
,{"stream_name":"stdout","time":11649.334844727,"data":"Searching 18854 data points, 27466 periods from 0.61 to 29.992 days\n"}
,{"stream_name":"stdout","time":11649.334909575,"data":"Using 1 of 4 CPU threads\n"}
,{"stream_name":"stdout","time":11667.198934203,"data":"Searching for best T0 for period 0.76127 days\n"}
,{"stream_name":"stdout","time":11677.731341518,"data":"Transit Least Squares TLS 1.32 (5 Apr 2024)\n"}
,{"stream_name":"stdout","time":11677.740775946,"data":"Creating model cache for 43 durations\n"}
,{"stream_name":"stdout","time":11677.762244161,"data":"Searching 10013 data points, 23686 periods from 0.7 to 29.991 days\n"}
,{"stream_name":"stdout","time":11677.762384241,"data":"Using 1 of 4 CPU threads\n"}
,{"stream_name":"stdout","time":12017.362875406,"data":"Searching for best T0 for period 3.32626 days\n"}
,{"stream_name":"stdout","time":12044.7790484,"data":"Transit Least Squares TLS 1.32 (5 Apr 2024)\n"}
,{"stream_name":"stdout","time":12044.789070153,"data":"Creating model cache for 43 durations\n"}
,{"stream_name":"stdout","time":12044.813208674,"data":"Searching 28132 data points, 22675 periods from 0.721 to 29.998 days\n"}
,{"stream_name":"stdout","time":12044.814892138,"data":"Using 1 of 4 CPU threads\n"}
,{"stream_name":"stdout","time":12185.478480191,"data":"Searching for best T0 for period 1.54968 days\n"}
,{"stream_name":"stderr","time":12191.506320515,"data":"/usr/local/lib/python3.13/dist-packages/transitleastsquares/main.py:411: UserWarning: 71 of 175 transits without data. The true period may be twice the given period.\n"}
,{"stream_name":"stderr","time":12191.506612482,"data":"  warnings.warn(text)\n"}
,{"stream_name":"stdout","time":12208.692185876,"data":"Transit Least Squares TLS 1.32 (5 Apr 2024)\n"}
,{"stream_name":"stdout","time":12208.695904274,"data":"Creating model cache for 43 durations\n"}
,{"stream_name":"stdout","time":12208.711613389,"data":"Searching 9179 data points, 8854 periods from 0.539 to 30.0 days\n"}
,{"stream_name":"stdout","time":12208.71179957,"data":"Using 1 of 4 CPU threads\n"}
,{"stream_name":"stdout","time":12252.198015464,"data":"Searching for best T0 for period 1.70907 days\n"}
,{"stream_name":"stderr","time":12256.403103966,"data":"/usr/local/lib/python3.13/dist-packages/transitleastsquares/main.py:411: UserWarning: 80 of 159 transits without data. The true period may be twice the given period.\n"}
,{"stream_name":"stderr","time":12256.403148019,"data":"  warnings.warn(text)\n"}
,{"stream_name":"stdout","time":12273.804953114,"data":"Transit Least Squares TLS 1.32 (5 Apr 2024)\n"}
,{"stream_name":"stdout","time":12273.812625761,"data":"Creating model cache for 43 durations\n"}
,{"stream_name":"stdout","time":12273.831719322,"data":"Searching 15674 data points, 18762 periods from 0.61 to 29.994 days\n"}
,{"stream_name":"stdout","time":12273.83187031,"data":"Using 1 of 4 CPU threads\n"}
,{"stream_name":"stdout","time":12341.375420258,"data":"Searching for best T0 for period 2.57698 days\n"}
,{"stream_name":"stdout","time":12352.253862929,"data":"Transit Least Squares TLS 1.32 (5 Apr 2024)\n"}
,{"stream_name":"stdout","time":12352.254628212,"data":"Creating model cache for 37 durations\n"}
,{"stream_name":"stdout","time":12352.26498513,"data":"Searching 3005 data points, 928 periods from 1.147 to 11.648 days\n"}
,{"stream_name":"stdout","time":12352.265129234,"data":"Using 1 of 4 CPU threads\n"}
,{"stream_name":"stdout","time":12360.04290847,"data":"Searching for best T0 for period 3.50701 days\n"}
,{"stream_name":"stderr","time":12361.908485317,"data":"/usr/local/lib/python3.13/dist-packages/transitleastsquares/main.py:411: UserWarning: 57 of 78 transits without data. The true period may be twice the given period.\n"}
,{"stream_name":"stderr","time":12361.908526203,"data":"  warnings.warn(text)\n"}
,{"stream_name":"stdout","time":12361.969154293,"data":"Searching for best T0 for period 4.03589 days\n"}
,{"stream_name":"stdout","time":12371.420855214,"data":"Transit Least Squares TLS 1.32 (5 Apr 2024)\n"}
,{"stream_name":"stdout","time":12371.421233495,"data":"Creating model cache for 43 durations\n"}
,{"stream_name":"stdout","time":12371.436006081,"data":"Searching 10041 data points, 5425 periods from 0.876 to 29.998 days\n"}
,{"stream_name":"stdout","time":12371.436056473,"data":"Using 1 of 4 CPU threads\n"}
,{"stream_name":"stdout","time":12371.623820653,"data":"Transit Least Squares TLS 1.32 (5 Apr 2024)\n"}
,{"stream_name":"stdout","time":12371.630327694,"data":"Creating model cache for 43 durations\n"}
,{"stream_name":"stdout","time":12371.650021996,"data":"Searching 21664 data points, 15891 periods from 1.148 to 29.996 days\n"}
,{"stream_name":"stdout","time":12371.650198867,"data":"Using 1 of 4 CPU threads\n"}
,{"stream_name":"stdout","time":12523.227846449,"data":"Searching for best T0 for period 7.81594 days\n"}
,{"stream_name":"stdout","time":12531.87352987,"data":"Transit Least Squares TLS 1.32 (5 Apr 2024)\n"}
,{"stream_name":"stdout","time":12531.874636172,"data":"Creating model cache for 38 durations\n"}
,{"stream_name":"stdout","time":12531.885265742,"data":"Searching 3753 data points, 1628 periods from 0.875 to 13.938 days\n"}
,{"stream_name":"stdout","time":12531.885379617,"data":"Using 1 of 4 CPU threads\n"}
,{"stream_name":"stdout","time":12554.631890428,"data":"Searching for best T0 for period 1.13759 days\n"}
,{"stream_name":"stdout","time":12562.40932755,"data":"Transit Least Squares TLS 1.32 (5 Apr 2024)\n"}
,{"stream_name":"stdout","time":12562.412880336,"data":"Creating model cache for 43 durations\n"}
,{"stream_name":"stdout","time":12562.428649985,"data":"Searching 12985 data points, 7442 periods from 0.876 to 29.997 days\n"}
,{"stream_name":"stdout","time":12562.428956174,"data":"Using 1 of 4 CPU threads\n"}
,{"stream_name":"stdout","time":12703.848870566,"data":"Searching for best T0 for period 2.06733 days\n"}
,{"stream_name":"stderr","time":12707.23204098,"data":"/usr/local/lib/python3.13/dist-packages/transitleastsquares/main.py:411: UserWarning: 36 of 89 transits without data. The true period may be twice the given period.\n"}
,{"stream_name":"stderr","time":12707.232090033,"data":"  warnings.warn(text)\n"}
,{"stream_name":"stdout","time":12718.62415844,"data":"Transit Least Squares TLS 1.32 (5 Apr 2024)\n"}
,{"stream_name":"stdout","time":12718.626849446,"data":"Creating model cache for 36 durations\n"}
,{"stream_name":"stdout","time":12718.636209355,"data":"Searching 2945 data points, 2869 periods from 0.5 to 10.884 days\n"}
,{"stream_name":"stdout","time":12718.63641047,"data":"Using 1 of 4 CPU threads\n"}
,{"stream_name":"stdout","time":12740.559966343,"data":"Searching for best T0 for period 2.70542 days\n"}
,{"stream_name":"stdout","time":12748.095495594,"data":"Transit Least Squares TLS 1.32 (5 Apr 2024)\n"}
,{"stream_name":"stdout","time":12748.108692289,"data":"Creating model cache for 43 durations\n"}
,{"stream_name":"stdout","time":12748.131943522,"data":"Searching 12581 data points, 32722 periods from 0.5 to 29.995 days\n"}
,{"stream_name":"stdout","time":12748.132148093,"data":"Using 1 of 4 CPU threads\n"}
,{"stream_name":"stdout","time":12758.142163786,"data":"Searching for best T0 for period 4.95784 days\n"}
,{"stream_name":"stdout","time":12771.249452923,"data":"Transit Least Squares TLS 1.32 (5 Apr 2024)\n"}
,{"stream_name":"stdout","time":12771.252047001,"data":"Creating model cache for 43 durations\n"}
,{"stream_name":"stdout","time":12771.268217408,"data":"Searching 10419 data points, 4454 periods from 1.021 to 29.993 days\n"}
,{"stream_name":"stdout","time":12771.268281414,"data":"Using 1 of 4 CPU threads\n"}
,{"stream_name":"stdout","time":12878.157392698,"data":"Searching for best T0 for period 17.19688 days\n"}
,{"stream_name":"stdout","time":12894.396803806,"data":"Transit Least Squares TLS 1.32 (5 Apr 2024)\n"}
,{"stream_name":"stdout","time":12894.403577209,"data":"Creating model cache for 43 durations\n"}
,{"stream_name":"stdout","time":12894.422599743,"data":"Searching 32421 data points, 16779 periods from 1.021 to 29.998 days\n"}
,{"stream_name":"stdout","time":12894.4228274,"data":"Using 1 of 4 CPU threads\n"}
,{"stream_name":"stdout","time":13441.999721551,"data":"Searching for best T0 for period 1.82575 days\n"}
,{"stream_name":"stderr","time":13445.517125733,"data":"/usr/local/lib/python3.13/dist-packages/transitleastsquares/main.py:411: UserWarning: 92 of 177 transits without data. The true period may be twice the given period.\n"}
,{"stream_name":"stderr","time":13445.517194635,"data":"  warnings.warn(text)\n"}
,{"stream_name":"stdout","time":13471.385261732,"data":"Transit Least Squares TLS 1.32 (5 Apr 2024)\n"}
,{"stream_name":"stdout","time":13471.393435695,"data":"Creating model cache for 43 durations\n"}
,{"stream_name":"stdout","time":13471.413974214,"data":"Searching 21664 data points, 15891 periods from 1.148 to 29.996 days\n"}
,{"stream_name":"stdout","time":13471.414098486,"data":"Using 1 of 4 CPU threads\n"}
,{"stream_name":"stderr","time":13494.116126753,"data":"/usr/local/lib/python3.13/dist-packages/transitleastsquares/main.py:205: UserWarning: No transit were fit. Try smaller \"transit_depth_min\"\n"}
,{"stream_name":"stderr","time":13494.116193906,"data":"  warnings.warn('No transit were fit. Try smaller \"transit_depth_min\"')\n"}
,{"stream_name":"stdout","time":13503.159251931,"data":"Transit Least Squares TLS 1.32 (5 Apr 2024)\n"}
,{"stream_name":"stdout","time":13503.160919818,"data":"Creating model cache for 38 durations\n"}
,{"stream_name":"stdout","time":13503.172416942,"data":"Searching 3730 data points, 1286 periods from 1.021 to 13.423 days\n"}
,{"stream_name":"stdout","time":13503.17280468,"data":"Using 1 of 4 CPU threads\n"}
,{"stream_name":"stdout","time":13509.436136935,"data":"Searching for best T0 for period 0.68667 days\n"}
,{"stream_name":"stderr","time":13512.392208008,"data":"/usr/local/lib/python3.13/dist-packages/transitleastsquares/main.py:411: UserWarning: 186 of 311 transits without data. The true period may be twice the given period.\n"}
,{"stream_name":"stderr","time":13512.39225237,"data":"  warnings.warn(text)\n"}
,{"stream_name":"stdout","time":13517.413919733,"data":"Searching for best T0 for period 5.09560 days\n"}
,{"stream_name":"stdout","time":13525.23000721,"data":"Transit Least Squares TLS 1.32 (5 Apr 2024)\n"}
,{"stream_name":"stdout","time":13525.243219225,"data":"Creating model cache for 43 durations\n"}
,{"stream_name":"stdout","time":13525.268493636,"data":"Searching 13064 data points, 32971 periods from 0.5 to 29.995 days\n"}
,{"stream_name":"stdout","time":13525.268683775,"data":"Using 1 of 4 CPU threads\n"}
,{"stream_name":"stdout","time":13527.308948955,"data":"Transit Least Squares TLS 1.32 (5 Apr 2024)\n"}
,{"stream_name":"stdout","time":13527.322020973,"data":"Creating model cache for 43 durations\n"}
,{"stream_name":"stdout","time":13527.344828782,"data":"Searching 12581 data points, 32722 periods from 0.5 to 29.995 days\n"}
,{"stream_name":"stdout","time":13527.345150137,"data":"Using 1 of 4 CPU threads\n"}
,{"stream_name":"stdout","time":13693.179970617,"data":"Searching for best T0 for period 6.76525 days\n"}
,{"stream_name":"stdout","time":13721.440358893,"data":"Transit Least Squares TLS 1.32 (5 Apr 2024)\n"}
,{"stream_name":"stdout","time":13721.446651327,"data":"Creating model cache for 43 durations\n"}
,{"stream_name":"stdout","time":13721.465805831,"data":"Searching 21203 data points, 15603 periods from 0.721 to 29.993 days\n"}
,{"stream_name":"stdout","time":13721.466006525,"data":"Using 1 of 4 CPU threads\n"}
,{"stream_name":"stdout","time":14146.112706976,"data":"Searching for best T0 for period 4.05761 days\n"}
,{"stream_name":"stdout","time":14165.38606256,"data":"Transit Least Squares TLS 1.32 (5 Apr 2024)\n"}
,{"stream_name":"stdout","time":14165.3878923,"data":"Creating model cache for 38 durations\n"}
,{"stream_name":"stdout","time":14165.398194126,"data":"Searching 2471 data points, 1897 periods from 0.721 to 13.02 days\n"}
,{"stream_name":"stdout","time":14165.398546431,"data":"Using 1 of 4 CPU threads\n"}
,{"stream_name":"stdout","time":14176.559930789,"data":"Searching for best T0 for period 6.01287 days\n"}
,{"stream_name":"stdout","time":14182.620077195,"data":"Transit Least Squares TLS 1.32 (5 Apr 2024)\n"}
,{"stream_name":"stdout","time":14182.627228954,"data":"Creating model cache for 43 durations\n"}
,{"stream_name":"stdout","time":14182.646059779,"data":"Searching 13869 data points, 16806 periods from 0.764 to 29.99 days\n"}
,{"stream_name":"stdout","time":14182.646505901,"data":"Using 1 of 4 CPU threads\n"}
,{"stream_name":"stdout","time":14281.93266619,"data":"Searching for best T0 for period 27.32052 days\n"}
,{"stream_name":"stderr","time":14288.18915003,"data":"/usr/local/lib/python3.13/dist-packages/transitleastsquares/main.py:411: UserWarning: 5 of 8 transits without data. The true period may be twice the given period.\n"}
,{"stream_name":"stderr","time":14288.1891943,"data":"  warnings.warn(text)\n"}
,{"stream_name":"stdout","time":14297.544072692,"data":"Transit Least Squares TLS 1.32 (5 Apr 2024)\n"}
,{"stream_name":"stdout","time":14297.556787329,"data":"Creating model cache for 43 durations\n"}
,{"stream_name":"stdout","time":14297.578557528,"data":"Searching 12581 data points, 32722 periods from 0.5 to 29.995 days\n"}
,{"stream_name":"stdout","time":14297.578709759,"data":"Using 1 of 4 CPU threads\n"}
,{"stream_name":"stdout","time":14572.708746867,"data":"Searching for best T0 for period 1.56199 days\n"}
,{"stream_name":"stderr","time":14576.936571656,"data":"/usr/local/lib/python3.13/dist-packages/transitleastsquares/main.py:411: UserWarning: 108 of 208 transits without data. The true period may be twice the given period.\n"}
,{"stream_name":"stderr","time":14576.936615203,"data":"  warnings.warn(text)\n"}
,{"stream_name":"stdout","time":14598.985303252,"data":"Transit Least Squares TLS 1.32 (5 Apr 2024)\n"}
,{"stream_name":"stdout","time":14598.991935581,"data":"Creating model cache for 43 durations\n"}
,{"stream_name":"stdout","time":14599.011172869,"data":"Searching 21664 data points, 15891 periods from 1.148 to 29.996 days\n"}
,{"stream_name":"stdout","time":14599.011282075,"data":"Using 1 of 4 CPU threads\n"}
,{"stream_name":"stdout","time":14688.212292744,"data":"Searching for best T0 for period 22.00125 days\n"}
,{"stream_name":"stderr","time":14692.678064525,"data":"/usr/local/lib/python3.13/dist-packages/transitleastsquares/main.py:411: UserWarning: 5 of 10 transits without data. The true period may be twice the given period.\n"}
,{"stream_name":"stderr","time":14692.678108764,"data":"  warnings.warn(text)\n"}
,{"stream_name":"stdout","time":14700.579840895,"data":"Transit Least Squares TLS 1.32 (5 Apr 2024)\n"}
,{"stream_name":"stdout","time":14700.581921662,"data":"Creating model cache for 43 durations\n"}
,{"stream_name":"stdout","time":14700.595183472,"data":"Searching 7129 data points, 4175 periods from 0.764 to 27.025 days\n"}
,{"stream_name":"stdout","time":14700.595365174,"data":"Using 1 of 4 CPU threads\n"}
,{"stream_name":"stdout","time":14703.707860353,"data":"Searching for best T0 for period 6.10086 days\n"}
,{"stream_name":"stderr","time":14707.472711503,"data":"/usr/local/lib/python3.13/dist-packages/transitleastsquares/main.py:411: UserWarning: 25 of 40 transits without data. The true period may be twice the given period.\n"}
,{"stream_name":"stderr","time":14707.472773709,"data":"  warnings.warn(text)\n"}
,{"stream_name":"stdout","time":14718.6639188,"data":"Transit Least Squares TLS 1.32 (5 Apr 2024)\n"}
,{"stream_name":"stdout","time":14718.677154165,"data":"Creating model cache for 43 durations\n"}
,{"stream_name":"stdout","time":14718.700672768,"data":"Searching 13064 data points, 32971 periods from 0.5 to 29.995 days\n"}
,{"stream_name":"stdout","time":14718.700924975,"data":"Using 1 of 4 CPU threads\n"}
,{"stream_name":"stdout","time":14782.104970802,"data":"Searching for best T0 for period 4.07375 days\n"}
,{"stream_name":"stdout","time":14789.135820031,"data":"Transit Least Squares TLS 1.32 (5 Apr 2024)\n"}
,{"stream_name":"stdout","time":14789.137094737,"data":"Creating model cache for 38 durations\n"}
,{"stream_name":"stdout","time":14789.148796806,"data":"Searching 3578 data points, 1836 periods from 0.763 to 13.423 days\n"}
,{"stream_name":"stdout","time":14789.149094536,"data":"Using 1 of 4 CPU threads\n"}
,{"stream_name":"stdout","time":14803.789369095,"data":"Searching for best T0 for period 8.53114 days\n"}
,{"stream_name":"stdout","time":14814.848448403,"data":"Transit Least Squares TLS 1.32 (5 Apr 2024)\n"}
,{"stream_name":"stdout","time":14814.861809804,"data":"Creating model cache for 43 durations\n"}
,{"stream_name":"stdout","time":14814.88818523,"data":"Searching 26519 data points, 34455 periods from 0.5 to 29.996 days\n"}
,{"stream_name":"stdout","time":14814.888357381,"data":"Using 1 of 4 CPU threads\n"}
,{"stream_name":"stdout","time":15051.505862052,"data":"Searching for best T0 for period 27.32052 days\n"}
,{"stream_name":"stdout","time":15066.069218027,"data":"Transit Least Squares TLS 1.32 (5 Apr 2024)\n"}
,{"stream_name":"stdout","time":15066.072421847,"data":"Creating model cache for 43 durations\n"}
,{"stream_name":"stdout","time":15066.087265015,"data":"Searching 9737 data points, 6484 periods from 0.726 to 29.998 days\n"}
,{"stream_name":"stdout","time":15066.08738007,"data":"Using 1 of 4 CPU threads\n"}
,{"stream_name":"stdout","time":15176.169978396,"data":"Searching for best T0 for period 14.33984 days\n"}
,{"stream_name":"stdout","time":15191.985591888,"data":"Transit Least Squares TLS 1.32 (5 Apr 2024)\n"}
,{"stream_name":"stdout","time":15191.991218291,"data":"Creating model cache for 43 durations\n"}
,{"stream_name":"stdout","time":15192.010339001,"data":"Searching 28702 data points, 13111 periods from 1.162 to 29.99 days\n"}
,{"stream_name":"stdout","time":15192.010480118,"data":"Using 1 of 4 CPU threads\n"}
,{"stream_name":"stdout","time":15204.650446694,"data":"Searching for best T0 for period 1.84348 days\n"}
,{"stream_name":"stderr","time":15208.417314729,"data":"/usr/local/lib/python3.13/dist-packages/transitleastsquares/main.py:411: UserWarning: 95 of 176 transits without data. The true period may be twice the given period.\n"}
,{"stream_name":"stderr","time":15208.417377584,"data":"  warnings.warn(text)\n"}
,{"stream_name":"stdout","time":15231.047046349,"data":"Transit Least Squares TLS 1.32 (5 Apr 2024)\n"}
,{"stream_name":"stdout","time":15231.052846912,"data":"Creating model cache for 43 durations\n"}
,{"stream_name":"stdout","time":15231.070916245,"data":"Searching 15052 data points, 13218 periods from 1.148 to 29.997 days\n"}
,{"stream_name":"stdout","time":15231.070975525,"data":"Using 1 of 4 CPU threads\n"}
,{"stream_name":"stdout","time":15488.415247541,"data":"Searching for best T0 for period 16.04190 days\n"}
,{"stream_name":"stderr","time":15495.82531699,"data":"/usr/local/lib/python3.13/dist-packages/transitleastsquares/main.py:411: UserWarning: 10 of 15 transits without data. The true period may be twice the given period.\n"}
,{"stream_name":"stderr","time":15495.825363611,"data":"  warnings.warn(text)\n"}
,{"stream_name":"stdout","time":15505.038839082,"data":"Transit Least Squares TLS 1.32 (5 Apr 2024)\n"}
,{"stream_name":"stdout","time":15505.05178819,"data":"Creating model cache for 43 durations\n"}
,{"stream_name":"stdout","time":15505.073603224,"data":"Searching 13523 data points, 24861 periods from 0.541 to 29.993 days\n"}
,{"stream_name":"stdout","time":15505.073800621,"data":"Using 1 of 4 CPU threads\n"}
,{"stream_name":"stdout","time":15589.375159886,"data":"Searching for best T0 for period 1.43797 days\n"}
,{"stream_name":"stderr","time":15591.900429913,"data":"/usr/local/lib/python3.13/dist-packages/transitleastsquares/main.py:411: UserWarning: 117 of 187 transits without data. The true period may be twice the given period.\n"}
,{"stream_name":"stderr","time":15591.900493635,"data":"  warnings.warn(text)\n"}
,{"stream_name":"stdout","time":15607.375003876,"data":"Transit Least Squares TLS 1.32 (5 Apr 2024)\n"}
,{"stream_name":"stdout","time":15607.375891977,"data":"Creating model cache for 38 durations\n"}
,{"stream_name":"stdout","time":15607.386753136,"data":"Searching 3756 data points, 1111 periods from 1.192 to 13.937 days\n"}
,{"stream_name":"stdout","time":15607.390088792,"data":"Using 1 of 4 CPU threads\n"}
,{"stream_name":"stdout","time":15623.024092535,"data":"Searching for best T0 for period 1.56929 days\n"}
,{"stream_name":"stdout","time":15633.824854794,"data":"Transit Least Squares TLS 1.32 (5 Apr 2024)\n"}
,{"stream_name":"stdout","time":15633.828664833,"data":"Creating model cache for 43 durations\n"}
,{"stream_name":"stdout","time":15633.846180069,"data":"Searching 25718 data points, 11403 periods from 1.192 to 29.993 days\n"}
,{"stream_name":"stdout","time":15633.846565531,"data":"Using 1 of 4 CPU threads\n"}
,{"stream_name":"stdout","time":16218.901454343,"data":"Searching for best T0 for period 8.09328 days\n"}
,{"stream_name":"stdout","time":16242.080109053,"data":"Transit Least Squares TLS 1.32 (5 Apr 2024)\n"}
,{"stream_name":"stdout","time":16242.082117606,"data":"Creating model cache for 43 durations\n"}
,{"stream_name":"stdout","time":16242.095913691,"data":"Searching 9268 data points, 3821 periods from 1.162 to 29.957 days\n"}
,{"stream_name":"stdout","time":16242.096105415,"data":"Using 1 of 4 CPU threads\n"}
,{"stream_name":"stdout","time":16312.311642302,"data":"Searching for best T0 for period 1.26873 days\n"}
,{"stream_name":"stdout","time":16323.432725706,"data":"Transit Least Squares TLS 1.32 (5 Apr 2024)\n"}
,{"stream_name":"stdout","time":16323.43408107,"data":"Creating model cache for 43 durations\n"}
,{"stream_name":"stdout","time":16323.448359156,"data":"Searching 6217 data points, 2564 periods from 1.162 to 27.024 days\n"}
,{"stream_name":"stdout","time":16323.448491554,"data":"Using 1 of 4 CPU threads\n"}
,{"stream_name":"stdout","time":16351.572563183,"data":"Searching for best T0 for period 2.15651 days\n"}
,{"stream_name":"stdout","time":16366.180907979,"data":"Transit Least Squares TLS 1.32 (5 Apr 2024)\n"}
,{"stream_name":"stdout","time":16366.186680464,"data":"Creating model cache for 43 durations\n"}
,{"stream_name":"stdout","time":16366.205458433,"data":"Searching 28702 data points, 13111 periods from 1.162 to 29.99 days\n"}
,{"stream_name":"stdout","time":16366.205811512,"data":"Using 1 of 4 CPU threads\n"}
,{"stream_name":"stdout","time":16436.706286378,"data":"Searching for best T0 for period 16.99768 days\n"}
,{"stream_name":"stderr","time":16451.028948471,"data":"/usr/local/lib/python3.13/dist-packages/transitleastsquares/main.py:411: UserWarning: 7 of 16 transits without data. The true period may be twice the given period.\n"}
,{"stream_name":"stderr","time":16451.028994669,"data":"  warnings.warn(text)\n"}
,{"stream_name":"stdout","time":16468.902894831,"data":"Transit Least Squares TLS 1.32 (5 Apr 2024)\n"}
,{"stream_name":"stdout","time":16468.911987808,"data":"Creating model cache for 43 durations\n"}
,{"stream_name":"stdout","time":16468.932968547,"data":"Searching 20510 data points, 23453 periods from 0.5 to 29.996 days\n"}
,{"stream_name":"stdout","time":16468.934924393,"data":"Using 1 of 4 CPU threads\n"}
,{"stream_name":"stdout","time":16509.753544676,"data":"Searching for best T0 for period 1.16861 days\n"}
,{"stream_name":"stderr","time":16512.585718023,"data":"/usr/local/lib/python3.13/dist-packages/transitleastsquares/main.py:411: UserWarning: 104 of 184 transits without data. The true period may be twice the given period.\n"}
,{"stream_name":"stderr","time":16512.585778138,"data":"  warnings.warn(text)\n"}
,{"stream_name":"stdout","time":16528.680067895,"data":"Transit Least Squares TLS 1.32 (5 Apr 2024)\n"}
,{"stream_name":"stdout","time":16528.689884544,"data":"Creating model cache for 43 durations\n"}
,{"stream_name":"stdout","time":16528.709046465,"data":"Searching 25211 data points, 19596 periods from 0.745 to 30.0 days\n"}
,{"stream_name":"stdout","time":16528.709424949,"data":"Using 1 of 4 CPU threads\n"}
,{"stream_name":"stdout","time":16551.524299899,"data":"Searching for best T0 for period 1.50618 days\n"}
,{"stream_name":"stdout","time":16587.317706502,"data":"Transit Least Squares TLS 1.32 (5 Apr 2024)\n"}
,{"stream_name":"stdout","time":16587.322479141,"data":"Creating model cache for 43 durations\n"}
,{"stream_name":"stdout","time":16587.340629895,"data":"Searching 25718 data points, 11403 periods from 1.192 to 29.993 days\n"}
,{"stream_name":"stdout","time":16587.34084427,"data":"Using 1 of 4 CPU threads\n"}
,{"stream_name":"stdout","time":17130.058444954,"data":"Searching for best T0 for period 18.53968 days\n"}
,{"stream_name":"stdout","time":17155.499034517,"data":"Transit Least Squares TLS 1.32 (5 Apr 2024)\n"}
,{"stream_name":"stdout","time":17155.504833146,"data":"Creating model cache for 43 durations\n"}
,{"stream_name":"stdout","time":17155.523843061,"data":"Searching 19434 data points, 13276 periods from 0.745 to 29.995 days\n"}
,{"stream_name":"stdout","time":17155.524173147,"data":"Using 1 of 4 CPU threads\n"}
,{"stream_name":"stdout","time":17299.472472822,"data":"Searching for best T0 for period 25.57725 days\n"}
,{"stream_name":"stderr","time":17316.061815068,"data":"/usr/local/lib/python3.13/dist-packages/transitleastsquares/main.py:411: UserWarning: 4 of 8 transits without data. The true period may be twice the given period.\n"}
,{"stream_name":"stderr","time":17316.061885006,"data":"  warnings.warn(text)\n"}
,{"stream_name":"stdout","time":17329.915262255,"data":"Transit Least Squares TLS 1.32 (5 Apr 2024)\n"}
,{"stream_name":"stdout","time":17329.929444672,"data":"Creating model cache for 43 durations\n"}
,{"stream_name":"stdout","time":17329.955342193,"data":"Searching 16713 data points, 36368 periods from 0.5 to 29.996 days\n"}
,{"stream_name":"stdout","time":17329.955432556,"data":"Using 1 of 4 CPU threads\n"}
,{"stream_name":"stdout","time":17420.206382552,"data":"Searching for best T0 for period 2.21917 days\n"}
,{"stream_name":"stdout","time":17450.560467836,"data":"Transit Least Squares TLS 1.32 (5 Apr 2024)\n"}
,{"stream_name":"stdout","time":17450.565721487,"data":"Creating model cache for 43 durations\n"}
,{"stream_name":"stdout","time":17450.584937072,"data":"Searching 28759 data points, 12679 periods from 1.192 to 29.998 days\n"}
,{"stream_name":"stdout","time":17450.585105293,"data":"Using 1 of 4 CPU threads\n"}
,{"stream_name":"stdout","time":17492.805232658,"data":"Searching for best T0 for period 7.33098 days\n"}
,{"stream_name":"stdout","time":17509.968312516,"data":"Transit Least Squares TLS 1.32 (5 Apr 2024)\n"}
,{"stream_name":"stdout","time":17509.975124894,"data":"Creating model cache for 43 durations\n"}
,{"stream_name":"stdout","time":17509.993182397,"data":"Searching 7374 data points, 17284 periods from 0.664 to 29.993 days\n"}
,{"stream_name":"stdout","time":17509.9934171,"data":"Using 1 of 4 CPU threads\n"}
,{"stream_name":"stdout","time":17543.438150593,"data":"Searching for best T0 for period 1.45048 days\n"}
,{"stream_name":"stdout","time":17572.237487304,"data":"Transit Least Squares TLS 1.32 (5 Apr 2024)\n"}
,{"stream_name":"stdout","time":17572.238701036,"data":"Creating model cache for 37 durations\n"}
,{"stream_name":"stdout","time":17572.250750029,"data":"Searching 2825 data points, 1515 periods from 0.792 to 11.895 days\n"}
,{"stream_name":"stdout","time":17572.250972499,"data":"Using 1 of 4 CPU threads\n"}
,{"stream_name":"stdout","time":17583.854632972,"data":"Searching for best T0 for period 6.94030 days\n"}
,{"stream_name":"stdout","time":17590.752398892,"data":"Transit Least Squares TLS 1.32 (5 Apr 2024)\n"}
,{"stream_name":"stdout","time":17590.763775282,"data":"Creating model cache for 43 durations\n"}
,{"stream_name":"stdout","time":17590.785788723,"data":"Searching 14050 data points, 26768 periods from 0.784 to 29.992 days\n"}
,{"stream_name":"stdout","time":17590.786249824,"data":"Using 1 of 4 CPU threads\n"}
,{"stream_name":"stdout","time":17835.333941416,"data":"Searching for best T0 for period 2.92048 days\n"}
,{"stream_name":"stderr","time":17836.698510317,"data":"/usr/local/lib/python3.13/dist-packages/transitleastsquares/main.py:411: UserWarning: 47 of 65 transits without data. The true period may be twice the given period.\n"}
,{"stream_name":"stderr","time":17836.69855395,"data":"  warnings.warn(text)\n"}
,{"stream_name":"stdout","time":17844.229807871,"data":"Transit Least Squares TLS 1.32 (5 Apr 2024)\n"}
,{"stream_name":"stdout","time":17844.23704123,"data":"Creating model cache for 43 durations\n"}
,{"stream_name":"stdout","time":17844.253792452,"data":"Searching 7374 data points, 17284 periods from 0.664 to 29.993 days\n"}
,{"stream_name":"stdout","time":17844.254143261,"data":"Using 1 of 4 CPU threads\n"}
,{"stream_name":"stdout","time":18127.991337947,"data":"Searching for best T0 for period 8.12424 days\n"}
,{"stream_name":"stderr","time":18130.671165022,"data":"/usr/local/lib/python3.13/dist-packages/transitleastsquares/main.py:411: UserWarning: 16 of 23 transits without data. The true period may be twice the given period.\n"}
,{"stream_name":"stderr","time":18130.671207372,"data":"  warnings.warn(text)\n"}
,{"stream_name":"stdout","time":18136.896882183,"data":"Transit Least Squares TLS 1.32 (5 Apr 2024)\n"}
,{"stream_name":"stdout","time":18136.906501942,"data":"Creating model cache for 43 durations\n"}
,{"stream_name":"stdout","time":18136.926671646,"data":"Searching 7374 data points, 17284 periods from 0.664 to 29.993 days\n"}
,{"stream_name":"stdout","time":18136.926979399,"data":"Using 1 of 4 CPU threads\n"}
,{"stream_name":"stdout","time":18420.398864122,"data":"Searching for best T0 for period 6.12237 days\n"}
,{"stream_name":"stderr","time":18422.48487477,"data":"/usr/local/lib/python3.13/dist-packages/transitleastsquares/main.py:411: UserWarning: 22 of 30 transits without data. The true period may be twice the given period.\n"}
,{"stream_name":"stderr","time":18422.484919278,"data":"  warnings.warn(text)\n"}
,{"stream_name":"stdout","time":18429.860050591,"data":"Transit Least Squares TLS 1.32 (5 Apr 2024)\n"}
,{"stream_name":"stdout","time":18429.863136034,"data":"Creating model cache for 43 durations\n"}
,{"stream_name":"stdout","time":18429.877877296,"data":"Searching 6817 data points, 4727 periods from 0.709 to 27.961 days\n"}
,{"stream_name":"stdout","time":18429.878305633,"data":"Using 1 of 4 CPU threads\n"}
,{"stream_name":"stdout","time":18500.408510176,"data":"Searching for best T0 for period 2.62547 days\n"}
,{"stream_name":"stdout","time":18509.543226389,"data":"Transit Least Squares TLS 1.32 (5 Apr 2024)\n"}
,{"stream_name":"stdout","time":18509.545505693,"data":"Creating model cache for 43 durations\n"}
,{"stream_name":"stdout","time":18509.560912543,"data":"Searching 6817 data points, 4727 periods from 0.709 to 27.961 days\n"}
,{"stream_name":"stdout","time":18509.560948324,"data":"Using 1 of 4 CPU threads\n"}
,{"stream_name":"stdout","time":18588.43061635,"data":"Searching for best T0 for period 1.28671 days\n"}
,{"stream_name":"stdout","time":18591.170607952,"data":"Searching for best T0 for period 16.99175 days\n"}
,{"stream_name":"stdout","time":18598.731690265,"data":"Transit Least Squares TLS 1.32 (5 Apr 2024)\n"}
,{"stream_name":"stdout","time":18598.734329257,"data":"Creating model cache for 43 durations\n"}
,{"stream_name":"stdout","time":18598.748533605,"data":"Searching 6817 data points, 4727 periods from 0.709 to 27.961 days\n"}
,{"stream_name":"stdout","time":18598.749886338,"data":"Using 1 of 4 CPU threads\n"}
,{"stream_name":"stdout","time":18618.339155842,"data":"Transit Least Squares TLS 1.32 (5 Apr 2024)\n"}
,{"stream_name":"stdout","time":18618.342150777,"data":"Creating model cache for 43 durations\n"}
,{"stream_name":"stdout","time":18618.35703729,"data":"Searching 9075 data points, 6517 periods from 0.706 to 29.974 days\n"}
,{"stream_name":"stdout","time":18618.357155424,"data":"Using 1 of 4 CPU threads\n"}
,{"stream_name":"stdout","time":18618.700073494,"data":"Searching for best T0 for period 0.79364 days\n"}
,{"stream_name":"stderr","time":18620.709322407,"data":"/usr/local/lib/python3.13/dist-packages/transitleastsquares/stats.py:458: RuntimeWarning: divide by zero encountered in scalar divide\n"}
,{"stream_name":"stderr","time":18620.70936603,"data":"  snr_pink_per_transit[i] = (1 - mean_flux) / pinknoise\n"}
,{"stream_name":"stderr","time":18622.542091033,"data":"/usr/local/lib/python3.13/dist-packages/transitleastsquares/main.py:411: UserWarning: 197 of 345 transits without data. The true period may be twice the given period.\n"}
,{"stream_name":"stderr","time":18622.542136151,"data":"  warnings.warn(text)\n"}
,{"stream_name":"stdout","time":18640.983849957,"data":"Transit Least Squares TLS 1.32 (5 Apr 2024)\n"}
,{"stream_name":"stdout","time":18640.997215898,"data":"Creating model cache for 43 durations\n"}
,{"stream_name":"stdout","time":18641.02008476,"data":"Searching 13969 data points, 32604 periods from 0.5 to 29.995 days\n"}
,{"stream_name":"stdout","time":18641.02047426,"data":"Using 1 of 4 CPU threads\n"}
,{"stream_name":"stdout","time":18668.926967263,"data":"Searching for best T0 for period 12.08706 days\n"}
,{"stream_name":"stdout","time":18677.125899735,"data":"Transit Least Squares TLS 1.32 (5 Apr 2024)\n"}
,{"stream_name":"stdout","time":18677.128210474,"data":"Creating model cache for 43 durations\n"}
,{"stream_name":"stdout","time":18677.141916989,"data":"Searching 6817 data points, 4727 periods from 0.709 to 27.961 days\n"}
,{"stream_name":"stdout","time":18677.141954853,"data":"Using 1 of 4 CPU threads\n"}
,{"stream_name":"stdout","time":18711.809054501,"data":"Searching for best T0 for period 1.18976 days\n"}
,{"stream_name":"stderr","time":18714.992439445,"data":"/usr/local/lib/python3.13/dist-packages/transitleastsquares/main.py:411: UserWarning: 212 of 296 transits without data. The true period may be twice the given period.\n"}
,{"stream_name":"stderr","time":18714.992502968,"data":"  warnings.warn(text)\n"}
,{"stream_name":"stdout","time":18731.127956814,"data":"Transit Least Squares TLS 1.32 (5 Apr 2024)\n"}
,{"stream_name":"stdout","time":18731.138937914,"data":"Creating model cache for 43 durations\n"}
,{"stream_name":"stdout","time":18731.160900845,"data":"Searching 14050 data points, 26768 periods from 0.784 to 29.992 days\n"}
,{"stream_name":"stdout","time":18731.161257164,"data":"Using 1 of 4 CPU threads\n"}
,{"stream_name":"stdout","time":18756.645356254,"data":"Searching for best T0 for period 20.56382 days\n"}
,{"stream_name":"stdout","time":18764.478547917,"data":"Transit Least Squares TLS 1.32 (5 Apr 2024)\n"}
,{"stream_name":"stdout","time":18764.481237422,"data":"Creating model cache for 43 durations\n"}
,{"stream_name":"stdout","time":18764.499282312,"data":"Searching 8263 data points, 5567 periods from 0.839 to 29.989 days\n"}
,{"stream_name":"stdout","time":18764.499558643,"data":"Using 1 of 4 CPU threads\n"}
,{"stream_name":"stdout","time":18812.892964584,"data":"Searching for best T0 for period 1.06276 days\n"}
,{"stream_name":"stdout","time":18825.454184198,"data":"Transit Least Squares TLS 1.32 (5 Apr 2024)\n"}
,{"stream_name":"stdout","time":18825.462248782,"data":"Creating model cache for 43 durations\n"}
,{"stream_name":"stdout","time":18825.482598327,"data":"Searching 19303 data points, 18425 periods from 0.706 to 29.99 days\n"}
,{"stream_name":"stdout","time":18825.482952965,"data":"Using 1 of 4 CPU threads\n"}
,{"stream_name":"stdout","time":18911.025103588,"data":"Searching for best T0 for period 1.83039 days\n"}
,{"stream_name":"stdout","time":18925.327385801,"data":"Transit Least Squares TLS 1.32 (5 Apr 2024)\n"}
,{"stream_name":"stdout","time":18925.335070628,"data":"Creating model cache for 43 durations\n"}
,{"stream_name":"stdout","time":18925.358537024,"data":"Searching 24441 data points, 17105 periods from 0.84 to 29.996 days\n"}
,{"stream_name":"stdout","time":18925.358725584,"data":"Using 1 of 4 CPU threads\n"}
,{"stream_name":"stdout","time":19287.995814849,"data":"Searching for best T0 for period 17.37641 days\n"}
,{"stream_name":"stderr","time":19293.051580443,"data":"/usr/local/lib/python3.13/dist-packages/transitleastsquares/main.py:411: UserWarning: 15 of 20 transits without data. The true period may be twice the given period.\n"}
,{"stream_name":"stderr","time":19293.051630776,"data":"  warnings.warn(text)\n"}
,{"stream_name":"stdout","time":19303.759035916,"data":"Transit Least Squares TLS 1.32 (5 Apr 2024)\n"}
,{"stream_name":"stdout","time":19303.76937737,"data":"Creating model cache for 43 durations\n"}
,{"stream_name":"stdout","time":19303.791165568,"data":"Searching 14050 data points, 26768 periods from 0.784 to 29.992 days\n"}
,{"stream_name":"stdout","time":19303.7915718,"data":"Using 1 of 4 CPU threads\n"}
,{"stream_name":"stdout","time":19507.878236154,"data":"Searching for best T0 for period 1.08032 days\n"}
,{"stream_name":"stderr","time":19519.152638825,"data":"/usr/local/lib/python3.13/dist-packages/transitleastsquares/main.py:411: UserWarning: 182 of 227 transits without data. The true period may be twice the given period.\n"}
,{"stream_name":"stderr","time":19519.152711967,"data":"  warnings.warn(text)\n"}
,{"stream_name":"stdout","time":19530.335693057,"data":"Transit Least Squares TLS 1.32 (5 Apr 2024)\n"}
,{"stream_name":"stdout","time":19530.348896342,"data":"Creating model cache for 43 durations\n"}
,{"stream_name":"stdout","time":19530.368815407,"data":"Searching 10986 data points, 28744 periods from 0.5 to 29.998 days\n"}
,{"stream_name":"stdout","time":19530.369223869,"data":"Using 1 of 4 CPU threads\n"}
,{"stream_name":"stdout","time":19603.152639868,"data":"Searching for best T0 for period 29.15518 days\n"}
,{"stream_name":"stdout","time":19621.031037131,"data":"Transit Least Squares TLS 1.32 (5 Apr 2024)\n"}
,{"stream_name":"stdout","time":19621.036847526,"data":"Creating model cache for 43 durations\n"}
,{"stream_name":"stdout","time":19621.05479696,"data":"Searching 15942 data points, 13485 periods from 0.707 to 29.985 days\n"}
,{"stream_name":"stdout","time":19621.055081485,"data":"Using 1 of 4 CPU threads\n"}
,{"stream_name":"stdout","time":19858.759659769,"data":"Searching for best T0 for period 5.45041 days\n"}
,{"stream_name":"stdout","time":19881.02908048,"data":"Transit Least Squares TLS 1.32 (5 Apr 2024)\n"}
,{"stream_name":"stdout","time":19881.031825817,"data":"Creating model cache for 43 durations\n"}
,{"stream_name":"stdout","time":19881.045584188,"data":"Searching 8263 data points, 5567 periods from 0.839 to 29.989 days\n"}
,{"stream_name":"stdout","time":19881.045621669,"data":"Using 1 of 4 CPU threads\n"}
,{"stream_name":"stdout","time":19883.421925087,"data":"Searching for best T0 for period 1.15225 days\n"}
,{"stream_name":"stdout","time":19903.671195207,"data":"Transit Least Squares TLS 1.32 (5 Apr 2024)\n"}
,{"stream_name":"stdout","time":19903.678474936,"data":"Creating model cache for 43 durations\n"}
,{"stream_name":"stdout","time":19903.697829803,"data":"Searching 19303 data points, 18425 periods from 0.706 to 29.99 days\n"}
,{"stream_name":"stdout","time":19903.698009554,"data":"Using 1 of 4 CPU threads\n"}
,{"stream_name":"stdout","time":20033.970885225,"data":"Searching for best T0 for period 1.72669 days\n"}
,{"stream_name":"stdout","time":20047.730202999,"data":"Transit Least Squares TLS 1.32 (5 Apr 2024)\n"}
,{"stream_name":"stdout","time":20047.73641635,"data":"Creating model cache for 43 durations\n"}
,{"stream_name":"stdout","time":20047.754850937,"data":"Searching 21625 data points, 14951 periods from 0.935 to 29.999 days\n"}
,{"stream_name":"stdout","time":20047.755148804,"data":"Using 1 of 4 CPU threads\n"}
,{"stream_name":"stdout","time":20174.892675209,"data":"Searching for best T0 for period 2.17488 days\n"}
,{"stream_name":"stderr","time":20181.803749386,"data":"/usr/local/lib/python3.13/dist-packages/transitleastsquares/main.py:411: UserWarning: 65 of 99 transits without data. The true period may be twice the given period.\n"}
,{"stream_name":"stderr","time":20181.8038141,"data":"  warnings.warn(text)\n"}
,{"stream_name":"stdout","time":20188.940274443,"data":"Transit Least Squares TLS 1.32 (5 Apr 2024)\n"}
,{"stream_name":"stdout","time":20188.942669971,"data":"Creating model cache for 38 durations\n"}
,{"stream_name":"stdout","time":20188.954234919,"data":"Searching 3926 data points, 3379 periods from 0.5 to 14.097 days\n"}
,{"stream_name":"stdout","time":20188.954682269,"data":"Using 1 of 4 CPU threads\n"}
,{"stream_name":"stdout","time":20222.906012472,"data":"Searching for best T0 for period 1.99770 days\n"}
,{"stream_name":"stdout","time":20229.761388593,"data":"Transit Least Squares TLS 1.32 (5 Apr 2024)\n"}
,{"stream_name":"stdout","time":20229.766480844,"data":"Creating model cache for 43 durations\n"}
,{"stream_name":"stdout","time":20229.782603137,"data":"Searching 10092 data points, 11011 periods from 0.5 to 29.991 days\n"}
,{"stream_name":"stdout","time":20229.782814127,"data":"Using 1 of 4 CPU threads\n"}
,{"stream_name":"stdout","time":20471.444712315,"data":"Searching for best T0 for period 1.03185 days\n"}
,{"stream_name":"stderr","time":20474.986452068,"data":"/usr/local/lib/python3.13/dist-packages/transitleastsquares/main.py:411: UserWarning: 246 of 341 transits without data. The true period may be twice the given period.\n"}
,{"stream_name":"stderr","time":20474.986493947,"data":"  warnings.warn(text)\n"}
,{"stream_name":"stdout","time":20487.956022775,"data":"Transit Least Squares TLS 1.32 (5 Apr 2024)\n"}
,{"stream_name":"stdout","time":20487.95843941,"data":"Creating model cache for 43 durations\n"}
,{"stream_name":"stdout","time":20487.971744806,"data":"Searching 6351 data points, 4817 periods from 0.656 to 26.329 days\n"}
,{"stream_name":"stdout","time":20487.971964475,"data":"Using 1 of 4 CPU threads\n"}
,{"stream_name":"stdout","time":20539.33663708,"data":"Searching for best T0 for period 1.80129 days\n"}
,{"stream_name":"stdout","time":20550.74219996,"data":"Transit Least Squares TLS 1.32 (5 Apr 2024)\n"}
,{"stream_name":"stdout","time":20550.747317841,"data":"Creating model cache for 43 durations\n"}
,{"stream_name":"stdout","time":20550.763682716,"data":"Searching 10092 data points, 11011 periods from 0.5 to 29.991 days\n"}
,{"stream_name":"stdout","time":20550.764026832,"data":"Using 1 of 4 CPU threads\n"}
,{"stream_name":"stdout","time":20589.542595412,"data":"Searching for best T0 for period 1.24831 days\n"}
,{"stream_name":"stdout","time":20597.612289734,"data":"Transit Least Squares TLS 1.32 (5 Apr 2024)\n"}
,{"stream_name":"stdout","time":20597.615185693,"data":"Creating model cache for 43 durations\n"}
,{"stream_name":"stdout","time":20597.629843942,"data":"Searching 6381 data points, 5189 periods from 0.616 to 26.368 days\n"}
,{"stream_name":"stdout","time":20597.630166595,"data":"Using 1 of 4 CPU threads\n"}
,{"stream_name":"stdout","time":20695.378910392,"data":"Searching for best T0 for period 2.88885 days\n"}
,{"stream_name":"stdout","time":20702.764510981,"data":"Transit Least Squares TLS 1.32 (5 Apr 2024)\n"}
,{"stream_name":"stdout","time":20702.766691917,"data":"Creating model cache for 43 durations\n"}
,{"stream_name":"stdout","time":20702.780393555,"data":"Searching 6381 data points, 5189 periods from 0.616 to 26.368 days\n"}
,{"stream_name":"stdout","time":20702.780575508,"data":"Using 1 of 4 CPU threads\n"}
,{"stream_name":"stdout","time":20795.565048509,"data":"Searching for best T0 for period 7.42156 days\n"}
,{"stream_name":"stdout","time":20802.625270983,"data":"Transit Least Squares TLS 1.32 (5 Apr 2024)\n"}
,{"stream_name":"stdout","time":20802.627882069,"data":"Creating model cache for 43 durations\n"}
,{"stream_name":"stdout","time":20802.642011933,"data":"Searching 6381 data points, 5189 periods from 0.616 to 26.368 days\n"}
,{"stream_name":"stdout","time":20802.642283399,"data":"Using 1 of 4 CPU threads\n"}
,{"stream_name":"stdout","time":20838.721844608,"data":"Searching for best T0 for period 4.48991 days\n"}
,{"stream_name":"stdout","time":20849.614748769,"data":"Transit Least Squares TLS 1.32 (5 Apr 2024)\n"}
,{"stream_name":"stdout","time":20849.619101213,"data":"Creating model cache for 43 durations\n"}
,{"stream_name":"stdout","time":20849.634994147,"data":"Searching 9743 data points, 9441 periods from 0.52 to 29.98 days\n"}
,{"stream_name":"stdout","time":20849.635203048,"data":"Using 1 of 4 CPU threads\n"}
,{"stream_name":"stdout","time":20874.44310829,"data":"Searching for best T0 for period 2.07889 days\n"}
,{"stream_name":"stdout","time":20884.532496873,"data":"Transit Least Squares TLS 1.32 (5 Apr 2024)\n"}
,{"stream_name":"stdout","time":20884.547134566,"data":"Creating model cache for 43 durations\n"}
,{"stream_name":"stdout","time":20884.572447965,"data":"Searching 11823 data points, 38337 periods from 0.53 to 29.997 days\n"}
,{"stream_name":"stdout","time":20884.572566311,"data":"Using 1 of 4 CPU threads\n"}
,{"stream_name":"stdout","time":20969.264084748,"data":"Searching for best T0 for period 0.95303 days\n"}
,{"stream_name":"stdout","time":20969.710866039,"data":"Searching for best T0 for period 3.02447 days\n"}
,{"stream_name":"stderr","time":20973.270309813,"data":"/usr/local/lib/python3.13/dist-packages/transitleastsquares/main.py:411: UserWarning: 83 of 226 transits without data. The true period may be twice the given period.\n"}
,{"stream_name":"stderr","time":20973.270352977,"data":"  warnings.warn(text)\n"}
,{"stream_name":"stderr","time":20973.570894564,"data":"/usr/local/lib/python3.13/dist-packages/transitleastsquares/main.py:411: UserWarning: 29 of 80 transits without data. The true period may be twice the given period.\n"}
,{"stream_name":"stderr","time":20973.570936989,"data":"  warnings.warn(text)\n"}
,{"stream_name":"stdout","time":20995.306868106,"data":"Transit Least Squares TLS 1.32 (5 Apr 2024)\n"}
,{"stream_name":"stdout","time":20995.312102671,"data":"Creating model cache for 43 durations\n"}
,{"stream_name":"stdout","time":20995.332088846,"data":"Searching 18660 data points, 13338 periods from 0.935 to 29.999 days\n"}
,{"stream_name":"stdout","time":20995.332367643,"data":"Using 1 of 4 CPU threadsTransit Least Squares TLS 1.32 (5 Apr 2024)\n"}
,{"stream_name":"stdout","time":20995.33249801,"data":"\n"}
,{"stream_name":"stdout","time":20995.340778666,"data":"Creating model cache for 43 durations\n"}
,{"stream_name":"stdout","time":20995.36217559,"data":"Searching 19303 data points, 18425 periods from 0.706 to 29.99 days\n"}
,{"stream_name":"stdout","time":20995.362525207,"data":"Using 1 of 4 CPU threads\n"}
,{"stream_name":"stdout","time":21095.501958807,"data":"Searching for best T0 for period 0.87667 days\n"}
,{"stream_name":"stdout","time":21108.413109816,"data":"Transit Least Squares TLS 1.32 (5 Apr 2024)\n"}
,{"stream_name":"stdout","time":21108.417947843,"data":"Creating model cache for 43 durations\n"}
,{"stream_name":"stdout","time":21108.433866516,"data":"Searching 9743 data points, 9441 periods from 0.52 to 29.98 days\n"}
,{"stream_name":"stdout","time":21108.434056193,"data":"Using 1 of 4 CPU threads\n"}
,{"stream_name":"stdout","time":21353.738141277,"data":"Searching for best T0 for period 3.75119 days\n"}
,{"stream_name":"stdout","time":21364.423961871,"data":"Transit Least Squares TLS 1.32 (5 Apr 2024)\n"}
,{"stream_name":"stdout","time":21364.43194414,"data":"Creating model cache for 43 durations\n"}
,{"stream_name":"stdout","time":21364.445512996,"data":"Searching 9743 data points, 9441 periods from 0.52 to 29.98 days\n"}
,{"stream_name":"stdout","time":21364.446177413,"data":"Using 1 of 4 CPU threads\n"}
,{"stream_name":"stdout","time":21395.661514696,"data":"Searching for best T0 for period 1.78275 days\n"}
,{"stream_name":"stderr","time":21403.178829131,"data":"/usr/local/lib/python3.13/dist-packages/transitleastsquares/main.py:411: UserWarning: 46 of 121 transits without data. The true period may be twice the given period.\n"}
,{"stream_name":"stderr","time":21403.178917338,"data":"  warnings.warn(text)\n"}
,{"stream_name":"stdout","time":21415.643822495,"data":"Transit Least Squares TLS 1.32 (5 Apr 2024)\n"}
,{"stream_name":"stdout","time":21415.648839553,"data":"Creating model cache for 43 durations\n"}
,{"stream_name":"stdout","time":21415.664355133,"data":"Searching 8968 data points, 10907 periods from 0.587 to 29.983 days\n"}
,{"stream_name":"stdout","time":21415.666896027,"data":"Using 1 of 4 CPU threads\n"}
,{"stream_name":"stdout","time":21508.462538182,"data":"Searching for best T0 for period 21.56783 days\n"}
,{"stream_name":"stdout","time":21533.519532044,"data":"Transit Least Squares TLS 1.32 (5 Apr 2024)\n"}
,{"stream_name":"stdout","time":21533.522096464,"data":"Creating model cache for 43 durations\n"}
,{"stream_name":"stdout","time":21533.539542956,"data":"Searching 9186 data points, 5002 periods from 0.935 to 29.985 days\n"}
,{"stream_name":"stdout","time":21533.539688573,"data":"Using 1 of 4 CPU threads\n"}
,{"stream_name":"stdout","time":21542.346017087,"data":"Searching for best T0 for period 4.21849 days\n"}
,{"stream_name":"stdout","time":21562.77011175,"data":"Transit Least Squares TLS 1.32 (5 Apr 2024)\n"}
,{"stream_name":"stdout","time":21562.780082843,"data":"Creating model cache for 43 durations\n"}
,{"stream_name":"stdout","time":21562.80256146,"data":"Searching 17874 data points, 21535 periods from 0.5 to 29.996 days\n"}
,{"stream_name":"stdout","time":21562.802737625,"data":"Using 1 of 4 CPU threads\n"}
,{"stream_name":"stdout","time":21606.564864663,"data":"Searching for best T0 for period 3.54521 days\n"}
,{"stream_name":"stderr","time":21608.754006962,"data":"/usr/local/lib/python3.13/dist-packages/transitleastsquares/main.py:411: UserWarning: 14 of 29 transits without data. The true period may be twice the given period.\n"}
,{"stream_name":"stderr","time":21608.754050429,"data":"  warnings.warn(text)\n"}
,{"stream_name":"stdout","time":21618.87438379,"data":"Transit Least Squares TLS 1.32 (5 Apr 2024)\n"}
,{"stream_name":"stdout","time":21618.881007288,"data":"Creating model cache for 43 durations\n"}
,{"stream_name":"stdout","time":21618.899660604,"data":"Searching 14944 data points, 16564 periods from 0.587 to 30.0 days\n"}
,{"stream_name":"stdout","time":21618.899826724,"data":"Using 1 of 4 CPU threads\n"}
,{"stream_name":"stdout","time":21641.358384449,"data":"Searching for best T0 for period 1.72289 days\n"}
,{"stream_name":"stdout","time":21651.613699981,"data":"Transit Least Squares TLS 1.32 (5 Apr 2024)\n"}
,{"stream_name":"stdout","time":21651.61687331,"data":"Creating model cache for 37 durations\n"}
,{"stream_name":"stdout","time":21651.627881804,"data":"Searching 3054 data points, 4324 periods from 0.5 to 12.256 days\n"}
,{"stream_name":"stdout","time":21651.628095108,"data":"Using 1 of 4 CPU threads\n"}
,{"stream_name":"stdout","time":21682.782251302,"data":"Searching for best T0 for period 1.58783 days\n"}
,{"stream_name":"stdout","time":21688.765260335,"data":"Transit Least Squares TLS 1.32 (5 Apr 2024)\n"}
,{"stream_name":"stdout","time":21688.772319917,"data":"Creating model cache for 43 durations\n"}
,{"stream_name":"stdout","time":21688.79013907,"data":"Searching 8876 data points, 16368 periods from 0.5 to 29.993 days\n"}
,{"stream_name":"stdout","time":21688.790325236,"data":"Using 1 of 4 CPU threads\n"}
,{"stream_name":"stdout","time":21931.794079318,"data":"Searching for best T0 for period 26.45384 days\n"}
,{"stream_name":"stdout","time":21941.543972609,"data":"Transit Least Squares TLS 1.32 (5 Apr 2024)\n"}
,{"stream_name":"stdout","time":21941.548198716,"data":"Creating model cache for 43 durations\n"}
,{"stream_name":"stdout","time":21941.565639784,"data":"Searching 8876 data points, 16368 periods from 0.5 to 29.993 days\n"}
,{"stream_name":"stdout","time":21941.565698533,"data":"Using 1 of 4 CPU threads\n"}
,{"stream_name":"stdout","time":22095.884539679,"data":"Searching for best T0 for period 3.22293 days\n"}
,{"stream_name":"stderr","time":22099.543197807,"data":"/usr/local/lib/python3.13/dist-packages/transitleastsquares/main.py:411: UserWarning: 74 of 100 transits without data. The true period may be twice the given period.\n"}
,{"stream_name":"stderr","time":22099.543239722,"data":"  warnings.warn(text)\n"}
,{"stream_name":"stdout","time":22108.630058534,"data":"Transit Least Squares TLS 1.32 (5 Apr 2024)\n"}
,{"stream_name":"stdout","time":22108.645709306,"data":"Creating model cache for 43 durations\n"}
,{"stream_name":"stdout","time":22108.671976599,"data":"Searching 11823 data points, 38337 periods from 0.53 to 29.997 days\n"}
,{"stream_name":"stdout","time":22108.672450448,"data":"Using 1 of 4 CPU threads\n"}
,{"stream_name":"stdout","time":22244.520917051,"data":"Searching for best T0 for period 15.04339 days\n"}
,{"stream_name":"stdout","time":22267.344846675,"data":"Transit Least Squares TLS 1.32 (5 Apr 2024)\n"}
,{"stream_name":"stdout","time":22267.346832822,"data":"Creating model cache for 38 durations\n"}
,{"stream_name":"stdout","time":22267.358861117,"data":"Searching 2699 data points, 3170 periods from 0.5 to 13.02 days\n"}
,{"stream_name":"stdout","time":22267.359080575,"data":"Using 1 of 4 CPU threads\n"}
,{"stream_name":"stdout","time":22273.870114961,"data":"Searching for best T0 for period 13.12526 days\n"}
,{"stream_name":"stdout","time":22286.610297639,"data":"Transit Least Squares TLS 1.32 (5 Apr 2024)\n"}
,{"stream_name":"stdout","time":22286.625919063,"data":"Creating model cache for 43 durations\n"}
,{"stream_name":"stdout","time":22286.653894265,"data":"Searching 19691 data points, 40941 periods from 0.5 to 29.996 days\n"}
,{"stream_name":"stdout","time":22286.653933403,"data":"Using 1 of 4 CPU threads\n"}
,{"stream_name":"stdout","time":22290.147370954,"data":"Searching for best T0 for period 5.09200 days\n"}
,{"stream_name":"stdout","time":22294.561859391,"data":"Transit Least Squares TLS 1.32 (5 Apr 2024)\n"}
,{"stream_name":"stdout","time":22294.564907477,"data":"Creating model cache for 42 durations\n"}
,{"stream_name":"stdout","time":22294.578170779,"data":"Searching 5137 data points, 6564 periods from 0.5 to 24.573 days\n"}
,{"stream_name":"stdout","time":22294.578343351,"data":"Using 1 of 4 CPU threads\n"}
,{"stream_name":"stdout","time":22339.283876149,"data":"Searching for best T0 for period 1.89860 days\n"}
,{"stream_name":"stderr","time":22342.128071887,"data":"/usr/local/lib/python3.13/dist-packages/transitleastsquares/main.py:411: UserWarning: 28 of 83 transits without data. The true period may be twice the given period.\n"}
,{"stream_name":"stderr","time":22342.128150111,"data":"  warnings.warn(text)\n"}
,{"stream_name":"stdout","time":22352.995131839,"data":"Transit Least Squares TLS 1.32 (5 Apr 2024)\n"}
,{"stream_name":"stdout","time":22352.995798548,"data":"Creating model cache for 37 durations\n"}
,{"stream_name":"stdout","time":22353.006483559,"data":"Searching 3084 data points, 806 periods from 1.37 to 12.478 days\n"}
,{"stream_name":"stdout","time":22353.006696534,"data":"Using 1 of 4 CPU threads\n"}
,{"stream_name":"stdout","time":22359.23627704,"data":"Searching for best T0 for period 6.04783 days\n"}
,{"stream_name":"stdout","time":22362.95031645,"data":"Transit Least Squares TLS 1.32 (5 Apr 2024)\n"}
,{"stream_name":"stdout","time":22362.950893632,"data":"Creating model cache for 37 durations\n"}
,{"stream_name":"stdout","time":22362.961668809,"data":"Searching 3084 data points, 806 periods from 1.37 to 12.478 days\n"}
,{"stream_name":"stdout","time":22362.961704983,"data":"Using 1 of 4 CPU threads\n"}
,{"stream_name":"stdout","time":22369.249111958,"data":"Searching for best T0 for period 1.66461 days\n"}
,{"stream_name":"stdout","time":22371.216919899,"data":"Searching for best T0 for period 1.23164 days\n"}
,{"stream_name":"stdout","time":22373.80588016,"data":"Transit Least Squares TLS 1.32 (5 Apr 2024)\n"}
,{"stream_name":"stdout","time":22373.80647772,"data":"Creating model cache for 37 durations\n"}
,{"stream_name":"stdout","time":22373.817487831,"data":"Searching 3084 data points, 806 periods from 1.37 to 12.478 days\n"}
,{"stream_name":"stdout","time":22373.817533492,"data":"Using 1 of 4 CPU threads\n"}
,{"stream_name":"stdout","time":22379.710181245,"data":"Transit Least Squares TLS 1.32 (5 Apr 2024)\n"}
,{"stream_name":"stdout","time":22379.72680205,"data":"Creating model cache for 43 durations\n"}
,{"stream_name":"stdout","time":22379.752596935,"data":"Searching 11009 data points, 41860 periods from 0.5 to 29.999 days\n"}
,{"stream_name":"stdout","time":22379.755835658,"data":"Using 1 of 4 CPU threads\n"}
,{"stream_name":"stdout","time":22383.012372587,"data":"Searching for best T0 for period 2.01361 days\n"}
,{"stream_name":"stdout","time":22387.707894869,"data":"Transit Least Squares TLS 1.32 (5 Apr 2024)\n"}
,{"stream_name":"stdout","time":22387.709528117,"data":"Creating model cache for 42 durations\n"}
,{"stream_name":"stdout","time":22387.722319984,"data":"Searching 6259 data points, 3190 periods from 0.853 to 23.905 days\n"}
,{"stream_name":"stdout","time":22387.722469819,"data":"Using 1 of 4 CPU threads\n"}
,{"stream_name":"stdout","time":22421.108673785,"data":"Searching for best T0 for period 10.98562 days\n"}
,{"stream_name":"stdout","time":22428.249478227,"data":"Transit Least Squares TLS 1.32 (5 Apr 2024)\n"}
,{"stream_name":"stdout","time":22428.251592837,"data":"Creating model cache for 42 durations\n"}
,{"stream_name":"stdout","time":22428.265102607,"data":"Searching 6259 data points, 3190 periods from 0.853 to 23.905 days\n"}
,{"stream_name":"stdout","time":22428.265463494,"data":"Using 1 of 4 CPU threads\n"}
,{"stream_name":"stdout","time":22476.77825949,"data":"Searching for best T0 for period 2.72656 days\n"}
,{"stream_name":"stdout","time":22485.217691292,"data":"Transit Least Squares TLS 1.32 (5 Apr 2024)\n"}
,{"stream_name":"stdout","time":22485.228899264,"data":"Creating model cache for 43 durations\n"}
,{"stream_name":"stdout","time":22485.245181287,"data":"Searching 9742 data points, 20694 periods from 0.647 to 29.993 days\n"}
,{"stream_name":"stdout","time":22485.24532802,"data":"Using 1 of 4 CPU threads\n"}
,{"stream_name":"stdout","time":22810.534876685,"data":"Searching for best T0 for period 5.94653 days\n"}
,{"stream_name":"stderr","time":22813.690741497,"data":"/usr/local/lib/python3.13/dist-packages/transitleastsquares/main.py:411: UserWarning: 26 of 36 transits without data. The true period may be twice the given period.\n"}
,{"stream_name":"stderr","time":22813.69080904,"data":"  warnings.warn(text)\n"}
,{"stream_name":"stdout","time":22815.304140446,"data":"Searching for best T0 for period 3.20123 days\n"}
,{"stream_name":"stderr","time":22818.699231937,"data":"/usr/local/lib/python3.13/dist-packages/transitleastsquares/main.py:411: UserWarning: 75 of 101 transits without data. The true period may be twice the given period.\n"}
,{"stream_name":"stderr","time":22818.699278318,"data":"  warnings.warn(text)\n"}
,{"stream_name":"stdout","time":22820.860058257,"data":"Transit Least Squares TLS 1.32 (5 Apr 2024)\n"}
,{"stream_name":"stdout","time":22820.864929301,"data":"Creating model cache for 42 durations\n"}
,{"stream_name":"stdout","time":22820.876434801,"data":"Searching 6387 data points, 4659 periods from 0.647 to 25.19 days\n"}
,{"stream_name":"stdout","time":22820.876625609,"data":"Using 1 of 4 CPU threads\n"}
,{"stream_name":"stdout","time":22828.014048221,"data":"Transit Least Squares TLS 1.32 (5 Apr 2024)\n"}
,{"stream_name":"stdout","time":22828.016920612,"data":"Creating model cache for 43 durations\n"}
,{"stream_name":"stdout","time":22828.029744505,"data":"Searching 7481 data points, 3998 periods from 0.825 to 28.107 days\n"}
,{"stream_name":"stdout","time":22828.029960587,"data":"Using 1 of 4 CPU threads\n"}
,{"stream_name":"stdout","time":22891.962369765,"data":"Searching for best T0 for period 21.27144 days\n"}
,{"stream_name":"stdout","time":22893.820959252,"data":"Searching for best T0 for period 23.97667 days\n"}
,{"stream_name":"stdout","time":22897.947017162,"data":"Transit Least Squares TLS 1.32 (5 Apr 2024)\n"}
,{"stream_name":"stdout","time":22897.94831475,"data":"Creating model cache for 37 durations\n"}
,{"stream_name":"stdout","time":22897.959495639,"data":"Searching 2984 data points, 1906 periods from 0.646 to 11.722 days\n"}
,{"stream_name":"stdout","time":22897.959608282,"data":"Using 1 of 4 CPU threads\n"}
,{"stream_name":"stdout","time":22902.611672072,"data":"Transit Least Squares TLS 1.32 (5 Apr 2024)\n"}
,{"stream_name":"stdout","time":22902.613553804,"data":"Creating model cache for 43 durations\n"}
,{"stream_name":"stdout","time":22902.628880426,"data":"Searching 7481 data points, 3998 periods from 0.825 to 28.107 days\n"}
,{"stream_name":"stdout","time":22902.629052068,"data":"Using 1 of 4 CPU threads\n"}
,{"stream_name":"stdout","time":22917.336861919,"data":"Searching for best T0 for period 1.16839 days\n"}
,{"stream_name":"stdout","time":22922.241071147,"data":"Transit Least Squares TLS 1.32 (5 Apr 2024)\n"}
,{"stream_name":"stdout","time":22922.245102863,"data":"Creating model cache for 43 durations\n"}
,{"stream_name":"stdout","time":22922.259961428,"data":"Searching 6301 data points, 10266 periods from 0.5 to 29.979 days\n"}
,{"stream_name":"stdout","time":22922.259996823,"data":"Using 1 of 4 CPU threads\n"}
,{"stream_name":"stdout","time":22974.801929003,"data":"Searching for best T0 for period 23.48603 days\n"}
,{"stream_name":"stdout","time":22987.67270143,"data":"Transit Least Squares TLS 1.32 (5 Apr 2024)\n"}
,{"stream_name":"stdout","time":22987.68786777,"data":"Creating model cache for 43 durations\n"}
,{"stream_name":"stdout","time":22987.713028175,"data":"Searching 25250 data points, 33090 periods from 0.5 to 29.992 days\n"}
,{"stream_name":"stdout","time":22987.713265124,"data":"Using 1 of 4 CPU threads\n"}
,{"stream_name":"stdout","time":23091.668328839,"data":"Searching for best T0 for period 3.80534 days\n"}
,{"stream_name":"stderr","time":23093.823094159,"data":"/usr/local/lib/python3.13/dist-packages/transitleastsquares/main.py:411: UserWarning: 10 of 21 transits without data. The true period may be twice the given period.\n"}
,{"stream_name":"stderr","time":23093.823137638,"data":"  warnings.warn(text)\n"}
,{"stream_name":"stdout","time":23100.097497187,"data":"Transit Least Squares TLS 1.32 (5 Apr 2024)\n"}
,{"stream_name":"stdout","time":23100.107058332,"data":"Creating model cache for 43 durations\n"}
,{"stream_name":"stdout","time":23100.129679334,"data":"Searching 9537 data points, 24206 periods from 0.5 to 29.99 days\n"}
,{"stream_name":"stdout","time":23100.129874544,"data":"Using 1 of 4 CPU threads\n"}
,{"stream_name":"stdout","time":23271.935793264,"data":"Searching for best T0 for period 6.03789 days\n"}
,{"stream_name":"stderr","time":23276.274391589,"data":"/usr/local/lib/python3.13/dist-packages/transitleastsquares/main.py:411: UserWarning: 22 of 36 transits without data. The true period may be twice the given period.\n"}
,{"stream_name":"stderr","time":23276.274433527,"data":"  warnings.warn(text)\n"}
,{"stream_name":"stdout","time":23290.849446083,"data":"Transit Least Squares TLS 1.32 (5 Apr 2024)\n"}
,{"stream_name":"stdout","time":23290.867152278,"data":"Creating model cache for 43 durations\n"}
,{"stream_name":"stdout","time":23290.895928107,"data":"Searching 30740 data points, 43334 periods from 0.5 to 29.998 days\n"}
,{"stream_name":"stdout","time":23290.896256976,"data":"Using 1 of 4 CPU threads\n"}
,{"stream_name":"stdout","time":23508.6324948,"data":"Searching for best T0 for period 9.48393 days\n"}
,{"stream_name":"stderr","time":23521.46848734,"data":"/usr/local/lib/python3.13/dist-packages/transitleastsquares/main.py:411: UserWarning: 17 of 31 transits without data. The true period may be twice the given period.\n"}
,{"stream_name":"stderr","time":23521.468553601,"data":"  warnings.warn(text)\n"}
,{"stream_name":"stdout","time":23533.431414277,"data":"Transit Least Squares TLS 1.32 (5 Apr 2024)\n"}
,{"stream_name":"stdout","time":23533.442741436,"data":"Creating model cache for 43 durations\n"}
,{"stream_name":"stdout","time":23533.464963853,"data":"Searching 12731 data points, 29858 periods from 0.5 to 29.992 days\n"}
,{"stream_name":"stdout","time":23533.465155538,"data":"Using 1 of 4 CPU threads\n"}
,{"stream_name":"stdout","time":23567.578978488,"data":"Searching for best T0 for period 13.34287 days\n"}
,{"stream_name":"stderr","time":23571.549715496,"data":"/usr/local/lib/python3.13/dist-packages/transitleastsquares/main.py:411: UserWarning: 8 of 14 transits without data. The true period may be twice the given period.\n"}
,{"stream_name":"stderr","time":23571.549778116,"data":"  warnings.warn(text)\n"}
,{"stream_name":"stdout","time":23579.156668713,"data":"Transit Least Squares TLS 1.32 (5 Apr 2024)\n"}
,{"stream_name":"stdout","time":23579.167876502,"data":"Creating model cache for 43 durations\n"}
,{"stream_name":"stdout","time":23579.186816895,"data":"Searching 9537 data points, 24206 periods from 0.5 to 29.99 days\n"}
,{"stream_name":"stdout","time":23579.187153769,"data":"Using 1 of 4 CPU threads\n"}
,{"stream_name":"stdout","time":24024.737967508,"data":"Searching for best T0 for period 0.94607 days\n"}
,{"stream_name":"stderr","time":24027.133532195,"data":"/usr/local/lib/python3.13/dist-packages/transitleastsquares/main.py:411: UserWarning: 131 of 202 transits without data. The true period may be twice the given period.\n"}
,{"stream_name":"stderr","time":24027.133610516,"data":"  warnings.warn(text)\n"}
,{"stream_name":"stdout","time":24035.820162378,"data":"Transit Least Squares TLS 1.32 (5 Apr 2024)\n"}
,{"stream_name":"stdout","time":24035.826892276,"data":"Creating model cache for 43 durations\n"}
,{"stream_name":"stdout","time":24035.839963047,"data":"Searching 6301 data points, 10266 periods from 0.5 to 29.979 days\n"}
,{"stream_name":"stdout","time":24035.840306051,"data":"Using 1 of 4 CPU threads\n"}
,{"stream_name":"stdout","time":24171.631647586,"data":"Searching for best T0 for period 0.81593 days\n"}
,{"stream_name":"stderr","time":24172.782249984,"data":"/usr/local/lib/python3.13/dist-packages/transitleastsquares/main.py:411: UserWarning: 44 of 100 transits without data. The true period may be twice the given period.\n"}
,{"stream_name":"stderr","time":24172.782318796,"data":"  warnings.warn(text)\n"}
,{"stream_name":"stdout","time":24183.728107417,"data":"Transit Least Squares TLS 1.32 (5 Apr 2024)\n"}
,{"stream_name":"stdout","time":24183.737904449,"data":"Creating model cache for 43 durations\n"}
,{"stream_name":"stdout","time":24183.757489695,"data":"Searching 15512 data points, 22749 periods from 0.5 to 29.997 days\n"}
,{"stream_name":"stdout","time":24183.757706769,"data":"Using 1 of 4 CPU threads\n"}
,{"stream_name":"stdout","time":24278.511730179,"data":"Searching for best T0 for period 7.03961 days\n"}
,{"stream_name":"stdout","time":24302.51381169,"data":"Transit Least Squares TLS 1.32 (5 Apr 2024)\n"}
,{"stream_name":"stdout","time":24302.520337946,"data":"Creating model cache for 43 durations\n"}
,{"stream_name":"stdout","time":24302.538500271,"data":"Searching 8702 data points, 15348 periods from 0.53 to 29.997 days\n"}
,{"stream_name":"stdout","time":24302.538629326,"data":"Using 1 of 4 CPU threads\n"}
,{"stream_name":"stdout","time":24535.618861301,"data":"Searching for best T0 for period 8.63359 days\n"}
,{"stream_name":"stderr","time":24538.085340584,"data":"/usr/local/lib/python3.13/dist-packages/transitleastsquares/main.py:411: UserWarning: 6 of 15 transits without data. The true period may be twice the given period.\n"}
,{"stream_name":"stderr","time":24538.085380319,"data":"  warnings.warn(text)\n"}
,{"stream_name":"stdout","time":24550.572718466,"data":"Transit Least Squares TLS 1.32 (5 Apr 2024)\n"}
,{"stream_name":"stdout","time":24550.587986874,"data":"Creating model cache for 43 durations\n"}
,{"stream_name":"stdout","time":24550.617696279,"data":"Searching 29580 data points, 38591 periods from 0.53 to 29.998 days\n"}
,{"stream_name":"stdout","time":24550.618902669,"data":"Using 1 of 4 CPU threads\n"}
,{"stream_name":"stdout","time":24631.413376893,"data":"Searching for best T0 for period 1.71646 days\n"}
,{"stream_name":"stderr","time":24634.343411556,"data":"/usr/local/lib/python3.13/dist-packages/transitleastsquares/main.py:411: UserWarning: 75 of 126 transits without data. The true period may be twice the given period.\n"}
,{"stream_name":"stderr","time":24634.343453009,"data":"  warnings.warn(text)\n"}
,{"stream_name":"stdout","time":24644.378518918,"data":"Transit Least Squares TLS 1.32 (5 Apr 2024)\n"}
,{"stream_name":"stdout","time":24644.384213894,"data":"Creating model cache for 43 durations\n"}
,{"stream_name":"stdout","time":24644.401739918,"data":"Searching 6315 data points, 14088 periods from 0.5 to 29.996 days\n"}
,{"stream_name":"stdout","time":24644.40189505,"data":"Using 1 of 4 CPU threads\n"}
,{"stream_name":"stdout","time":24882.192726768,"data":"Searching for best T0 for period 3.59161 days\n"}
,{"stream_name":"stderr","time":24883.857509646,"data":"/usr/local/lib/python3.13/dist-packages/transitleastsquares/main.py:411: UserWarning: 17 of 28 transits without data. The true period may be twice the given period.\n"}
,{"stream_name":"stderr","time":24883.857552614,"data":"  warnings.warn(text)\n"}
,{"stream_name":"stdout","time":24892.181835939,"data":"Transit Least Squares TLS 1.32 (5 Apr 2024)\n"}
,{"stream_name":"stdout","time":24892.191992729,"data":"Creating model cache for 43 durations\n"}
,{"stream_name":"stdout","time":24892.2146155,"data":"Searching 12731 data points, 29858 periods from 0.5 to 29.992 days\n"}
,{"stream_name":"stdout","time":24892.214676701,"data":"Using 1 of 4 CPU threads\n"}
,{"stream_name":"stdout","time":24956.469061803,"data":"Searching for best T0 for period 9.39449 days\n"}
,{"stream_name":"stdout","time":24973.056151196,"data":"Transit Least Squares TLS 1.32 (5 Apr 2024)\n"}
,{"stream_name":"stdout","time":24973.061641818,"data":"Creating model cache for 43 durations\n"}
,{"stream_name":"stdout","time":24973.078461998,"data":"Searching 8947 data points, 12836 periods from 0.5 to 29.986 days\n"}
,{"stream_name":"stdout","time":24973.078713022,"data":"Using 1 of 4 CPU threads\n"}
,{"stream_name":"stdout","time":25241.440958342,"data":"Searching for best T0 for period 21.63829 days\n"}
,{"stream_name":"stdout","time":25256.372800406,"data":"Transit Least Squares TLS 1.32 (5 Apr 2024)\n"}
,{"stream_name":"stdout","time":25256.379924159,"data":"Creating model cache for 43 durations\n"}
,{"stream_name":"stdout","time":25256.400325917,"data":"Searching 25866 data points, 17522 periods from 0.736 to 29.989 days\n"}
,{"stream_name":"stdout","time":25256.400712668,"data":"Using 1 of 4 CPU threads\n"}
,{"stream_name":"stderr","time":25781.869419721,"data":"/usr/local/lib/python3.13/dist-packages/transitleastsquares/main.py:205: UserWarning: No transit were fit. Try smaller \"transit_depth_min\"\n"}
,{"stream_name":"stderr","time":25781.869501677,"data":"  warnings.warn('No transit were fit. Try smaller \"transit_depth_min\"')\n"}
,{"stream_name":"stdout","time":25794.284213039,"data":"Transit Least Squares TLS 1.32 (5 Apr 2024)\n"}
,{"stream_name":"stdout","time":25794.295217153,"data":"Creating model cache for 43 durations\n"}
,{"stream_name":"stdout","time":25794.317910553,"data":"Searching 19399 data points, 28786 periods from 0.53 to 29.994 days\n"}
,{"stream_name":"stdout","time":25794.318071069,"data":"Using 1 of 4 CPU threads\n"}
,{"stream_name":"stdout","time":25858.827926253,"data":"Searching for best T0 for period 29.09232 days\n"}
,{"stream_name":"stdout","time":25898.009745163,"data":"Transit Least Squares TLS 1.32 (5 Apr 2024)\n"}
,{"stream_name":"stdout","time":25898.013458949,"data":"Creating model cache for 43 durations\n"}
,{"stream_name":"stdout","time":25898.029638614,"data":"Searching 12450 data points, 8507 periods from 0.736 to 29.992 days\n"}
,{"stream_name":"stdout","time":25898.029818298,"data":"Using 1 of 4 CPU threads\n"}
,{"stream_name":"stdout","time":26055.063414477,"data":"Searching for best T0 for period 0.62996 days\n"}
,{"stream_name":"stderr","time":26058.079035451,"data":"/usr/local/lib/python3.13/dist-packages/transitleastsquares/main.py:411: UserWarning: 201 of 343 transits without data. The true period may be twice the given period.\n"}
,{"stream_name":"stderr","time":26058.079080481,"data":"  warnings.warn(text)\n"}
,{"stream_name":"stdout","time":26073.551030509,"data":"Transit Least Squares TLS 1.32 (5 Apr 2024)\n"}
,{"stream_name":"stdout","time":26073.565916801,"data":"Creating model cache for 43 durations\n"}
,{"stream_name":"stdout","time":26073.593845318,"data":"Searching 16243 data points, 37375 periods from 0.5 to 29.999 days\n"}
,{"stream_name":"stdout","time":26073.594074446,"data":"Using 1 of 4 CPU threads\n"}
,{"stream_name":"stdout","time":26206.736342016,"data":"Searching for best T0 for period 1.46354 days\n"}
,{"stream_name":"stdout","time":26221.869646556,"data":"Transit Least Squares TLS 1.32 (5 Apr 2024)\n"}
,{"stream_name":"stdout","time":26221.873564124,"data":"Creating model cache for 43 durations\n"}
,{"stream_name":"stdout","time":26221.88966472,"data":"Searching 12450 data points, 8507 periods from 0.736 to 29.992 days\n"}
,{"stream_name":"stdout","time":26221.889881878,"data":"Using 1 of 4 CPU threads\n"}
,{"stream_name":"stdout","time":26395.423600259,"data":"Searching for best T0 for period 1.76784 days\n"}
,{"stream_name":"stdout","time":26410.36048313,"data":"Transit Least Squares TLS 1.32 (5 Apr 2024)\n"}
,{"stream_name":"stdout","time":26410.365674143,"data":"Creating model cache for 43 durations\n"}
,{"stream_name":"stdout","time":26410.382396834,"data":"Searching 15320 data points, 10648 periods from 0.736 to 29.992 days\n"}
,{"stream_name":"stdout","time":26410.382843763,"data":"Using 1 of 4 CPU threads\n"}
,{"stream_name":"stdout","time":26548.830504393,"data":"Searching for best T0 for period 0.67604 days\n"}
,{"stream_name":"stderr","time":26553.631085979,"data":"/usr/local/lib/python3.13/dist-packages/transitleastsquares/main.py:411: UserWarning: 160 of 360 transits without data. The true period may be twice the given period.\n"}
,{"stream_name":"stderr","time":26553.631124107,"data":"  warnings.warn(text)\n"}
,{"stream_name":"stdout","time":26577.838317226,"data":"Transit Least Squares TLS 1.32 (5 Apr 2024)\n"}
,{"stream_name":"stdout","time":26577.860246008,"data":"Creating model cache for 43 durations\n"}
,{"stream_name":"stdout","time":26577.893027537,"data":"Searching 22016 data points, 51138 periods from 0.5 to 30.0 days\n"}
,{"stream_name":"stdout","time":26577.89322391,"data":"Using 1 of 4 CPU threads\n"}
,{"stream_name":"stdout","time":26677.857143494,"data":"Searching for best T0 for period 1.32426 days\n"}
,{"stream_name":"stdout","time":26696.96199178,"data":"Transit Least Squares TLS 1.32 (5 Apr 2024)\n"}
,{"stream_name":"stdout","time":26696.965590912,"data":"Creating model cache for 43 durations\n"}
,{"stream_name":"stdout","time":26696.983433887,"data":"Searching 12196 data points, 14825 periods from 0.5 to 29.995 days\n"}
,{"stream_name":"stdout","time":26696.983866155,"data":"Using 1 of 4 CPU threads\n"}
,{"stream_name":"stdout","time":26953.688610803,"data":"Searching for best T0 for period 2.41658 days\n"}
,{"stream_name":"stderr","time":26966.472561768,"data":"/usr/local/lib/python3.13/dist-packages/transitleastsquares/main.py:411: UserWarning: 47 of 135 transits without data. The true period may be twice the given period.\n"}
,{"stream_name":"stderr","time":26966.472644211,"data":"  warnings.warn(text)\n"}
,{"stream_name":"stdout","time":26983.025541036,"data":"Transit Least Squares TLS 1.32 (5 Apr 2024)\n"}
,{"stream_name":"stdout","time":26983.027294249,"data":"Creating model cache for 38 durations\n"}
,{"stream_name":"stdout","time":26983.038693861,"data":"Searching 3595 data points, 3193 periods from 0.5 to 13.423 days\n"}
,{"stream_name":"stdout","time":26983.038823125,"data":"Using 1 of 4 CPU threads\n"}
,{"stream_name":"stdout","time":27018.268383954,"data":"Searching for best T0 for period 2.41969 days\n"}
,{"stream_name":"stdout","time":27023.351774531,"data":"Transit Least Squares TLS 1.32 (5 Apr 2024)\n"}
,{"stream_name":"stdout","time":27023.354171854,"data":"Creating model cache for 38 durations\n"}
,{"stream_name":"stdout","time":27023.369097662,"data":"Searching 3595 data points, 3193 periods from 0.5 to 13.423 days\n"}
,{"stream_name":"stdout","time":27023.369439769,"data":"Using 1 of 4 CPU threads\n"}
,{"stream_name":"stdout","time":27044.383510819,"data":"Searching for best T0 for period 0.59772 days\n"}
,{"stream_name":"stderr","time":27050.205154984,"data":"/usr/local/lib/python3.13/dist-packages/transitleastsquares/main.py:411: UserWarning: 264 of 452 transits without data. The true period may be twice the given period.\n"}
,{"stream_name":"stderr","time":27050.205204875,"data":"  warnings.warn(text)\n"}
,{"stream_name":"stdout","time":27051.700799016,"data":"Searching for best T0 for period 1.17259 days\n"}
,{"stream_name":"stdout","time":27064.054204052,"data":"Transit Least Squares TLS 1.32 (5 Apr 2024)\n"}
,{"stream_name":"stdout","time":27064.059091704,"data":"Creating model cache for 43 durations\n"}
,{"stream_name":"stdout","time":27064.075151413,"data":"Searching 6319 data points, 9787 periods from 0.5 to 26.1 days\n"}
,{"stream_name":"stdout","time":27064.075388604,"data":"Using 1 of 4 CPU threads\n"}
,{"stream_name":"stdout","time":27064.244048654,"data":"Transit Least Squares TLS 1.32 (5 Apr 2024)\n"}
,{"stream_name":"stdout","time":27064.257348388,"data":"Creating model cache for 43 durations\n"}
,{"stream_name":"stdout","time":27064.283952603,"data":"Searching 24070 data points, 32324 periods from 0.5 to 29.997 days\n"}
,{"stream_name":"stdout","time":27064.284246879,"data":"Using 1 of 4 CPU threads\n"}
,{"stream_name":"stdout","time":27206.686099326,"data":"Searching for best T0 for period 0.74335 days\n"}
,{"stream_name":"stderr","time":27209.823318406,"data":"/usr/local/lib/python3.13/dist-packages/transitleastsquares/main.py:411: UserWarning: 56 of 70 transits without data. The true period may be twice the given period.\n"}
,{"stream_name":"stderr","time":27209.823362919,"data":"  warnings.warn(text)\n"}
,{"stream_name":"stdout","time":27217.347833208,"data":"Transit Least Squares TLS 1.32 (5 Apr 2024)\n"}
,{"stream_name":"stdout","time":27217.354831673,"data":"Creating model cache for 43 durations\n"}
,{"stream_name":"stdout","time":27217.371396893,"data":"Searching 9204 data points, 14949 periods from 0.5 to 29.985 days\n"}
,{"stream_name":"stdout","time":27217.371780478,"data":"Using 1 of 4 CPU threads\n"}
,{"stream_name":"stdout","time":27224.560548639,"data":"Searching for best T0 for period 2.31425 days\n"}
,{"stream_name":"stdout","time":27240.787864955,"data":"Transit Least Squares TLS 1.32 (5 Apr 2024)\n"}
,{"stream_name":"stdout","time":27240.799975862,"data":"Creating model cache for 43 durations\n"}
,{"stream_name":"stdout","time":27240.822622816,"data":"Searching 21747 data points, 25502 periods from 0.5 to 29.993 days\n"}
,{"stream_name":"stdout","time":27240.822735666,"data":"Using 1 of 4 CPU threads\n"}
,{"stream_name":"stdout","time":27530.916926722,"data":"Searching for best T0 for period 24.55825 days\n"}
,{"stream_name":"stdout","time":27542.656889667,"data":"Transit Least Squares TLS 1.32 (5 Apr 2024)\n"}
,{"stream_name":"stdout","time":27542.665250884,"data":"Creating model cache for 43 durations\n"}
,{"stream_name":"stdout","time":27542.684423936,"data":"Searching 11768 data points, 19702 periods from 0.5 to 29.999 days\n"}
,{"stream_name":"stdout","time":27542.684556109,"data":"Using 1 of 4 CPU threads\n"}
,{"stream_name":"stdout","time":28180.682714135,"data":"Searching for best T0 for period 3.30176 days\n"}
,{"stream_name":"stdout","time":28198.606356617,"data":"Transit Least Squares TLS 1.32 (5 Apr 2024)\n"}
,{"stream_name":"stdout","time":28198.613022643,"data":"Creating model cache for 43 durations\n"}
,{"stream_name":"stdout","time":28198.6312076,"data":"Searching 25383 data points, 15072 periods from 0.84 to 29.998 days\n"}
,{"stream_name":"stdout","time":28198.631394061,"data":"Using 1 of 4 CPU threads\n"}
,{"stream_name":"stdout","time":28435.833694987,"data":"Searching for best T0 for period 2.99170 days\n"}
,{"stream_name":"stderr","time":28454.926992579,"data":"/usr/local/lib/python3.13/dist-packages/transitleastsquares/main.py:411: UserWarning: 47 of 100 transits without data. The true period may be twice the given period.\n"}
,{"stream_name":"stderr","time":28454.927041918,"data":"  warnings.warn(text)\n"}
,{"stream_name":"stdout","time":28474.316935031,"data":"Transit Least Squares TLS 1.32 (5 Apr 2024)\n"}
,{"stream_name":"stdout","time":28474.334771528,"data":"Creating model cache for 43 durations\n"}
,{"stream_name":"stdout","time":28474.366145848,"data":"Searching 22016 data points, 51138 periods from 0.5 to 30.0 days\n"}
,{"stream_name":"stdout","time":28474.366362422,"data":"Using 1 of 4 CPU threads\n"}
,{"stream_name":"stdout","time":28755.370190126,"data":"Searching for best T0 for period 3.65734 days\n"}
,{"stream_name":"stdout","time":28780.501175863,"data":"Transit Least Squares TLS 1.32 (5 Apr 2024)\n"}
,{"stream_name":"stdout","time":28780.515885996,"data":"Creating model cache for 43 durations\n"}
,{"stream_name":"stdout","time":28780.535980678,"data":"Searching 24322 data points, 28967 periods from 0.5 to 29.996 days\n"}
,{"stream_name":"stdout","time":28780.53608698,"data":"Using 1 of 4 CPU threads\n"}
,{"stream_name":"stdout","time":28900.454343872,"data":"Searching for best T0 for period 1.59767 days\n"}
,{"stream_name":"stdout","time":28926.621480572,"data":"Transit Least Squares TLS 1.32 (5 Apr 2024)\n"}
,{"stream_name":"stdout","time":28926.624854256,"data":"Creating model cache for 43 durations\n"}
,{"stream_name":"stdout","time":28926.638541407,"data":"Searching 9343 data points, 5552 periods from 0.84 to 29.995 days\n"}
,{"stream_name":"stdout","time":28926.638805688,"data":"Using 1 of 4 CPU threads\n"}
,{"stream_name":"stdout","time":29009.278816419,"data":"Searching for best T0 for period 14.19111 days\n"}
,{"stream_name":"stderr","time":29013.076836755,"data":"/usr/local/lib/python3.13/dist-packages/transitleastsquares/main.py:411: UserWarning: 3 of 5 transits without data. The true period may be twice the given period.\n"}
,{"stream_name":"stderr","time":29013.076881571,"data":"  warnings.warn(text)\n"}
,{"stream_name":"stdout","time":29018.049396423,"data":"Transit Least Squares TLS 1.32 (5 Apr 2024)\n"}
,{"stream_name":"stdout","time":29018.050537959,"data":"Creating model cache for 38 durations\n"}
,{"stream_name":"stdout","time":29018.061060396,"data":"Searching 3753 data points, 1691 periods from 0.848 to 13.938 days\n"}
,{"stream_name":"stdout","time":29018.061233326,"data":"Using 1 of 4 CPU threads\n"}
,{"stream_name":"stdout","time":29042.516735795,"data":"Searching for best T0 for period 1.36249 days\n"}
,{"stream_name":"stdout","time":29047.939312057,"data":"Transit Least Squares TLS 1.32 (5 Apr 2024)\n"}
,{"stream_name":"stdout","time":29047.941128278,"data":"Creating model cache for 42 durations\n"}
,{"stream_name":"stdout","time":29047.95590999,"data":"Searching 6419 data points, 2701 periods from 1.051 to 25.541 days\n"}
,{"stream_name":"stdout","time":29047.955947549,"data":"Using 1 of 4 CPU threads\n"}
,{"stream_name":"stdout","time":29078.894275935,"data":"Searching for best T0 for period 5.53004 days\n"}
,{"stream_name":"stdout","time":29087.030301111,"data":"Transit Least Squares TLS 1.32 (5 Apr 2024)\n"}
,{"stream_name":"stdout","time":29087.038670521,"data":"Creating model cache for 43 durations\n"}
,{"stream_name":"stdout","time":29087.057455621,"data":"Searching 9869 data points, 19103 periods from 1.051 to 29.999 days\n"}
,{"stream_name":"stdout","time":29087.057917253,"data":"Using 1 of 4 CPU threads\n"}
,{"stream_name":"stdout","time":29365.702538846,"data":"Searching for best T0 for period 0.83249 days\n"}
,{"stream_name":"stdout","time":29395.928265751,"data":"Transit Least Squares TLS 1.32 (5 Apr 2024)\n"}
,{"stream_name":"stdout","time":29395.936618833,"data":"Creating model cache for 43 durations\n"}
,{"stream_name":"stdout","time":29395.956090357,"data":"Searching 13404 data points, 20902 periods from 0.5 to 29.994 days\n"}
,{"stream_name":"stdout","time":29395.956289954,"data":"Using 1 of 4 CPU threads\n"}
,{"stream_name":"stdout","time":29581.376968241,"data":"Searching for best T0 for period 1.22101 days\n"}
,{"stream_name":"stderr","time":29583.966872368,"data":"/usr/local/lib/python3.13/dist-packages/transitleastsquares/main.py:411: UserWarning: 232 of 289 transits without data. The true period may be twice the given period.\n"}
,{"stream_name":"stderr","time":29583.966915728,"data":"  warnings.warn(text)\n"}
,{"stream_name":"stdout","time":29599.396636312,"data":"Transit Least Squares TLS 1.32 (5 Apr 2024)\n"}
,{"stream_name":"stdout","time":29599.407935175,"data":"Creating model cache for 43 durations\n"}
,{"stream_name":"stdout","time":29599.426550594,"data":"Searching 31744 data points, 20489 periods from 0.859 to 29.992 days\n"}
,{"stream_name":"stdout","time":29599.426851567,"data":"Using 1 of 4 CPU threads\n"}
,{"stream_name":"stdout","time":29835.384530129,"data":"Searching for best T0 for period 19.20734 days\n"}
,{"stream_name":"stdout","time":29871.983396276,"data":"Transit Least Squares TLS 1.32 (5 Apr 2024)\n"}
,{"stream_name":"stdout","time":29871.98504338,"data":"Creating model cache for 36 durations\n"}
,{"stream_name":"stdout","time":29871.995622109,"data":"Searching 2566 data points, 2777 periods from 0.5 to 10.138 days\n"}
,{"stream_name":"stdout","time":29871.995907412,"data":"Using 1 of 4 CPU threads\n"}
,{"stream_name":"stdout","time":29893.052822751,"data":"Searching for best T0 for period 4.44249 days\n"}
,{"stream_name":"stdout","time":29896.8639443,"data":"Transit Least Squares TLS 1.32 (5 Apr 2024)\n"}
,{"stream_name":"stdout","time":29896.867433143,"data":"Creating model cache for 42 durations\n"}
,{"stream_name":"stdout","time":29896.881358438,"data":"Searching 5520 data points, 7951 periods from 0.5 to 25.205 days\n"}
,{"stream_name":"stdout","time":29896.881553484,"data":"Using 1 of 4 CPU threads\n"}
,{"stream_name":"stdout","time":29992.310098698,"data":"Searching for best T0 for period 24.95030 days\n"}
,{"stream_name":"stderr","time":29993.726241463,"data":"/usr/local/lib/python3.13/dist-packages/transitleastsquares/main.py:411: UserWarning: 1 of 2 transits without data. The true period may be twice the given period.\n"}
,{"stream_name":"stderr","time":29993.726280905,"data":"  warnings.warn(text)\n"}
,{"stream_name":"stdout","time":30000.80007325,"data":"Transit Least Squares TLS 1.32 (5 Apr 2024)\n"}
,{"stream_name":"stdout","time":30000.805104876,"data":"Creating model cache for 43 durations\n"}
,{"stream_name":"stdout","time":30000.821782362,"data":"Searching 13241 data points, 10824 periods from 0.726 to 29.995 days\n"}
,{"stream_name":"stdout","time":30000.822032755,"data":"Using 1 of 4 CPU threads\n"}
,{"stream_name":"stdout","time":30099.852219941,"data":"Searching for best T0 for period 7.97939 days\n"}
,{"stream_name":"stderr","time":30105.271442398,"data":"/usr/local/lib/python3.13/dist-packages/transitleastsquares/main.py:411: UserWarning: 8 of 20 transits without data. The true period may be twice the given period.\n"}
,{"stream_name":"stderr","time":30105.271506077,"data":"  warnings.warn(text)\n"}
,{"stream_name":"stdout","time":30120.772963638,"data":"Transit Least Squares TLS 1.32 (5 Apr 2024)\n"}
,{"stream_name":"stdout","time":30120.788187619,"data":"Creating model cache for 43 durations\n"}
,{"stream_name":"stdout","time":30120.816930534,"data":"Searching 31594 data points, 37042 periods from 0.5 to 30.0 days\n"}
,{"stream_name":"stdout","time":30120.816973931,"data":"Using 1 of 4 CPU threads\n"}
,{"stream_name":"stdout","time":30414.539386342,"data":"Searching for best T0 for period 4.38484 days\n"}
,{"stream_name":"stderr","time":30416.99984675,"data":"/usr/local/lib/python3.13/dist-packages/transitleastsquares/main.py:411: UserWarning: 10 of 30 transits without data. The true period may be twice the given period.\n"}
,{"stream_name":"stderr","time":30416.999921607,"data":"  warnings.warn(text)\n"}
,{"stream_name":"stdout","time":30434.533920731,"data":"Transit Least Squares TLS 1.32 (5 Apr 2024)\n"}
,{"stream_name":"stdout","time":30434.543499624,"data":"Creating model cache for 43 durations\n"}
,{"stream_name":"stdout","time":30434.565391214,"data":"Searching 30147 data points, 22560 periods from 0.726 to 29.994 days\n"}
,{"stream_name":"stdout","time":30434.565607657,"data":"Using 1 of 4 CPU threads\n"}
,{"stream_name":"stdout","time":30754.811811463,"data":"Searching for best T0 for period 4.52704 days\n"}
,{"stream_name":"stdout","time":30793.03425862,"data":"Transit Least Squares TLS 1.32 (5 Apr 2024)\n"}
,{"stream_name":"stdout","time":30793.042303133,"data":"Creating model cache for 43 durations\n"}
,{"stream_name":"stdout","time":30793.063990609,"data":"Searching 31744 data points, 20489 periods from 0.859 to 29.992 days\n"}
,{"stream_name":"stdout","time":30793.064098519,"data":"Using 1 of 4 CPU threads\n"}
,{"stream_name":"stdout","time":31204.470408393,"data":"Searching for best T0 for period 17.70633 days\n"}
,{"stream_name":"stderr","time":31217.543730342,"data":"/usr/local/lib/python3.13/dist-packages/transitleastsquares/main.py:411: UserWarning: 7 of 17 transits without data. The true period may be twice the given period.\n"}
,{"stream_name":"stderr","time":31217.543800685,"data":"  warnings.warn(text)\n"}
,{"stream_name":"stdout","time":31229.761887701,"data":"Transit Least Squares TLS 1.32 (5 Apr 2024)\n"}
,{"stream_name":"stdout","time":31229.766030585,"data":"Creating model cache for 43 durations\n"}
,{"stream_name":"stdout","time":31229.781141602,"data":"Searching 10420 data points, 9871 periods from 0.507 to 29.997 days\n"}
,{"stream_name":"stdout","time":31229.781295098,"data":"Using 1 of 4 CPU threads\n"}
,{"stream_name":"stdout","time":31367.254704913,"data":"Searching for best T0 for period 16.41860 days\n"}
,{"stream_name":"stdout","time":31383.825518278,"data":"Transit Least Squares TLS 1.32 (5 Apr 2024)\n"}
,{"stream_name":"stdout","time":31383.837004018,"data":"Creating model cache for 43 durations\n"}
,{"stream_name":"stdout","time":31383.8601994,"data":"Searching 23676 data points, 26677 periods from 0.507 to 29.993 days\n"}
,{"stream_name":"stdout","time":31383.860338092,"data":"Using 1 of 4 CPU threads\n"}
,{"stream_name":"stdout","time":32344.795988659,"data":"Searching for best T0 for period 1.55021 days\n"}
,{"stream_name":"stdout","time":32383.027952764,"data":"Transit Least Squares TLS 1.32 (5 Apr 2024)\n"}
,{"stream_name":"stdout","time":32383.033334562,"data":"Creating model cache for 43 durations\n"}
,{"stream_name":"stdout","time":32383.051594288,"data":"Searching 19018 data points, 15093 periods from 0.739 to 29.996 days\n"}
,{"stream_name":"stdout","time":32383.05197304,"data":"Using 1 of 4 CPU threads\n"}
,{"stream_name":"stdout","time":32586.026885056,"data":"Searching for best T0 for period 0.74234 days\n"}
,{"stream_name":"stdout","time":32624.223529806,"data":"Transit Least Squares TLS 1.32 (5 Apr 2024)\n"}
,{"stream_name":"stdout","time":32624.23081673,"data":"Creating model cache for 43 durations\n"}
,{"stream_name":"stdout","time":32624.252840354,"data":"Searching 23770 data points, 17816 periods from 0.726 to 29.993 days\n"}
,{"stream_name":"stdout","time":32624.252913966,"data":"Using 1 of 4 CPU threads\n"}
,{"stream_name":"stdout","time":32850.385027791,"data":"Searching for best T0 for period 1.15889 days\n"}
,{"stream_name":"stdout","time":32889.917800669,"data":"Transit Least Squares TLS 1.32 (5 Apr 2024)\n"}
,{"stream_name":"stdout","time":32889.923464467,"data":"Creating model cache for 43 durations\n"}
,{"stream_name":"stdout","time":32889.941560855,"data":"Searching 17008 data points, 11655 periods from 0.803 to 29.998 days\n"}
,{"stream_name":"stdout","time":32889.94293123,"data":"Using 1 of 4 CPU threads\n"}
,{"stream_name":"stdout","time":32942.226947206,"data":"Searching for best T0 for period 13.30054 days\n"}
,{"stream_name":"stdout","time":32972.583065736,"data":"Transit Least Squares TLS 1.32 (5 Apr 2024)\n"}
,{"stream_name":"stdout","time":32972.592800176,"data":"Creating model cache for 43 durations\n"}
,{"stream_name":"stdout","time":32972.618887374,"data":"Searching 23676 data points, 21987 periods from 0.674 to 29.99 days\n"}
,{"stream_name":"stdout","time":32972.619018593,"data":"Using 1 of 4 CPU threads\n"}
,{"stream_name":"stdout","time":33334.155630016,"data":"Searching for best T0 for period 0.90333 days\n"}
,{"stream_name":"stdout","time":33362.543115052,"data":"Transit Least Squares TLS 1.32 (5 Apr 2024)\n"}
,{"stream_name":"stdout","time":33362.55243853,"data":"Creating model cache for 43 durations\n"}
,{"stream_name":"stdout","time":33362.573146239,"data":"Searching 22198 data points, 22094 periods from 0.739 to 29.993 days\n"}
,{"stream_name":"stdout","time":33362.573304296,"data":"Using 1 of 4 CPU threads\n"}
,{"stream_name":"stdout","time":33450.742928921,"data":"Searching for best T0 for period 7.77381 days\n"}
,{"stream_name":"stdout","time":33461.826432377,"data":"Searching for best T0 for period 1.28293 days\n"}
,{"stream_name":"stdout","time":33467.391850561,"data":"Transit Least Squares TLS 1.32 (5 Apr 2024)\n"}
,{"stream_name":"stdout","time":33467.396895789,"data":"Creating model cache for 42 durations\n"}
,{"stream_name":"stdout","time":33467.407923738,"data":"Searching 5060 data points, 3581 periods from 0.803 to 24.868 days\n"}
,{"stream_name":"stdout","time":33467.408166843,"data":"Using 1 of 4 CPU threads\n"}
,{"stream_name":"stdout","time":33493.328171716,"data":"Transit Least Squares TLS 1.32 (5 Apr 2024)\n"}
,{"stream_name":"stdout","time":33493.337867917,"data":"Creating model cache for 43 durations\n"}
,{"stream_name":"stdout","time":33493.357972543,"data":"Searching 27101 data points, 20202 periods from 0.726 to 29.997 days\n"}
,{"stream_name":"stdout","time":33493.358242229,"data":"Using 1 of 4 CPU threads\n"}
,{"stream_name":"stdout","time":33511.844205611,"data":"Searching for best T0 for period 16.94941 days\n"}
,{"stream_name":"stdout","time":33519.947805396,"data":"Transit Least Squares TLS 1.32 (5 Apr 2024)\n"}
,{"stream_name":"stdout","time":33519.953921768,"data":"Creating model cache for 43 durations\n"}
,{"stream_name":"stdout","time":33519.968992557,"data":"Searching 10744 data points, 7729 periods from 0.803 to 29.981 days\n"}
,{"stream_name":"stdout","time":33519.969389493,"data":"Using 1 of 4 CPU threads\n"}
,{"stream_name":"stdout","time":33795.101777936,"data":"Searching for best T0 for period 1.37840 days\n"}
,{"stream_name":"stdout","time":33811.058917792,"data":"Transit Least Squares TLS 1.32 (5 Apr 2024)\n"}
,{"stream_name":"stdout","time":33811.06653362,"data":"Creating model cache for 43 durations\n"}
,{"stream_name":"stdout","time":33811.088360624,"data":"Searching 21206 data points, 16912 periods from 0.671 to 29.99 days\n"}
,{"stream_name":"stdout","time":33811.088694003,"data":"Using 1 of 4 CPU threads\n"}
,{"stream_name":"stdout","time":34027.100863774,"data":"Searching for best T0 for period 0.93431 days\n"}
,{"stream_name":"stderr","time":34032.2301345,"data":"/usr/local/lib/python3.13/dist-packages/transitleastsquares/main.py:411: UserWarning: 125 of 290 transits without data. The true period may be twice the given period.\n"}
,{"stream_name":"stderr","time":34032.23019387,"data":"  warnings.warn(text)\n"}
,{"stream_name":"stdout","time":34059.742181814,"data":"Transit Least Squares TLS 1.32 (5 Apr 2024)\n"}
,{"stream_name":"stdout","time":34059.75507304,"data":"Creating model cache for 43 durations\n"}
,{"stream_name":"stdout","time":34059.778889574,"data":"Searching 21267 data points, 25622 periods from 0.5 to 29.991 days\n"}
,{"stream_name":"stdout","time":34059.778943183,"data":"Using 1 of 4 CPU threads\n"}
,{"stream_name":"stdout","time":34243.832982292,"data":"Searching for best T0 for period 16.11272 days\n"}
,{"stream_name":"stdout","time":34268.346080407,"data":"Transit Least Squares TLS 1.32 (5 Apr 2024)\n"}
,{"stream_name":"stdout","time":34268.347903473,"data":"Creating model cache for 37 durations\n"}
,{"stream_name":"stdout","time":34268.359016819,"data":"Searching 2940 data points, 3477 periods from 0.5 to 12.7 days\n"}
,{"stream_name":"stdout","time":34268.359177893,"data":"Using 1 of 4 CPU threads\n"}
,{"stream_name":"stdout","time":34298.479749117,"data":"Searching for best T0 for period 11.94523 days\n"}
,{"stream_name":"stdout","time":34309.397970007,"data":"Transit Least Squares TLS 1.32 (5 Apr 2024)\n"}
,{"stream_name":"stdout","time":34309.41447216,"data":"Creating model cache for 43 durations\n"}
,{"stream_name":"stdout","time":34309.442264195,"data":"Searching 27820 data points, 41927 periods from 0.5 to 29.994 days\n"}
,{"stream_name":"stdout","time":34309.442565964,"data":"Using 1 of 4 CPU threads\n"}
,{"stream_name":"stdout","time":34321.177873024,"data":"Searching for best T0 for period 1.08401 days\n"}
,{"stream_name":"stdout","time":34352.361995406,"data":"Transit Least Squares TLS 1.32 (5 Apr 2024)\n"}
,{"stream_name":"stdout","time":34352.372300915,"data":"Creating model cache for 43 durations\n"}
,{"stream_name":"stdout","time":34352.395376724,"data":"Searching 31264 data points, 24578 periods from 0.671 to 29.993 days\n"}
,{"stream_name":"stdout","time":34352.395595266,"data":"Using 1 of 4 CPU threads\n"}
,{"stream_name":"stdout","time":34610.241173254,"data":"Searching for best T0 for period 0.98869 days\n"}
,{"stream_name":"stdout","time":34644.854953084,"data":"Transit Least Squares TLS 1.32 (5 Apr 2024)\n"}
,{"stream_name":"stdout","time":34644.861844752,"data":"Creating model cache for 43 durations\n"}
,{"stream_name":"stdout","time":34644.884052229,"data":"Searching 29116 data points, 22732 periods from 0.654 to 29.992 days\n"}
,{"stream_name":"stdout","time":34644.884190341,"data":"Using 1 of 4 CPU threads\n"}
,{"stream_name":"stdout","time":34853.393962816,"data":"Searching for best T0 for period 3.47124 days\n"}
,{"stream_name":"stdout","time":34880.701906568,"data":"Transit Least Squares TLS 1.32 (5 Apr 2024)\n"}
,{"stream_name":"stdout","time":34880.710447853,"data":"Creating model cache for 43 durations\n"}
,{"stream_name":"stdout","time":34880.731523159,"data":"Searching 20235 data points, 21369 periods from 0.543 to 29.989 days\n"}
,{"stream_name":"stdout","time":34880.731963325,"data":"Using 1 of 4 CPU threads\n"}
,{"stream_name":"stdout","time":35463.198852824,"data":"Searching for best T0 for period 10.22332 days\n"}
,{"stream_name":"stdout","time":35494.915624517,"data":"Transit Least Squares TLS 1.32 (5 Apr 2024)\n"}
,{"stream_name":"stdout","time":35494.931875467,"data":"Creating model cache for 43 durations\n"}
,{"stream_name":"stdout","time":35494.957232939,"data":"Searching 34140 data points, 34441 periods from 0.543 to 29.994 days\n"}
,{"stream_name":"stdout","time":35494.957481943,"data":"Using 1 of 4 CPU threads\n"}
,{"stream_name":"stdout","time":36631.343697245,"data":"Searching for best T0 for period 1.20809 days\n"}
,{"stream_name":"stdout","time":36666.474696356,"data":"Transit Least Squares TLS 1.32 (5 Apr 2024)\n"}
,{"stream_name":"stdout","time":36666.480823958,"data":"Creating model cache for 43 durations\n"}
,{"stream_name":"stdout","time":36666.499504075,"data":"Searching 21529 data points, 14653 periods from 0.758 to 29.991 days\n"}
,{"stream_name":"stdout","time":36666.499689146,"data":"Using 1 of 4 CPU threads\n"}
,{"stream_name":"stdout","time":36711.681809036,"data":"Searching for best T0 for period 1.84637 days\n"}
,{"stream_name":"stdout","time":36744.818319967,"data":"Transit Least Squares TLS 1.32 (5 Apr 2024)\n"}
,{"stream_name":"stdout","time":36744.849497571,"data":"Creating model cache for 43 durations\n"}
,{"stream_name":"stdout","time":36744.887204143,"data":"Searching 24194 data points, 77821 periods from 0.5 to 30.0 days\n"}
,{"stream_name":"stdout","time":36744.88743897,"data":"Using 1 of 4 CPU threads\n"}
,{"stream_name":"stdout","time":37320.325990801,"data":"Searching for best T0 for period 12.71527 days\n"}
,{"stream_name":"stdout","time":37349.963089105,"data":"Transit Least Squares TLS 1.32 (5 Apr 2024)\n"}
,{"stream_name":"stdout","time":37349.965422388,"data":"Creating model cache for 37 durations\n"}
,{"stream_name":"stdout","time":37349.977753636,"data":"Searching 2968 data points, 4390 periods from 0.5 to 12.742 days\n"}
,{"stream_name":"stdout","time":37349.978017993,"data":"Using 1 of 4 CPU threads\n"}
,{"stream_name":"stdout","time":37383.637587437,"data":"Searching for best T0 for period 3.87599 days\n"}
,{"stream_name":"stdout","time":37387.468211137,"data":"Transit Least Squares TLS 1.32 (5 Apr 2024)\n"}
,{"stream_name":"stdout","time":37387.470147136,"data":"Creating model cache for 37 durations\n"}
,{"stream_name":"stdout","time":37387.486007298,"data":"Searching 2968 data points, 4390 periods from 0.5 to 12.742 days\n"}
,{"stream_name":"stdout","time":37387.486332786,"data":"Using 1 of 4 CPU threads\n"}
,{"stream_name":"stdout","time":37421.749266386,"data":"Searching for best T0 for period 3.87599 days\n"}
,{"stream_name":"stdout","time":37432.460442762,"data":"Transit Least Squares TLS 1.32 (5 Apr 2024)\n"}
,{"stream_name":"stdout","time":37432.475076239,"data":"Creating model cache for 43 durations\n"}
,{"stream_name":"stdout","time":37432.50046485,"data":"Searching 27699 data points, 36213 periods from 0.5 to 29.996 days\n"}
,{"stream_name":"stdout","time":37432.50065871,"data":"Using 1 of 4 CPU threads\n"}
,{"stream_name":"stdout","time":37557.566531684,"data":"Searching for best T0 for period 5.30228 days\n"}
,{"stream_name":"stdout","time":37581.931000635,"data":"Transit Least Squares TLS 1.32 (5 Apr 2024)\n"}
,{"stream_name":"stdout","time":37581.937740252,"data":"Creating model cache for 43 durations\n"}
,{"stream_name":"stdout","time":37581.95957536,"data":"Searching 25230 data points, 16941 periods from 0.758 to 29.993 days\n"}
,{"stream_name":"stdout","time":37581.960912524,"data":"Using 1 of 4 CPU threads\n"}
,{"stream_name":"stdout","time":38298.377460449,"data":"Searching for best T0 for period 10.82210 days\n"}
,{"stream_name":"stdout","time":38323.789535905,"data":"Transit Least Squares TLS 1.32 (5 Apr 2024)\n"}
,{"stream_name":"stdout","time":38323.803958078,"data":"Creating model cache for 43 durations\n"}
,{"stream_name":"stdout","time":38323.828940514,"data":"Searching 19217 data points, 33981 periods from 0.5 to 29.993 days\n"}
,{"stream_name":"stdout","time":38323.829210967,"data":"Using 1 of 4 CPU threads\n"}
,{"stream_name":"stdout","time":38894.465706137,"data":"Searching for best T0 for period 3.13260 days\n"}
,{"stream_name":"stdout","time":38932.341662737,"data":"Transit Least Squares TLS 1.32 (5 Apr 2024)\n"}
,{"stream_name":"stdout","time":38932.353714266,"data":"Creating model cache for 43 durations\n"}
,{"stream_name":"stdout","time":38932.379582523,"data":"Searching 30457 data points, 31284 periods from 0.543 to 30.0 days\n"}
,{"stream_name":"stdout","time":38932.379872626,"data":"Using 1 of 4 CPU threads\n"}
,{"stream_name":"stdout","time":39000.74270586,"data":"Searching for best T0 for period 1.73785 days\n"}
,{"stream_name":"stdout","time":39034.470382327,"data":"Transit Least Squares TLS 1.32 (5 Apr 2024)\n"}
,{"stream_name":"stdout","time":39034.482821968,"data":"Creating model cache for 43 durations\n"}
,{"stream_name":"stdout","time":39034.507911516,"data":"Searching 28756 data points, 29535 periods from 0.572 to 29.997 days\n"}
,{"stream_name":"stdout","time":39034.507970936,"data":"Using 1 of 4 CPU threads\n"}
,{"stream_name":"stdout","time":39498.913110037,"data":"Searching for best T0 for period 13.65907 days\n"}
,{"stream_name":"stdout","time":39524.983070706,"data":"Transit Least Squares TLS 1.32 (5 Apr 2024)\n"}
,{"stream_name":"stdout","time":39525.009953803,"data":"Creating model cache for 43 durations\n"}
,{"stream_name":"stdout","time":39525.044024916,"data":"Searching 25845 data points, 63598 periods from 0.5 to 29.997 days\n"}
,{"stream_name":"stdout","time":39525.044222464,"data":"Using 1 of 4 CPU threads\n"}
,{"stream_name":"stdout","time":40015.920029592,"data":"Searching for best T0 for period 24.40607 days\n"}
,{"stream_name":"stderr","time":40029.209158518,"data":"/usr/local/lib/python3.13/dist-packages/transitleastsquares/main.py:411: UserWarning: 7 of 14 transits without data. The true period may be twice the given period.\n"}
,{"stream_name":"stderr","time":40029.209228763,"data":"  warnings.warn(text)\n"}
,{"stream_name":"stdout","time":40043.232511056,"data":"Transit Least Squares TLS 1.32 (5 Apr 2024)\n"}
,{"stream_name":"stdout","time":40043.247604397,"data":"Creating model cache for 43 durations\n"}
,{"stream_name":"stdout","time":40043.271637708,"data":"Searching 9983 data points, 34852 periods from 0.5 to 29.998 days\n"}
,{"stream_name":"stdout","time":40043.271678745,"data":"Using 1 of 4 CPU threads\n"}
,{"stream_name":"stdout","time":40734.672685024,"data":"Searching for best T0 for period 13.77889 days\n"}
,{"stream_name":"stderr","time":40739.115264985,"data":"/usr/local/lib/python3.13/dist-packages/transitleastsquares/main.py:411: UserWarning: 9 of 11 transits without data. The true period may be twice the given period.\n"}
,{"stream_name":"stderr","time":40739.115310927,"data":"  warnings.warn(text)\n"}
,{"stream_name":"stdout","time":40744.580880183,"data":"Transit Least Squares TLS 1.32 (5 Apr 2024)\n"}
,{"stream_name":"stdout","time":40744.583881854,"data":"Creating model cache for 38 durations\n"}
,{"stream_name":"stdout","time":40744.598373841,"data":"Searching 3731 data points, 5313 periods from 0.5 to 13.423 days\n"}
,{"stream_name":"stdout","time":40744.598647335,"data":"Using 1 of 4 CPU threads\n"}
,{"stream_name":"stdout","time":40803.103148555,"data":"Searching for best T0 for period 4.06494 days\n"}
,{"stream_name":"stdout","time":40813.76961632,"data":"Transit Least Squares TLS 1.32 (5 Apr 2024)\n"}
,{"stream_name":"stdout","time":40813.800400879,"data":"Creating model cache for 43 durations\n"}
,{"stream_name":"stdout","time":40813.838256753,"data":"Searching 24194 data points, 77821 periods from 0.5 to 30.0 days\n"}
,{"stream_name":"stdout","time":40813.838563456,"data":"Using 1 of 4 CPU threads\n"}
,{"stream_name":"stdout","time":40983.288099529,"data":"Searching for best T0 for period 0.65075 days\n"}
,{"stream_name":"stdout","time":41017.385778786,"data":"Transit Least Squares TLS 1.32 (5 Apr 2024)\n"}
,{"stream_name":"stdout","time":41017.391345526,"data":"Creating model cache for 43 durations\n"}
,{"stream_name":"stdout","time":41017.4078953,"data":"Searching 12351 data points, 12078 periods from 0.539 to 29.99 days\n"}
,{"stream_name":"stdout","time":41017.407938202,"data":"Using 1 of 4 CPU threads\n"}
,{"stream_name":"stdout","time":41262.966359349,"data":"Searching for best T0 for period 5.90339 days\n"}
,{"stream_name":"stdout","time":41278.366798843,"data":"Transit Least Squares TLS 1.32 (5 Apr 2024)\n"}
,{"stream_name":"stdout","time":41278.371261053,"data":"Creating model cache for 43 durations\n"}
,{"stream_name":"stdout","time":41278.387005278,"data":"Searching 9678 data points, 9148 periods from 0.539 to 29.984 days\n"}
,{"stream_name":"stdout","time":41278.387412899,"data":"Using 1 of 4 CPU threads\n"}
,{"stream_name":"stdout","time":41501.432090994,"data":"Searching for best T0 for period 2.23377 days\n"}
,{"stream_name":"stdout","time":41512.734839987,"data":"Searching for best T0 for period 9.84418 days\n"}
,{"stream_name":"stdout","time":41527.348697029,"data":"Transit Least Squares TLS 1.32 (5 Apr 2024)\n"}
,{"stream_name":"stdout","time":41527.359928711,"data":"Creating model cache for 43 durations\n"}
,{"stream_name":"stdout","time":41527.380641687,"data":"Searching 25800 data points, 24927 periods from 0.539 to 29.997 days\n"}
,{"stream_name":"stdout","time":41527.380820693,"data":"Using 1 of 4 CPU threads\n"}
,{"stream_name":"stdout","time":41527.989874644,"data":"Transit Least Squares TLS 1.32 (5 Apr 2024)\n"}
,{"stream_name":"stdout","time":41527.994472496,"data":"Creating model cache for 43 durations\n"}
,{"stream_name":"stdout","time":41528.010882183,"data":"Searching 11959 data points, 11323 periods from 0.571 to 29.982 days\n"}
,{"stream_name":"stdout","time":41528.011120141,"data":"Using 1 of 4 CPU threads\n"}
,{"stream_name":"stdout","time":41816.782333104,"data":"Searching for best T0 for period 2.82140 days\n"}
,{"stream_name":"stdout","time":41831.179609599,"data":"Transit Least Squares TLS 1.32 (5 Apr 2024)\n"}
,{"stream_name":"stdout","time":41831.186089706,"data":"Creating model cache for 43 durations\n"}
,{"stream_name":"stdout","time":41831.203715091,"data":"Searching 14879 data points, 14202 periods from 0.571 to 29.989 days\n"}
,{"stream_name":"stdout","time":41831.204195522,"data":"Using 1 of 4 CPU threads\n"}
,{"stream_name":"stdout","time":42473.920954764,"data":"Searching for best T0 for period 0.98049 days\n"}
,{"stream_name":"stdout","time":42724.373300612,"data":"Searching for best T0 for period 9.61074 days\n"}
]