[{"stream_name":"stdout","time":21.785624088,"data":"     ━━━━━━━━━━━━━━━━━━━━━━━━━━━━━━━━━━━━━━━━ 18.9/18.9 MB 49.1 MB/s eta 0:00:00\n"}
,{"stream_name":"stdout","time":358.149414923,"data":"     ━━━━━━━━━━━━━━━━━━━━━━━━━━━━━━━━━━━━━━━━ 62.1/62.1 kB 1.8 MB/s eta 0:00:00\n"}
,{"stream_name":"stdout","time":360.03914279,"data":"     ━━━━━━━━━━━━━━━━━━━━━━━━━━━━━━━━━━━━━━━━ 80.3/80.3 kB 2.1 MB/s eta 0:00:00\n"}
,{"stream_name":"stdout","time":362.486645673,"data":"     ━━━━━━━━━━━━━━━━━━━━━━━━━━━━━━━━━━━━━━━━ 41.2/41.2 kB 1.2 MB/s eta 0:00:00\n"}
,{"stream_name":"stdout","time":364.403495521,"data":"   ━━━━━━━━━━━━━━━━━━━━━━━━━━━━━━━━━━━━━━━━ 10.5/10.5 MB 59.4 MB/s eta 0:00:00\n"}
,{"stream_name":"stdout","time":364.588546008,"data":"   ━━━━━━━━━━━━━━━━━━━━━━━━━━━━━━━━━━━━━━━━ 11.1/11.1 MB 64.4 MB/s eta 0:00:00\n"}
,{"stream_name":"stdout","time":364.647550079,"data":"   ━━━━━━━━━━━━━━━━━━━━━━━━━━━━━━━━━━━━━━━━ 243.4/243.4 kB 6.1 MB/s eta 0:00:00\n"}
,{"stream_name":"stdout","time":364.703816408,"data":"   ━━━━━━━━━━━━━━━━━━━━━━━━━━━━━━━━━━━━━━━━ 377.7/377.7 kB 10.6 MB/s eta 0:00:00\n"}
,{"stream_name":"stdout","time":364.752041139,"data":"   ━━━━━━━━━━━━━━━━━━━━━━━━━━━━━━━━━━━━━━━━ 261.1/261.1 kB 9.0 MB/s eta 0:00:00\n"}
,{"stream_name":"stdout","time":364.943236216,"data":"   ━━━━━━━━━━━━━━━━━━━━━━━━━━━━━━━━━━━━━━━━ 9.9/9.9 MB 58.2 MB/s eta 0:00:00\n"}
,{"stream_name":"stdout","time":364.995374923,"data":"   ━━━━━━━━━━━━━━━━━━━━━━━━━━━━━━━━━━━━━━━━ 155.6/155.6 kB 4.5 MB/s eta 0:00:00\n"}
,{"stream_name":"stdout","time":365.143423637,"data":"   ━━━━━━━━━━━━━━━━━━━━━━━━━━━━━━━━━━━━━━━━ 9.1/9.1 MB 77.8 MB/s eta 0:00:00\n"}
,{"stream_name":"stdout","time":365.603234897,"data":"   ━━━━━━━━━━━━━━━━━━━━━━━━━━━━━━━━━━━━━━━━ 35.2/35.2 MB 36.1 MB/s eta 0:00:00\n"}
,{"stream_name":"stdout","time":365.646563546,"data":"   ━━━━━━━━━━━━━━━━━━━━━━━━━━━━━━━━━━━━━━━━ 47.5/47.5 kB 1.7 MB/s eta 0:00:00\n"}
,{"stream_name":"stdout","time":365.758999845,"data":"   ━━━━━━━━━━━━━━━━━━━━━━━━━━━━━━━━━━━━━━━━ 1.2/1.2 MB 30.4 MB/s eta 0:00:00\n"}
,{"stream_name":"stdout","time":365.813796793,"data":"   ━━━━━━━━━━━━━━━━━━━━━━━━━━━━━━━━━━━━━━━━ 60.1/60.1 kB 1.7 MB/s eta 0:00:00\n"}
,{"stream_name":"stderr","time":439.055898983,"data":"ERROR: pip's dependency resolver does not currently take into account all the packages that are installed. This behaviour is the source of the following dependency conflicts.\n"}
,{"stream_name":"stderr","time":439.055941289,"data":"bigframes 2.48.0 requires google-cloud-bigquery-storage\u003c3.0.0,\u003e=2.30.0, which is not installed.\n"}
,{"stream_name":"stderr","time":439.0559498,"data":"ydata-profiling 4.18.4 requires matplotlib\u003c=3.10,\u003e=3.5, but you have matplotlib 3.11.2 which is incompatible.\n"}
,{"stream_name":"stderr","time":439.056048152,"data":"ydata-profiling 4.18.4 requires scipy\u003c1.17,\u003e=1.8, but you have scipy 1.17.1 which is incompatible.\n"}
,{"stream_name":"stderr","time":439.056053649,"data":"mne 1.13.2 requires numpy\u003c3,\u003e=2.1, but you have numpy 2.0.2 which is incompatible.\n"}
,{"stream_name":"stderr","time":439.056058362,"data":"bayesian-optimization 3.3.0 requires numpy\u003e=2.1.3; python_full_version \u003e= \"3.13\", but you have numpy 2.0.2 which is incompatible.\n"}
,{"stream_name":"stderr","time":439.056063818,"data":"google-colab 1.0.0 requires jupyter-server==2.20.0, but you have jupyter-server 2.12.5 which is incompatible.\n"}
,{"stream_name":"stderr","time":439.056068008,"data":"google-colab 1.0.0 requires pandas==2.2.3, but you have pandas 2.3.3 which is incompatible.\n"}
,{"stream_name":"stderr","time":439.056071983,"data":"google-colab 1.0.0 requires requests==2.32.4, but you have requests 2.34.2 which is incompatible.\n"}
,{"stream_name":"stderr","time":439.056076346,"data":"dopamine-rl 4.1.2 requires gym\u003c=0.25.2, but you have gym 0.26.2 which is incompatible.\n"}
,{"stream_name":"stderr","time":439.056083917,"data":"moviepy 1.0.3 requires decorator\u003c5.0,\u003e=4.0.2, but you have decorator 5.3.1 which is incompatible.\n"}
,{"stream_name":"stderr","time":439.056088302,"data":"ml-dtypes 0.6.0 requires numpy\u003e=2.1.0; python_version \u003e= \"3.13\", but you have numpy 2.0.2 which is incompatible.\n"}
,{"stream_name":"stderr","time":439.056092671,"data":"jax 0.11.1 requires numpy\u003e=2.1, but you have numpy 2.0.2 which is incompatible.\n"}
,{"stream_name":"stderr","time":439.056096734,"data":"dm-tree 0.1.10 requires numpy\u003e=2.1.0; python_version \u003e= \"3.13\", but you have numpy 2.0.2 which is incompatible.\n"}
,{"stream_name":"stderr","time":439.056101052,"data":"tifffile 2026.8.23 requires numpy\u003e=2.1, but you have numpy 2.0.2 which is incompatible.\n"}
,{"stream_name":"stdout","time":442.565927273,"data":"search_tls_4of5: 379 injections on 158 hosts, cache /kaggle/input/datasets/srijeetbanerjee/exog-lc-cache-v1/cache\n"}
,{"stream_name":"stdout","time":463.679933773,"data":"Transit Least Squares TLS 1.32 (5 Apr 2024)\n"}
,{"stream_name":"stdout","time":463.737424376,"data":"Transit Least Squares TLS 1.32 (5 Apr 2024)\n"}
,{"stream_name":"stdout","time":463.81899,"data":"Creating model cache for 38 durations\n"}
,{"stream_name":"stdout","time":463.82942583,"data":"Searching 3329 data points, 1982 periods from 0.695 to 13.028 days\n"}
,{"stream_name":"stdout","time":463.829508654,"data":"Using 1 of 4 CPU threads\n"}
,{"stream_name":"stdout","time":463.880149071,"data":"Creating model cache for 37 durations\n"}
,{"stream_name":"stdout","time":463.891785174,"data":"Searching 3054 data points, 1924 periods from 0.659 to 12.038 days\n"}
,{"stream_name":"stdout","time":463.89183395,"data":"Using 1 of 4 CPU threads\n"}
,{"stream_name":"stdout","time":464.474422683,"data":"Transit Least Squares TLS 1.32 (5 Apr 2024)\n"}
,{"stream_name":"stdout","time":464.617635487,"data":"Creating model cache for 43 durations\n"}
,{"stream_name":"stdout","time":464.632150229,"data":"Searching 5651 data points, 3656 periods from 0.856 to 26.989 days\n"}
,{"stream_name":"stdout","time":464.632509574,"data":"Using 1 of 4 CPU threads\n"}
,{"stream_name":"stdout","time":464.702211211,"data":"Transit Least Squares TLS 1.32 (5 Apr 2024)\n"}
,{"stream_name":"stdout","time":464.846993845,"data":"Creating model cache for 43 durations\n"}
,{"stream_name":"stdout","time":464.862334879,"data":"Searching 7246 data points, 5970 periods from 0.567 to 27.506 days\n"}
,{"stream_name":"stdout","time":464.862493017,"data":"Using 1 of 4 CPU threads\n"}
,{"stream_name":"stdout","time":479.561705692,"data":"Searching for best T0 for period 7.31189 days\n"}
,{"stream_name":"stdout","time":479.975703457,"data":"Searching for best T0 for period 6.01735 days\n"}
,{"stream_name":"stdout","time":483.822708735,"data":"Transit Least Squares TLS 1.32 (5 Apr 2024)\n"}
,{"stream_name":"stdout","time":483.823948754,"data":"Creating model cache for 38 durations\n"}
,{"stream_name":"stdout","time":483.834644675,"data":"Searching 3329 data points, 1982 periods from 0.695 to 13.028 days\n"}
,{"stream_name":"stdout","time":483.834800031,"data":"Using 1 of 4 CPU threads\n"}
,{"stream_name":"stdout","time":485.289800603,"data":"Transit Least Squares TLS 1.32 (5 Apr 2024)\n"}
,{"stream_name":"stdout","time":485.292798714,"data":"Creating model cache for 43 durations\n"}
,{"stream_name":"stdout","time":485.307643704,"data":"Searching 9600 data points, 7262 periods from 0.659 to 29.977 days\n"}
,{"stream_name":"stdout","time":485.307775032,"data":"Using 1 of 4 CPU threads\n"}
,{"stream_name":"stdout","time":505.061165288,"data":"Searching for best T0 for period 0.79917 days\n"}
,{"stream_name":"stdout","time":509.825192903,"data":"Transit Least Squares TLS 1.32 (5 Apr 2024)\n"}
,{"stream_name":"stdout","time":509.826326831,"data":"Creating model cache for 38 durations\n"}
,{"stream_name":"stdout","time":509.839934946,"data":"Searching 3329 data points, 1982 periods from 0.695 to 13.028 days\n"}
,{"stream_name":"stdout","time":509.839967629,"data":"Using 1 of 4 CPU threads\n"}
,{"stream_name":"stdout","time":512.104685194,"data":"Searching for best T0 for period 1.07626 days\n"}
,{"stream_name":"stdout","time":520.29631693,"data":"Transit Least Squares TLS 1.32 (5 Apr 2024)\n"}
,{"stream_name":"stdout","time":520.299826969,"data":"Creating model cache for 42 durations\n"}
,{"stream_name":"stdout","time":520.310386792,"data":"Searching 6140 data points, 2914 periods from 0.975 to 25.298 days\n"}
,{"stream_name":"stdout","time":520.310532482,"data":"Using 1 of 4 CPU threads\n"}
,{"stream_name":"stdout","time":522.390551853,"data":"Searching for best T0 for period 2.89398 days\n"}
,{"stream_name":"stdout","time":526.13418439,"data":"Transit Least Squares TLS 1.32 (5 Apr 2024)\n"}
,{"stream_name":"stdout","time":526.135640448,"data":"Creating model cache for 38 durations\n"}
,{"stream_name":"stdout","time":526.146796208,"data":"Searching 3329 data points, 1982 periods from 0.695 to 13.028 days\n"}
,{"stream_name":"stdout","time":526.146931306,"data":"Using 1 of 4 CPU threads\n"}
,{"stream_name":"stdout","time":540.190976636,"data":"Searching for best T0 for period 2.77432 days\n"}
,{"stream_name":"stdout","time":545.880132308,"data":"Transit Least Squares TLS 1.32 (5 Apr 2024)\n"}
,{"stream_name":"stdout","time":545.882234038,"data":"Creating model cache for 42 durations\n"}
,{"stream_name":"stdout","time":545.895140625,"data":"Searching 5407 data points, 5189 periods from 0.592 to 25.36 days\n"}
,{"stream_name":"stdout","time":545.895285956,"data":"Using 1 of 4 CPU threads\n"}
,{"stream_name":"stdout","time":559.912352002,"data":"Searching for best T0 for period 9.65098 days\n"}
,{"stream_name":"stdout","time":565.154946088,"data":"Transit Least Squares TLS 1.32 (5 Apr 2024)\n"}
,{"stream_name":"stdout","time":565.155876902,"data":"Creating model cache for 37 durations\n"}
,{"stream_name":"stdout","time":565.166117554,"data":"Searching 3084 data points, 1203 periods from 0.974 to 12.149 days\n"}
,{"stream_name":"stdout","time":565.166292895,"data":"Using 1 of 4 CPU threads\n"}
,{"stream_name":"stdout","time":573.527296776,"data":"Searching for best T0 for period 6.59270 days\n"}
,{"stream_name":"stderr","time":574.10520171,"data":"/usr/local/lib/python3.13/dist-packages/transitleastsquares/main.py:411: UserWarning: 2 of 3 transits without data. The true period may be twice the given period.\n"}
,{"stream_name":"stderr","time":574.105236663,"data":"  warnings.warn(text)\n"}
,{"stream_name":"stdout","time":577.720065001,"data":"Transit Least Squares TLS 1.32 (5 Apr 2024)\n"}
,{"stream_name":"stdout","time":577.721800008,"data":"Creating model cache for 42 durations\n"}
,{"stream_name":"stdout","time":577.734677052,"data":"Searching 6140 data points, 2914 periods from 0.975 to 25.298 days\n"}
,{"stream_name":"stdout","time":577.734971344,"data":"Using 1 of 4 CPU threads\n"}
,{"stream_name":"stdout","time":582.986509032,"data":"Searching for best T0 for period 2.25582 days\n"}
,{"stream_name":"stdout","time":591.442468674,"data":"Transit Least Squares TLS 1.32 (5 Apr 2024)\n"}
,{"stream_name":"stdout","time":591.444688005,"data":"Creating model cache for 43 durations\n"}
,{"stream_name":"stdout","time":591.460625833,"data":"Searching 7246 data points, 5970 periods from 0.567 to 27.506 days\n"}
,{"stream_name":"stdout","time":591.460799643,"data":"Using 1 of 4 CPU threads\n"}
,{"stream_name":"stdout","time":610.625338527,"data":"Searching for best T0 for period 10.47173 days\n"}
,{"stream_name":"stdout","time":617.724529476,"data":"Transit Least Squares TLS 1.32 (5 Apr 2024)\n"}
,{"stream_name":"stdout","time":617.726447486,"data":"Creating model cache for 43 durations\n"}
,{"stream_name":"stdout","time":617.740956518,"data":"Searching 5678 data points, 3242 periods from 0.934 to 26.533 days\n"}
,{"stream_name":"stdout","time":617.740996838,"data":"Using 1 of 4 CPU threads\n"}
,{"stream_name":"stdout","time":622.651099962,"data":"Searching for best T0 for period 2.35453 days\n"}
,{"stream_name":"stdout","time":624.586345986,"data":"Searching for best T0 for period 7.71132 days\n"}
,{"stream_name":"stdout","time":628.744774323,"data":"Transit Least Squares TLS 1.32 (5 Apr 2024)\n"}
,{"stream_name":"stdout","time":628.746293046,"data":"Creating model cache for 37 durations\n"}
,{"stream_name":"stdout","time":628.75698896,"data":"Searching 3190 data points, 2998 periods from 0.5 to 12.093 days\n"}
,{"stream_name":"stdout","time":628.757084034,"data":"Using 1 of 4 CPU threads\n"}
,{"stream_name":"stdout","time":632.846832596,"data":"Transit Least Squares TLS 1.32 (5 Apr 2024)\n"}
,{"stream_name":"stdout","time":632.847768868,"data":"Creating model cache for 36 durations\n"}
,{"stream_name":"stdout","time":632.8574455,"data":"Searching 2542 data points, 2175 periods from 0.501 to 10.135 days\n"}
,{"stream_name":"stdout","time":632.857515798,"data":"Using 1 of 4 CPU threads\n"}
,{"stream_name":"stdout","time":648.057249205,"data":"Searching for best T0 for period 0.71883 days\n"}
,{"stream_name":"stdout","time":651.879811685,"data":"Searching for best T0 for period 0.71744 days\n"}
,{"stream_name":"stdout","time":653.63589724,"data":"Transit Least Squares TLS 1.32 (5 Apr 2024)\n"}
,{"stream_name":"stdout","time":653.639065961,"data":"Creating model cache for 42 durations\n"}
,{"stream_name":"stdout","time":653.653714967,"data":"Searching 6462 data points, 7607 periods from 0.5 to 26.025 days\n"}
,{"stream_name":"stdout","time":653.653836839,"data":"Using 1 of 4 CPU threads\n"}
,{"stream_name":"stdout","time":657.468082299,"data":"Transit Least Squares TLS 1.32 (5 Apr 2024)\n"}
,{"stream_name":"stdout","time":657.473735222,"data":"Creating model cache for 43 durations\n"}
,{"stream_name":"stdout","time":657.489118599,"data":"Searching 9272 data points, 10409 periods from 0.789 to 29.986 days\n"}
,{"stream_name":"stdout","time":657.48920182,"data":"Using 1 of 4 CPU threads\n"}
,{"stream_name":"stdout","time":677.981863935,"data":"Searching for best T0 for period 1.18328 days\n"}
,{"stream_name":"stdout","time":685.209233352,"data":"Transit Least Squares TLS 1.32 (5 Apr 2024)\n"}
,{"stream_name":"stdout","time":685.210824337,"data":"Creating model cache for 37 durations\n"}
,{"stream_name":"stdout","time":685.221409063,"data":"Searching 2852 data points, 1258 periods from 0.934 to 12.058 days\n"}
,{"stream_name":"stdout","time":685.221791328,"data":"Using 1 of 4 CPU threads\n"}
,{"stream_name":"stdout","time":694.232637775,"data":"Searching for best T0 for period 1.16532 days\n"}
,{"stream_name":"stdout","time":700.894122673,"data":"Transit Least Squares TLS 1.32 (5 Apr 2024)\n"}
,{"stream_name":"stdout","time":700.89839399,"data":"Creating model cache for 43 durations\n"}
,{"stream_name":"stdout","time":700.912820678,"data":"Searching 8813 data points, 11073 periods from 0.5 to 29.983 days\n"}
,{"stream_name":"stdout","time":700.913061619,"data":"Using 1 of 4 CPU threads\n"}
,{"stream_name":"stdout","time":723.066579461,"data":"Searching for best T0 for period 0.61613 days\n"}
,{"stream_name":"stdout","time":731.691376708,"data":"Transit Least Squares TLS 1.32 (5 Apr 2024)\n"}
,{"stream_name":"stdout","time":731.69311199,"data":"Creating model cache for 42 durations\n"}
,{"stream_name":"stdout","time":731.705115733,"data":"Searching 4322 data points, 4128 periods from 0.667 to 23.368 days\n"}
,{"stream_name":"stdout","time":731.705269835,"data":"Using 1 of 4 CPU threads\n"}
,{"stream_name":"stdout","time":770.762901234,"data":"Searching for best T0 for period 8.07504 days\n"}
,{"stream_name":"stderr","time":771.762769573,"data":"/usr/local/lib/python3.13/dist-packages/transitleastsquares/main.py:411: UserWarning: 3 of 6 transits without data. The true period may be twice the given period.\n"}
,{"stream_name":"stderr","time":771.76280902,"data":"  warnings.warn(text)\n"}
,{"stream_name":"stdout","time":775.404362591,"data":"Transit Least Squares TLS 1.32 (5 Apr 2024)\n"}
,{"stream_name":"stdout","time":775.406458824,"data":"Creating model cache for 42 durations\n"}
,{"stream_name":"stdout","time":775.42083224,"data":"Searching 4322 data points, 4128 periods from 0.667 to 23.368 days\n"}
,{"stream_name":"stdout","time":775.420889579,"data":"Using 1 of 4 CPU threads\n"}
,{"stream_name":"stdout","time":793.168405955,"data":"Searching for best T0 for period 1.64561 days\n"}
,{"stream_name":"stdout","time":800.14363051,"data":"Transit Least Squares TLS 1.32 (5 Apr 2024)\n"}
,{"stream_name":"stdout","time":800.14545992,"data":"Creating model cache for 42 durations\n"}
,{"stream_name":"stdout","time":800.158144371,"data":"Searching 6152 data points, 4232 periods from 0.701 to 25.089 days\n"}
,{"stream_name":"stdout","time":800.158241292,"data":"Using 1 of 4 CPU threads\n"}
,{"stream_name":"stdout","time":819.004074509,"data":"Searching for best T0 for period 12.43620 days\n"}
,{"stream_name":"stdout","time":823.33561385,"data":"Transit Least Squares TLS 1.32 (5 Apr 2024)\n"}
,{"stream_name":"stdout","time":823.339908963,"data":"Creating model cache for 42 durations\n"}
,{"stream_name":"stdout","time":823.350012174,"data":"Searching 4322 data points, 4128 periods from 0.667 to 23.368 days\n"}
,{"stream_name":"stdout","time":823.350201531,"data":"Using 1 of 4 CPU threads\n"}
,{"stream_name":"stdout","time":862.566611254,"data":"Searching for best T0 for period 12.98445 days\n"}
,{"stream_name":"stderr","time":863.469952487,"data":"/usr/local/lib/python3.13/dist-packages/transitleastsquares/stats.py:458: RuntimeWarning: divide by zero encountered in scalar divide\n"}
,{"stream_name":"stderr","time":863.470008349,"data":"  snr_pink_per_transit[i] = (1 - mean_flux) / pinknoise\n"}
,{"stream_name":"stderr","time":863.47582158,"data":"/usr/local/lib/python3.13/dist-packages/transitleastsquares/main.py:411: UserWarning: 2 of 4 transits without data. The true period may be twice the given period.\n"}
,{"stream_name":"stderr","time":863.475874208,"data":"  warnings.warn(text)\n"}
,{"stream_name":"stdout","time":867.386937459,"data":"Transit Least Squares TLS 1.32 (5 Apr 2024)\n"}
,{"stream_name":"stdout","time":867.389031547,"data":"Creating model cache for 43 durations\n"}
,{"stream_name":"stdout","time":867.403479969,"data":"Searching 6450 data points, 5025 periods from 0.645 to 26.868 days\n"}
,{"stream_name":"stdout","time":867.403607192,"data":"Using 1 of 4 CPU threads\n"}
,{"stream_name":"stdout","time":883.345077105,"data":"Searching for best T0 for period 1.39273 days\n"}
,{"stream_name":"stdout","time":893.735142133,"data":"Transit Least Squares TLS 1.32 (5 Apr 2024)\n"}
,{"stream_name":"stdout","time":893.747587154,"data":"Creating model cache for 43 durations\n"}
,{"stream_name":"stdout","time":893.772557494,"data":"Searching 10178 data points, 33752 periods from 0.5 to 29.999 days\n"}
,{"stream_name":"stdout","time":893.772920865,"data":"Using 1 of 4 CPU threads\n"}
,{"stream_name":"stdout","time":924.896339499,"data":"Searching for best T0 for period 0.67475 days\n"}
,{"stream_name":"stdout","time":934.027661509,"data":"Transit Least Squares TLS 1.32 (5 Apr 2024)\n"}
,{"stream_name":"stdout","time":934.030108867,"data":"Creating model cache for 43 durations\n"}
,{"stream_name":"stdout","time":934.044614312,"data":"Searching 6450 data points, 5025 periods from 0.645 to 26.868 days\n"}
,{"stream_name":"stdout","time":934.044851741,"data":"Using 1 of 4 CPU threads\n"}
,{"stream_name":"stdout","time":940.904859385,"data":"Searching for best T0 for period 0.90431 days\n"}
,{"stream_name":"stderr","time":942.090562469,"data":"/usr/local/lib/python3.13/dist-packages/transitleastsquares/main.py:411: UserWarning: 82 of 153 transits without data. The true period may be twice the given period.\n"}
,{"stream_name":"stderr","time":942.090608954,"data":"  warnings.warn(text)\n"}
,{"stream_name":"stdout","time":948.373582507,"data":"Searching for best T0 for period 2.60873 days\n"}
,{"stream_name":"stdout","time":953.343657613,"data":"Transit Least Squares TLS 1.32 (5 Apr 2024)\n"}
,{"stream_name":"stdout","time":953.345977017,"data":"Creating model cache for 42 durations\n"}
,{"stream_name":"stdout","time":953.358737765,"data":"Searching 6492 data points, 4855 periods from 0.622 to 25.132 days\n"}
,{"stream_name":"stdout","time":953.358975325,"data":"Using 1 of 4 CPU threads\n"}
,{"stream_name":"stdout","time":958.173650699,"data":"Transit Least Squares TLS 1.32 (5 Apr 2024)\n"}
,{"stream_name":"stdout","time":958.178224171,"data":"Creating model cache for 43 durations\n"}
,{"stream_name":"stdout","time":958.194299205,"data":"Searching 8813 data points, 11073 periods from 0.5 to 29.983 days\n"}
,{"stream_name":"stdout","time":958.194370569,"data":"Using 1 of 4 CPU threads\n"}
,{"stream_name":"stdout","time":1024.296506392,"data":"Searching for best T0 for period 2.85132 days\n"}
,{"stream_name":"stdout","time":1031.6952367,"data":"Transit Least Squares TLS 1.32 (5 Apr 2024)\n"}
,{"stream_name":"stdout","time":1031.697482547,"data":"Creating model cache for 43 durations\n"}
,{"stream_name":"stdout","time":1031.713802826,"data":"Searching 6450 data points, 5025 periods from 0.645 to 26.868 days\n"}
,{"stream_name":"stdout","time":1031.713970751,"data":"Using 1 of 4 CPU threads\n"}
,{"stream_name":"stdout","time":1041.662598424,"data":"Searching for best T0 for period 3.52833 days\n"}
,{"stream_name":"stdout","time":1048.994523007,"data":"Transit Least Squares TLS 1.32 (5 Apr 2024)\n"}
,{"stream_name":"stdout","time":1048.996853884,"data":"Creating model cache for 42 durations\n"}
,{"stream_name":"stdout","time":1049.011239058,"data":"Searching 6492 data points, 4855 periods from 0.622 to 25.132 days\n"}
,{"stream_name":"stdout","time":1049.011831769,"data":"Using 1 of 4 CPU threads\n"}
,{"stream_name":"stdout","time":1113.30317854,"data":"Searching for best T0 for period 6.17383 days\n"}
,{"stream_name":"stdout","time":1119.304854883,"data":"Transit Least Squares TLS 1.32 (5 Apr 2024)\n"}
,{"stream_name":"stdout","time":1119.308865378,"data":"Creating model cache for 38 durations\n"}
,{"stream_name":"stdout","time":1119.319286158,"data":"Searching 3448 data points, 3216 periods from 0.5 to 12.747 days\n"}
,{"stream_name":"stdout","time":1119.31970295,"data":"Using 1 of 4 CPU threads\n"}
,{"stream_name":"stdout","time":1121.687638282,"data":"Searching for best T0 for period 2.35381 days\n"}
,{"stream_name":"stdout","time":1131.507009766,"data":"Transit Least Squares TLS 1.32 (5 Apr 2024)\n"}
,{"stream_name":"stdout","time":1131.509654022,"data":"Creating model cache for 42 durations\n"}
,{"stream_name":"stdout","time":1131.523564792,"data":"Searching 6796 data points, 6214 periods from 0.501 to 25.17 days\n"}
,{"stream_name":"stdout","time":1131.523783398,"data":"Using 1 of 4 CPU threads\n"}
,{"stream_name":"stdout","time":1143.159950743,"data":"Searching for best T0 for period 2.57622 days\n"}
,{"stream_name":"stdout","time":1144.077528156,"data":"Searching for best T0 for period 1.16911 days\n"}
,{"stream_name":"stdout","time":1147.876012788,"data":"Transit Least Squares TLS 1.32 (5 Apr 2024)\n"}
,{"stream_name":"stdout","time":1147.878001695,"data":"Creating model cache for 38 durations\n"}
,{"stream_name":"stdout","time":1147.888862004,"data":"Searching 3448 data points, 3216 periods from 0.5 to 12.747 days\n"}
,{"stream_name":"stdout","time":1147.889206175,"data":"Using 1 of 4 CPU threads\n"}
,{"stream_name":"stdout","time":1151.472520929,"data":"Transit Least Squares TLS 1.32 (5 Apr 2024)\n"}
,{"stream_name":"stdout","time":1151.473565637,"data":"Creating model cache for 37 durations\n"}
,{"stream_name":"stdout","time":1151.487931302,"data":"Searching 3256 data points, 2084 periods from 0.622 to 12.155 days\n"}
,{"stream_name":"stdout","time":1151.487969334,"data":"Using 1 of 4 CPU threads\n"}
,{"stream_name":"stdout","time":1170.286368342,"data":"Searching for best T0 for period 0.76992 days\n"}
,{"stream_name":"stdout","time":1171.593625466,"data":"Searching for best T0 for period 3.43159 days\n"}
,{"stream_name":"stdout","time":1175.750941887,"data":"Transit Least Squares TLS 1.32 (5 Apr 2024)\n"}
,{"stream_name":"stdout","time":1175.753875577,"data":"Creating model cache for 38 durations\n"}
,{"stream_name":"stdout","time":1175.767416348,"data":"Searching 3448 data points, 3216 periods from 0.5 to 12.747 days\n"}
,{"stream_name":"stdout","time":1175.767668161,"data":"Using 1 of 4 CPU threads\n"}
,{"stream_name":"stdout","time":1175.960544815,"data":"Transit Least Squares TLS 1.32 (5 Apr 2024)\n"}
,{"stream_name":"stdout","time":1175.9639202,"data":"Creating model cache for 42 durations\n"}
,{"stream_name":"stdout","time":1175.978455897,"data":"Searching 4939 data points, 6325 periods from 0.5 to 25.324 days\n"}
,{"stream_name":"stdout","time":1175.978676907,"data":"Using 1 of 4 CPU threads\n"}
,{"stream_name":"stdout","time":1205.895194199,"data":"Searching for best T0 for period 4.99206 days\n"}
,{"stream_name":"stdout","time":1210.390421562,"data":"Transit Least Squares TLS 1.32 (5 Apr 2024)\n"}
,{"stream_name":"stdout","time":1210.392492745,"data":"Creating model cache for 43 durations\n"}
,{"stream_name":"stdout","time":1210.405311204,"data":"Searching 6576 data points, 4875 periods from 0.658 to 26.687 days\n"}
,{"stream_name":"stdout","time":1210.405592935,"data":"Using 1 of 4 CPU threads\n"}
,{"stream_name":"stdout","time":1234.282415525,"data":"Searching for best T0 for period 11.45526 days\n"}
,{"stream_name":"stdout","time":1241.231566776,"data":"Transit Least Squares TLS 1.32 (5 Apr 2024)\n"}
,{"stream_name":"stdout","time":1241.233533054,"data":"Creating model cache for 37 durations\n"}
,{"stream_name":"stdout","time":1241.247118297,"data":"Searching 3332 data points, 2712 periods from 0.501 to 12.218 days\n"}
,{"stream_name":"stdout","time":1241.247274711,"data":"Using 1 of 4 CPU threads\n"}
,{"stream_name":"stdout","time":1261.736184698,"data":"Searching for best T0 for period 2.16766 days\n"}
,{"stream_name":"stderr","time":1262.969729917,"data":"/usr/local/lib/python3.13/dist-packages/transitleastsquares/main.py:411: UserWarning: 9 of 24 transits without data. The true period may be twice the given period.\n"}
,{"stream_name":"stderr","time":1262.969793175,"data":"  warnings.warn(text)\n"}
,{"stream_name":"stdout","time":1263.364148051,"data":"Searching for best T0 for period 1.34915 days\n"}
,{"stream_name":"stdout","time":1267.38682795,"data":"Transit Least Squares TLS 1.32 (5 Apr 2024)\n"}
,{"stream_name":"stdout","time":1267.389852302,"data":"Creating model cache for 42 durations\n"}
,{"stream_name":"stdout","time":1267.402346778,"data":"Searching 4939 data points, 6325 periods from 0.5 to 25.324 days\n"}
,{"stream_name":"stdout","time":1267.40252599,"data":"Using 1 of 4 CPU threads\n"}
,{"stream_name":"stdout","time":1269.52867653,"data":"Transit Least Squares TLS 1.32 (5 Apr 2024)\n"}
,{"stream_name":"stdout","time":1269.530983471,"data":"Creating model cache for 43 durations\n"}
,{"stream_name":"stdout","time":1269.544393558,"data":"Searching 6625 data points, 4149 periods from 0.741 to 26.09 days\n"}
,{"stream_name":"stdout","time":1269.544767204,"data":"Using 1 of 4 CPU threads\n"}
,{"stream_name":"stdout","time":1272.082139653,"data":"Searching for best T0 for period 14.26056 days\n"}
,{"stream_name":"stdout","time":1278.526253758,"data":"Transit Least Squares TLS 1.32 (5 Apr 2024)\n"}
,{"stream_name":"stdout","time":1278.527601224,"data":"Creating model cache for 38 durations\n"}
,{"stream_name":"stdout","time":1278.542669678,"data":"Searching 3753 data points, 2554 periods from 0.601 to 13.938 days\n"}
,{"stream_name":"stdout","time":1278.542784468,"data":"Using 1 of 4 CPU threads\n"}
,{"stream_name":"stdout","time":1305.632394213,"data":"Searching for best T0 for period 9.28423 days\n"}
,{"stream_name":"stdout","time":1309.344105656,"data":"Transit Least Squares TLS 1.32 (5 Apr 2024)\n"}
,{"stream_name":"stdout","time":1309.345900878,"data":"Creating model cache for 38 durations\n"}
,{"stream_name":"stdout","time":1309.357652815,"data":"Searching 3753 data points, 2554 periods from 0.601 to 13.938 days\n"}
,{"stream_name":"stdout","time":1309.358031676,"data":"Using 1 of 4 CPU threads\n"}
,{"stream_name":"stdout","time":1329.344524897,"data":"Searching for best T0 for period 7.04707 days\n"}
,{"stream_name":"stdout","time":1334.293377685,"data":"Transit Least Squares TLS 1.32 (5 Apr 2024)\n"}
,{"stream_name":"stdout","time":1334.294680906,"data":"Creating model cache for 38 durations\n"}
,{"stream_name":"stdout","time":1334.306168532,"data":"Searching 3753 data points, 2554 periods from 0.601 to 13.938 days\n"}
,{"stream_name":"stdout","time":1334.306278407,"data":"Using 1 of 4 CPU threads\n"}
,{"stream_name":"stdout","time":1335.123929842,"data":"Searching for best T0 for period 19.97016 days\n"}
,{"stream_name":"stderr","time":1336.225236996,"data":"/usr/local/lib/python3.13/dist-packages/transitleastsquares/main.py:411: UserWarning: 1 of 3 transits without data. The true period may be twice the given period.\n"}
,{"stream_name":"stderr","time":1336.225280846,"data":"  warnings.warn(text)\n"}
,{"stream_name":"stdout","time":1339.979598368,"data":"Transit Least Squares TLS 1.32 (5 Apr 2024)\n"}
,{"stream_name":"stdout","time":1339.981571766,"data":"Creating model cache for 42 durations\n"}
,{"stream_name":"stdout","time":1339.993739846,"data":"Searching 6024 data points, 4406 periods from 0.683 to 25.32 days\n"}
,{"stream_name":"stdout","time":1339.993894814,"data":"Using 1 of 4 CPU threads\n"}
,{"stream_name":"stdout","time":1359.340108319,"data":"Searching for best T0 for period 0.93531 days\n"}
,{"stream_name":"stdout","time":1362.548843938,"data":"Searching for best T0 for period 2.37341 days\n"}
,{"stream_name":"stdout","time":1366.552654034,"data":"Transit Least Squares TLS 1.32 (5 Apr 2024)\n"}
,{"stream_name":"stdout","time":1366.554169741,"data":"Creating model cache for 38 durations\n"}
,{"stream_name":"stdout","time":1366.566205242,"data":"Searching 3342 data points, 2766 periods from 0.53 to 13.156 days\n"}
,{"stream_name":"stdout","time":1366.566323374,"data":"Using 1 of 4 CPU threads\n"}
,{"stream_name":"stdout","time":1366.731620131,"data":"Transit Least Squares TLS 1.32 (5 Apr 2024)\n"}
,{"stream_name":"stdout","time":1366.735872907,"data":"Creating model cache for 38 durations\n"}
,{"stream_name":"stdout","time":1366.744826913,"data":"Searching 3753 data points, 2554 periods from 0.601 to 13.938 days\n"}
,{"stream_name":"stdout","time":1366.745222635,"data":"Using 1 of 4 CPU threads\n"}
,{"stream_name":"stdout","time":1385.989135429,"data":"Searching for best T0 for period 10.02166 days\n"}
,{"stream_name":"stdout","time":1386.29569686,"data":"Searching for best T0 for period 4.62426 days\n"}
,{"stream_name":"stderr","time":1386.66125977,"data":"/usr/local/lib/python3.13/dist-packages/transitleastsquares/main.py:411: UserWarning: 1 of 3 transits without data. The true period may be twice the given period.\n"}
,{"stream_name":"stderr","time":1386.661316654,"data":"  warnings.warn(text)\n"}
,{"stream_name":"stdout","time":1387.482805948,"data":"Searching for best T0 for period 21.49030 days\n"}
,{"stream_name":"stdout","time":1390.257944893,"data":"Transit Least Squares TLS 1.32 (5 Apr 2024)\n"}
,{"stream_name":"stdout","time":1390.261896035,"data":"Creating model cache for 43 durations\n"}
,{"stream_name":"stdout","time":1390.276278539,"data":"Searching 6833 data points, 8691 periods from 0.5 to 27.756 days\n"}
,{"stream_name":"stdout","time":1390.276387191,"data":"Using 1 of 4 CPU threads\n"}
,{"stream_name":"stdout","time":1392.081525831,"data":"Transit Least Squares TLS 1.32 (5 Apr 2024)\n"}
,{"stream_name":"stdout","time":1392.095771945,"data":"Creating model cache for 43 durations\n"}
,{"stream_name":"stdout","time":1392.123706781,"data":"Searching 6375 data points, 36212 periods from 0.5 to 29.996 days\n"}
,{"stream_name":"stdout","time":1392.123764432,"data":"Using 1 of 4 CPU threads\n"}
,{"stream_name":"stdout","time":1393.804215639,"data":"Transit Least Squares TLS 1.32 (5 Apr 2024)\n"}
,{"stream_name":"stdout","time":1393.806139605,"data":"Creating model cache for 42 durations\n"}
,{"stream_name":"stdout","time":1393.818473845,"data":"Searching 6024 data points, 4406 periods from 0.683 to 25.32 days\n"}
,{"stream_name":"stdout","time":1393.818654952,"data":"Using 1 of 4 CPU threads\n"}
,{"stream_name":"stdout","time":1443.310688338,"data":"Searching for best T0 for period 2.59063 days\n"}
,{"stream_name":"stdout","time":1450.477160093,"data":"Transit Least Squares TLS 1.32 (5 Apr 2024)\n"}
,{"stream_name":"stdout","time":1450.479528831,"data":"Creating model cache for 42 durations\n"}
,{"stream_name":"stdout","time":1450.492328408,"data":"Searching 6024 data points, 4406 periods from 0.683 to 25.32 days\n"}
,{"stream_name":"stdout","time":1450.492827907,"data":"Using 1 of 4 CPU threads\n"}
,{"stream_name":"stdout","time":1508.827052893,"data":"Searching for best T0 for period 1.83180 days\n"}
,{"stream_name":"stdout","time":1516.221401027,"data":"Transit Least Squares TLS 1.32 (5 Apr 2024)\n"}
,{"stream_name":"stdout","time":1516.222481409,"data":"Creating model cache for 38 durations\n"}
,{"stream_name":"stdout","time":1516.233885358,"data":"Searching 3089 data points, 2026 periods from 0.682 to 13.02 days\n"}
,{"stream_name":"stdout","time":1516.234062127,"data":"Using 1 of 4 CPU threads\n"}
,{"stream_name":"stdout","time":1522.683623436,"data":"Searching for best T0 for period 1.07968 days\n"}
,{"stream_name":"stdout","time":1531.382677542,"data":"Transit Least Squares TLS 1.32 (5 Apr 2024)\n"}
,{"stream_name":"stdout","time":1531.38676764,"data":"Creating model cache for 43 durations\n"}
,{"stream_name":"stdout","time":1531.403337418,"data":"Searching 6833 data points, 8691 periods from 0.5 to 27.756 days\n"}
,{"stream_name":"stdout","time":1531.403584893,"data":"Using 1 of 4 CPU threads\n"}
,{"stream_name":"stdout","time":1536.067725884,"data":"Searching for best T0 for period 1.13880 days\n"}
,{"stream_name":"stdout","time":1540.356361638,"data":"Transit Least Squares TLS 1.32 (5 Apr 2024)\n"}
,{"stream_name":"stdout","time":1540.358735123,"data":"Creating model cache for 38 durations\n"}
,{"stream_name":"stdout","time":1540.37301596,"data":"Searching 3213 data points, 3227 periods from 0.5 to 13.16 days\n"}
,{"stream_name":"stdout","time":1540.373050922,"data":"Using 1 of 4 CPU threads\n"}
,{"stream_name":"stdout","time":1564.606658137,"data":"Searching for best T0 for period 0.53265 days\n"}
,{"stream_name":"stdout","time":1569.732617882,"data":"Transit Least Squares TLS 1.32 (5 Apr 2024)\n"}
,{"stream_name":"stdout","time":1569.734385276,"data":"Creating model cache for 38 durations\n"}
,{"stream_name":"stdout","time":1569.746674462,"data":"Searching 3213 data points, 3227 periods from 0.5 to 13.16 days\n"}
,{"stream_name":"stdout","time":1569.746804745,"data":"Using 1 of 4 CPU threads\n"}
,{"stream_name":"stdout","time":1591.729637298,"data":"Searching for best T0 for period 8.51072 days\n"}
,{"stream_name":"stdout","time":1594.90765545,"data":"Searching for best T0 for period 2.00566 days\n"}
,{"stream_name":"stderr","time":1595.537368983,"data":"/usr/local/lib/python3.13/dist-packages/numpy/_core/_methods.py:218: RuntimeWarning: Degrees of freedom \u003c= 0 for slice\n"}
,{"stream_name":"stderr","time":1595.537436096,"data":"  ret = _var(a, axis=axis, dtype=dtype, out=out, ddof=ddof,\n"}
,{"stream_name":"stderr","time":1595.537498804,"data":"/usr/local/lib/python3.13/dist-packages/numpy/_core/_methods.py:175: RuntimeWarning: invalid value encountered in divide\n"}
,{"stream_name":"stderr","time":1595.537507907,"data":"  arrmean = um.true_divide(arrmean, div, out=arrmean,\n"}
,{"stream_name":"stderr","time":1595.537700599,"data":"/usr/local/lib/python3.13/dist-packages/numpy/_core/_methods.py:210: RuntimeWarning: invalid value encountered in scalar divide\n"}
,{"stream_name":"stderr","time":1595.537732854,"data":"  ret = ret.dtype.type(ret / rcount)\n"}
,{"stream_name":"stderr","time":1596.211789906,"data":"/usr/local/lib/python3.13/dist-packages/transitleastsquares/stats.py:458: RuntimeWarning: divide by zero encountered in scalar divide\n"}
,{"stream_name":"stderr","time":1596.211825264,"data":"  snr_pink_per_transit[i] = (1 - mean_flux) / pinknoise\n"}
,{"stream_name":"stderr","time":1596.303233323,"data":"/usr/local/lib/python3.13/dist-packages/transitleastsquares/main.py:411: UserWarning: 17 of 26 transits without data. The true period may be twice the given period.\n"}
,{"stream_name":"stderr","time":1596.303271739,"data":"  warnings.warn(text)\n"}
,{"stream_name":"stdout","time":1599.154720047,"data":"Transit Least Squares TLS 1.32 (5 Apr 2024)\n"}
,{"stream_name":"stdout","time":1599.156529738,"data":"Creating model cache for 38 durations\n"}
,{"stream_name":"stdout","time":1599.16854515,"data":"Searching 3213 data points, 3227 periods from 0.5 to 13.16 days\n"}
,{"stream_name":"stdout","time":1599.168713245,"data":"Using 1 of 4 CPU threads\n"}
,{"stream_name":"stdout","time":1603.841835547,"data":"Transit Least Squares TLS 1.32 (5 Apr 2024)\n"}
,{"stream_name":"stdout","time":1603.852564748,"data":"Creating model cache for 43 durations\n"}
,{"stream_name":"stdout","time":1603.874340548,"data":"Searching 10178 data points, 33752 periods from 0.5 to 29.999 days\n"}
,{"stream_name":"stdout","time":1603.875895281,"data":"Using 1 of 4 CPU threads\n"}
,{"stream_name":"stdout","time":1623.129308793,"data":"Searching for best T0 for period 2.87190 days\n"}
,{"stream_name":"stdout","time":1626.900804601,"data":"Transit Least Squares TLS 1.32 (5 Apr 2024)\n"}
,{"stream_name":"stdout","time":1626.902720358,"data":"Creating model cache for 38 durations\n"}
,{"stream_name":"stdout","time":1626.913953477,"data":"Searching 3213 data points, 3227 periods from 0.5 to 13.16 days\n"}
,{"stream_name":"stdout","time":1626.914426697,"data":"Using 1 of 4 CPU threads\n"}
,{"stream_name":"stdout","time":1639.721557084,"data":"Searching for best T0 for period 11.25425 days\n"}
,{"stream_name":"stdout","time":1647.024615199,"data":"Transit Least Squares TLS 1.32 (5 Apr 2024)\n"}
,{"stream_name":"stdout","time":1647.026032388,"data":"Creating model cache for 42 durations\n"}
,{"stream_name":"stdout","time":1647.038177785,"data":"Searching 6124 data points, 2398 periods from 1.159 to 25.469 days\n"}
,{"stream_name":"stdout","time":1647.038355117,"data":"Using 1 of 4 CPU threads\n"}
,{"stream_name":"stdout","time":1650.619214648,"data":"Searching for best T0 for period 7.14432 days\n"}
,{"stream_name":"stdout","time":1654.568916505,"data":"Transit Least Squares TLS 1.32 (5 Apr 2024)\n"}
,{"stream_name":"stdout","time":1654.568970728,"data":"Creating model cache for 38 durations\n"}
,{"stream_name":"stdout","time":1654.578602687,"data":"Searching 3781 data points, 3190 periods from 0.5 to 13.67 days\n"}
,{"stream_name":"stdout","time":1654.578732522,"data":"Using 1 of 4 CPU threads\n"}
,{"stream_name":"stdout","time":1676.635998423,"data":"Searching for best T0 for period 5.95378 days\n"}
,{"stream_name":"stdout","time":1680.524867429,"data":"Transit Least Squares TLS 1.32 (5 Apr 2024)\n"}
,{"stream_name":"stdout","time":1680.526664431,"data":"Creating model cache for 38 durations\n"}
,{"stream_name":"stdout","time":1680.537680703,"data":"Searching 3781 data points, 3190 periods from 0.5 to 13.67 days\n"}
,{"stream_name":"stdout","time":1680.538042391,"data":"Using 1 of 4 CPU threads\n"}
,{"stream_name":"stdout","time":1689.860391732,"data":"Searching for best T0 for period 2.92195 days\n"}
,{"stream_name":"stdout","time":1696.272880682,"data":"Transit Least Squares TLS 1.32 (5 Apr 2024)\n"}
,{"stream_name":"stdout","time":1696.274106453,"data":"Creating model cache for 37 durations\n"}
,{"stream_name":"stdout","time":1696.284962562,"data":"Searching 3060 data points, 943 periods from 1.158 to 11.913 days\n"}
,{"stream_name":"stdout","time":1696.285263994,"data":"Using 1 of 4 CPU threads\n"}
,{"stream_name":"stdout","time":1702.207152121,"data":"Searching for best T0 for period 3.14748 days\n"}
,{"stream_name":"stdout","time":1702.605418602,"data":"Searching for best T0 for period 10.70858 days\n"}
,{"stream_name":"stdout","time":1706.588885101,"data":"Transit Least Squares TLS 1.32 (5 Apr 2024)\n"}
,{"stream_name":"stdout","time":1706.59045474,"data":"Creating model cache for 42 durations\n"}
,{"stream_name":"stdout","time":1706.602370887,"data":"Searching 6124 data points, 2398 periods from 1.159 to 25.469 days\n"}
,{"stream_name":"stdout","time":1706.602731579,"data":"Using 1 of 4 CPU threads\n"}
,{"stream_name":"stdout","time":1707.647131185,"data":"Transit Least Squares TLS 1.32 (5 Apr 2024)\n"}
,{"stream_name":"stdout","time":1707.648545294,"data":"Creating model cache for 37 durations\n"}
,{"stream_name":"stdout","time":1707.659161946,"data":"Searching 2965 data points, 2348 periods from 0.59 to 12.739 days\n"}
,{"stream_name":"stdout","time":1707.659238064,"data":"Using 1 of 4 CPU threads\n"}
,{"stream_name":"stdout","time":1721.515808135,"data":"Searching for best T0 for period 4.21704 days\n"}
,{"stream_name":"stdout","time":1724.797940899,"data":"Transit Least Squares TLS 1.32 (5 Apr 2024)\n"}
,{"stream_name":"stdout","time":1724.799620585,"data":"Creating model cache for 37 durations\n"}
,{"stream_name":"stdout","time":1724.81027653,"data":"Searching 2965 data points, 2348 periods from 0.59 to 12.739 days\n"}
,{"stream_name":"stdout","time":1724.812902572,"data":"Using 1 of 4 CPU threads\n"}
,{"stream_name":"stdout","time":1733.016143131,"data":"Searching for best T0 for period 1.53566 days\n"}
,{"stream_name":"stdout","time":1739.772452087,"data":"Searching for best T0 for period 0.68629 days\n"}
,{"stream_name":"stdout","time":1739.913109094,"data":"Transit Least Squares TLS 1.32 (5 Apr 2024)\n"}
,{"stream_name":"stdout","time":1739.91456308,"data":"Creating model cache for 37 durations\n"}
,{"stream_name":"stdout","time":1739.925763247,"data":"Searching 2838 data points, 2828 periods from 0.5 to 12.33 days\n"}
,{"stream_name":"stdout","time":1739.92590941,"data":"Using 1 of 4 CPU threads\n"}
,{"stream_name":"stdout","time":1744.352168733,"data":"Transit Least Squares TLS 1.32 (5 Apr 2024)\n"}
,{"stream_name":"stdout","time":1744.353853489,"data":"Creating model cache for 37 durations\n"}
,{"stream_name":"stdout","time":1744.365534824,"data":"Searching 2965 data points, 2348 periods from 0.59 to 12.739 days\n"}
,{"stream_name":"stdout","time":1744.365865049,"data":"Using 1 of 4 CPU threads\n"}
,{"stream_name":"stdout","time":1758.845828539,"data":"Searching for best T0 for period 3.86328 days\n"}
,{"stream_name":"stdout","time":1761.990838728,"data":"Transit Least Squares TLS 1.32 (5 Apr 2024)\n"}
,{"stream_name":"stdout","time":1761.992216458,"data":"Creating model cache for 37 durations\n"}
,{"stream_name":"stdout","time":1762.002485595,"data":"Searching 2838 data points, 2828 periods from 0.5 to 12.33 days\n"}
,{"stream_name":"stdout","time":1762.002843546,"data":"Using 1 of 4 CPU threads\n"}
,{"stream_name":"stdout","time":1765.550124767,"data":"Searching for best T0 for period 1.15536 days\n"}
,{"stream_name":"stdout","time":1770.578342857,"data":"Transit Least Squares TLS 1.32 (5 Apr 2024)\n"}
,{"stream_name":"stdout","time":1770.580797326,"data":"Creating model cache for 43 durations\n"}
,{"stream_name":"stdout","time":1770.59426177,"data":"Searching 7193 data points, 4890 periods from 0.658 to 26.753 days\n"}
,{"stream_name":"stdout","time":1770.59438894,"data":"Using 1 of 4 CPU threads\n"}
,{"stream_name":"stdout","time":1780.85992148,"data":"Searching for best T0 for period 3.78458 days\n"}
,{"stream_name":"stdout","time":1784.454462121,"data":"Transit Least Squares TLS 1.32 (5 Apr 2024)\n"}
,{"stream_name":"stdout","time":1784.456875202,"data":"Creating model cache for 37 durations\n"}
,{"stream_name":"stdout","time":1784.466708366,"data":"Searching 2838 data points, 2828 periods from 0.5 to 12.33 days\n"}
,{"stream_name":"stdout","time":1784.466907901,"data":"Using 1 of 4 CPU threads\n"}
,{"stream_name":"stdout","time":1808.893074445,"data":"Searching for best T0 for period 1.33389 days\n"}
,{"stream_name":"stdout","time":1814.31532696,"data":"Transit Least Squares TLS 1.32 (5 Apr 2024)\n"}
,{"stream_name":"stdout","time":1814.321422086,"data":"Creating model cache for 43 durations\n"}
,{"stream_name":"stdout","time":1814.337551736,"data":"Searching 10119 data points, 15577 periods from 0.727 to 29.999 days\n"}
,{"stream_name":"stdout","time":1814.337801163,"data":"Using 1 of 4 CPU threads\n"}
,{"stream_name":"stdout","time":1828.084064757,"data":"Searching for best T0 for period 1.29633 days\n"}
,{"stream_name":"stdout","time":1837.62463974,"data":"Transit Least Squares TLS 1.32 (5 Apr 2024)\n"}
,{"stream_name":"stdout","time":1837.627019713,"data":"Creating model cache for 42 durations\n"}
,{"stream_name":"stdout","time":1837.641162477,"data":"Searching 5413 data points, 5133 periods from 0.597 to 25.324 days\n"}
,{"stream_name":"stdout","time":1837.64126593,"data":"Using 1 of 4 CPU threads\n"}
,{"stream_name":"stdout","time":1886.255728127,"data":"Searching for best T0 for period 10.71660 days\n"}
,{"stream_name":"stderr","time":1887.810136151,"data":"/usr/local/lib/python3.13/dist-packages/numpy/_core/_methods.py:218: RuntimeWarning: Degrees of freedom \u003c= 0 for slice\n"}
,{"stream_name":"stderr","time":1887.810217447,"data":"  ret = _var(a, axis=axis, dtype=dtype, out=out, ddof=ddof,\n"}
,{"stream_name":"stderr","time":1887.810228287,"data":"/usr/local/lib/python3.13/dist-packages/numpy/_core/_methods.py:175: RuntimeWarning: invalid value encountered in divide\n"}
,{"stream_name":"stderr","time":1887.810233483,"data":"  arrmean = um.true_divide(arrmean, div, out=arrmean,\n"}
,{"stream_name":"stderr","time":1887.810331262,"data":"/usr/local/lib/python3.13/dist-packages/numpy/_core/_methods.py:210: RuntimeWarning: invalid value encountered in scalar divide\n"}
,{"stream_name":"stderr","time":1887.810341921,"data":"  ret = ret.dtype.type(ret / rcount)\n"}
,{"stream_name":"stderr","time":1888.17682097,"data":"/usr/local/lib/python3.13/dist-packages/transitleastsquares/main.py:411: UserWarning: 21 of 25 transits without data. The true period may be twice the given period.\n"}
,{"stream_name":"stderr","time":1888.176886875,"data":"  warnings.warn(text)\n"}
,{"stream_name":"stdout","time":1892.683651022,"data":"Transit Least Squares TLS 1.32 (5 Apr 2024)\n"}
,{"stream_name":"stdout","time":1892.696147426,"data":"Creating model cache for 43 durations\n"}
,{"stream_name":"stdout","time":1892.718779162,"data":"Searching 6375 data points, 36212 periods from 0.5 to 29.996 days\n"}
,{"stream_name":"stdout","time":1892.718828796,"data":"Using 1 of 4 CPU threads\n"}
,{"stream_name":"stdout","time":1902.710660886,"data":"Searching for best T0 for period 7.06700 days\n"}
,{"stream_name":"stdout","time":1907.810284445,"data":"Transit Least Squares TLS 1.32 (5 Apr 2024)\n"}
,{"stream_name":"stdout","time":1907.812919443,"data":"Creating model cache for 42 durations\n"}
,{"stream_name":"stdout","time":1907.826853678,"data":"Searching 5413 data points, 5133 periods from 0.597 to 25.324 days\n"}
,{"stream_name":"stdout","time":1907.827247127,"data":"Using 1 of 4 CPU threads\n"}
,{"stream_name":"stdout","time":1972.02163699,"data":"Searching for best T0 for period 0.68825 days\n"}
,{"stream_name":"stdout","time":1979.79528265,"data":"Transit Least Squares TLS 1.32 (5 Apr 2024)\n"}
,{"stream_name":"stdout","time":1979.797496608,"data":"Creating model cache for 42 durations\n"}
,{"stream_name":"stdout","time":1979.810429184,"data":"Searching 5413 data points, 5133 periods from 0.597 to 25.324 days\n"}
,{"stream_name":"stdout","time":1979.810593909,"data":"Using 1 of 4 CPU threads\n"}
,{"stream_name":"stdout","time":2051.493770291,"data":"Searching for best T0 for period 1.81798 days\n"}
,{"stream_name":"stdout","time":2058.317255304,"data":"Transit Least Squares TLS 1.32 (5 Apr 2024)\n"}
,{"stream_name":"stdout","time":2058.321289407,"data":"Creating model cache for 43 durations\n"}
,{"stream_name":"stdout","time":2058.336356336,"data":"Searching 8851 data points, 9363 periods from 0.546 to 29.983 days\n"}
,{"stream_name":"stdout","time":2058.33652113,"data":"Using 1 of 4 CPU threads\n"}
,{"stream_name":"stdout","time":2099.560021354,"data":"Searching for best T0 for period 0.72738 days\n"}
,{"stream_name":"stderr","time":2100.458218349,"data":"/usr/local/lib/python3.13/dist-packages/transitleastsquares/stats.py:458: RuntimeWarning: divide by zero encountered in scalar divide\n"}
,{"stream_name":"stderr","time":2100.458295086,"data":"  snr_pink_per_transit[i] = (1 - mean_flux) / pinknoise\n"}
,{"stream_name":"stderr","time":2101.291593243,"data":"/usr/local/lib/python3.13/dist-packages/transitleastsquares/main.py:411: UserWarning: 161 of 259 transits without data. The true period may be twice the given period.\n"}
,{"stream_name":"stderr","time":2101.291629895,"data":"  warnings.warn(text)\n"}
,{"stream_name":"stdout","time":2114.305377974,"data":"Transit Least Squares TLS 1.32 (5 Apr 2024)\n"}
,{"stream_name":"stdout","time":2114.311224112,"data":"Creating model cache for 43 durations\n"}
,{"stream_name":"stdout","time":2114.328060055,"data":"Searching 10119 data points, 15577 periods from 0.727 to 29.999 days\n"}
,{"stream_name":"stdout","time":2114.32826943,"data":"Using 1 of 4 CPU threads\n"}
,{"stream_name":"stdout","time":2178.955955272,"data":"Searching for best T0 for period 2.02809 days\n"}
,{"stream_name":"stderr","time":2181.347644277,"data":"/usr/local/lib/python3.13/dist-packages/numpy/_core/_methods.py:218: RuntimeWarning: Degrees of freedom \u003c= 0 for slice\n"}
,{"stream_name":"stderr","time":2181.347682565,"data":"  ret = _var(a, axis=axis, dtype=dtype, out=out, ddof=ddof,\n"}
,{"stream_name":"stderr","time":2181.347689148,"data":"/usr/local/lib/python3.13/dist-packages/numpy/_core/_methods.py:175: RuntimeWarning: invalid value encountered in divide\n"}
,{"stream_name":"stderr","time":2181.347694251,"data":"  arrmean = um.true_divide(arrmean, div, out=arrmean,\n"}
,{"stream_name":"stderr","time":2181.347699412,"data":"/usr/local/lib/python3.13/dist-packages/numpy/_core/_methods.py:210: RuntimeWarning: invalid value encountered in scalar divide\n"}
,{"stream_name":"stderr","time":2181.347704865,"data":"  ret = ret.dtype.type(ret / rcount)\n"}
,{"stream_name":"stderr","time":2182.178174157,"data":"/usr/local/lib/python3.13/dist-packages/transitleastsquares/main.py:411: UserWarning: 71 of 106 transits without data. The true period may be twice the given period.\n"}
,{"stream_name":"stderr","time":2182.178217318,"data":"  warnings.warn(text)\n"}
,{"stream_name":"stdout","time":2190.662728772,"data":"Transit Least Squares TLS 1.32 (5 Apr 2024)\n"}
,{"stream_name":"stdout","time":2190.67457913,"data":"Creating model cache for 43 durations\n"}
,{"stream_name":"stdout","time":2190.696532815,"data":"Searching 10178 data points, 33752 periods from 0.5 to 29.999 days\n"}
,{"stream_name":"stdout","time":2190.696727728,"data":"Using 1 of 4 CPU threads\n"}
,{"stream_name":"stdout","time":2257.007256416,"data":"Searching for best T0 for period 9.42542 days\n"}
,{"stream_name":"stdout","time":2265.295640579,"data":"Transit Least Squares TLS 1.32 (5 Apr 2024)\n"}
,{"stream_name":"stdout","time":2265.297798755,"data":"Creating model cache for 43 durations\n"}
,{"stream_name":"stdout","time":2265.312109368,"data":"Searching 5499 data points, 5948 periods from 0.546 to 26.377 days\n"}
,{"stream_name":"stdout","time":2265.312249478,"data":"Using 1 of 4 CPU threads\n"}
,{"stream_name":"stdout","time":2338.236552626,"data":"Searching for best T0 for period 3.95242 days\n"}
,{"stream_name":"stderr","time":2340.383666829,"data":"/usr/local/lib/python3.13/dist-packages/transitleastsquares/main.py:411: UserWarning: 57 of 68 transits without data. The true period may be twice the given period.\n"}
,{"stream_name":"stderr","time":2340.38372786,"data":"  warnings.warn(text)\n"}
,{"stream_name":"stdout","time":2346.990686572,"data":"Transit Least Squares TLS 1.32 (5 Apr 2024)\n"}
,{"stream_name":"stdout","time":2347.006939202,"data":"Creating model cache for 43 durations\n"}
,{"stream_name":"stdout","time":2347.030306264,"data":"Searching 6375 data points, 36212 periods from 0.5 to 29.996 days\n"}
,{"stream_name":"stdout","time":2347.030452983,"data":"Using 1 of 4 CPU threads\n"}
,{"stream_name":"stdout","time":2371.106950042,"data":"Searching for best T0 for period 1.19140 days\n"}
,{"stream_name":"stdout","time":2379.21971508,"data":"Transit Least Squares TLS 1.32 (5 Apr 2024)\n"}
,{"stream_name":"stdout","time":2379.225683064,"data":"Creating model cache for 43 durations\n"}
,{"stream_name":"stdout","time":2379.243685859,"data":"Searching 8851 data points, 9363 periods from 0.546 to 29.983 days\n"}
,{"stream_name":"stdout","time":2379.244106174,"data":"Using 1 of 4 CPU threads\n"}
,{"stream_name":"stdout","time":2408.181943135,"data":"Searching for best T0 for period 2.58401 days\n"}
,{"stream_name":"stderr","time":2411.766741574,"data":"/usr/local/lib/python3.13/dist-packages/numpy/_core/_methods.py:218: RuntimeWarning: Degrees of freedom \u003c= 0 for slice\n"}
,{"stream_name":"stderr","time":2411.766798005,"data":"  ret = _var(a, axis=axis, dtype=dtype, out=out, ddof=ddof,\n"}
,{"stream_name":"stderr","time":2411.766967692,"data":"/usr/local/lib/python3.13/dist-packages/numpy/_core/_methods.py:175: RuntimeWarning: invalid value encountered in divide\n"}
,{"stream_name":"stderr","time":2411.767004,"data":"  arrmean = um.true_divide(arrmean, div, out=arrmean,\n"}
,{"stream_name":"stderr","time":2411.767192669,"data":"/usr/local/lib/python3.13/dist-packages/numpy/_core/_methods.py:210: RuntimeWarning: invalid value encountered in scalar divide\n"}
,{"stream_name":"stderr","time":2411.767208363,"data":"  ret = ret.dtype.type(ret / rcount)\n"}
,{"stream_name":"stderr","time":2412.552572404,"data":"/usr/local/lib/python3.13/dist-packages/transitleastsquares/main.py:411: UserWarning: 47 of 72 transits without data. The true period may be twice the given period.\n"}
,{"stream_name":"stderr","time":2412.552640844,"data":"  warnings.warn(text)\n"}
,{"stream_name":"stdout","time":2419.331519938,"data":"Transit Least Squares TLS 1.32 (5 Apr 2024)\n"}
,{"stream_name":"stdout","time":2419.333940897,"data":"Creating model cache for 42 durations\n"}
,{"stream_name":"stdout","time":2419.352924897,"data":"Searching 5953 data points, 5150 periods from 0.585 to 24.881 days\n"}
,{"stream_name":"stdout","time":2419.352961584,"data":"Using 1 of 4 CPU threads\n"}
,{"stream_name":"stdout","time":2490.878898923,"data":"Searching for best T0 for period 22.77053 days\n"}
,{"stream_name":"stdout","time":2498.032405966,"data":"Transit Least Squares TLS 1.32 (5 Apr 2024)\n"}
,{"stream_name":"stdout","time":2498.03553122,"data":"Creating model cache for 42 durations\n"}
,{"stream_name":"stdout","time":2498.051307962,"data":"Searching 5953 data points, 5150 periods from 0.585 to 24.881 days\n"}
,{"stream_name":"stdout","time":2498.051479117,"data":"Using 1 of 4 CPU threads\n"}
,{"stream_name":"stdout","time":2564.534449038,"data":"Searching for best T0 for period 10.30491 days\n"}
,{"stream_name":"stdout","time":2567.514561931,"data":"Searching for best T0 for period 0.67247 days\n"}
,{"stream_name":"stdout","time":2573.03387795,"data":"Transit Least Squares TLS 1.32 (5 Apr 2024)\n"}
,{"stream_name":"stdout","time":2573.035344368,"data":"Creating model cache for 37 durations\n"}
,{"stream_name":"stdout","time":2573.046207387,"data":"Searching 2771 data points, 1879 periods from 0.639 to 11.448 days\n"}
,{"stream_name":"stdout","time":2573.046521968,"data":"Using 1 of 4 CPU threads\n"}
,{"stream_name":"stdout","time":2575.784092534,"data":"Transit Least Squares TLS 1.32 (5 Apr 2024)\n"}
,{"stream_name":"stdout","time":2575.786917392,"data":"Creating model cache for 42 durations\n"}
,{"stream_name":"stdout","time":2575.799872318,"data":"Searching 5953 data points, 5150 periods from 0.585 to 24.881 days\n"}
,{"stream_name":"stdout","time":2575.800034718,"data":"Using 1 of 4 CPU threads\n"}
,{"stream_name":"stdout","time":2584.956296624,"data":"Searching for best T0 for period 3.10420 days\n"}
,{"stream_name":"stdout","time":2590.307171159,"data":"Transit Least Squares TLS 1.32 (5 Apr 2024)\n"}
,{"stream_name":"stdout","time":2590.309696043,"data":"Creating model cache for 43 durations\n"}
,{"stream_name":"stdout","time":2590.322902539,"data":"Searching 8885 data points, 6194 periods from 0.744 to 29.997 days\n"}
,{"stream_name":"stdout","time":2590.323075335,"data":"Using 1 of 4 CPU threads\n"}
,{"stream_name":"stdout","time":2642.299496277,"data":"Searching for best T0 for period 22.77053 days\n"}
,{"stream_name":"stdout","time":2647.977895849,"data":"Transit Least Squares TLS 1.32 (5 Apr 2024)\n"}
,{"stream_name":"stdout","time":2647.979818528,"data":"Creating model cache for 38 durations\n"}
,{"stream_name":"stdout","time":2647.992552898,"data":"Searching 3338 data points, 2731 periods from 0.536 to 13.157 days\n"}
,{"stream_name":"stdout","time":2647.992727281,"data":"Using 1 of 4 CPU threads\n"}
,{"stream_name":"stdout","time":2675.33923822,"data":"Searching for best T0 for period 0.75077 days\n"}
,{"stream_name":"stdout","time":2679.960181467,"data":"Transit Least Squares TLS 1.32 (5 Apr 2024)\n"}
,{"stream_name":"stdout","time":2679.961715139,"data":"Creating model cache for 38 durations\n"}
,{"stream_name":"stdout","time":2679.972800711,"data":"Searching 3338 data points, 2731 periods from 0.536 to 13.157 days\n"}
,{"stream_name":"stdout","time":2679.97287492,"data":"Using 1 of 4 CPU threads\n"}
,{"stream_name":"stdout","time":2696.99201272,"data":"Searching for best T0 for period 3.86118 days\n"}
,{"stream_name":"stdout","time":2703.269838253,"data":"Transit Least Squares TLS 1.32 (5 Apr 2024)\n"}
,{"stream_name":"stdout","time":2703.288194159,"data":"Creating model cache for 43 durations\n"}
,{"stream_name":"stdout","time":2703.314729695,"data":"Searching 9841 data points, 51001 periods from 0.5 to 29.995 days\n"}
,{"stream_name":"stdout","time":2703.314897786,"data":"Using 1 of 4 CPU threads\n"}
,{"stream_name":"stdout","time":2754.986894634,"data":"Searching for best T0 for period 1.30010 days\n"}
,{"stream_name":"stdout","time":2766.064315543,"data":"Transit Least Squares TLS 1.32 (5 Apr 2024)\n"}
,{"stream_name":"stdout","time":2766.067088715,"data":"Creating model cache for 43 durations\n"}
,{"stream_name":"stdout","time":2766.080922286,"data":"Searching 8885 data points, 6194 periods from 0.744 to 29.997 days\n"}
,{"stream_name":"stdout","time":2766.081149279,"data":"Using 1 of 4 CPU threads\n"}
,{"stream_name":"stdout","time":2869.346962498,"data":"Searching for best T0 for period 2.29283 days\n"}
,{"stream_name":"stdout","time":2880.196117144,"data":"Searching for best T0 for period 2.98393 days\n"}
,{"stream_name":"stderr","time":2882.82466051,"data":"/usr/local/lib/python3.13/dist-packages/transitleastsquares/main.py:411: UserWarning: 49 of 72 transits without data. The true period may be twice the given period.\n"}
,{"stream_name":"stderr","time":2882.824769985,"data":"  warnings.warn(text)\n"}
,{"stream_name":"stdout","time":2883.628102117,"data":"Transit Least Squares TLS 1.32 (5 Apr 2024)\n"}
,{"stream_name":"stdout","time":2883.630822159,"data":"Creating model cache for 43 durations\n"}
,{"stream_name":"stdout","time":2883.64622842,"data":"Searching 8885 data points, 6194 periods from 0.744 to 29.997 days\n"}
,{"stream_name":"stdout","time":2883.646452896,"data":"Using 1 of 4 CPU threads\n"}
,{"stream_name":"stdout","time":2892.547530918,"data":"Transit Least Squares TLS 1.32 (5 Apr 2024)\n"}
,{"stream_name":"stdout","time":2892.565248044,"data":"Creating model cache for 43 durations\n"}
,{"stream_name":"stdout","time":2892.591450806,"data":"Searching 10178 data points, 33752 periods from 0.5 to 29.999 days\n"}
,{"stream_name":"stdout","time":2892.591612843,"data":"Using 1 of 4 CPU threads\n"}
,{"stream_name":"stdout","time":3012.491082839,"data":"Searching for best T0 for period 1.14005 days\n"}
,{"stream_name":"stdout","time":3022.314996721,"data":"Transit Least Squares TLS 1.32 (5 Apr 2024)\n"}
,{"stream_name":"stdout","time":3022.318019985,"data":"Creating model cache for 43 durations\n"}
,{"stream_name":"stdout","time":3022.335139181,"data":"Searching 6905 data points, 5860 periods from 0.566 to 27.004 days\n"}
,{"stream_name":"stdout","time":3022.335198919,"data":"Using 1 of 4 CPU threads\n"}
,{"stream_name":"stdout","time":3056.869320197,"data":"Searching for best T0 for period 0.59284 days\n"}
,{"stream_name":"stderr","time":3058.700760729,"data":"/usr/local/lib/python3.13/dist-packages/transitleastsquares/main.py:411: UserWarning: 383 of 456 transits without data. The true period may be twice the given period.\n"}
,{"stream_name":"stderr","time":3058.700803477,"data":"  warnings.warn(text)\n"}
,{"stream_name":"stdout","time":3065.239389778,"data":"Transit Least Squares TLS 1.32 (5 Apr 2024)\n"}
,{"stream_name":"stdout","time":3065.243935424,"data":"Creating model cache for 36 durations\n"}
,{"stream_name":"stdout","time":3065.257384079,"data":"Searching 2511 data points, 2281 periods from 0.5 to 10.135 days\n"}
,{"stream_name":"stdout","time":3065.25804489,"data":"Using 1 of 4 CPU threads\n"}
,{"stream_name":"stdout","time":3086.488329793,"data":"Searching for best T0 for period 0.82680 days\n"}
,{"stream_name":"stdout","time":3090.464944022,"data":"Transit Least Squares TLS 1.32 (5 Apr 2024)\n"}
,{"stream_name":"stdout","time":3090.466357058,"data":"Creating model cache for 36 durations\n"}
,{"stream_name":"stdout","time":3090.477093847,"data":"Searching 2511 data points, 2281 periods from 0.5 to 10.135 days\n"}
,{"stream_name":"stdout","time":3090.477436427,"data":"Using 1 of 4 CPU threads\n"}
,{"stream_name":"stdout","time":3108.133913924,"data":"Searching for best T0 for period 5.87894 days\n"}
,{"stream_name":"stdout","time":3113.426650504,"data":"Transit Least Squares TLS 1.32 (5 Apr 2024)\n"}
,{"stream_name":"stdout","time":3113.43412572,"data":"Creating model cache for 43 durations\n"}
,{"stream_name":"stdout","time":3113.455094489,"data":"Searching 9435 data points, 20219 periods from 0.651 to 29.996 days\n"}
,{"stream_name":"stdout","time":3113.455242332,"data":"Using 1 of 4 CPU threads\n"}
,{"stream_name":"stdout","time":3117.080990343,"data":"Searching for best T0 for period 9.43038 days\n"}
,{"stream_name":"stdout","time":3124.228092758,"data":"Transit Least Squares TLS 1.32 (5 Apr 2024)\n"}
,{"stream_name":"stdout","time":3124.229741648,"data":"Creating model cache for 38 durations\n"}
,{"stream_name":"stdout","time":3124.240519238,"data":"Searching 3481 data points, 3444 periods from 0.5 to 12.815 days\n"}
,{"stream_name":"stdout","time":3124.240669411,"data":"Using 1 of 4 CPU threads\n"}
,{"stream_name":"stdout","time":3153.241429343,"data":"Searching for best T0 for period 11.96267 days\n"}
,{"stream_name":"stdout","time":3156.993696724,"data":"Transit Least Squares TLS 1.32 (5 Apr 2024)\n"}
,{"stream_name":"stdout","time":3156.995884176,"data":"Creating model cache for 38 durations\n"}
,{"stream_name":"stdout","time":3157.00922817,"data":"Searching 3216 data points, 2874 periods from 0.514 to 13.174 days\n"}
,{"stream_name":"stdout","time":3157.009831273,"data":"Using 1 of 4 CPU threads\n"}
,{"stream_name":"stdout","time":3176.221421655,"data":"Searching for best T0 for period 2.75378 days\n"}
,{"stream_name":"stdout","time":3180.80752448,"data":"Transit Least Squares TLS 1.32 (5 Apr 2024)\n"}
,{"stream_name":"stdout","time":3180.809077711,"data":"Creating model cache for 38 durations\n"}
,{"stream_name":"stdout","time":3180.819982508,"data":"Searching 3216 data points, 2874 periods from 0.514 to 13.174 days\n"}
,{"stream_name":"stdout","time":3180.820128995,"data":"Using 1 of 4 CPU threads\n"}
,{"stream_name":"stdout","time":3202.310881677,"data":"Searching for best T0 for period 0.68709 days\n"}
,{"stream_name":"stdout","time":3207.332128489,"data":"Transit Least Squares TLS 1.32 (5 Apr 2024)\n"}
,{"stream_name":"stdout","time":3207.334308958,"data":"Creating model cache for 38 durations\n"}
,{"stream_name":"stdout","time":3207.347091201,"data":"Searching 3216 data points, 2874 periods from 0.514 to 13.174 days\n"}
,{"stream_name":"stdout","time":3207.347304731,"data":"Using 1 of 4 CPU threads\n"}
,{"stream_name":"stdout","time":3238.453803169,"data":"Searching for best T0 for period 1.00426 days\n"}
,{"stream_name":"stdout","time":3244.465242879,"data":"Transit Least Squares TLS 1.32 (5 Apr 2024)\n"}
,{"stream_name":"stdout","time":3244.467686304,"data":"Creating model cache for 42 durations\n"}
,{"stream_name":"stdout","time":3244.483227211,"data":"Searching 6378 data points, 4272 periods from 0.696 to 25.135 days\n"}
,{"stream_name":"stdout","time":3244.483576999,"data":"Using 1 of 4 CPU threads\n"}
,{"stream_name":"stdout","time":3309.359930241,"data":"Searching for best T0 for period 15.03889 days\n"}
,{"stream_name":"stdout","time":3315.108261473,"data":"Transit Least Squares TLS 1.32 (5 Apr 2024)\n"}
,{"stream_name":"stdout","time":3315.109735258,"data":"Creating model cache for 37 durations\n"}
,{"stream_name":"stdout","time":3315.120249869,"data":"Searching 3128 data points, 1821 periods from 0.696 to 12.156 days\n"}
,{"stream_name":"stdout","time":3315.12056337,"data":"Using 1 of 4 CPU threads\n"}
,{"stream_name":"stdout","time":3330.403712036,"data":"Searching for best T0 for period 2.63399 days\n"}
,{"stream_name":"stdout","time":3336.049081756,"data":"Transit Least Squares TLS 1.32 (5 Apr 2024)\n"}
,{"stream_name":"stdout","time":3336.053230149,"data":"Creating model cache for 43 durations\n"}
,{"stream_name":"stdout","time":3336.06762368,"data":"Searching 10093 data points, 9912 periods from 0.514 to 29.99 days\n"}
,{"stream_name":"stdout","time":3336.067788755,"data":"Using 1 of 4 CPU threads\n"}
,{"stream_name":"stdout","time":3456.181951377,"data":"Searching for best T0 for period 9.00706 days\n"}
,{"stream_name":"stderr","time":3459.564568402,"data":"/usr/local/lib/python3.13/dist-packages/transitleastsquares/main.py:411: UserWarning: 16 of 24 transits without data. The true period may be twice the given period.\n"}
,{"stream_name":"stderr","time":3459.564635589,"data":"  warnings.warn(text)\n"}
,{"stream_name":"stdout","time":3466.051459431,"data":"Transit Least Squares TLS 1.32 (5 Apr 2024)\n"}
,{"stream_name":"stdout","time":3466.053805633,"data":"Creating model cache for 42 durations\n"}
,{"stream_name":"stdout","time":3466.065736108,"data":"Searching 6045 data points, 4661 periods from 0.651 to 25.354 days\n"}
,{"stream_name":"stdout","time":3466.066005944,"data":"Using 1 of 4 CPU threads\n"}
,{"stream_name":"stdout","time":3531.089333166,"data":"Searching for best T0 for period 21.48162 days\n"}
,{"stream_name":"stdout","time":3540.969458609,"data":"Transit Least Squares TLS 1.32 (5 Apr 2024)\n"}
,{"stream_name":"stdout","time":3540.97300798,"data":"Creating model cache for 43 durations\n"}
,{"stream_name":"stdout","time":3540.987939996,"data":"Searching 6731 data points, 7326 periods from 0.5 to 26.205 days\n"}
,{"stream_name":"stdout","time":3540.98809896,"data":"Using 1 of 4 CPU threads\n"}
,{"stream_name":"stdout","time":3553.281907844,"data":"Searching for best T0 for period 0.71210 days\n"}
,{"stream_name":"stdout","time":3561.691458293,"data":"Transit Least Squares TLS 1.32 (5 Apr 2024)\n"}
,{"stream_name":"stdout","time":3561.69413774,"data":"Creating model cache for 43 durations\n"}
,{"stream_name":"stdout","time":3561.708209346,"data":"Searching 10278 data points, 7005 periods from 0.718 to 30.0 days\n"}
,{"stream_name":"stdout","time":3561.70848201,"data":"Using 1 of 4 CPU threads\n"}
,{"stream_name":"stdout","time":3637.090360036,"data":"Searching for best T0 for period 0.88678 days\n"}
,{"stream_name":"stderr","time":3639.565524406,"data":"/usr/local/lib/python3.13/dist-packages/transitleastsquares/main.py:411: UserWarning: 318 of 395 transits without data. The true period may be twice the given period.\n"}
,{"stream_name":"stderr","time":3639.565572457,"data":"  warnings.warn(text)\n"}
,{"stream_name":"stdout","time":3650.446275775,"data":"Transit Least Squares TLS 1.32 (5 Apr 2024)\n"}
,{"stream_name":"stdout","time":3650.46412845,"data":"Creating model cache for 43 durations\n"}
,{"stream_name":"stdout","time":3650.490062628,"data":"Searching 9841 data points, 51001 periods from 0.5 to 29.995 days\n"}
,{"stream_name":"stdout","time":3650.490190502,"data":"Using 1 of 4 CPU threads\n"}
,{"stream_name":"stdout","time":3681.628864135,"data":"Searching for best T0 for period 1.28723 days\n"}
,{"stream_name":"stdout","time":3688.930694199,"data":"Transit Least Squares TLS 1.32 (5 Apr 2024)\n"}
,{"stream_name":"stdout","time":3688.934363802,"data":"Creating model cache for 43 durations\n"}
,{"stream_name":"stdout","time":3688.950903592,"data":"Searching 6731 data points, 7326 periods from 0.5 to 26.205 days\n"}
,{"stream_name":"stdout","time":3688.950936801,"data":"Using 1 of 4 CPU threads\n"}
,{"stream_name":"stdout","time":3757.522664484,"data":"Searching for best T0 for period 0.82483 days\n"}
,{"stream_name":"stdout","time":3768.333781892,"data":"Transit Least Squares TLS 1.32 (5 Apr 2024)\n"}
,{"stream_name":"stdout","time":3768.336834428,"data":"Creating model cache for 43 durations\n"}
,{"stream_name":"stdout","time":3768.351238479,"data":"Searching 10278 data points, 7005 periods from 0.718 to 30.0 days\n"}
,{"stream_name":"stdout","time":3768.351368471,"data":"Using 1 of 4 CPU threads\n"}
,{"stream_name":"stdout","time":3795.340168129,"data":"Searching for best T0 for period 0.59514 days\n"}
,{"stream_name":"stdout","time":3803.934220464,"data":"Transit Least Squares TLS 1.32 (5 Apr 2024)\n"}
,{"stream_name":"stdout","time":3803.937184487,"data":"Creating model cache for 43 durations\n"}
,{"stream_name":"stdout","time":3803.950276864,"data":"Searching 6731 data points, 7326 periods from 0.5 to 26.205 days\n"}
,{"stream_name":"stdout","time":3803.950431141,"data":"Using 1 of 4 CPU threads\n"}
,{"stream_name":"stdout","time":3819.554413203,"data":"Searching for best T0 for period 1.73136 days\n"}
,{"stream_name":"stderr","time":3822.383303703,"data":"/usr/local/lib/python3.13/dist-packages/transitleastsquares/main.py:411: UserWarning: 84 of 124 transits without data. The true period may be twice the given period.\n"}
,{"stream_name":"stderr","time":3822.383346222,"data":"  warnings.warn(text)\n"}
,{"stream_name":"stdout","time":3829.779801353,"data":"Transit Least Squares TLS 1.32 (5 Apr 2024)\n"}
,{"stream_name":"stdout","time":3829.782298596,"data":"Creating model cache for 42 durations\n"}
,{"stream_name":"stdout","time":3829.794856593,"data":"Searching 6254 data points, 5947 periods from 0.5 to 23.905 days\n"}
,{"stream_name":"stdout","time":3829.795037573,"data":"Using 1 of 4 CPU threads\n"}
,{"stream_name":"stdout","time":3887.477667881,"data":"Searching for best T0 for period 1.15142 days\n"}
,{"stream_name":"stdout","time":3895.259132459,"data":"Transit Least Squares TLS 1.32 (5 Apr 2024)\n"}
,{"stream_name":"stdout","time":3895.26178405,"data":"Creating model cache for 42 durations\n"}
,{"stream_name":"stdout","time":3895.274864541,"data":"Searching 6254 data points, 5947 periods from 0.5 to 23.905 days\n"}
,{"stream_name":"stdout","time":3895.275126314,"data":"Using 1 of 4 CPU threads\n"}
,{"stream_name":"stdout","time":3911.353869165,"data":"Searching for best T0 for period 2.54685 days\n"}
,{"stream_name":"stdout","time":3919.368672443,"data":"Transit Least Squares TLS 1.32 (5 Apr 2024)\n"}
,{"stream_name":"stdout","time":3919.371799866,"data":"Creating model cache for 43 durations\n"}
,{"stream_name":"stdout","time":3919.385707899,"data":"Searching 6731 data points, 7326 periods from 0.5 to 26.205 days\n"}
,{"stream_name":"stdout","time":3919.385933162,"data":"Using 1 of 4 CPU threads\n"}
,{"stream_name":"stdout","time":3970.515894797,"data":"Searching for best T0 for period 1.77339 days\n"}
,{"stream_name":"stdout","time":3980.978852056,"data":"Transit Least Squares TLS 1.32 (5 Apr 2024)\n"}
,{"stream_name":"stdout","time":3980.983893929,"data":"Creating model cache for 43 durations\n"}
,{"stream_name":"stdout","time":3980.994627676,"data":"Searching 10278 data points, 7005 periods from 0.718 to 30.0 days\n"}
,{"stream_name":"stdout","time":3980.994807754,"data":"Using 1 of 4 CPU threads\n"}
,{"stream_name":"stdout","time":3981.384388886,"data":"Searching for best T0 for period 19.47273 days\n"}
,{"stream_name":"stdout","time":3987.004559424,"data":"Transit Least Squares TLS 1.32 (5 Apr 2024)\n"}
,{"stream_name":"stdout","time":3987.007185339,"data":"Creating model cache for 42 durations\n"}
,{"stream_name":"stdout","time":3987.020661211,"data":"Searching 5599 data points, 5193 periods from 0.59 to 25.265 days\n"}
,{"stream_name":"stdout","time":3987.020908378,"data":"Using 1 of 4 CPU threads\n"}
,{"stream_name":"stdout","time":4025.049846907,"data":"Searching for best T0 for period 5.03224 days\n"}
,{"stream_name":"stdout","time":4033.083160505,"data":"Transit Least Squares TLS 1.32 (5 Apr 2024)\n"}
,{"stream_name":"stdout","time":4033.088864679,"data":"Creating model cache for 43 durations\n"}
,{"stream_name":"stdout","time":4033.1045139,"data":"Searching 6731 data points, 7326 periods from 0.5 to 26.205 days\n"}
,{"stream_name":"stdout","time":4033.10461215,"data":"Using 1 of 4 CPU threads\n"}
,{"stream_name":"stdout","time":4074.716762181,"data":"Searching for best T0 for period 1.07816 days\n"}
,{"stream_name":"stdout","time":4081.091014984,"data":"Transit Least Squares TLS 1.32 (5 Apr 2024)\n"}
,{"stream_name":"stdout","time":4081.093096406,"data":"Creating model cache for 42 durations\n"}
,{"stream_name":"stdout","time":4081.106116101,"data":"Searching 5599 data points, 5193 periods from 0.59 to 25.265 days\n"}
,{"stream_name":"stdout","time":4081.106282574,"data":"Using 1 of 4 CPU threads\n"}
,{"stream_name":"stdout","time":4109.803599629,"data":"Searching for best T0 for period 12.77015 days\n"}
,{"stream_name":"stdout","time":4120.129991512,"data":"Transit Least Squares TLS 1.32 (5 Apr 2024)\n"}
,{"stream_name":"stdout","time":4120.133182226,"data":"Creating model cache for 43 durations\n"}
,{"stream_name":"stdout","time":4120.147552487,"data":"Searching 10278 data points, 7005 periods from 0.718 to 30.0 days\n"}
,{"stream_name":"stdout","time":4120.147948723,"data":"Using 1 of 4 CPU threads\n"}
,{"stream_name":"stdout","time":4140.819919206,"data":"Searching for best T0 for period 1.77347 days\n"}
,{"stream_name":"stdout","time":4150.094254862,"data":"Transit Least Squares TLS 1.32 (5 Apr 2024)\n"}
,{"stream_name":"stdout","time":4150.096365759,"data":"Creating model cache for 43 durations\n"}
,{"stream_name":"stdout","time":4150.110100317,"data":"Searching 10639 data points, 3990 periods from 1.122 to 29.966 days\n"}
,{"stream_name":"stdout","time":4150.111950177,"data":"Using 1 of 4 CPU threads\n"}
,{"stream_name":"stdout","time":4157.97529822,"data":"Searching for best T0 for period 9.38903 days\n"}
,{"stream_name":"stdout","time":4162.764636281,"data":"Transit Least Squares TLS 1.32 (5 Apr 2024)\n"}
,{"stream_name":"stdout","time":4162.766009609,"data":"Creating model cache for 37 durations\n"}
,{"stream_name":"stdout","time":4162.776271331,"data":"Searching 3223 data points, 1232 periods from 0.956 to 12.149 days\n"}
,{"stream_name":"stdout","time":4162.77666937,"data":"Using 1 of 4 CPU threads\n"}
,{"stream_name":"stdout","time":4171.876661811,"data":"Searching for best T0 for period 1.08863 days\n"}
,{"stream_name":"stdout","time":4176.415718836,"data":"Transit Least Squares TLS 1.32 (5 Apr 2024)\n"}
,{"stream_name":"stdout","time":4176.416565511,"data":"Creating model cache for 37 durations\n"}
,{"stream_name":"stdout","time":4176.426672289,"data":"Searching 3223 data points, 1232 periods from 0.956 to 12.149 days\n"}
,{"stream_name":"stdout","time":4176.426910451,"data":"Using 1 of 4 CPU threads\n"}
,{"stream_name":"stdout","time":4187.804701601,"data":"Searching for best T0 for period 2.99020 days\n"}
,{"stream_name":"stdout","time":4193.276238102,"data":"Transit Least Squares TLS 1.32 (5 Apr 2024)\n"}
,{"stream_name":"stdout","time":4193.278601636,"data":"Creating model cache for 43 durations\n"}
,{"stream_name":"stdout","time":4193.291798063,"data":"Searching 7094 data points, 5893 periods from 0.585 to 28.027 days\n"}
,{"stream_name":"stdout","time":4193.292040378,"data":"Using 1 of 4 CPU threads\n"}
,{"stream_name":"stdout","time":4210.682179184,"data":"Searching for best T0 for period 4.56801 days\n"}
,{"stream_name":"stdout","time":4222.327265003,"data":"Transit Least Squares TLS 1.32 (5 Apr 2024)\n"}
,{"stream_name":"stdout","time":4222.329327547,"data":"Creating model cache for 43 durations\n"}
,{"stream_name":"stdout","time":4222.3426311,"data":"Searching 10639 data points, 3990 periods from 1.122 to 29.966 days\n"}
,{"stream_name":"stdout","time":4222.342801911,"data":"Using 1 of 4 CPU threads\n"}
,{"stream_name":"stdout","time":4228.586980255,"data":"Searching for best T0 for period 23.95213 days\n"}
,{"stream_name":"stdout","time":4238.669681604,"data":"Transit Least Squares TLS 1.32 (5 Apr 2024)\n"}
,{"stream_name":"stdout","time":4238.67254999,"data":"Creating model cache for 43 durations\n"}
,{"stream_name":"stdout","time":4238.686339015,"data":"Searching 10278 data points, 7005 periods from 0.718 to 30.0 days\n"}
,{"stream_name":"stdout","time":4238.686467136,"data":"Using 1 of 4 CPU threads\n"}
,{"stream_name":"stdout","time":4284.893675011,"data":"Searching for best T0 for period 19.82022 days\n"}
,{"stream_name":"stdout","time":4291.840045623,"data":"Transit Least Squares TLS 1.32 (5 Apr 2024)\n"}
,{"stream_name":"stdout","time":4291.842235725,"data":"Creating model cache for 43 durations\n"}
,{"stream_name":"stdout","time":4291.854429441,"data":"Searching 7094 data points, 5893 periods from 0.585 to 28.027 days\n"}
,{"stream_name":"stdout","time":4291.854463905,"data":"Using 1 of 4 CPU threads\n"}
,{"stream_name":"stdout","time":4340.891422381,"data":"Searching for best T0 for period 1.32883 days\n"}
,{"stream_name":"stdout","time":4352.959878264,"data":"Transit Least Squares TLS 1.32 (5 Apr 2024)\n"}
,{"stream_name":"stdout","time":4352.959922003,"data":"Creating model cache for 43 durations\n"}
,{"stream_name":"stdout","time":4352.973094128,"data":"Searching 10639 data points, 3990 periods from 1.122 to 29.966 days\n"}
,{"stream_name":"stdout","time":4352.973194455,"data":"Using 1 of 4 CPU threads\n"}
,{"stream_name":"stdout","time":4412.622875247,"data":"Searching for best T0 for period 0.95812 days\n"}
,{"stream_name":"stdout","time":4420.329963574,"data":"Transit Least Squares TLS 1.32 (5 Apr 2024)\n"}
,{"stream_name":"stdout","time":4420.332671313,"data":"Creating model cache for 43 durations\n"}
,{"stream_name":"stdout","time":4420.34584701,"data":"Searching 7094 data points, 5893 periods from 0.585 to 28.027 days\n"}
,{"stream_name":"stdout","time":4420.346184057,"data":"Using 1 of 4 CPU threads\n"}
,{"stream_name":"stdout","time":4424.326695295,"data":"Searching for best T0 for period 1.48414 days\n"}
,{"stream_name":"stdout","time":4435.719579518,"data":"Transit Least Squares TLS 1.32 (5 Apr 2024)\n"}
,{"stream_name":"stdout","time":4435.721311718,"data":"Creating model cache for 43 durations\n"}
,{"stream_name":"stdout","time":4435.733909923,"data":"Searching 10639 data points, 3990 periods from 1.122 to 29.966 days\n"}
,{"stream_name":"stdout","time":4435.734124665,"data":"Using 1 of 4 CPU threads\n"}
,{"stream_name":"stdout","time":4453.133064644,"data":"Searching for best T0 for period 1.09817 days\n"}
,{"stream_name":"stdout","time":4465.075770544,"data":"Transit Least Squares TLS 1.32 (5 Apr 2024)\n"}
,{"stream_name":"stdout","time":4465.093213371,"data":"Creating model cache for 43 durations\n"}
,{"stream_name":"stdout","time":4465.120286149,"data":"Searching 11732 data points, 50252 periods from 0.5 to 29.995 days\n"}
,{"stream_name":"stdout","time":4465.120490712,"data":"Using 1 of 4 CPU threads\n"}
,{"stream_name":"stdout","time":4512.997779215,"data":"Searching for best T0 for period 14.62311 days\n"}
,{"stream_name":"stdout","time":4520.168959598,"data":"Transit Least Squares TLS 1.32 (5 Apr 2024)\n"}
,{"stream_name":"stdout","time":4520.171540227,"data":"Creating model cache for 43 durations\n"}
,{"stream_name":"stdout","time":4520.187894031,"data":"Searching 7094 data points, 5893 periods from 0.585 to 28.027 days\n"}
,{"stream_name":"stdout","time":4520.187931079,"data":"Using 1 of 4 CPU threads\n"}
,{"stream_name":"stdout","time":4533.602867633,"data":"Searching for best T0 for period 1.20526 days\n"}
,{"stream_name":"stderr","time":4536.010684149,"data":"/usr/local/lib/python3.13/dist-packages/transitleastsquares/main.py:411: UserWarning: 235 of 290 transits without data. The true period may be twice the given period.\n"}
,{"stream_name":"stderr","time":4536.010723875,"data":"  warnings.warn(text)\n"}
,{"stream_name":"stdout","time":4544.992898885,"data":"Searching for best T0 for period 4.93305 days\n"}
,{"stream_name":"stdout","time":4547.664340435,"data":"Transit Least Squares TLS 1.32 (5 Apr 2024)\n"}
,{"stream_name":"stdout","time":4547.671660456,"data":"Creating model cache for 43 durations\n"}
,{"stream_name":"stdout","time":4547.690404926,"data":"Searching 16059 data points, 18474 periods from 0.786 to 29.997 days\n"}
,{"stream_name":"stdout","time":4547.690771536,"data":"Using 1 of 4 CPU threads\n"}
,{"stream_name":"stdout","time":4553.701493233,"data":"Transit Least Squares TLS 1.32 (5 Apr 2024)\n"}
,{"stream_name":"stdout","time":4553.703111238,"data":"Creating model cache for 37 durations\n"}
,{"stream_name":"stdout","time":4553.713430611,"data":"Searching 3053 data points, 2119 periods from 0.6 to 11.896 days\n"}
,{"stream_name":"stdout","time":4553.713784707,"data":"Using 1 of 4 CPU threads\n"}
,{"stream_name":"stdout","time":4571.961071465,"data":"Searching for best T0 for period 3.97917 days\n"}
,{"stream_name":"stdout","time":4576.523056695,"data":"Transit Least Squares TLS 1.32 (5 Apr 2024)\n"}
,{"stream_name":"stdout","time":4576.530886783,"data":"Creating model cache for 43 durations\n"}
,{"stream_name":"stdout","time":4576.548402657,"data":"Searching 5760 data points, 22238 periods from 0.601 to 29.998 days\n"}
,{"stream_name":"stdout","time":4576.548823377,"data":"Using 1 of 4 CPU threads\n"}
,{"stream_name":"stdout","time":4615.081896247,"data":"Searching for best T0 for period 0.66903 days\n"}
,{"stream_name":"stdout","time":4624.532996014,"data":"Transit Least Squares TLS 1.32 (5 Apr 2024)\n"}
,{"stream_name":"stdout","time":4624.536080465,"data":"Creating model cache for 42 durations\n"}
,{"stream_name":"stdout","time":4624.549086789,"data":"Searching 6889 data points, 6242 periods from 0.51 to 25.749 days\n"}
,{"stream_name":"stdout","time":4624.549366617,"data":"Using 1 of 4 CPU threads\n"}
,{"stream_name":"stdout","time":4698.742847661,"data":"Searching for best T0 for period 18.75559 days\n"}
,{"stream_name":"stdout","time":4706.892442734,"data":"Transit Least Squares TLS 1.32 (5 Apr 2024)\n"}
,{"stream_name":"stdout","time":4706.89585002,"data":"Creating model cache for 43 durations\n"}
,{"stream_name":"stdout","time":4706.910578348,"data":"Searching 10548 data points, 9088 periods from 0.686 to 29.988 days\n"}
,{"stream_name":"stdout","time":4706.910901286,"data":"Using 1 of 4 CPU threads\n"}
,{"stream_name":"stdout","time":4884.787275309,"data":"Searching for best T0 for period 7.08110 days\n"}
,{"stream_name":"stderr","time":4887.847857319,"data":"/usr/local/lib/python3.13/dist-packages/transitleastsquares/main.py:411: UserWarning: 6 of 14 transits without data. The true period may be twice the given period.\n"}
,{"stream_name":"stderr","time":4887.847918784,"data":"  warnings.warn(text)\n"}
,{"stream_name":"stdout","time":4894.61351443,"data":"Transit Least Squares TLS 1.32 (5 Apr 2024)\n"}
,{"stream_name":"stdout","time":4894.615871895,"data":"Creating model cache for 42 durations\n"}
,{"stream_name":"stdout","time":4894.628273595,"data":"Searching 4799 data points, 4426 periods from 0.686 to 25.549 days\n"}
,{"stream_name":"stdout","time":4894.630893974,"data":"Using 1 of 4 CPU threads\n"}
,{"stream_name":"stdout","time":4938.903258461,"data":"Searching for best T0 for period 2.08519 days\n"}
,{"stream_name":"stderr","time":4939.590786537,"data":"/usr/local/lib/python3.13/dist-packages/transitleastsquares/main.py:411: UserWarning: 9 of 25 transits without data. The true period may be twice the given period.\n"}
,{"stream_name":"stderr","time":4939.590850372,"data":"  warnings.warn(text)\n"}
,{"stream_name":"stdout","time":4945.02926947,"data":"Transit Least Squares TLS 1.32 (5 Apr 2024)\n"}
,{"stream_name":"stdout","time":4945.030954459,"data":"Creating model cache for 42 durations\n"}
,{"stream_name":"stdout","time":4945.044161073,"data":"Searching 4799 data points, 4426 periods from 0.686 to 25.549 days\n"}
,{"stream_name":"stdout","time":4945.044324162,"data":"Using 1 of 4 CPU threads\n"}
,{"stream_name":"stdout","time":4961.818630126,"data":"Searching for best T0 for period 0.88188 days\n"}
,{"stream_name":"stderr","time":4962.968495415,"data":"/usr/local/lib/python3.13/dist-packages/transitleastsquares/main.py:411: UserWarning: 200 of 246 transits without data. The true period may be twice the given period.\n"}
,{"stream_name":"stderr","time":4962.968535298,"data":"  warnings.warn(text)\n"}
,{"stream_name":"stdout","time":4968.757955429,"data":"Transit Least Squares TLS 1.32 (5 Apr 2024)\n"}
,{"stream_name":"stdout","time":4968.759259449,"data":"Creating model cache for 37 durations\n"}
,{"stream_name":"stdout","time":4968.769306456,"data":"Searching 3212 data points, 1934 periods from 0.675 to 12.399 days\n"}
,{"stream_name":"stdout","time":4968.769482272,"data":"Using 1 of 4 CPU threads\n"}
,{"stream_name":"stdout","time":4983.729423068,"data":"Searching for best T0 for period 1.61462 days\n"}
,{"stream_name":"stderr","time":4984.405418055,"data":"/usr/local/lib/python3.13/dist-packages/transitleastsquares/stats.py:458: RuntimeWarning: divide by zero encountered in scalar divide\n"}
,{"stream_name":"stderr","time":4984.40545714,"data":"  snr_pink_per_transit[i] = (1 - mean_flux) / pinknoise\n"}
,{"stream_name":"stdout","time":4988.030398244,"data":"Searching for best T0 for period 20.77524 days\n"}
,{"stream_name":"stdout","time":4990.542889174,"data":"Transit Least Squares TLS 1.32 (5 Apr 2024)\n"}
,{"stream_name":"stdout","time":4990.552614022,"data":"Creating model cache for 43 durations\n"}
,{"stream_name":"stdout","time":4990.572998113,"data":"Searching 12682 data points, 26750 periods from 0.512 to 29.998 days\n"}
,{"stream_name":"stdout","time":4990.573246889,"data":"Using 1 of 4 CPU threads\n"}
,{"stream_name":"stdout","time":4993.17211573,"data":"Transit Least Squares TLS 1.32 (5 Apr 2024)\n"}
,{"stream_name":"stdout","time":4993.177427115,"data":"Creating model cache for 43 durations\n"}
,{"stream_name":"stdout","time":4993.191699076,"data":"Searching 6355 data points, 12431 periods from 0.5 to 26.051 days\n"}
,{"stream_name":"stdout","time":4993.191999932,"data":"Using 1 of 4 CPU threads\n"}
,{"stream_name":"stdout","time":5154.908408744,"data":"Searching for best T0 for period 1.27330 days\n"}
,{"stream_name":"stdout","time":5164.754319443,"data":"Transit Least Squares TLS 1.32 (5 Apr 2024)\n"}
,{"stream_name":"stdout","time":5164.759399441,"data":"Creating model cache for 43 durations\n"}
,{"stream_name":"stdout","time":5164.773713114,"data":"Searching 6355 data points, 12431 periods from 0.5 to 26.051 days\n"}
,{"stream_name":"stdout","time":5164.773974103,"data":"Using 1 of 4 CPU threads\n"}
,{"stream_name":"stdout","time":5359.193304307,"data":"Searching for best T0 for period 4.72561 days\n"}
,{"stream_name":"stdout","time":5366.842297114,"data":"Transit Least Squares TLS 1.32 (5 Apr 2024)\n"}
,{"stream_name":"stdout","time":5366.84785396,"data":"Creating model cache for 43 durations\n"}
,{"stream_name":"stdout","time":5366.862487017,"data":"Searching 6355 data points, 12431 periods from 0.5 to 26.051 days\n"}
,{"stream_name":"stdout","time":5366.862681083,"data":"Using 1 of 4 CPU threads\n"}
,{"stream_name":"stdout","time":5377.824818815,"data":"Searching for best T0 for period 1.30341 days\n"}
,{"stream_name":"stderr","time":5380.620302322,"data":"/usr/local/lib/python3.13/dist-packages/transitleastsquares/main.py:411: UserWarning: 100 of 187 transits without data. The true period may be twice the given period.\n"}
,{"stream_name":"stderr","time":5380.620342211,"data":"  warnings.warn(text)\n"}
,{"stream_name":"stdout","time":5394.342974161,"data":"Searching for best T0 for period 22.18681 days\n"}
,{"stream_name":"stdout","time":5396.980711292,"data":"Transit Least Squares TLS 1.32 (5 Apr 2024)\n"}
,{"stream_name":"stdout","time":5396.987587579,"data":"Creating model cache for 43 durations\n"}
,{"stream_name":"stdout","time":5397.005276422,"data":"Searching 16059 data points, 18474 periods from 0.786 to 29.997 days\n"}
,{"stream_name":"stdout","time":5397.005410696,"data":"Using 1 of 4 CPU threads\n"}
,{"stream_name":"stderr","time":5399.609151098,"data":"/usr/local/lib/python3.13/dist-packages/transitleastsquares/main.py:411: UserWarning: 13 of 16 transits without data. The true period may be twice the given period.\n"}
,{"stream_name":"stderr","time":5399.609191743,"data":"  warnings.warn(text)\n"}
,{"stream_name":"stdout","time":5406.4848761,"data":"Transit Least Squares TLS 1.32 (5 Apr 2024)\n"}
,{"stream_name":"stdout","time":5406.492370019,"data":"Creating model cache for 43 durations\n"}
,{"stream_name":"stdout","time":5406.509721561,"data":"Searching 8905 data points, 20207 periods from 0.654 to 29.989 days\n"}
,{"stream_name":"stdout","time":5406.510101169,"data":"Using 1 of 4 CPU threads\n"}
,{"stream_name":"stdout","time":5415.470712871,"data":"Searching for best T0 for period 2.80241 days\n"}
,{"stream_name":"stderr","time":5418.246073799,"data":"/usr/local/lib/python3.13/dist-packages/transitleastsquares/main.py:411: UserWarning: 46 of 78 transits without data. The true period may be twice the given period.\n"}
,{"stream_name":"stderr","time":5418.24614356,"data":"  warnings.warn(text)\n"}
,{"stream_name":"stdout","time":5425.885427318,"data":"Transit Least Squares TLS 1.32 (5 Apr 2024)\n"}
,{"stream_name":"stdout","time":5425.886725059,"data":"Creating model cache for 37 durations\n"}
,{"stream_name":"stdout","time":5425.896608274,"data":"Searching 2634 data points, 2377 periods from 0.512 to 11.173 days\n"}
,{"stream_name":"stdout","time":5425.896781547,"data":"Using 1 of 4 CPU threads\n"}
,{"stream_name":"stdout","time":5441.258844267,"data":"Searching for best T0 for period 8.01635 days\n"}
,{"stream_name":"stdout","time":5447.075054915,"data":"Transit Least Squares TLS 1.32 (5 Apr 2024)\n"}
,{"stream_name":"stdout","time":5447.085935602,"data":"Creating model cache for 43 durations\n"}
,{"stream_name":"stdout","time":5447.106897718,"data":"Searching 16195 data points, 30072 periods from 0.512 to 29.999 days\n"}
,{"stream_name":"stdout","time":5447.107080977,"data":"Using 1 of 4 CPU threads\n"}
,{"stream_name":"stdout","time":5530.204832329,"data":"Searching for best T0 for period 11.81278 days\n"}
,{"stream_name":"stdout","time":5537.316674005,"data":"Transit Least Squares TLS 1.32 (5 Apr 2024)\n"}
,{"stream_name":"stdout","time":5537.321469923,"data":"Creating model cache for 43 durations\n"}
,{"stream_name":"stdout","time":5537.338892571,"data":"Searching 6355 data points, 12431 periods from 0.5 to 26.051 days\n"}
,{"stream_name":"stdout","time":5537.338935328,"data":"Using 1 of 4 CPU threads\n"}
,{"stream_name":"stdout","time":5686.7515737,"data":"Searching for best T0 for period 18.98319 days\n"}
,{"stream_name":"stderr","time":5689.795776935,"data":"/usr/local/lib/python3.13/dist-packages/transitleastsquares/main.py:411: UserWarning: 8 of 12 transits without data. The true period may be twice the given period.\n"}
,{"stream_name":"stderr","time":5689.795818945,"data":"  warnings.warn(text)\n"}
,{"stream_name":"stdout","time":5695.073067723,"data":"Transit Least Squares TLS 1.32 (5 Apr 2024)\n"}
,{"stream_name":"stdout","time":5695.081942995,"data":"Creating model cache for 43 durations\n"}
,{"stream_name":"stdout","time":5695.098703772,"data":"Searching 8905 data points, 20207 periods from 0.654 to 29.989 days\n"}
,{"stream_name":"stdout","time":5695.099114737,"data":"Using 1 of 4 CPU threads\n"}
,{"stream_name":"stdout","time":5699.085838165,"data":"Searching for best T0 for period 1.27330 days\n"}
,{"stream_name":"stdout","time":5706.191921624,"data":"Transit Least Squares TLS 1.32 (5 Apr 2024)\n"}
,{"stream_name":"stdout","time":5706.19196981,"data":"Creating model cache for 37 durations\n"}
,{"stream_name":"stdout","time":5706.201568882,"data":"Searching 3097 data points, 2206 periods from 0.591 to 12.101 days\n"}
,{"stream_name":"stdout","time":5706.201702096,"data":"Using 1 of 4 CPU threads\n"}
,{"stream_name":"stdout","time":5721.286918115,"data":"Searching for best T0 for period 3.43690 days\n"}
,{"stream_name":"stdout","time":5725.405495064,"data":"Transit Least Squares TLS 1.32 (5 Apr 2024)\n"}
,{"stream_name":"stdout","time":5725.406695926,"data":"Creating model cache for 37 durations\n"}
,{"stream_name":"stdout","time":5725.417328621,"data":"Searching 3097 data points, 2206 periods from 0.591 to 12.101 days\n"}
,{"stream_name":"stdout","time":5725.417484828,"data":"Using 1 of 4 CPU threads\n"}
,{"stream_name":"stdout","time":5740.59879252,"data":"Searching for best T0 for period 2.32128 days\n"}
,{"stream_name":"stdout","time":5744.887085677,"data":"Transit Least Squares TLS 1.32 (5 Apr 2024)\n"}
,{"stream_name":"stdout","time":5744.888419455,"data":"Creating model cache for 37 durations\n"}
,{"stream_name":"stdout","time":5744.899302552,"data":"Searching 3097 data points, 2206 periods from 0.591 to 12.101 days\n"}
,{"stream_name":"stdout","time":5744.899614465,"data":"Using 1 of 4 CPU threads\n"}
,{"stream_name":"stdout","time":5765.208305223,"data":"Searching for best T0 for period 1.79732 days\n"}
,{"stream_name":"stdout","time":5769.427866329,"data":"Transit Least Squares TLS 1.32 (5 Apr 2024)\n"}
,{"stream_name":"stdout","time":5769.429274546,"data":"Creating model cache for 37 durations\n"}
,{"stream_name":"stdout","time":5769.439657389,"data":"Searching 3097 data points, 2206 periods from 0.591 to 12.101 days\n"}
,{"stream_name":"stdout","time":5769.439870364,"data":"Using 1 of 4 CPU threads\n"}
,{"stream_name":"stdout","time":5784.303163273,"data":"Searching for best T0 for period 9.28949 days\n"}
,{"stream_name":"stdout","time":5787.381494273,"data":"Transit Least Squares TLS 1.32 (5 Apr 2024)\n"}
,{"stream_name":"stdout","time":5787.382567472,"data":"Creating model cache for 36 durations\n"}
,{"stream_name":"stdout","time":5787.393091739,"data":"Searching 2555 data points, 1739 periods from 0.654 to 11.002 days\n"}
,{"stream_name":"stdout","time":5787.393404528,"data":"Using 1 of 4 CPU threads\n"}
,{"stream_name":"stdout","time":5797.696846187,"data":"Searching for best T0 for period 6.52038 days\n"}
,{"stream_name":"stderr","time":5798.1282638,"data":"/usr/local/lib/python3.13/dist-packages/transitleastsquares/main.py:411: UserWarning: 1 of 3 transits without data. The true period may be twice the given period.\n"}
,{"stream_name":"stderr","time":5798.128315869,"data":"  warnings.warn(text)\n"}
,{"stream_name":"stdout","time":5800.707760545,"data":"Transit Least Squares TLS 1.32 (5 Apr 2024)\n"}
,{"stream_name":"stdout","time":5800.710942876,"data":"Creating model cache for 38 durations\n"}
,{"stream_name":"stdout","time":5800.719765861,"data":"Searching 3028 data points, 1120 periods from 1.09 to 12.837 days\n"}
,{"stream_name":"stdout","time":5800.720097108,"data":"Using 1 of 4 CPU threads\n"}
,{"stream_name":"stdout","time":5808.725766421,"data":"Searching for best T0 for period 11.68248 days\n"}
,{"stream_name":"stdout","time":5813.337858993,"data":"Transit Least Squares TLS 1.32 (5 Apr 2024)\n"}
,{"stream_name":"stdout","time":5813.339053334,"data":"Creating model cache for 38 durations\n"}
,{"stream_name":"stdout","time":5813.350972862,"data":"Searching 3028 data points, 1120 periods from 1.09 to 12.837 days\n"}
,{"stream_name":"stdout","time":5813.351317579,"data":"Using 1 of 4 CPU threads\n"}
,{"stream_name":"stdout","time":5825.156115475,"data":"Searching for best T0 for period 1.62566 days\n"}
,{"stream_name":"stdout","time":5829.812223164,"data":"Transit Least Squares TLS 1.32 (5 Apr 2024)\n"}
,{"stream_name":"stdout","time":5829.813532893,"data":"Creating model cache for 37 durations\n"}
,{"stream_name":"stdout","time":5829.824707628,"data":"Searching 3509 data points, 2029 periods from 0.663 to 12.666 days\n"}
,{"stream_name":"stdout","time":5829.824900558,"data":"Using 1 of 4 CPU threads\n"}
,{"stream_name":"stdout","time":5849.427689758,"data":"Searching for best T0 for period 2.18880 days\n"}
,{"stream_name":"stdout","time":5853.327766303,"data":"Transit Least Squares TLS 1.32 (5 Apr 2024)\n"}
,{"stream_name":"stdout","time":5853.328844014,"data":"Creating model cache for 37 durations\n"}
,{"stream_name":"stdout","time":5853.339019252,"data":"Searching 3509 data points, 2029 periods from 0.663 to 12.666 days\n"}
,{"stream_name":"stdout","time":5853.339124672,"data":"Using 1 of 4 CPU threads\n"}
,{"stream_name":"stdout","time":5867.814830457,"data":"Searching for best T0 for period 4.86808 days\n"}
,{"stream_name":"stdout","time":5871.652710162,"data":"Transit Least Squares TLS 1.32 (5 Apr 2024)\n"}
,{"stream_name":"stdout","time":5871.654067173,"data":"Creating model cache for 38 durations\n"}
,{"stream_name":"stdout","time":5871.664279431,"data":"Searching 3727 data points, 3077 periods from 0.504 to 13.701 days\n"}
,{"stream_name":"stdout","time":5871.664460041,"data":"Using 1 of 4 CPU threads\n"}
,{"stream_name":"stdout","time":5901.481687763,"data":"Searching for best T0 for period 3.22042 days\n"}
,{"stream_name":"stdout","time":5908.075251129,"data":"Transit Least Squares TLS 1.32 (5 Apr 2024)\n"}
,{"stream_name":"stdout","time":5908.080735174,"data":"Creating model cache for 43 durations\n"}
,{"stream_name":"stdout","time":5908.096405106,"data":"Searching 13081 data points, 15014 periods from 0.945 to 29.995 days\n"}
,{"stream_name":"stdout","time":5908.09678005,"data":"Using 1 of 4 CPU threads\n"}
,{"stream_name":"stdout","time":5981.648360431,"data":"Searching for best T0 for period 12.83683 days\n"}
,{"stream_name":"stderr","time":5984.097549759,"data":"/usr/local/lib/python3.13/dist-packages/transitleastsquares/main.py:411: UserWarning: 11 of 17 transits without data. The true period may be twice the given period.\n"}
,{"stream_name":"stderr","time":5984.097588933,"data":"  warnings.warn(text)\n"}
,{"stream_name":"stdout","time":5989.529341691,"data":"Transit Least Squares TLS 1.32 (5 Apr 2024)\n"}
,{"stream_name":"stdout","time":5989.530726753,"data":"Creating model cache for 37 durations\n"}
,{"stream_name":"stdout","time":5989.541061973,"data":"Searching 2588 data points, 2330 periods from 0.515 to 11.048 days\n"}
,{"stream_name":"stdout","time":5989.543912932,"data":"Using 1 of 4 CPU threads\n"}
,{"stream_name":"stdout","time":6004.46431211,"data":"Searching for best T0 for period 5.27408 days\n"}
,{"stream_name":"stdout","time":6009.449165712,"data":"Transit Least Squares TLS 1.32 (5 Apr 2024)\n"}
,{"stream_name":"stdout","time":6009.455459368,"data":"Creating model cache for 43 durations\n"}
,{"stream_name":"stdout","time":6009.47141744,"data":"Searching 11084 data points, 16523 periods from 0.775 to 29.99 days\n"}
,{"stream_name":"stdout","time":6009.471587125,"data":"Using 1 of 4 CPU threads\n"}
,{"stream_name":"stdout","time":6012.927474315,"data":"Searching for best T0 for period 3.03107 days\n"}
,{"stream_name":"stderr","time":6017.250504711,"data":"/usr/local/lib/python3.13/dist-packages/transitleastsquares/main.py:411: UserWarning: 43 of 80 transits without data. The true period may be twice the given period.\n"}
,{"stream_name":"stderr","time":6017.250545672,"data":"  warnings.warn(text)\n"}
,{"stream_name":"stdout","time":6028.553591883,"data":"Transit Least Squares TLS 1.32 (5 Apr 2024)\n"}
,{"stream_name":"stdout","time":6028.573714111,"data":"Creating model cache for 43 durations\n"}
,{"stream_name":"stdout","time":6028.601048731,"data":"Searching 9382 data points, 51535 periods from 0.5 to 30.0 days\n"}
,{"stream_name":"stdout","time":6028.601191115,"data":"Using 1 of 4 CPU threads\n"}
,{"stream_name":"stdout","time":6211.182852893,"data":"Searching for best T0 for period 0.94338 days\n"}
,{"stream_name":"stderr","time":6214.42403175,"data":"/usr/local/lib/python3.13/dist-packages/transitleastsquares/main.py:411: UserWarning: 140 of 258 transits without data. The true period may be twice the given period.\n"}
,{"stream_name":"stderr","time":6214.424073844,"data":"  warnings.warn(text)\n"}
,{"stream_name":"stdout","time":6228.793883964,"data":"Transit Least Squares TLS 1.32 (5 Apr 2024)\n"}
,{"stream_name":"stdout","time":6228.79780592,"data":"Creating model cache for 43 durations\n"}
,{"stream_name":"stdout","time":6228.815338156,"data":"Searching 16059 data points, 18474 periods from 0.786 to 29.997 days\n"}
,{"stream_name":"stdout","time":6228.815565342,"data":"Using 1 of 4 CPU threads\n"}
,{"stream_name":"stdout","time":6229.18793609,"data":"Searching for best T0 for period 6.11672 days\n"}
,{"stream_name":"stderr","time":6231.308447691,"data":"/usr/local/lib/python3.13/dist-packages/transitleastsquares/main.py:411: UserWarning: 25 of 40 transits without data. The true period may be twice the given period.\n"}
,{"stream_name":"stderr","time":6231.30848739,"data":"  warnings.warn(text)\n"}
,{"stream_name":"stdout","time":6240.726025891,"data":"Transit Least Squares TLS 1.32 (5 Apr 2024)\n"}
,{"stream_name":"stdout","time":6240.727476548,"data":"Creating model cache for 43 durations\n"}
,{"stream_name":"stdout","time":6240.740321816,"data":"Searching 6752 data points, 2474 periods from 1.187 to 26.791 days\n"}
,{"stream_name":"stdout","time":6240.740593784,"data":"Using 1 of 4 CPU threads\n"}
,{"stream_name":"stdout","time":6287.516693837,"data":"Searching for best T0 for period 1.22495 days\n"}
,{"stream_name":"stdout","time":6294.455911205,"data":"Transit Least Squares TLS 1.32 (5 Apr 2024)\n"}
,{"stream_name":"stdout","time":6294.455963761,"data":"Creating model cache for 43 durations\n"}
,{"stream_name":"stdout","time":6294.466772405,"data":"Searching 6752 data points, 2474 periods from 1.187 to 26.791 days\n"}
,{"stream_name":"stdout","time":6294.466975189,"data":"Using 1 of 4 CPU threads\n"}
,{"stream_name":"stdout","time":6332.984913763,"data":"Searching for best T0 for period 9.06773 days\n"}
,{"stream_name":"stderr","time":6334.196094609,"data":"/usr/local/lib/python3.13/dist-packages/transitleastsquares/main.py:411: UserWarning: 2 of 6 transits without data. The true period may be twice the given period.\n"}
,{"stream_name":"stderr","time":6334.196145086,"data":"  warnings.warn(text)\n"}
,{"stream_name":"stdout","time":6341.06284052,"data":"Transit Least Squares TLS 1.32 (5 Apr 2024)\n"}
,{"stream_name":"stdout","time":6341.064619183,"data":"Creating model cache for 43 durations\n"}
,{"stream_name":"stdout","time":6341.07889822,"data":"Searching 6752 data points, 2474 periods from 1.187 to 26.791 days\n"}
,{"stream_name":"stdout","time":6341.079253127,"data":"Using 1 of 4 CPU threads\n"}
,{"stream_name":"stdout","time":6348.432661272,"data":"Searching for best T0 for period 12.57078 days\n"}
,{"stream_name":"stdout","time":6359.235298873,"data":"Transit Least Squares TLS 1.32 (5 Apr 2024)\n"}
,{"stream_name":"stdout","time":6359.24296717,"data":"Creating model cache for 43 durations\n"}
,{"stream_name":"stdout","time":6359.260208884,"data":"Searching 14646 data points, 18735 periods from 0.775 to 29.994 days\n"}
,{"stream_name":"stdout","time":6359.26040934,"data":"Using 1 of 4 CPU threads\n"}
,{"stream_name":"stdout","time":6367.926937354,"data":"Searching for best T0 for period 4.95294 days\n"}
,{"stream_name":"stdout","time":6376.670709805,"data":"Transit Least Squares TLS 1.32 (5 Apr 2024)\n"}
,{"stream_name":"stdout","time":6376.682686953,"data":"Creating model cache for 43 durations\n"}
,{"stream_name":"stdout","time":6376.704850965,"data":"Searching 13406 data points, 32871 periods from 0.5 to 29.995 days\n"}
,{"stream_name":"stdout","time":6376.705008755,"data":"Using 1 of 4 CPU threads\n"}
,{"stream_name":"stdout","time":6742.891915054,"data":"Searching for best T0 for period 3.05792 days\n"}
,{"stream_name":"stderr","time":6745.816041603,"data":"/usr/local/lib/python3.13/dist-packages/transitleastsquares/main.py:411: UserWarning: 42 of 79 transits without data. The true period may be twice the given period.\n"}
,{"stream_name":"stderr","time":6745.816111012,"data":"  warnings.warn(text)\n"}
,{"stream_name":"stdout","time":6758.804311806,"data":"Transit Least Squares TLS 1.32 (5 Apr 2024)\n"}
,{"stream_name":"stdout","time":6758.81847455,"data":"Creating model cache for 43 durations\n"}
,{"stream_name":"stdout","time":6758.840343188,"data":"Searching 11094 data points, 36313 periods from 0.5 to 29.997 days\n"}
,{"stream_name":"stdout","time":6758.840715934,"data":"Using 1 of 4 CPU threads\n"}
,{"stream_name":"stdout","time":6929.769955754,"data":"Searching for best T0 for period 2.37310 days\n"}
,{"stream_name":"stderr","time":6932.566557597,"data":"/usr/local/lib/python3.13/dist-packages/transitleastsquares/main.py:411: UserWarning: 75 of 102 transits without data. The true period may be twice the given period.\n"}
,{"stream_name":"stderr","time":6932.566600478,"data":"  warnings.warn(text)\n"}
,{"stream_name":"stdout","time":6940.407995892,"data":"Transit Least Squares TLS 1.32 (5 Apr 2024)\n"}
,{"stream_name":"stdout","time":6940.426427359,"data":"Creating model cache for 43 durations\n"}
,{"stream_name":"stdout","time":6940.45230688,"data":"Searching 9382 data points, 51535 periods from 0.5 to 30.0 days\n"}
,{"stream_name":"stdout","time":6940.452457038,"data":"Using 1 of 4 CPU threads\n"}
,{"stream_name":"stdout","time":6988.699130764,"data":"Searching for best T0 for period 26.02170 days\n"}
,{"stream_name":"stderr","time":6995.175060765,"data":"/usr/local/lib/python3.13/dist-packages/transitleastsquares/main.py:411: UserWarning: 5 of 9 transits without data. The true period may be twice the given period.\n"}
,{"stream_name":"stderr","time":6995.175134792,"data":"  warnings.warn(text)\n"}
,{"stream_name":"stdout","time":7002.744021911,"data":"Transit Least Squares TLS 1.32 (5 Apr 2024)\n"}
,{"stream_name":"stdout","time":7002.754125222,"data":"Creating model cache for 43 durations\n"}
,{"stream_name":"stdout","time":7002.775179586,"data":"Searching 9725 data points, 29173 periods from 0.5 to 29.995 days\n"}
,{"stream_name":"stdout","time":7002.77523782,"data":"Using 1 of 4 CPU threads\n"}
,{"stream_name":"stdout","time":7005.980936317,"data":"Searching for best T0 for period 4.15504 days\n"}
,{"stream_name":"stderr","time":7008.909676067,"data":"/usr/local/lib/python3.13/dist-packages/transitleastsquares/main.py:411: UserWarning: 34 of 58 transits without data. The true period may be twice the given period.\n"}
,{"stream_name":"stderr","time":7008.909720231,"data":"  warnings.warn(text)\n"}
,{"stream_name":"stdout","time":7017.787953525,"data":"Transit Least Squares TLS 1.32 (5 Apr 2024)\n"}
,{"stream_name":"stdout","time":7017.790139431,"data":"Creating model cache for 43 durations\n"}
,{"stream_name":"stdout","time":7017.803980617,"data":"Searching 7281 data points, 4104 periods from 0.775 to 27.025 days\n"}
,{"stream_name":"stdout","time":7017.804904008,"data":"Using 1 of 4 CPU threads\n"}
,{"stream_name":"stdout","time":7095.459504906,"data":"Searching for best T0 for period 2.05280 days\n"}
,{"stream_name":"stdout","time":7103.665114267,"data":"Transit Least Squares TLS 1.32 (5 Apr 2024)\n"}
,{"stream_name":"stdout","time":7103.671673737,"data":"Creating model cache for 43 durations\n"}
,{"stream_name":"stdout","time":7103.688217623,"data":"Searching 11084 data points, 16523 periods from 0.775 to 29.99 days\n"}
,{"stream_name":"stdout","time":7103.688390046,"data":"Using 1 of 4 CPU threads\n"}
,{"stream_name":"stdout","time":7411.70360848,"data":"Searching for best T0 for period 14.96880 days\n"}
,{"stream_name":"stderr","time":7416.038497795,"data":"/usr/local/lib/python3.13/dist-packages/transitleastsquares/main.py:411: UserWarning: 9 of 14 transits without data. The true period may be twice the given period.\n"}
,{"stream_name":"stderr","time":7416.038565751,"data":"  warnings.warn(text)\n"}
,{"stream_name":"stdout","time":7421.056883129,"data":"Transit Least Squares TLS 1.32 (5 Apr 2024)\n"}
,{"stream_name":"stdout","time":7421.056926376,"data":"Creating model cache for 38 durations\n"}
,{"stream_name":"stdout","time":7421.065475227,"data":"Searching 3730 data points, 1803 periods from 0.775 to 13.423 days\n"}
,{"stream_name":"stdout","time":7421.065713978,"data":"Using 1 of 4 CPU threads\n"}
,{"stream_name":"stdout","time":7440.543921692,"data":"Searching for best T0 for period 1.82134 days\n"}
,{"stream_name":"stdout","time":7447.600828518,"data":"Transit Least Squares TLS 1.32 (5 Apr 2024)\n"}
,{"stream_name":"stdout","time":7447.607375428,"data":"Creating model cache for 43 durations\n"}
,{"stream_name":"stdout","time":7447.624558479,"data":"Searching 14646 data points, 18735 periods from 0.775 to 29.994 days\n"}
,{"stream_name":"stdout","time":7447.627834164,"data":"Using 1 of 4 CPU threads\n"}
,{"stream_name":"stdout","time":7451.785649505,"data":"Searching for best T0 for period 10.07717 days\n"}
,{"stream_name":"stderr","time":7456.396033783,"data":"/usr/local/lib/python3.13/dist-packages/transitleastsquares/main.py:411: UserWarning: 14 of 21 transits without data. The true period may be twice the given period.\n"}
,{"stream_name":"stderr","time":7456.396075863,"data":"  warnings.warn(text)\n"}
,{"stream_name":"stdout","time":7464.242019694,"data":"Transit Least Squares TLS 1.32 (5 Apr 2024)\n"}
,{"stream_name":"stdout","time":7464.254561733,"data":"Creating model cache for 43 durations\n"}
,{"stream_name":"stdout","time":7464.276340016,"data":"Searching 11094 data points, 36313 periods from 0.5 to 29.997 days\n"}
,{"stream_name":"stdout","time":7464.27653493,"data":"Using 1 of 4 CPU threads\n"}
,{"stream_name":"stdout","time":7787.828265838,"data":"Searching for best T0 for period 0.66059 days\n"}
,{"stream_name":"stdout","time":7788.697031837,"data":"Searching for best T0 for period 1.81358 days\n"}
,{"stream_name":"stderr","time":7790.129570895,"data":"/usr/local/lib/python3.13/dist-packages/transitleastsquares/main.py:411: UserWarning: 226 of 328 transits without data. The true period may be twice the given period.\n"}
,{"stream_name":"stderr","time":7790.129633487,"data":"  warnings.warn(text)\n"}
,{"stream_name":"stderr","time":7790.86101628,"data":"/usr/local/lib/python3.13/dist-packages/transitleastsquares/main.py:411: UserWarning: 78 of 134 transits without data. The true period may be twice the given period.\n"}
,{"stream_name":"stderr","time":7790.86105616,"data":"  warnings.warn(text)\n"}
,{"stream_name":"stdout","time":7800.708141526,"data":"Transit Least Squares TLS 1.32 (5 Apr 2024)\n"}
,{"stream_name":"stdout","time":7800.710906748,"data":"Creating model cache for 43 durations\n"}
,{"stream_name":"stdout","time":7800.726245391,"data":"Searching 7193 data points, 4499 periods from 0.708 to 26.753 days\n"}
,{"stream_name":"stdout","time":7800.726705297,"data":"Using 1 of 4 CPU threads\n"}
,{"stream_name":"stdout","time":7803.897434357,"data":"Transit Least Squares TLS 1.32 (5 Apr 2024)\n"}
,{"stream_name":"stdout","time":7803.906180517,"data":"Creating model cache for 43 durations\n"}
,{"stream_name":"stdout","time":7803.924492255,"data":"Searching 12765 data points, 22638 periods from 0.657 to 29.991 days\n"}
,{"stream_name":"stdout","time":7803.924723393,"data":"Using 1 of 4 CPU threads\n"}
,{"stream_name":"stdout","time":7881.416024958,"data":"Searching for best T0 for period 18.96698 days\n"}
,{"stream_name":"stdout","time":7888.551453209,"data":"Transit Least Squares TLS 1.32 (5 Apr 2024)\n"}
,{"stream_name":"stdout","time":7888.553881919,"data":"Creating model cache for 43 durations\n"}
,{"stream_name":"stdout","time":7888.567898196,"data":"Searching 7193 data points, 4499 periods from 0.708 to 26.753 days\n"}
,{"stream_name":"stdout","time":7888.570898615,"data":"Using 1 of 4 CPU threads\n"}
,{"stream_name":"stdout","time":7955.160648428,"data":"Searching for best T0 for period 15.72692 days\n"}
,{"stream_name":"stdout","time":7962.225692694,"data":"Transit Least Squares TLS 1.32 (5 Apr 2024)\n"}
,{"stream_name":"stdout","time":7962.227619742,"data":"Creating model cache for 43 durations\n"}
,{"stream_name":"stdout","time":7962.240321066,"data":"Searching 7193 data points, 4499 periods from 0.708 to 26.753 days\n"}
,{"stream_name":"stdout","time":7962.240395846,"data":"Using 1 of 4 CPU threads\n"}
,{"stream_name":"stdout","time":8034.083312028,"data":"Searching for best T0 for period 6.93789 days\n"}
,{"stream_name":"stdout","time":8042.978912288,"data":"Transit Least Squares TLS 1.32 (5 Apr 2024)\n"}
,{"stream_name":"stdout","time":8042.995194914,"data":"Creating model cache for 43 durations\n"}
,{"stream_name":"stdout","time":8043.020335831,"data":"Searching 11550 data points, 44775 periods from 0.5 to 29.995 days\n"}
,{"stream_name":"stdout","time":8043.020480782,"data":"Using 1 of 4 CPU threads\n"}
,{"stream_name":"stdout","time":8046.50482385,"data":"Searching for best T0 for period 6.06074 days\n"}
,{"stream_name":"stderr","time":8050.709486993,"data":"/usr/local/lib/python3.13/dist-packages/transitleastsquares/main.py:411: UserWarning: 29 of 40 transits without data. The true period may be twice the given period.\n"}
,{"stream_name":"stderr","time":8050.709541648,"data":"  warnings.warn(text)\n"}
,{"stream_name":"stdout","time":8056.172551329,"data":"Transit Least Squares TLS 1.32 (5 Apr 2024)\n"}
,{"stream_name":"stdout","time":8056.174736755,"data":"Creating model cache for 37 durations\n"}
,{"stream_name":"stdout","time":8056.185436279,"data":"Searching 3030 data points, 4503 periods from 0.5 to 12.104 days\n"}
,{"stream_name":"stdout","time":8056.185609128,"data":"Using 1 of 4 CPU threads\n"}
,{"stream_name":"stdout","time":8087.861322775,"data":"Searching for best T0 for period 9.51173 days\n"}
,{"stream_name":"stdout","time":8092.983372542,"data":"Transit Least Squares TLS 1.32 (5 Apr 2024)\n"}
,{"stream_name":"stdout","time":8093.00229568,"data":"Creating model cache for 43 durations\n"}
,{"stream_name":"stdout","time":8093.027406101,"data":"Searching 9382 data points, 51535 periods from 0.5 to 30.0 days\n"}
,{"stream_name":"stdout","time":8093.02767057,"data":"Using 1 of 4 CPU threads\n"}
,{"stream_name":"stdout","time":8166.193572098,"data":"Searching for best T0 for period 3.28025 days\n"}
,{"stream_name":"stderr","time":8168.555898925,"data":"/usr/local/lib/python3.13/dist-packages/transitleastsquares/main.py:411: UserWarning: 42 of 65 transits without data. The true period may be twice the given period.\n"}
,{"stream_name":"stderr","time":8168.555937267,"data":"  warnings.warn(text)\n"}
,{"stream_name":"stdout","time":8177.144947095,"data":"Transit Least Squares TLS 1.32 (5 Apr 2024)\n"}
,{"stream_name":"stdout","time":8177.157063041,"data":"Creating model cache for 43 durations\n"}
,{"stream_name":"stdout","time":8177.177805628,"data":"Searching 9213 data points, 35692 periods from 0.5 to 29.996 days\n"}
,{"stream_name":"stdout","time":8177.177894647,"data":"Using 1 of 4 CPU threads\n"}
,{"stream_name":"stdout","time":8242.936742297,"data":"Searching for best T0 for period 0.97054 days\n"}
,{"stream_name":"stderr","time":8245.074274314,"data":"/usr/local/lib/python3.13/dist-packages/transitleastsquares/main.py:411: UserWarning: 157 of 251 transits without data. The true period may be twice the given period.\n"}
,{"stream_name":"stderr","time":8245.074315619,"data":"  warnings.warn(text)\n"}
,{"stream_name":"stdout","time":8259.0046229,"data":"Transit Least Squares TLS 1.32 (5 Apr 2024)\n"}
,{"stream_name":"stdout","time":8259.012445034,"data":"Creating model cache for 43 durations\n"}
,{"stream_name":"stdout","time":8259.032919038,"data":"Searching 12765 data points, 22638 periods from 0.657 to 29.991 days\n"}
,{"stream_name":"stdout","time":8259.032974507,"data":"Using 1 of 4 CPU threads\n"}
,{"stream_name":"stdout","time":8819.781918303,"data":"Searching for best T0 for period 18.57547 days\n"}
,{"stream_name":"stderr","time":8823.17761321,"data":"/usr/local/lib/python3.13/dist-packages/transitleastsquares/main.py:411: UserWarning: 10 of 14 transits without data. The true period may be twice the given period.\n"}
,{"stream_name":"stderr","time":8823.177657436,"data":"  warnings.warn(text)\n"}
,{"stream_name":"stdout","time":8829.323314757,"data":"Transit Least Squares TLS 1.32 (5 Apr 2024)\n"}
,{"stream_name":"stdout","time":8829.336387886,"data":"Creating model cache for 43 durations\n"}
,{"stream_name":"stdout","time":8829.358160648,"data":"Searching 9213 data points, 35692 periods from 0.5 to 29.996 days\n"}
,{"stream_name":"stdout","time":8829.358448039,"data":"Using 1 of 4 CPU threads\n"}
,{"stream_name":"stdout","time":9040.149968193,"data":"Searching for best T0 for period 2.17956 days\n"}
,{"stream_name":"stderr","time":9041.794933373,"data":"/usr/local/lib/python3.13/dist-packages/transitleastsquares/main.py:411: UserWarning: 69 of 112 transits without data. The true period may be twice the given period.\n"}
,{"stream_name":"stderr","time":9041.794974308,"data":"  warnings.warn(text)\n"}
,{"stream_name":"stdout","time":9057.115087631,"data":"Transit Least Squares TLS 1.32 (5 Apr 2024)\n"}
,{"stream_name":"stdout","time":9057.122971457,"data":"Creating model cache for 43 durations\n"}
,{"stream_name":"stdout","time":9057.142277117,"data":"Searching 12765 data points, 22638 periods from 0.657 to 29.991 days\n"}
,{"stream_name":"stdout","time":9057.142393998,"data":"Using 1 of 4 CPU threads\n"}
,{"stream_name":"stdout","time":9290.177945811,"data":"Searching for best T0 for period 26.57144 days\n"}
,{"stream_name":"stderr","time":9293.990699342,"data":"/usr/local/lib/python3.13/dist-packages/transitleastsquares/main.py:411: UserWarning: 7 of 9 transits without data. The true period may be twice the given period.\n"}
,{"stream_name":"stderr","time":9293.990781667,"data":"  warnings.warn(text)\n"}
,{"stream_name":"stdout","time":9299.686331295,"data":"Transit Least Squares TLS 1.32 (5 Apr 2024)\n"}
,{"stream_name":"stdout","time":9299.690669759,"data":"Creating model cache for 42 durations\n"}
,{"stream_name":"stdout","time":9299.704515328,"data":"Searching 6321 data points, 10748 periods from 0.5 to 25.136 days\n"}
,{"stream_name":"stdout","time":9299.704609304,"data":"Using 1 of 4 CPU threads\n"}
,{"stream_name":"stdout","time":9332.895918847,"data":"Searching for best T0 for period 1.18896 days\n"}
,{"stream_name":"stderr","time":9335.715010428,"data":"/usr/local/lib/python3.13/dist-packages/transitleastsquares/main.py:411: UserWarning: 150 of 204 transits without data. The true period may be twice the given period.\n"}
,{"stream_name":"stderr","time":9335.715051194,"data":"  warnings.warn(text)\n"}
,{"stream_name":"stdout","time":9345.10226673,"data":"Transit Least Squares TLS 1.32 (5 Apr 2024)\n"}
,{"stream_name":"stdout","time":9345.121769852,"data":"Creating model cache for 43 durations\n"}
,{"stream_name":"stdout","time":9345.148236739,"data":"Searching 10371 data points, 49785 periods from 0.5 to 29.997 days\n"}
,{"stream_name":"stdout","time":9345.148331313,"data":"Using 1 of 4 CPU threads\n"}
,{"stream_name":"stdout","time":9446.450331111,"data":"Searching for best T0 for period 24.87308 days\n"}
,{"stream_name":"stderr","time":9448.079812753,"data":"/usr/local/lib/python3.13/dist-packages/transitleastsquares/main.py:411: UserWarning: 1 of 2 transits without data. The true period may be twice the given period.\n"}
,{"stream_name":"stderr","time":9448.07985158,"data":"  warnings.warn(text)\n"}
,{"stream_name":"stdout","time":9452.948414629,"data":"Transit Least Squares TLS 1.32 (5 Apr 2024)\n"}
,{"stream_name":"stdout","time":9452.952507088,"data":"Creating model cache for 42 durations\n"}
,{"stream_name":"stdout","time":9452.968823511,"data":"Searching 6321 data points, 10748 periods from 0.5 to 25.136 days\n"}
,{"stream_name":"stdout","time":9452.968878198,"data":"Using 1 of 4 CPU threads\n"}
,{"stream_name":"stdout","time":9466.364708411,"data":"Searching for best T0 for period 0.54227 days\n"}
,{"stream_name":"stdout","time":9469.785139939,"data":"Searching for best T0 for period 3.62044 days\n"}
,{"stream_name":"stderr","time":9469.964087643,"data":"/usr/local/lib/python3.13/dist-packages/transitleastsquares/main.py:411: UserWarning: 503 of 649 transits without data. The true period may be twice the given period.\n"}
,{"stream_name":"stderr","time":9469.964145875,"data":"  warnings.warn(text)\n"}
,{"stream_name":"stderr","time":9472.36070799,"data":"/usr/local/lib/python3.13/dist-packages/transitleastsquares/main.py:411: UserWarning: 43 of 67 transits without data. The true period may be twice the given period.\n"}
,{"stream_name":"stderr","time":9472.36076547,"data":"  warnings.warn(text)\n"}
,{"stream_name":"stdout","time":9479.724487868,"data":"Transit Least Squares TLS 1.32 (5 Apr 2024)\n"}
,{"stream_name":"stdout","time":9479.725967798,"data":"Creating model cache for 38 durations\n"}
,{"stream_name":"stdout","time":9479.73676587,"data":"Searching 2447 data points, 3057 periods from 0.5 to 13.423 days\n"}
,{"stream_name":"stdout","time":9479.736930713,"data":"Using 1 of 4 CPU threads\n"}
,{"stream_name":"stdout","time":9483.093560761,"data":"Transit Least Squares TLS 1.32 (5 Apr 2024)\n"}
,{"stream_name":"stdout","time":9483.101573107,"data":"Creating model cache for 43 durations\n"}
,{"stream_name":"stdout","time":9483.120064407,"data":"Searching 12765 data points, 22638 periods from 0.657 to 29.991 days\n"}
,{"stream_name":"stdout","time":9483.120208643,"data":"Using 1 of 4 CPU threads\n"}
,{"stream_name":"stdout","time":9499.70245369,"data":"Searching for best T0 for period 4.04724 days\n"}
,{"stream_name":"stderr","time":9500.102143981,"data":"/usr/local/lib/python3.13/dist-packages/transitleastsquares/main.py:411: UserWarning: 4 of 7 transits without data. The true period may be twice the given period.\n"}
,{"stream_name":"stderr","time":9500.10220656,"data":"  warnings.warn(text)\n"}
,{"stream_name":"stdout","time":9504.72456233,"data":"Transit Least Squares TLS 1.32 (5 Apr 2024)\n"}
,{"stream_name":"stdout","time":9504.741892622,"data":"Creating model cache for 43 durations\n"}
,{"stream_name":"stdout","time":9504.765020837,"data":"Searching 11550 data points, 44775 periods from 0.5 to 29.995 days\n"}
,{"stream_name":"stdout","time":9504.765220333,"data":"Using 1 of 4 CPU threads\n"}
,{"stream_name":"stdout","time":9627.561125266,"data":"Searching for best T0 for period 4.29847 days\n"}
,{"stream_name":"stdout","time":9634.644732027,"data":"Transit Least Squares TLS 1.32 (5 Apr 2024)\n"}
,{"stream_name":"stdout","time":9634.649322721,"data":"Creating model cache for 42 durations\n"}
,{"stream_name":"stdout","time":9634.663349754,"data":"Searching 6321 data points, 10748 periods from 0.5 to 25.136 days\n"}
,{"stream_name":"stdout","time":9634.663548046,"data":"Using 1 of 4 CPU threads\n"}
,{"stream_name":"stdout","time":9771.227300976,"data":"Searching for best T0 for period 24.87308 days\n"}
,{"stream_name":"stdout","time":9777.707375328,"data":"Transit Least Squares TLS 1.32 (5 Apr 2024)\n"}
,{"stream_name":"stdout","time":9777.711636523,"data":"Creating model cache for 42 durations\n"}
,{"stream_name":"stdout","time":9777.725407524,"data":"Searching 6321 data points, 10748 periods from 0.5 to 25.136 days\n"}
,{"stream_name":"stdout","time":9777.725693708,"data":"Using 1 of 4 CPU threads\n"}
,{"stream_name":"stdout","time":9891.418477058,"data":"Searching for best T0 for period 8.07227 days\n"}
,{"stream_name":"stderr","time":9894.43270326,"data":"/usr/local/lib/python3.13/dist-packages/transitleastsquares/main.py:411: UserWarning: 20 of 30 transits without data. The true period may be twice the given period.\n"}
,{"stream_name":"stderr","time":9894.432783807,"data":"  warnings.warn(text)\n"}
,{"stream_name":"stdout","time":9902.810050258,"data":"Transit Least Squares TLS 1.32 (5 Apr 2024)\n"}
,{"stream_name":"stdout","time":9902.812173393,"data":"Creating model cache for 43 durations\n"}
,{"stream_name":"stdout","time":9902.824681118,"data":"Searching 6379 data points, 4409 periods from 0.724 to 26.878 days\n"}
,{"stream_name":"stdout","time":9902.824830681,"data":"Using 1 of 4 CPU threads\n"}
,{"stream_name":"stdout","time":9915.189110339,"data":"Searching for best T0 for period 24.87308 days\n"}
,{"stream_name":"stdout","time":9921.461411048,"data":"Transit Least Squares TLS 1.32 (5 Apr 2024)\n"}
,{"stream_name":"stdout","time":9921.466859689,"data":"Creating model cache for 42 durations\n"}
,{"stream_name":"stdout","time":9921.480132808,"data":"Searching 6321 data points, 10748 periods from 0.5 to 25.136 days\n"}
,{"stream_name":"stdout","time":9921.480493481,"data":"Using 1 of 4 CPU threads\n"}
,{"stream_name":"stdout","time":9970.313181963,"data":"Searching for best T0 for period 5.04501 days\n"}
,{"stream_name":"stdout","time":9976.64612234,"data":"Transit Least Squares TLS 1.32 (5 Apr 2024)\n"}
,{"stream_name":"stdout","time":9976.648079229,"data":"Creating model cache for 43 durations\n"}
,{"stream_name":"stdout","time":9976.660815837,"data":"Searching 6379 data points, 4409 periods from 0.724 to 26.878 days\n"}
,{"stream_name":"stdout","time":9976.660959922,"data":"Using 1 of 4 CPU threads\n"}
,{"stream_name":"stdout","time":10024.79372937,"data":"Searching for best T0 for period 25.23916 days\n"}
,{"stream_name":"stdout","time":10029.925912942,"data":"Transit Least Squares TLS 1.32 (5 Apr 2024)\n"}
,{"stream_name":"stdout","time":10029.928282704,"data":"Creating model cache for 37 durations\n"}
,{"stream_name":"stdout","time":10029.939289935,"data":"Searching 2413 data points, 3979 periods from 0.5 to 11.375 days\n"}
,{"stream_name":"stdout","time":10029.941817901,"data":"Using 1 of 4 CPU threads\n"}
,{"stream_name":"stdout","time":10050.046039052,"data":"Searching for best T0 for period 0.80275 days\n"}
,{"stream_name":"stderr","time":10050.562634009,"data":"/usr/local/lib/python3.13/dist-packages/transitleastsquares/main.py:411: UserWarning: 19 of 28 transits without data. The true period may be twice the given period.\n"}
,{"stream_name":"stderr","time":10050.562672072,"data":"  warnings.warn(text)\n"}
,{"stream_name":"stdout","time":10055.359366556,"data":"Transit Least Squares TLS 1.32 (5 Apr 2024)\n"}
,{"stream_name":"stdout","time":10055.368393872,"data":"Creating model cache for 43 durations\n"}
,{"stream_name":"stdout","time":10055.387927299,"data":"Searching 11040 data points, 22160 periods from 0.598 to 29.99 days\n"}
,{"stream_name":"stdout","time":10055.387962394,"data":"Using 1 of 4 CPU threads\n"}
,{"stream_name":"stdout","time":10057.227062076,"data":"Searching for best T0 for period 24.87308 days\n"}
,{"stream_name":"stdout","time":10065.266392192,"data":"Transit Least Squares TLS 1.32 (5 Apr 2024)\n"}
,{"stream_name":"stdout","time":10065.271544461,"data":"Creating model cache for 43 durations\n"}
,{"stream_name":"stdout","time":10065.288711598,"data":"Searching 13416 data points, 13598 periods from 0.5 to 29.986 days\n"}
,{"stream_name":"stdout","time":10065.288932604,"data":"Using 1 of 4 CPU threads\n"}
,{"stream_name":"stdout","time":10299.862035595,"data":"Searching for best T0 for period 5.10017 days\n"}
,{"stream_name":"stderr","time":10304.669987563,"data":"/usr/local/lib/python3.13/dist-packages/transitleastsquares/main.py:411: UserWarning: 30 of 42 transits without data. The true period may be twice the given period.\n"}
,{"stream_name":"stderr","time":10304.670029939,"data":"  warnings.warn(text)\n"}
,{"stream_name":"stdout","time":10312.963978512,"data":"Transit Least Squares TLS 1.32 (5 Apr 2024)\n"}
,{"stream_name":"stdout","time":10312.982911583,"data":"Creating model cache for 43 durations\n"}
,{"stream_name":"stdout","time":10313.009406331,"data":"Searching 10371 data points, 49785 periods from 0.5 to 29.997 days\n"}
,{"stream_name":"stdout","time":10313.00977952,"data":"Using 1 of 4 CPU threads\n"}
,{"stream_name":"stdout","time":10357.038364316,"data":"Searching for best T0 for period 2.39877 days\n"}
,{"stream_name":"stderr","time":10359.288376694,"data":"/usr/local/lib/python3.13/dist-packages/transitleastsquares/main.py:411: UserWarning: 59 of 89 transits without data. The true period may be twice the given period.\n"}
,{"stream_name":"stderr","time":10359.288421121,"data":"  warnings.warn(text)\n"}
,{"stream_name":"stdout","time":10369.791479532,"data":"Transit Least Squares TLS 1.32 (5 Apr 2024)\n"}
,{"stream_name":"stdout","time":10369.816881715,"data":"Creating model cache for 43 durations\n"}
,{"stream_name":"stdout","time":10369.849893734,"data":"Searching 12551 data points, 66368 periods from 0.5 to 29.996 days\n"}
,{"stream_name":"stdout","time":10369.850014203,"data":"Using 1 of 4 CPU threads\n"}
,{"stream_name":"stdout","time":10371.153640446,"data":"Searching for best T0 for period 27.63035 days\n"}
,{"stream_name":"stdout","time":10387.30193162,"data":"Transit Least Squares TLS 1.32 (5 Apr 2024)\n"}
,{"stream_name":"stdout","time":10387.308918508,"data":"Creating model cache for 43 durations\n"}
,{"stream_name":"stdout","time":10387.32708607,"data":"Searching 16309 data points, 16829 periods from 0.5 to 29.993 days\n"}
,{"stream_name":"stdout","time":10387.327295595,"data":"Using 1 of 4 CPU threads\n"}
,{"stream_name":"stdout","time":10508.414924172,"data":"Searching for best T0 for period 2.97099 days\n"}
,{"stream_name":"stderr","time":10511.709295817,"data":"/usr/local/lib/python3.13/dist-packages/transitleastsquares/main.py:411: UserWarning: 93 of 118 transits without data. The true period may be twice the given period.\n"}
,{"stream_name":"stderr","time":10511.709352221,"data":"  warnings.warn(text)\n"}
,{"stream_name":"stdout","time":10519.352976807,"data":"Transit Least Squares TLS 1.32 (5 Apr 2024)\n"}
,{"stream_name":"stdout","time":10519.353863403,"data":"Creating model cache for 38 durations\n"}
,{"stream_name":"stdout","time":10519.363739392,"data":"Searching 3681 data points, 1274 periods from 1.015 to 13.24 days\n"}
,{"stream_name":"stdout","time":10519.364004333,"data":"Using 1 of 4 CPU threads\n"}
,{"stream_name":"stdout","time":10528.012889271,"data":"Searching for best T0 for period 1.78254 days\n"}
,{"stream_name":"stdout","time":10533.294224879,"data":"Transit Least Squares TLS 1.32 (5 Apr 2024)\n"}
,{"stream_name":"stdout","time":10533.296289511,"data":"Creating model cache for 43 durations\n"}
,{"stream_name":"stdout","time":10533.309543466,"data":"Searching 7127 data points, 4486 periods from 1.015 to 29.984 days\n"}
,{"stream_name":"stdout","time":10533.3096887,"data":"Using 1 of 4 CPU threads\n"}
,{"stream_name":"stdout","time":10612.050328311,"data":"Searching for best T0 for period 5.38255 days\n"}
,{"stream_name":"stdout","time":10618.852010384,"data":"Transit Least Squares TLS 1.32 (5 Apr 2024)\n"}
,{"stream_name":"stdout","time":10618.854326139,"data":"Creating model cache for 43 durations\n"}
,{"stream_name":"stdout","time":10618.86700569,"data":"Searching 7127 data points, 4486 periods from 1.015 to 29.984 days\n"}
,{"stream_name":"stdout","time":10618.867298484,"data":"Using 1 of 4 CPU threads\n"}
,{"stream_name":"stdout","time":10674.030610796,"data":"Searching for best T0 for period 1.06416 days\n"}
,{"stream_name":"stderr","time":10675.028403972,"data":"/usr/local/lib/python3.13/dist-packages/transitleastsquares/main.py:411: UserWarning: 27 of 75 transits without data. The true period may be twice the given period.\n"}
,{"stream_name":"stderr","time":10675.028444927,"data":"  warnings.warn(text)\n"}
,{"stream_name":"stdout","time":10686.096632536,"data":"Transit Least Squares TLS 1.32 (5 Apr 2024)\n"}
,{"stream_name":"stdout","time":10686.105361869,"data":"Creating model cache for 43 durations\n"}
,{"stream_name":"stdout","time":10686.124528441,"data":"Searching 22541 data points, 22662 periods from 0.786 to 29.996 days\n"}
,{"stream_name":"stdout","time":10686.124630141,"data":"Using 1 of 4 CPU threads\n"}
,{"stream_name":"stdout","time":11070.383429542,"data":"Searching for best T0 for period 3.22136 days\n"}
,{"stream_name":"stdout","time":11089.251296993,"data":"Transit Least Squares TLS 1.32 (5 Apr 2024)\n"}
,{"stream_name":"stdout","time":11089.258951893,"data":"Creating model cache for 43 durations\n"}
,{"stream_name":"stdout","time":11089.278416976,"data":"Searching 24365 data points, 20961 periods from 0.912 to 29.991 days\n"}
,{"stream_name":"stdout","time":11089.278566156,"data":"Using 1 of 4 CPU threads\n"}
,{"stream_name":"stdout","time":11264.402079716,"data":"Searching for best T0 for period 1.73625 days\n"}
,{"stream_name":"stderr","time":11270.908107618,"data":"/usr/local/lib/python3.13/dist-packages/transitleastsquares/main.py:411: UserWarning: 101 of 123 transits without data. The true period may be twice the given period.\n"}
,{"stream_name":"stderr","time":11270.908153851,"data":"  warnings.warn(text)\n"}
,{"stream_name":"stdout","time":11278.792286826,"data":"Transit Least Squares TLS 1.32 (5 Apr 2024)\n"}
,{"stream_name":"stdout","time":11278.81022738,"data":"Creating model cache for 43 durations\n"}
,{"stream_name":"stdout","time":11278.835741202,"data":"Searching 10371 data points, 49785 periods from 0.5 to 29.997 days\n"}
,{"stream_name":"stdout","time":11278.836097615,"data":"Using 1 of 4 CPU threads\n"}
,{"stream_name":"stdout","time":11880.650927868,"data":"Searching for best T0 for period 7.76840 days\n"}
,{"stream_name":"stderr","time":11885.487272194,"data":"/usr/local/lib/python3.13/dist-packages/transitleastsquares/main.py:411: UserWarning: 17 of 39 transits without data. The true period may be twice the given period.\n"}
,{"stream_name":"stderr","time":11885.487311331,"data":"  warnings.warn(text)\n"}
,{"stream_name":"stdout","time":11886.150553516,"data":"Searching for best T0 for period 1.28762 days\n"}
,{"stream_name":"stderr","time":11891.45160484,"data":"/usr/local/lib/python3.13/dist-packages/transitleastsquares/main.py:411: UserWarning: 143 of 211 transits without data. The true period may be twice the given period.\n"}
,{"stream_name":"stderr","time":11891.451674106,"data":"  warnings.warn(text)\n"}
,{"stream_name":"stdout","time":11899.77760762,"data":"Transit Least Squares TLS 1.32 (5 Apr 2024)\n"}
,{"stream_name":"stdout","time":11899.780893205,"data":"Creating model cache for 43 durations\n"}
,{"stream_name":"stdout","time":11899.794435267,"data":"Searching 6046 data points, 7352 periods from 0.5 to 26.051 days\n"}
,{"stream_name":"stdout","time":11899.794632763,"data":"Using 1 of 4 CPU threads\n"}
,{"stream_name":"stdout","time":11901.724971065,"data":"Transit Least Squares TLS 1.32 (5 Apr 2024)\n"}
,{"stream_name":"stdout","time":11901.733049303,"data":"Creating model cache for 43 durations\n"}
,{"stream_name":"stdout","time":11901.751912821,"data":"Searching 22541 data points, 22662 periods from 0.786 to 29.996 days\n"}
,{"stream_name":"stdout","time":11901.752156162,"data":"Using 1 of 4 CPU threads\n"}
,{"stream_name":"stdout","time":12019.303790243,"data":"Searching for best T0 for period 3.87783 days\n"}
,{"stream_name":"stdout","time":12031.762294501,"data":"Transit Least Squares TLS 1.32 (5 Apr 2024)\n"}
,{"stream_name":"stdout","time":12031.76659069,"data":"Creating model cache for 43 durations\n"}
,{"stream_name":"stdout","time":12031.783637808,"data":"Searching 27805 data points, 11919 periods from 1.141 to 29.985 days\n"}
,{"stream_name":"stdout","time":12031.783743179,"data":"Using 1 of 4 CPU threads\n"}
,{"stream_name":"stdout","time":12346.979731347,"data":"Searching for best T0 for period 2.66643 days\n"}
,{"stream_name":"stderr","time":12351.097324748,"data":"/usr/local/lib/python3.13/dist-packages/transitleastsquares/main.py:411: UserWarning: 58 of 123 transits without data. The true period may be twice the given period.\n"}
,{"stream_name":"stderr","time":12351.097375961,"data":"  warnings.warn(text)\n"}
,{"stream_name":"stdout","time":12369.867708192,"data":"Transit Least Squares TLS 1.32 (5 Apr 2024)\n"}
,{"stream_name":"stdout","time":12369.872389864,"data":"Creating model cache for 43 durations\n"}
,{"stream_name":"stdout","time":12369.886625571,"data":"Searching 12712 data points, 10542 periods from 0.912 to 29.983 days\n"}
,{"stream_name":"stdout","time":12369.886875538,"data":"Using 1 of 4 CPU threads\n"}
,{"stream_name":"stdout","time":12418.027544185,"data":"Searching for best T0 for period 12.25739 days\n"}
,{"stream_name":"stderr","time":12422.459273395,"data":"/usr/local/lib/python3.13/dist-packages/transitleastsquares/main.py:411: UserWarning: 11 of 18 transits without data. The true period may be twice the given period.\n"}
,{"stream_name":"stderr","time":12422.45931658,"data":"  warnings.warn(text)\n"}
,{"stream_name":"stdout","time":12427.373837011,"data":"200/379 11985s\n"}
,{"stream_name":"stdout","time":12429.829103384,"data":"Transit Least Squares TLS 1.32 (5 Apr 2024)\n"}
,{"stream_name":"stdout","time":12429.83405586,"data":"Creating model cache for 43 durations\n"}
,{"stream_name":"stdout","time":12429.848575206,"data":"Searching 9481 data points, 13579 periods from 0.5 to 29.998 days\n"}
,{"stream_name":"stdout","time":12429.84868812,"data":"Using 1 of 4 CPU threads\n"}
,{"stream_name":"stdout","time":12731.600080612,"data":"Searching for best T0 for period 1.94509 days\n"}
,{"stream_name":"stderr","time":12735.790968205,"data":"/usr/local/lib/python3.13/dist-packages/transitleastsquares/main.py:411: UserWarning: 19 of 53 transits without data. The true period may be twice the given period.\n"}
,{"stream_name":"stderr","time":12735.79101486,"data":"  warnings.warn(text)\n"}
,{"stream_name":"stdout","time":12749.426779268,"data":"Transit Least Squares TLS 1.32 (5 Apr 2024)\n"}
,{"stream_name":"stdout","time":12749.437035472,"data":"Creating model cache for 43 durations\n"}
,{"stream_name":"stdout","time":12749.460782179,"data":"Searching 12337 data points, 17026 periods from 0.5 to 29.987 days\n"}
,{"stream_name":"stdout","time":12749.460842763,"data":"Using 1 of 4 CPU threads\n"}
,{"stream_name":"stdout","time":12751.42256182,"data":"Searching for best T0 for period 2.42249 days\n"}
,{"stream_name":"stderr","time":12755.22970399,"data":"/usr/local/lib/python3.13/dist-packages/transitleastsquares/main.py:411: UserWarning: 32 of 68 transits without data. The true period may be twice the given period.\n"}
,{"stream_name":"stderr","time":12755.230917341,"data":"  warnings.warn(text)\n"}
,{"stream_name":"stdout","time":12775.040027489,"data":"Transit Least Squares TLS 1.32 (5 Apr 2024)\n"}
,{"stream_name":"stdout","time":12775.05162886,"data":"Creating model cache for 43 durations\n"}
,{"stream_name":"stdout","time":12775.07693625,"data":"Searching 24365 data points, 20961 periods from 0.912 to 29.991 days\n"}
,{"stream_name":"stdout","time":12775.076996474,"data":"Using 1 of 4 CPU threads\n"}
,{"stream_name":"stdout","time":12988.866978903,"data":"Searching for best T0 for period 2.04576 days\n"}
,{"stream_name":"stdout","time":13013.661462443,"data":"Transit Least Squares TLS 1.32 (5 Apr 2024)\n"}
,{"stream_name":"stdout","time":13013.662498148,"data":"Creating model cache for 38 durations\n"}
,{"stream_name":"stdout","time":13013.672787866,"data":"Searching 3290 data points, 1969 periods from 0.692 to 12.898 days\n"}
,{"stream_name":"stdout","time":13013.672925585,"data":"Using 1 of 4 CPU threads\n"}
,{"stream_name":"stdout","time":13035.406534415,"data":"Searching for best T0 for period 0.74055 days\n"}
,{"stream_name":"stdout","time":13040.147873428,"data":"Transit Least Squares TLS 1.32 (5 Apr 2024)\n"}
,{"stream_name":"stdout","time":13040.152880624,"data":"Creating model cache for 43 durations\n"}
,{"stream_name":"stdout","time":13040.162331178,"data":"Searching 5809 data points, 4479 periods from 0.692 to 26.051 days\n"}
,{"stream_name":"stdout","time":13040.162572852,"data":"Using 1 of 4 CPU threads\n"}
,{"stream_name":"stdout","time":13080.459581166,"data":"Searching for best T0 for period 0.54340 days\n"}
,{"stream_name":"stderr","time":13091.991067834,"data":"/usr/local/lib/python3.13/dist-packages/transitleastsquares/main.py:411: UserWarning: 204 of 240 transits without data. The true period may be twice the given period.\n"}
,{"stream_name":"stderr","time":13091.991110728,"data":"  warnings.warn(text)\n"}
,{"stream_name":"stdout","time":13096.413968129,"data":"Searching for best T0 for period 1.28872 days\n"}
,{"stream_name":"stdout","time":13102.017728981,"data":"Transit Least Squares TLS 1.32 (5 Apr 2024)\n"}
,{"stream_name":"stdout","time":13102.021283409,"data":"Creating model cache for 43 durations\n"}
,{"stream_name":"stdout","time":13102.038602181,"data":"Searching 10463 data points, 8552 periods from 0.722 to 29.988 days\n"}
,{"stream_name":"stdout","time":13102.038803841,"data":"Using 1 of 4 CPU threads\n"}
,{"stream_name":"stdout","time":13104.292629194,"data":"Searching for best T0 for period 4.01536 days\n"}
,{"stream_name":"stdout","time":13105.725319169,"data":"Transit Least Squares TLS 1.32 (5 Apr 2024)\n"}
,{"stream_name":"stdout","time":13105.728771702,"data":"Creating model cache for 43 durations\n"}
,{"stream_name":"stdout","time":13105.743303898,"data":"Searching 12177 data points, 9593 periods from 0.692 to 29.988 days\n"}
,{"stream_name":"stdout","time":13105.743360045,"data":"Using 1 of 4 CPU threads\n"}
,{"stream_name":"stderr","time":13109.039836012,"data":"/usr/local/lib/python3.13/dist-packages/transitleastsquares/main.py:411: UserWarning: 35 of 74 transits without data. The true period may be twice the given period.\n"}
,{"stream_name":"stderr","time":13109.0398792,"data":"  warnings.warn(text)\n"}
,{"stream_name":"stdout","time":13125.157862926,"data":"Transit Least Squares TLS 1.32 (5 Apr 2024)\n"}
,{"stream_name":"stdout","time":13125.164253775,"data":"Creating model cache for 43 durations\n"}
,{"stream_name":"stdout","time":13125.181353966,"data":"Searching 16348 data points, 18433 periods from 0.786 to 29.996 days\n"}
,{"stream_name":"stdout","time":13125.181468279,"data":"Using 1 of 4 CPU threads\n"}
,{"stream_name":"stdout","time":13242.702784385,"data":"Searching for best T0 for period 14.89375 days\n"}
,{"stream_name":"stdout","time":13253.322654692,"data":"Transit Least Squares TLS 1.32 (5 Apr 2024)\n"}
,{"stream_name":"stdout","time":13253.325034027,"data":"Creating model cache for 42 durations\n"}
,{"stream_name":"stdout","time":13253.339905688,"data":"Searching 4925 data points, 3995 periods from 0.722 to 24.573 days\n"}
,{"stream_name":"stdout","time":13253.339951575,"data":"Using 1 of 4 CPU threads\n"}
,{"stream_name":"stdout","time":13295.752454436,"data":"Searching for best T0 for period 1.05076 days\n"}
,{"stream_name":"stdout","time":13304.386066399,"data":"Searching for best T0 for period 8.42527 days\n"}
,{"stream_name":"stderr","time":13305.540371632,"data":"/usr/local/lib/python3.13/dist-packages/transitleastsquares/main.py:411: UserWarning: 2 of 6 transits without data. The true period may be twice the given period.\n"}
,{"stream_name":"stderr","time":13305.540414341,"data":"  warnings.warn(text)\n"}
,{"stream_name":"stdout","time":13311.130667182,"data":"Transit Least Squares TLS 1.32 (5 Apr 2024)\n"}
,{"stream_name":"stdout","time":13311.14414991,"data":"Creating model cache for 43 durations\n"}
,{"stream_name":"stdout","time":13311.167488454,"data":"Searching 14533 data points, 35189 periods from 0.616 to 29.997 days\n"}
,{"stream_name":"stdout","time":13311.167866347,"data":"Using 1 of 4 CPU threads\n"}
,{"stream_name":"stdout","time":13314.4140052,"data":"Transit Least Squares TLS 1.32 (5 Apr 2024)\n"}
,{"stream_name":"stdout","time":13314.420517212,"data":"Creating model cache for 43 durations\n"}
,{"stream_name":"stdout","time":13314.439264919,"data":"Searching 23815 data points, 17983 periods from 0.722 to 29.997 days\n"}
,{"stream_name":"stdout","time":13314.439599598,"data":"Using 1 of 4 CPU threads\n"}
,{"stream_name":"stdout","time":13604.190711374,"data":"Searching for best T0 for period 1.18974 days\n"}
,{"stream_name":"stderr","time":13609.286828266,"data":"/usr/local/lib/python3.13/dist-packages/transitleastsquares/main.py:411: UserWarning: 133 of 275 transits without data. The true period may be twice the given period.\n"}
,{"stream_name":"stderr","time":13609.28690653,"data":"  warnings.warn(text)\n"}
,{"stream_name":"stdout","time":13629.330613607,"data":"Transit Least Squares TLS 1.32 (5 Apr 2024)\n"}
,{"stream_name":"stdout","time":13629.332667825,"data":"Creating model cache for 43 durations\n"}
,{"stream_name":"stdout","time":13629.344959514,"data":"Searching 6314 data points, 5179 periods from 0.912 to 29.994 days\n"}
,{"stream_name":"stdout","time":13629.34508981,"data":"Using 1 of 4 CPU threads\n"}
,{"stream_name":"stdout","time":13723.476999819,"data":"Searching for best T0 for period 2.20185 days\n"}
,{"stream_name":"stderr","time":13724.293841852,"data":"/usr/local/lib/python3.13/dist-packages/transitleastsquares/main.py:411: UserWarning: 18 of 37 transits without data. The true period may be twice the given period.\n"}
,{"stream_name":"stderr","time":13724.293886037,"data":"  warnings.warn(text)\n"}
,{"stream_name":"stdout","time":13732.156411895,"data":"Transit Least Squares TLS 1.32 (5 Apr 2024)\n"}
,{"stream_name":"stdout","time":13732.164914878,"data":"Creating model cache for 43 durations\n"}
,{"stream_name":"stdout","time":13732.17944805,"data":"Searching 15310 data points, 13866 periods from 0.912 to 29.993 days\n"}
,{"stream_name":"stdout","time":13732.179775024,"data":"Using 1 of 4 CPU threads\n"}
,{"stream_name":"stdout","time":13973.523929937,"data":"Searching for best T0 for period 1.18453 days\n"}
,{"stream_name":"stdout","time":13976.65462834,"data":"Searching for best T0 for period 27.71555 days\n"}
,{"stream_name":"stderr","time":13976.708588763,"data":"/usr/local/lib/python3.13/dist-packages/transitleastsquares/main.py:411: UserWarning: 107 of 205 transits without data. The true period may be twice the given period.\n"}
,{"stream_name":"stderr","time":13976.708647827,"data":"  warnings.warn(text)\n"}
,{"stream_name":"stdout","time":13994.445408517,"data":"Transit Least Squares TLS 1.32 (5 Apr 2024)\n"}
,{"stream_name":"stdout","time":13994.451797756,"data":"Creating model cache for 43 durations\n"}
,{"stream_name":"stdout","time":13994.471402349,"data":"Searching 16348 data points, 18433 periods from 0.786 to 29.996 days\n"}
,{"stream_name":"stdout","time":13994.473975063,"data":"Using 1 of 4 CPU threads\n"}
,{"stream_name":"stderr","time":13998.400162935,"data":"/usr/local/lib/python3.13/dist-packages/transitleastsquares/main.py:411: UserWarning: 5 of 8 transits without data. The true period may be twice the given period.\n"}
,{"stream_name":"stderr","time":13998.400203522,"data":"  warnings.warn(text)\n"}
,{"stream_name":"stdout","time":14013.302473624,"data":"Transit Least Squares TLS 1.32 (5 Apr 2024)\n"}
,{"stream_name":"stdout","time":14013.313625774,"data":"Creating model cache for 43 durations\n"}
,{"stream_name":"stdout","time":14013.335306021,"data":"Searching 21233 data points, 28084 periods from 0.651 to 29.998 days\n"}
,{"stream_name":"stdout","time":14013.335662778,"data":"Using 1 of 4 CPU threads\n"}
,{"stream_name":"stdout","time":14067.921522971,"data":"Searching for best T0 for period 26.67150 days\n"}
,{"stream_name":"stderr","time":14076.000137569,"data":"/usr/local/lib/python3.13/dist-packages/transitleastsquares/main.py:411: UserWarning: 5 of 8 transits without data. The true period may be twice the given period.\n"}
,{"stream_name":"stderr","time":14076.000180821,"data":"  warnings.warn(text)\n"}
,{"stream_name":"stdout","time":14087.356090977,"data":"Transit Least Squares TLS 1.32 (5 Apr 2024)\n"}
,{"stream_name":"stdout","time":14087.36406274,"data":"Creating model cache for 43 durations\n"}
,{"stream_name":"stdout","time":14087.383217966,"data":"Searching 24365 data points, 20961 periods from 0.912 to 29.991 days\n"}
,{"stream_name":"stdout","time":14087.383626407,"data":"Using 1 of 4 CPU threads\n"}
,{"stream_name":"stdout","time":14450.644983747,"data":"Searching for best T0 for period 0.91419 days\n"}
,{"stream_name":"stderr","time":14453.889401566,"data":"/usr/local/lib/python3.13/dist-packages/transitleastsquares/main.py:411: UserWarning: 275 of 385 transits without data. The true period may be twice the given period.\n"}
,{"stream_name":"stderr","time":14453.889441731,"data":"  warnings.warn(text)\n"}
,{"stream_name":"stdout","time":14466.806920968,"data":"Transit Least Squares TLS 1.32 (5 Apr 2024)\n"}
,{"stream_name":"stdout","time":14466.806970169,"data":"Creating model cache for 38 durations\n"}
,{"stream_name":"stdout","time":14466.815161693,"data":"Searching 3731 data points, 2376 periods from 0.615 to 13.423 days\n"}
,{"stream_name":"stdout","time":14466.815313882,"data":"Using 1 of 4 CPU threads\n"}
,{"stream_name":"stdout","time":14483.132953274,"data":"Searching for best T0 for period 7.12728 days\n"}
,{"stream_name":"stderr","time":14483.824045797,"data":"/usr/local/lib/python3.13/dist-packages/transitleastsquares/main.py:411: UserWarning: 1 of 3 transits without data. The true period may be twice the given period.\n"}
,{"stream_name":"stderr","time":14483.8240994,"data":"  warnings.warn(text)\n"}
,{"stream_name":"stdout","time":14489.920265319,"data":"Transit Least Squares TLS 1.32 (5 Apr 2024)\n"}
,{"stream_name":"stdout","time":14489.933437788,"data":"Creating model cache for 43 durations\n"}
,{"stream_name":"stdout","time":14489.954155356,"data":"Searching 14533 data points, 35189 periods from 0.616 to 29.997 days\n"}
,{"stream_name":"stdout","time":14489.954422283,"data":"Using 1 of 4 CPU threads\n"}
,{"stream_name":"stdout","time":14841.311664812,"data":"Searching for best T0 for period 0.86830 days\n"}
,{"stream_name":"stderr","time":14844.141871108,"data":"/usr/local/lib/python3.13/dist-packages/transitleastsquares/main.py:411: UserWarning: 152 of 280 transits without data. The true period may be twice the given period.\n"}
,{"stream_name":"stderr","time":14844.141925422,"data":"  warnings.warn(text)\n"}
,{"stream_name":"stdout","time":14858.681419503,"data":"Transit Least Squares TLS 1.32 (5 Apr 2024)\n"}
,{"stream_name":"stdout","time":14858.70800399,"data":"Creating model cache for 43 durations\n"}
,{"stream_name":"stdout","time":14858.737328192,"data":"Searching 5684 data points, 72208 periods from 0.5 to 29.997 days\n"}
,{"stream_name":"stdout","time":14858.737519149,"data":"Using 1 of 4 CPU threads\n"}
,{"stream_name":"stdout","time":15066.500299841,"data":"Searching for best T0 for period 12.21409 days\n"}
,{"stream_name":"stderr","time":15079.031205499,"data":"/usr/local/lib/python3.13/dist-packages/transitleastsquares/main.py:411: UserWarning: 12 of 27 transits without data. The true period may be twice the given period.\n"}
,{"stream_name":"stderr","time":15079.031269341,"data":"  warnings.warn(text)\n"}
,{"stream_name":"stdout","time":15094.592333442,"data":"Transit Least Squares TLS 1.32 (5 Apr 2024)\n"}
,{"stream_name":"stdout","time":15094.602144062,"data":"Creating model cache for 43 durations\n"}
,{"stream_name":"stdout","time":15094.623692883,"data":"Searching 25867 data points, 26857 periods from 0.504 to 29.99 days\n"}
,{"stream_name":"stdout","time":15094.624034877,"data":"Using 1 of 4 CPU threads\n"}
,{"stream_name":"stdout","time":15577.266219288,"data":"Searching for best T0 for period 1.01040 days\n"}
,{"stream_name":"stderr","time":15582.343862422,"data":"/usr/local/lib/python3.13/dist-packages/transitleastsquares/main.py:411: UserWarning: 151 of 296 transits without data. The true period may be twice the given period.\n"}
,{"stream_name":"stderr","time":15582.344005067,"data":"  warnings.warn(text)\n"}
,{"stream_name":"stdout","time":15599.028775399,"data":"Transit Least Squares TLS 1.32 (5 Apr 2024)\n"}
,{"stream_name":"stdout","time":15599.04926236,"data":"Creating model cache for 43 durations\n"}
,{"stream_name":"stdout","time":15599.077677049,"data":"Searching 9477 data points, 46562 periods from 0.5 to 29.996 days\n"}
,{"stream_name":"stdout","time":15599.077870986,"data":"Using 1 of 4 CPU threads\n"}
,{"stream_name":"stdout","time":15654.805901115,"data":"Searching for best T0 for period 6.19858 days\n"}
,{"stream_name":"stderr","time":15658.76463009,"data":"/usr/local/lib/python3.13/dist-packages/transitleastsquares/main.py:411: UserWarning: 39 of 56 transits without data. The true period may be twice the given period.\n"}
,{"stream_name":"stderr","time":15658.76469472,"data":"  warnings.warn(text)\n"}
,{"stream_name":"stdout","time":15669.4542582,"data":"Transit Least Squares TLS 1.32 (5 Apr 2024)\n"}
,{"stream_name":"stdout","time":15669.467004634,"data":"Creating model cache for 43 durations\n"}
,{"stream_name":"stdout","time":15669.488678574,"data":"Searching 14533 data points, 35189 periods from 0.616 to 29.997 days\n"}
,{"stream_name":"stdout","time":15669.488839383,"data":"Using 1 of 4 CPU threads\n"}
,{"stream_name":"stdout","time":15673.992805278,"data":"Searching for best T0 for period 0.62039 days\n"}
,{"stream_name":"stderr","time":15675.919101748,"data":"/usr/local/lib/python3.13/dist-packages/transitleastsquares/main.py:411: UserWarning: 525 of 567 transits without data. The true period may be twice the given period.\n"}
,{"stream_name":"stderr","time":15675.919163116,"data":"  warnings.warn(text)\n"}
,{"stream_name":"stdout","time":15681.977263109,"data":"Transit Least Squares TLS 1.32 (5 Apr 2024)\n"}
,{"stream_name":"stdout","time":15681.979562647,"data":"Creating model cache for 38 durations\n"}
,{"stream_name":"stdout","time":15681.991259843,"data":"Searching 2900 data points, 4930 periods from 0.5 to 13.423 days\n"}
,{"stream_name":"stdout","time":15681.991460217,"data":"Using 1 of 4 CPU threads\n"}
,{"stream_name":"stdout","time":15715.3729681,"data":"Searching for best T0 for period 0.98508 days\n"}
,{"stream_name":"stdout","time":15720.8827179,"data":"Transit Least Squares TLS 1.32 (5 Apr 2024)\n"}
,{"stream_name":"stdout","time":15720.907520386,"data":"Creating model cache for 43 durations\n"}
,{"stream_name":"stdout","time":15720.939247318,"data":"Searching 5684 data points, 72208 periods from 0.5 to 29.997 days\n"}
,{"stream_name":"stdout","time":15720.939435635,"data":"Using 1 of 4 CPU threads\n"}
,{"stream_name":"stdout","time":16565.250847049,"data":"Searching for best T0 for period 0.94963 days\n"}
,{"stream_name":"stderr","time":16567.024006041,"data":"/usr/local/lib/python3.13/dist-packages/transitleastsquares/main.py:411: UserWarning: 343 of 370 transits without data. The true period may be twice the given period.\n"}
,{"stream_name":"stderr","time":16567.02406299,"data":"  warnings.warn(text)\n"}
,{"stream_name":"stdout","time":16572.775125181,"data":"Transit Least Squares TLS 1.32 (5 Apr 2024)\n"}
,{"stream_name":"stdout","time":16572.801067279,"data":"Creating model cache for 43 durations\n"}
,{"stream_name":"stdout","time":16572.831584883,"data":"Searching 5684 data points, 72208 periods from 0.5 to 29.997 days\n"}
,{"stream_name":"stdout","time":16572.831688775,"data":"Using 1 of 4 CPU threads\n"}
,{"stream_name":"stdout","time":16648.893880075,"data":"Searching for best T0 for period 8.60073 days\n"}
,{"stream_name":"stderr","time":16652.4620185,"data":"/usr/local/lib/python3.13/dist-packages/transitleastsquares/main.py:411: UserWarning: 31 of 38 transits without data. The true period may be twice the given period.\n"}
,{"stream_name":"stderr","time":16652.462080699,"data":"  warnings.warn(text)\n"}
,{"stream_name":"stdout","time":16660.332358385,"data":"Transit Least Squares TLS 1.32 (5 Apr 2024)\n"}
,{"stream_name":"stdout","time":16660.351888184,"data":"Creating model cache for 43 durations\n"}
,{"stream_name":"stdout","time":16660.376782815,"data":"Searching 13423 data points, 50750 periods from 0.5 to 29.995 days\n"}
,{"stream_name":"stdout","time":16660.376979389,"data":"Using 1 of 4 CPU threads\n"}
,{"stream_name":"stdout","time":16924.290922037,"data":"Searching for best T0 for period 1.09879 days\n"}
,{"stream_name":"stdout","time":16952.258635031,"data":"Transit Least Squares TLS 1.32 (5 Apr 2024)\n"}
,{"stream_name":"stdout","time":16952.26009635,"data":"Creating model cache for 38 durations\n"}
,{"stream_name":"stdout","time":16952.270296236,"data":"Searching 3730 data points, 3008 periods from 0.504 to 13.423 days\n"}
,{"stream_name":"stdout","time":16952.270395249,"data":"Using 1 of 4 CPU threads\n"}
,{"stream_name":"stdout","time":16977.40497114,"data":"Searching for best T0 for period 2.53595 days\n"}
,{"stream_name":"stdout","time":16983.600877749,"data":"Searching for best T0 for period 3.06374 days\n"}
,{"stream_name":"stdout","time":16984.706588701,"data":"Transit Least Squares TLS 1.32 (5 Apr 2024)\n"}
,{"stream_name":"stdout","time":16984.710022488,"data":"Creating model cache for 43 durations\n"}
,{"stream_name":"stdout","time":16984.725463995,"data":"Searching 16506 data points, 7953 periods from 1.001 to 29.99 days\n"}
,{"stream_name":"stdout","time":16984.725648506,"data":"Using 1 of 4 CPU threads\n"}
,{"stream_name":"stderr","time":16986.524195911,"data":"/usr/local/lib/python3.13/dist-packages/transitleastsquares/main.py:411: UserWarning: 82 of 114 transits without data. The true period may be twice the given period.\n"}
,{"stream_name":"stderr","time":16986.524239889,"data":"  warnings.warn(text)\n"}
,{"stream_name":"stdout","time":16997.309766964,"data":"Transit Least Squares TLS 1.32 (5 Apr 2024)\n"}
,{"stream_name":"stdout","time":16997.312823518,"data":"Creating model cache for 43 durations\n"}
,{"stream_name":"stdout","time":16997.326156257,"data":"Searching 7180 data points, 6286 periods from 1.002 to 29.995 days\n"}
,{"stream_name":"stdout","time":16997.326442989,"data":"Using 1 of 4 CPU threads\n"}
,{"stream_name":"stdout","time":17072.673237901,"data":"Searching for best T0 for period 1.19497 days\n"}
,{"stream_name":"stderr","time":17073.857912548,"data":"/usr/local/lib/python3.13/dist-packages/transitleastsquares/main.py:411: UserWarning: 50 of 92 transits without data. The true period may be twice the given period.\n"}
,{"stream_name":"stderr","time":17073.857949003,"data":"  warnings.warn(text)\n"}
,{"stream_name":"stdout","time":17085.055327478,"data":"Transit Least Squares TLS 1.32 (5 Apr 2024)\n"}
,{"stream_name":"stdout","time":17085.063903768,"data":"Creating model cache for 43 durations\n"}
,{"stream_name":"stdout","time":17085.080969154,"data":"Searching 22720 data points, 17145 periods from 1.002 to 30.0 days\n"}
,{"stream_name":"stdout","time":17085.081150753,"data":"Using 1 of 4 CPU threads\n"}
,{"stream_name":"stdout","time":17174.739361036,"data":"Searching for best T0 for period 10.43123 days\n"}
,{"stream_name":"stdout","time":17191.683149352,"data":"Transit Least Squares TLS 1.32 (5 Apr 2024)\n"}
,{"stream_name":"stdout","time":17191.685383255,"data":"Creating model cache for 43 durations\n"}
,{"stream_name":"stdout","time":17191.699568163,"data":"Searching 10097 data points, 4652 periods from 1.0 to 29.979 days\n"}
,{"stream_name":"stdout","time":17191.6997783,"data":"Using 1 of 4 CPU threads\n"}
,{"stream_name":"stdout","time":17276.004154478,"data":"Searching for best T0 for period 15.58696 days\n"}
,{"stream_name":"stdout","time":17291.011357045,"data":"Transit Least Squares TLS 1.32 (5 Apr 2024)\n"}
,{"stream_name":"stdout","time":17291.017909258,"data":"Creating model cache for 43 durations\n"}
,{"stream_name":"stdout","time":17291.036868801,"data":"Searching 31791 data points, 17164 periods from 1.001 to 29.993 days\n"}
,{"stream_name":"stdout","time":17291.037059286,"data":"Using 1 of 4 CPU threads\n"}
,{"stream_name":"stdout","time":17443.3412082,"data":"Searching for best T0 for period 3.01256 days\n"}
,{"stream_name":"stderr","time":17445.425242966,"data":"/usr/local/lib/python3.13/dist-packages/transitleastsquares/main.py:411: UserWarning: 112 of 117 transits without data. The true period may be twice the given period.\n"}
,{"stream_name":"stderr","time":17445.425281849,"data":"  warnings.warn(text)\n"}
,{"stream_name":"stdout","time":17449.988175157,"data":"Transit Least Squares TLS 1.32 (5 Apr 2024)\n"}
,{"stream_name":"stdout","time":17449.990519936,"data":"Creating model cache for 38 durations\n"}
,{"stream_name":"stdout","time":17450.004941349,"data":"Searching 2900 data points, 4930 periods from 0.5 to 13.423 days\n"}
,{"stream_name":"stdout","time":17450.00507876,"data":"Using 1 of 4 CPU threads\n"}
,{"stream_name":"stdout","time":17489.912382215,"data":"Searching for best T0 for period 0.60257 days\n"}
,{"stream_name":"stdout","time":17498.692661779,"data":"Transit Least Squares TLS 1.32 (5 Apr 2024)\n"}
,{"stream_name":"stdout","time":17498.696956245,"data":"Creating model cache for 43 durations\n"}
,{"stream_name":"stdout","time":17498.714090853,"data":"Searching 21467 data points, 11183 periods from 0.971 to 29.989 days\n"}
,{"stream_name":"stdout","time":17498.714244651,"data":"Using 1 of 4 CPU threads\n"}
,{"stream_name":"stdout","time":17608.055203969,"data":"Searching for best T0 for period 4.12205 days\n"}
,{"stream_name":"stderr","time":17613.03856135,"data":"/usr/local/lib/python3.13/dist-packages/transitleastsquares/main.py:411: UserWarning: 64 of 86 transits without data. The true period may be twice the given period.\n"}
,{"stream_name":"stderr","time":17613.038622309,"data":"  warnings.warn(text)\n"}
,{"stream_name":"stdout","time":17622.648574756,"data":"Transit Least Squares TLS 1.32 (5 Apr 2024)\n"}
,{"stream_name":"stdout","time":17622.667972366,"data":"Creating model cache for 43 durations\n"}
,{"stream_name":"stdout","time":17622.69508975,"data":"Searching 13423 data points, 50750 periods from 0.5 to 29.995 days\n"}
,{"stream_name":"stdout","time":17622.695227291,"data":"Using 1 of 4 CPU threads\n"}
,{"stream_name":"stdout","time":17843.540071845,"data":"Searching for best T0 for period 17.71797 days\n"}
,{"stream_name":"stdout","time":17862.976911267,"data":"Transit Least Squares TLS 1.32 (5 Apr 2024)\n"}
,{"stream_name":"stdout","time":17862.980278895,"data":"Creating model cache for 43 durations\n"}
,{"stream_name":"stdout","time":17862.994208878,"data":"Searching 15643 data points, 8091 periods from 0.971 to 29.997 days\n"}
,{"stream_name":"stdout","time":17862.994355363,"data":"Using 1 of 4 CPU threads\n"}
,{"stream_name":"stdout","time":18053.544936809,"data":"Searching for best T0 for period 10.77527 days\n"}
,{"stream_name":"stderr","time":18059.404930562,"data":"/usr/local/lib/python3.13/dist-packages/transitleastsquares/main.py:411: UserWarning: 14 of 28 transits without data. The true period may be twice the given period.\n"}
,{"stream_name":"stderr","time":18059.404987442,"data":"  warnings.warn(text)\n"}
,{"stream_name":"stdout","time":18061.141144829,"data":"Searching for best T0 for period 2.01938 days\n"}
,{"stream_name":"stdout","time":18073.871654708,"data":"Transit Least Squares TLS 1.32 (5 Apr 2024)\n"}
,{"stream_name":"stdout","time":18073.894216606,"data":"Creating model cache for 43 durations\n"}
,{"stream_name":"stdout","time":18073.923132337,"data":"Searching 13612 data points, 53162 periods from 0.5 to 29.998 days\n"}
,{"stream_name":"stdout","time":18073.923247528,"data":"Using 1 of 4 CPU threads\n"}
,{"stream_name":"stdout","time":18082.90786751,"data":"Searching for best T0 for period 1.21262 days\n"}
,{"stream_name":"stdout","time":18094.056867929,"data":"Transit Least Squares TLS 1.32 (5 Apr 2024)\n"}
,{"stream_name":"stdout","time":18094.063880192,"data":"Creating model cache for 43 durations\n"}
,{"stream_name":"stdout","time":18094.083719218,"data":"Searching 28915 data points, 15543 periods from 1.001 to 29.989 days\n"}
,{"stream_name":"stdout","time":18094.084112937,"data":"Using 1 of 4 CPU threads\n"}
,{"stream_name":"stdout","time":18099.801109643,"data":"Transit Least Squares TLS 1.32 (5 Apr 2024)\n"}
,{"stream_name":"stdout","time":18099.803351456,"data":"Creating model cache for 43 durations\n"}
,{"stream_name":"stdout","time":18099.816912965,"data":"Searching 9287 data points, 4899 periods from 0.971 to 29.969 days\n"}
,{"stream_name":"stdout","time":18099.81710463,"data":"Using 1 of 4 CPU threads\n"}
,{"stream_name":"stdout","time":18221.024920163,"data":"Searching for best T0 for period 4.46082 days\n"}
,{"stream_name":"stdout","time":18233.011294607,"data":"Transit Least Squares TLS 1.32 (5 Apr 2024)\n"}
,{"stream_name":"stdout","time":18233.015593265,"data":"Creating model cache for 43 durations\n"}
,{"stream_name":"stdout","time":18233.031372124,"data":"Searching 21467 data points, 11183 periods from 0.971 to 29.989 days\n"}
,{"stream_name":"stdout","time":18233.031519258,"data":"Using 1 of 4 CPU threads\n"}
,{"stream_name":"stdout","time":18631.460099536,"data":"Searching for best T0 for period 1.28348 days\n"}
,{"stream_name":"stdout","time":18669.2945653,"data":"Transit Least Squares TLS 1.32 (5 Apr 2024)\n"}
,{"stream_name":"stdout","time":18669.308937218,"data":"Creating model cache for 43 durations\n"}
,{"stream_name":"stdout","time":18669.334604664,"data":"Searching 32264 data points, 38219 periods from 0.5 to 29.998 days\n"}
,{"stream_name":"stdout","time":18669.33478524,"data":"Using 1 of 4 CPU threads\n"}
,{"stream_name":"stdout","time":18868.807923429,"data":"Searching for best T0 for period 8.88401 days\n"}
,{"stream_name":"stdout","time":18889.809140057,"data":"Transit Least Squares TLS 1.32 (5 Apr 2024)\n"}
,{"stream_name":"stdout","time":18889.814148148,"data":"Creating model cache for 43 durations\n"}
,{"stream_name":"stdout","time":18889.829516398,"data":"Searching 21467 data points, 11183 periods from 0.971 to 29.989 days\n"}
,{"stream_name":"stdout","time":18889.829682583,"data":"Using 1 of 4 CPU threads\n"}
,{"stream_name":"stdout","time":19068.294436766,"data":"Searching for best T0 for period 9.04533 days\n"}
,{"stream_name":"stderr","time":19072.639666547,"data":"/usr/local/lib/python3.13/dist-packages/transitleastsquares/main.py:411: UserWarning: 29 of 39 transits without data. The true period may be twice the given period.\n"}
,{"stream_name":"stderr","time":19072.639707049,"data":"  warnings.warn(text)\n"}
,{"stream_name":"stdout","time":19082.334233817,"data":"Transit Least Squares TLS 1.32 (5 Apr 2024)\n"}
,{"stream_name":"stdout","time":19082.339892926,"data":"Creating model cache for 43 durations\n"}
,{"stream_name":"stdout","time":19082.352381982,"data":"Searching 16530 data points, 7772 periods from 1.021 to 29.989 days\n"}
,{"stream_name":"stdout","time":19082.35277773,"data":"Using 1 of 4 CPU threads\n"}
,{"stream_name":"stdout","time":19315.209598524,"data":"Searching for best T0 for period 13.49047 days\n"}
,{"stream_name":"stdout","time":19333.199759396,"data":"Transit Least Squares TLS 1.32 (5 Apr 2024)\n"}
,{"stream_name":"stdout","time":19333.203818633,"data":"Creating model cache for 43 durations\n"}
,{"stream_name":"stdout","time":19333.216622779,"data":"Searching 12709 data points, 6519 periods from 0.971 to 29.977 days\n"}
,{"stream_name":"stdout","time":19333.216842154,"data":"Using 1 of 4 CPU threads\n"}
,{"stream_name":"stdout","time":19383.159589421,"data":"Searching for best T0 for period 22.51704 days\n"}
,{"stream_name":"stderr","time":19389.857597576,"data":"/usr/local/lib/python3.13/dist-packages/transitleastsquares/main.py:411: UserWarning: 6 of 11 transits without data. The true period may be twice the given period.\n"}
,{"stream_name":"stderr","time":19389.857664779,"data":"  warnings.warn(text)\n"}
,{"stream_name":"stdout","time":19396.221921361,"data":"Transit Least Squares TLS 1.32 (5 Apr 2024)\n"}
,{"stream_name":"stdout","time":19396.224256815,"data":"Creating model cache for 37 durations\n"}
,{"stream_name":"stdout","time":19396.235836081,"data":"Searching 3469 data points, 4924 periods from 0.5 to 12.704 days\n"}
,{"stream_name":"stdout","time":19396.236058864,"data":"Using 1 of 4 CPU threads\n"}
,{"stream_name":"stdout","time":19424.427810958,"data":"Searching for best T0 for period 1.07187 days\n"}
,{"stream_name":"stdout","time":19436.889324902,"data":"Searching for best T0 for period 4.88141 days\n"}
,{"stream_name":"stdout","time":19441.753937205,"data":"Transit Least Squares TLS 1.32 (5 Apr 2024)\n"}
,{"stream_name":"stdout","time":19441.756144723,"data":"Creating model cache for 43 durations\n"}
,{"stream_name":"stdout","time":19441.76899784,"data":"Searching 6410 data points, 5229 periods from 0.611 to 26.367 days\n"}
,{"stream_name":"stdout","time":19441.769164001,"data":"Using 1 of 4 CPU threads\n"}
,{"stream_name":"stdout","time":19448.801906008,"data":"Transit Least Squares TLS 1.32 (5 Apr 2024)\n"}
,{"stream_name":"stdout","time":19448.808365509,"data":"Creating model cache for 43 durations\n"}
,{"stream_name":"stdout","time":19448.827699994,"data":"Searching 31291 data points, 16772 periods from 1.021 to 29.997 days\n"}
,{"stream_name":"stdout","time":19448.828859864,"data":"Using 1 of 4 CPU threads\n"}
,{"stream_name":"stdout","time":19472.54086056,"data":"Searching for best T0 for period 3.36107 days\n"}
,{"stream_name":"stdout","time":19488.076298454,"data":"Transit Least Squares TLS 1.32 (5 Apr 2024)\n"}
,{"stream_name":"stdout","time":19488.079504061,"data":"Creating model cache for 43 durations\n"}
,{"stream_name":"stdout","time":19488.094121421,"data":"Searching 15969 data points, 8117 periods from 0.98 to 29.978 days\n"}
,{"stream_name":"stdout","time":19488.094300564,"data":"Using 1 of 4 CPU threads\n"}
,{"stream_name":"stdout","time":19522.483021038,"data":"Searching for best T0 for period 1.68306 days\n"}
,{"stream_name":"stdout","time":19533.485837157,"data":"Transit Least Squares TLS 1.32 (5 Apr 2024)\n"}
,{"stream_name":"stdout","time":19533.491267378,"data":"Creating model cache for 43 durations\n"}
,{"stream_name":"stdout","time":19533.50926828,"data":"Searching 19868 data points, 12925 periods from 1.286 to 29.987 days\n"}
,{"stream_name":"stdout","time":19533.509479812,"data":"Using 1 of 4 CPU threads\n"}
,{"stream_name":"stdout","time":19833.700735774,"data":"Searching for best T0 for period 6.93785 days\n"}
,{"stream_name":"stdout","time":19847.060811989,"data":"Transit Least Squares TLS 1.32 (5 Apr 2024)\n"}
,{"stream_name":"stdout","time":19847.063837103,"data":"Creating model cache for 43 durations\n"}
,{"stream_name":"stdout","time":19847.075035233,"data":"Searching 8982 data points, 4676 periods from 0.98 to 29.968 days\n"}
,{"stream_name":"stdout","time":19847.075154941,"data":"Using 1 of 4 CPU threads\n"}
,{"stream_name":"stdout","time":19929.219949118,"data":"Searching for best T0 for period 1.71399 days\n"}
,{"stream_name":"stdout","time":19943.634452389,"data":"Transit Least Squares TLS 1.32 (5 Apr 2024)\n"}
,{"stream_name":"stdout","time":19943.64527757,"data":"Creating model cache for 43 durations\n"}
,{"stream_name":"stdout","time":19943.66885562,"data":"Searching 22179 data points, 31470 periods from 0.532 to 29.997 days\n"}
,{"stream_name":"stdout","time":19943.669035866,"data":"Using 1 of 4 CPU threads\n"}
,{"stream_name":"stdout","time":20132.260387456,"data":"Searching for best T0 for period 2.36519 days\n"}
,{"stream_name":"stdout","time":20164.275799,"data":"Searching for best T0 for period 1.77141 days\n"}
,{"stream_name":"stdout","time":20166.005059651,"data":"Transit Least Squares TLS 1.32 (5 Apr 2024)\n"}
,{"stream_name":"stdout","time":20166.014344271,"data":"Creating model cache for 43 durations\n"}
,{"stream_name":"stdout","time":20166.033821855,"data":"Searching 22140 data points, 26106 periods from 0.5 to 29.999 days\n"}
,{"stream_name":"stdout","time":20166.03396564,"data":"Using 1 of 4 CPU threads\n"}
,{"stream_name":"stderr","time":20168.809723319,"data":"/usr/local/lib/python3.13/dist-packages/transitleastsquares/main.py:411: UserWarning: 91 of 170 transits without data. The true period may be twice the given period.\n"}
,{"stream_name":"stderr","time":20168.809789964,"data":"  warnings.warn(text)\n"}
,{"stream_name":"stdout","time":20182.633457939,"data":"Transit Least Squares TLS 1.32 (5 Apr 2024)\n"}
,{"stream_name":"stdout","time":20182.637482445,"data":"Creating model cache for 43 durations\n"}
,{"stream_name":"stdout","time":20182.653190583,"data":"Searching 9178 data points, 8221 periods from 1.286 to 29.981 days\n"}
,{"stream_name":"stdout","time":20182.65326725,"data":"Using 1 of 4 CPU threads\n"}
,{"stream_name":"stdout","time":20329.002022855,"data":"Searching for best T0 for period 26.88170 days\n"}
,{"stream_name":"stderr","time":20332.365440059,"data":"/usr/local/lib/python3.13/dist-packages/transitleastsquares/main.py:411: UserWarning: 5 of 7 transits without data. The true period may be twice the given period.\n"}
,{"stream_name":"stderr","time":20332.365480146,"data":"  warnings.warn(text)\n"}
,{"stream_name":"stdout","time":20338.181657625,"data":"Transit Least Squares TLS 1.32 (5 Apr 2024)\n"}
,{"stream_name":"stdout","time":20338.184877631,"data":"Creating model cache for 43 durations\n"}
,{"stream_name":"stdout","time":20338.197586823,"data":"Searching 6457 data points, 4791 periods from 1.286 to 29.988 days\n"}
,{"stream_name":"stdout","time":20338.197792656,"data":"Using 1 of 4 CPU threads\n"}
,{"stream_name":"stdout","time":20402.145811059,"data":"Searching for best T0 for period 9.28702 days\n"}
,{"stream_name":"stdout","time":20413.287361374,"data":"Transit Least Squares TLS 1.32 (5 Apr 2024)\n"}
,{"stream_name":"stdout","time":20413.29215197,"data":"Creating model cache for 43 durations\n"}
,{"stream_name":"stdout","time":20413.312625505,"data":"Searching 19868 data points, 12925 periods from 1.286 to 29.987 days\n"}
,{"stream_name":"stdout","time":20413.312734463,"data":"Using 1 of 4 CPU threads\n"}
,{"stream_name":"stdout","time":20911.547785005,"data":"Searching for best T0 for period 1.43679 days\n"}
,{"stream_name":"stdout","time":20934.607705857,"data":"Searching for best T0 for period 28.38128 days\n"}
,{"stream_name":"stdout","time":20940.243787497,"data":"Transit Least Squares TLS 1.32 (5 Apr 2024)\n"}
,{"stream_name":"stdout","time":20940.25196544,"data":"Creating model cache for 43 durations\n"}
,{"stream_name":"stdout","time":20940.274585617,"data":"Searching 7704 data points, 22058 periods from 0.94 to 29.997 days\n"}
,{"stream_name":"stdout","time":20940.274735867,"data":"Using 1 of 4 CPU threads\n"}
,{"stream_name":"stdout","time":20963.049695115,"data":"Transit Least Squares TLS 1.32 (5 Apr 2024)\n"}
,{"stream_name":"stdout","time":20963.061503189,"data":"Creating model cache for 43 durations\n"}
,{"stream_name":"stdout","time":20963.08443112,"data":"Searching 29166 data points, 34224 periods from 0.5 to 29.997 days\n"}
,{"stream_name":"stdout","time":20963.084669284,"data":"Using 1 of 4 CPU threads\n"}
,{"stream_name":"stdout","time":21153.1094462,"data":"Searching for best T0 for period 1.87424 days\n"}
,{"stream_name":"stderr","time":21156.445217032,"data":"/usr/local/lib/python3.13/dist-packages/transitleastsquares/main.py:411: UserWarning: 87 of 161 transits without data. The true period may be twice the given period.\n"}
,{"stream_name":"stderr","time":21156.445262014,"data":"  warnings.warn(text)\n"}
,{"stream_name":"stdout","time":21174.404881561,"data":"Transit Least Squares TLS 1.32 (5 Apr 2024)\n"}
,{"stream_name":"stdout","time":21174.411689676,"data":"Creating model cache for 43 durations\n"}
,{"stream_name":"stdout","time":21174.428551011,"data":"Searching 10414 data points, 19480 periods from 0.683 to 29.995 days\n"}
,{"stream_name":"stdout","time":21174.428662142,"data":"Using 1 of 4 CPU threads\n"}
,{"stream_name":"stdout","time":21208.706894962,"data":"Searching for best T0 for period 1.73544 days\n"}
,{"stream_name":"stderr","time":21210.233235807,"data":"/usr/local/lib/python3.13/dist-packages/transitleastsquares/main.py:411: UserWarning: 174 of 206 transits without data. The true period may be twice the given period.\n"}
,{"stream_name":"stderr","time":21210.233277754,"data":"  warnings.warn(text)\n"}
,{"stream_name":"stdout","time":21222.493331872,"data":"Transit Least Squares TLS 1.32 (5 Apr 2024)\n"}
,{"stream_name":"stdout","time":21222.502977974,"data":"Creating model cache for 43 durations\n"}
,{"stream_name":"stdout","time":21222.527680005,"data":"Searching 21806 data points, 26207 periods from 0.52 to 29.999 days\n"}
,{"stream_name":"stdout","time":21222.527944442,"data":"Using 1 of 4 CPU threads\n"}
,{"stream_name":"stdout","time":21769.063978648,"data":"Searching for best T0 for period 1.20775 days\n"}
,{"stream_name":"stdout","time":21772.883731214,"data":"Searching for best T0 for period 1.49330 days\n"}
,{"stream_name":"stderr","time":21773.704653961,"data":"/usr/local/lib/python3.13/dist-packages/transitleastsquares/main.py:411: UserWarning: 89 of 221 transits without data. The true period may be twice the given period.\n"}
,{"stream_name":"stderr","time":21773.704716081,"data":"  warnings.warn(text)\n"}
,{"stream_name":"stderr","time":21774.718207948,"data":"/usr/local/lib/python3.13/dist-packages/transitleastsquares/main.py:411: UserWarning: 98 of 147 transits without data. The true period may be twice the given period.\n"}
,{"stream_name":"stderr","time":21774.7182547,"data":"  warnings.warn(text)\n"}
,{"stream_name":"stdout","time":21783.492778908,"data":"Transit Least Squares TLS 1.32 (5 Apr 2024)\n"}
,{"stream_name":"stdout","time":21783.499801502,"data":"Creating model cache for 43 durations\n"}
,{"stream_name":"stdout","time":21783.519368579,"data":"Searching 10414 data points, 19480 periods from 0.683 to 29.995 days\n"}
,{"stream_name":"stdout","time":21783.519544396,"data":"Using 1 of 4 CPU threads\n"}
,{"stream_name":"stdout","time":21791.889830453,"data":"Transit Least Squares TLS 1.32 (5 Apr 2024)\n"}
,{"stream_name":"stdout","time":21791.89333943,"data":"Creating model cache for 43 durations\n"}
,{"stream_name":"stdout","time":21791.90708435,"data":"Searching 6811 data points, 9514 periods from 0.532 to 29.991 days\n"}
,{"stream_name":"stdout","time":21791.907247296,"data":"Using 1 of 4 CPU threads\n"}
,{"stream_name":"stdout","time":21938.622496539,"data":"Searching for best T0 for period 0.95711 days\n"}
,{"stream_name":"stderr","time":21939.803841859,"data":"/usr/local/lib/python3.13/dist-packages/transitleastsquares/main.py:411: UserWarning: 36 of 85 transits without data. The true period may be twice the given period.\n"}
,{"stream_name":"stderr","time":21939.803905707,"data":"  warnings.warn(text)\n"}
,{"stream_name":"stdout","time":21950.278058485,"data":"Transit Least Squares TLS 1.32 (5 Apr 2024)\n"}
,{"stream_name":"stdout","time":21950.289951491,"data":"Creating model cache for 43 durations\n"}
,{"stream_name":"stdout","time":21950.311468748,"data":"Searching 19179 data points, 28380 periods from 0.532 to 29.991 days\n"}
,{"stream_name":"stdout","time":21950.311933128,"data":"Using 1 of 4 CPU threads\n"}
,{"stream_name":"stdout","time":22138.171986707,"data":"Searching for best T0 for period 13.22889 days\n"}
,{"stream_name":"stdout","time":22158.814695361,"data":"Transit Least Squares TLS 1.32 (5 Apr 2024)\n"}
,{"stream_name":"stdout","time":22158.821981439,"data":"Creating model cache for 43 durations\n"}
,{"stream_name":"stdout","time":22158.839253147,"data":"Searching 15977 data points, 19923 periods from 0.52 to 29.991 days\n"}
,{"stream_name":"stdout","time":22158.839445713,"data":"Using 1 of 4 CPU threads\n"}
,{"stream_name":"stdout","time":22193.886903266,"data":"Searching for best T0 for period 1.02639 days\n"}
,{"stream_name":"stderr","time":22196.233592851,"data":"/usr/local/lib/python3.13/dist-packages/transitleastsquares/main.py:411: UserWarning: 143 of 213 transits without data. The true period may be twice the given period.\n"}
,{"stream_name":"stderr","time":22196.233659199,"data":"  warnings.warn(text)\n"}
,{"stream_name":"stdout","time":22206.20001521,"data":"Transit Least Squares TLS 1.32 (5 Apr 2024)\n"}
,{"stream_name":"stdout","time":22206.207537921,"data":"Creating model cache for 43 durations\n"}
,{"stream_name":"stdout","time":22206.229210068,"data":"Searching 10414 data points, 19480 periods from 0.683 to 29.995 days\n"}
,{"stream_name":"stdout","time":22206.229434619,"data":"Using 1 of 4 CPU threads\n"}
,{"stream_name":"stdout","time":22476.190938719,"data":"Searching for best T0 for period 6.79479 days\n"}
,{"stream_name":"stdout","time":22501.367576443,"data":"Transit Least Squares TLS 1.32 (5 Apr 2024)\n"}
,{"stream_name":"stdout","time":22501.368928376,"data":"Creating model cache for 43 durations\n"}
,{"stream_name":"stdout","time":22501.382675147,"data":"Searching 7336 data points, 4441 periods from 0.739 to 27.586 days\n"}
,{"stream_name":"stdout","time":22501.38271732,"data":"Using 1 of 4 CPU threads\n"}
,{"stream_name":"stdout","time":22585.58197876,"data":"Searching for best T0 for period 5.36474 days\n"}
,{"stream_name":"stdout","time":22593.974339668,"data":"Transit Least Squares TLS 1.32 (5 Apr 2024)\n"}
,{"stream_name":"stdout","time":22593.97789651,"data":"Creating model cache for 43 durations\n"}
,{"stream_name":"stdout","time":22593.992004502,"data":"Searching 11103 data points, 7466 periods from 0.828 to 29.979 days\n"}
,{"stream_name":"stdout","time":22593.992303707,"data":"Using 1 of 4 CPU threads\n"}
,{"stream_name":"stdout","time":22697.881293851,"data":"Searching for best T0 for period 14.91985 days\n"}
,{"stream_name":"stderr","time":22699.596276347,"data":"/usr/local/lib/python3.13/dist-packages/transitleastsquares/main.py:411: UserWarning: 9 of 15 transits without data. The true period may be twice the given period.\n"}
,{"stream_name":"stderr","time":22699.596321454,"data":"  warnings.warn(text)\n"}
,{"stream_name":"stdout","time":22709.334445794,"data":"Transit Least Squares TLS 1.32 (5 Apr 2024)\n"}
,{"stream_name":"stdout","time":22709.341714407,"data":"Creating model cache for 43 durations\n"}
,{"stream_name":"stdout","time":22709.358669449,"data":"Searching 10414 data points, 19480 periods from 0.683 to 29.995 days\n"}
,{"stream_name":"stdout","time":22709.36085863,"data":"Using 1 of 4 CPU threads\n"}
,{"stream_name":"stdout","time":22824.905378256,"data":"Searching for best T0 for period 2.43427 days\n"}
,{"stream_name":"stdout","time":22839.554898277,"data":"Transit Least Squares TLS 1.32 (5 Apr 2024)\n"}
,{"stream_name":"stdout","time":22839.561601603,"data":"Creating model cache for 43 durations\n"}
,{"stream_name":"stdout","time":22839.581922949,"data":"Searching 28001 data points, 17383 periods from 0.828 to 29.999 days\n"}
,{"stream_name":"stdout","time":22839.582117512,"data":"Using 1 of 4 CPU threads\n"}
,{"stream_name":"stdout","time":22949.36300666,"data":"Searching for best T0 for period 1.00329 days\n"}
,{"stream_name":"stderr","time":22954.272153199,"data":"/usr/local/lib/python3.13/dist-packages/transitleastsquares/main.py:411: UserWarning: 105 of 240 transits without data. The true period may be twice the given period.\n"}
,{"stream_name":"stderr","time":22954.274811884,"data":"  warnings.warn(text)\n"}
,{"stream_name":"stdout","time":22968.713340366,"data":"Transit Least Squares TLS 1.32 (5 Apr 2024)\n"}
,{"stream_name":"stdout","time":22968.723908101,"data":"Creating model cache for 43 durations\n"}
,{"stream_name":"stdout","time":22968.737973733,"data":"Searching 11208 data points, 20178 periods from 0.646 to 29.993 days\n"}
,{"stream_name":"stdout","time":22968.738237096,"data":"Using 1 of 4 CPU threads\n"}
,{"stream_name":"stdout","time":22982.702494728,"data":"Searching for best T0 for period 2.87672 days\n"}
,{"stream_name":"stdout","time":23000.696846767,"data":"Transit Least Squares TLS 1.32 (5 Apr 2024)\n"}
,{"stream_name":"stdout","time":23000.704981933,"data":"Creating model cache for 43 durations\n"}
,{"stream_name":"stdout","time":23000.725857816,"data":"Searching 24447 data points, 23043 periods from 0.646 to 29.996 days\n"}
,{"stream_name":"stdout","time":23000.725902523,"data":"Using 1 of 4 CPU threads\n"}
,{"stream_name":"stdout","time":23226.814209721,"data":"Searching for best T0 for period 1.04543 days\n"}
,{"stream_name":"stderr","time":23228.617840507,"data":"/usr/local/lib/python3.13/dist-packages/transitleastsquares/main.py:411: UserWarning: 140 of 209 transits without data. The true period may be twice the given period.\n"}
,{"stream_name":"stderr","time":23228.617882736,"data":"  warnings.warn(text)\n"}
,{"stream_name":"stdout","time":23242.248033829,"data":"Transit Least Squares TLS 1.32 (5 Apr 2024)\n"}
,{"stream_name":"stdout","time":23242.259988761,"data":"Creating model cache for 43 durations\n"}
,{"stream_name":"stdout","time":23242.282123268,"data":"Searching 18736 data points, 33380 periods from 0.509 to 29.999 days\n"}
,{"stream_name":"stdout","time":23242.282452246,"data":"Using 1 of 4 CPU threads\n"}
,{"stream_name":"stdout","time":23405.437185979,"data":"Searching for best T0 for period 1.13332 days\n"}
,{"stream_name":"stderr","time":23407.476547175,"data":"/usr/local/lib/python3.13/dist-packages/transitleastsquares/main.py:411: UserWarning: 120 of 188 transits without data. The true period may be twice the given period.\n"}
,{"stream_name":"stderr","time":23407.476601971,"data":"  warnings.warn(text)\n"}
,{"stream_name":"stdout","time":23419.446020733,"data":"Transit Least Squares TLS 1.32 (5 Apr 2024)\n"}
,{"stream_name":"stdout","time":23419.453988362,"data":"Creating model cache for 43 durations\n"}
,{"stream_name":"stdout","time":23419.472970008,"data":"Searching 12116 data points, 21710 periods from 0.5 to 29.999 days\n"}
,{"stream_name":"stdout","time":23419.473104475,"data":"Using 1 of 4 CPU threads\n"}
,{"stream_name":"stdout","time":23847.867650202,"data":"Searching for best T0 for period 9.84379 days\n"}
,{"stream_name":"stdout","time":23869.555344069,"data":"Transit Least Squares TLS 1.32 (5 Apr 2024)\n"}
,{"stream_name":"stdout","time":23869.556329377,"data":"Creating model cache for 38 durations\n"}
,{"stream_name":"stdout","time":23869.567070251,"data":"Searching 3478 data points, 1665 periods from 0.828 to 13.423 days\n"}
,{"stream_name":"stdout","time":23869.567182518,"data":"Using 1 of 4 CPU threads\n"}
,{"stream_name":"stdout","time":23883.231883448,"data":"Searching for best T0 for period 9.49333 days\n"}
,{"stream_name":"stdout","time":23888.111508423,"data":"Transit Least Squares TLS 1.32 (5 Apr 2024)\n"}
,{"stream_name":"stdout","time":23888.114493992,"data":"Creating model cache for 43 durations\n"}
,{"stream_name":"stdout","time":23888.128273822,"data":"Searching 7259 data points, 7442 periods from 0.5 to 27.027 days\n"}
,{"stream_name":"stdout","time":23888.128435163,"data":"Using 1 of 4 CPU threads\n"}
,{"stream_name":"stdout","time":24021.146154467,"data":"Searching for best T0 for period 3.85598 days\n"}
,{"stream_name":"stdout","time":24029.148120185,"data":"Transit Least Squares TLS 1.32 (5 Apr 2024)\n"}
,{"stream_name":"stdout","time":24029.157054879,"data":"Creating model cache for 43 durations\n"}
,{"stream_name":"stdout","time":24029.173775945,"data":"Searching 10129 data points, 18158 periods from 0.5 to 29.986 days\n"}
,{"stream_name":"stdout","time":24029.173909883,"data":"Using 1 of 4 CPU threads\n"}
,{"stream_name":"stdout","time":24106.871358969,"data":"Searching for best T0 for period 2.02642 days\n"}
,{"stream_name":"stdout","time":24118.642764103,"data":"Transit Least Squares TLS 1.32 (5 Apr 2024)\n"}
,{"stream_name":"stdout","time":24118.645829836,"data":"Creating model cache for 43 durations\n"}
,{"stream_name":"stdout","time":24118.659702096,"data":"Searching 6641 data points, 5689 periods from 0.582 to 27.025 days\n"}
,{"stream_name":"stdout","time":24118.661929918,"data":"Using 1 of 4 CPU threads\n"}
,{"stream_name":"stdout","time":24194.79457035,"data":"Searching for best T0 for period 29.47554 days\n"}
,{"stream_name":"stdout","time":24213.920483221,"data":"Transit Least Squares TLS 1.32 (5 Apr 2024)\n"}
,{"stream_name":"stdout","time":24213.921989248,"data":"Creating model cache for 37 durations\n"}
,{"stream_name":"stdout","time":24213.93227702,"data":"Searching 3282 data points, 3256 periods from 0.5 to 12.583 days\n"}
,{"stream_name":"stdout","time":24213.932457543,"data":"Using 1 of 4 CPU threads\n"}
,{"stream_name":"stdout","time":24231.247802684,"data":"Searching for best T0 for period 1.45296 days\n"}
,{"stream_name":"stdout","time":24237.863927828,"data":"Searching for best T0 for period 4.92483 days\n"}
,{"stream_name":"stdout","time":24240.860894944,"data":"Searching for best T0 for period 2.43003 days\n"}
,{"stream_name":"stdout","time":24243.222412267,"data":"Transit Least Squares TLS 1.32 (5 Apr 2024)\n"}
,{"stream_name":"stdout","time":24243.228065627,"data":"Creating model cache for 43 durations\n"}
,{"stream_name":"stdout","time":24243.246949149,"data":"Searching 23962 data points, 12347 periods from 1.219 to 29.989 days\n"}
,{"stream_name":"stdout","time":24243.24727944,"data":"Using 1 of 4 CPU threads\n"}
,{"stream_name":"stderr","time":24247.047167465,"data":"/usr/local/lib/python3.13/dist-packages/transitleastsquares/main.py:411: UserWarning: 57 of 111 transits without data. The true period may be twice the given period.\n"}
,{"stream_name":"stderr","time":24247.04721433,"data":"  warnings.warn(text)\n"}
,{"stream_name":"stdout","time":24248.38172004,"data":"Transit Least Squares TLS 1.32 (5 Apr 2024)\n"}
,{"stream_name":"stdout","time":24248.394804048,"data":"Creating model cache for 43 durations\n"}
,{"stream_name":"stdout","time":24248.419841078,"data":"Searching 28374 data points, 35548 periods from 0.5 to 29.999 days\n"}
,{"stream_name":"stdout","time":24248.420217104,"data":"Using 1 of 4 CPU threads\n"}
,{"stream_name":"stdout","time":24260.067617579,"data":"Transit Least Squares TLS 1.32 (5 Apr 2024)\n"}
,{"stream_name":"stdout","time":24260.081897967,"data":"Creating model cache for 43 durations\n"}
,{"stream_name":"stdout","time":24260.099893311,"data":"Searching 18736 data points, 33380 periods from 0.509 to 29.999 days\n"}
,{"stream_name":"stdout","time":24260.100067572,"data":"Using 1 of 4 CPU threads\n"}
,{"stream_name":"stdout","time":24311.860591343,"data":"Searching for best T0 for period 1.79088 days\n"}
,{"stream_name":"stderr","time":24313.850837788,"data":"/usr/local/lib/python3.13/dist-packages/transitleastsquares/main.py:411: UserWarning: 33 of 73 transits without data. The true period may be twice the given period.\n"}
,{"stream_name":"stderr","time":24313.850888006,"data":"  warnings.warn(text)\n"}
,{"stream_name":"stdout","time":24325.524357844,"data":"Transit Least Squares TLS 1.32 (5 Apr 2024)\n"}
,{"stream_name":"stdout","time":24325.527259143,"data":"Creating model cache for 43 durations\n"}
,{"stream_name":"stdout","time":24325.541413166,"data":"Searching 15519 data points, 5354 periods from 1.362 to 29.991 days\n"}
,{"stream_name":"stdout","time":24325.541816062,"data":"Using 1 of 4 CPU threads\n"}
,{"stream_name":"stdout","time":24566.690098731,"data":"Searching for best T0 for period 1.77169 days\n"}
,{"stream_name":"stdout","time":24584.240498469,"data":"Transit Least Squares TLS 1.32 (5 Apr 2024)\n"}
,{"stream_name":"stdout","time":24584.245866707,"data":"Creating model cache for 43 durations\n"}
,{"stream_name":"stdout","time":24584.257406825,"data":"Searching 18997 data points, 6557 periods from 1.362 to 29.976 days\n"}
,{"stream_name":"stdout","time":24584.257594254,"data":"Using 1 of 4 CPU threads\n"}
,{"stream_name":"stdout","time":24776.194992148,"data":"Searching for best T0 for period 16.65624 days\n"}
,{"stream_name":"stdout","time":24793.893048302,"data":"Transit Least Squares TLS 1.32 (5 Apr 2024)\n"}
,{"stream_name":"stdout","time":24793.896358226,"data":"Creating model cache for 43 durations\n"}
,{"stream_name":"stdout","time":24793.910262753,"data":"Searching 13168 data points, 6830 periods from 0.892 to 29.983 days\n"}
,{"stream_name":"stdout","time":24793.910641235,"data":"Using 1 of 4 CPU threads\n"}
,{"stream_name":"stdout","time":24909.112380903,"data":"Searching for best T0 for period 10.72778 days\n"}
,{"stream_name":"stdout","time":24922.66370509,"data":"Transit Least Squares TLS 1.32 (5 Apr 2024)\n"}
,{"stream_name":"stdout","time":24922.668263265,"data":"Creating model cache for 43 durations\n"}
,{"stream_name":"stdout","time":24922.684683875,"data":"Searching 19411 data points, 10338 periods from 0.892 to 29.981 days\n"}
,{"stream_name":"stdout","time":24922.685059234,"data":"Using 1 of 4 CPU threads\n"}
,{"stream_name":"stdout","time":25094.171050059,"data":"Searching for best T0 for period 1.27066 days\n"}
,{"stream_name":"stderr","time":25098.971005745,"data":"/usr/local/lib/python3.13/dist-packages/transitleastsquares/main.py:411: UserWarning: 77 of 213 transits without data. The true period may be twice the given period.\n"}
,{"stream_name":"stderr","time":25098.971048504,"data":"  warnings.warn(text)\n"}
,{"stream_name":"stdout","time":25122.4336486,"data":"Transit Least Squares TLS 1.32 (5 Apr 2024)\n"}
,{"stream_name":"stdout","time":25122.447897627,"data":"Creating model cache for 43 durations\n"}
,{"stream_name":"stdout","time":25122.469215613,"data":"Searching 30201 data points, 31179 periods from 0.538 to 29.995 days\n"}
,{"stream_name":"stdout","time":25122.469446676,"data":"Using 1 of 4 CPU threads\n"}
,{"stream_name":"stdout","time":25276.587170068,"data":"Searching for best T0 for period 14.42780 days\n"}
,{"stream_name":"stderr","time":25282.915984987,"data":"/usr/local/lib/python3.13/dist-packages/transitleastsquares/main.py:411: UserWarning: 7 of 19 transits without data. The true period may be twice the given period.\n"}
,{"stream_name":"stderr","time":25282.916033081,"data":"  warnings.warn(text)\n"}
,{"stream_name":"stdout","time":25291.96036479,"data":"Transit Least Squares TLS 1.32 (5 Apr 2024)\n"}
,{"stream_name":"stdout","time":25291.962180098,"data":"Creating model cache for 38 durations\n"}
,{"stream_name":"stdout","time":25291.972039197,"data":"Searching 3281 data points, 2836 periods from 0.509 to 12.906 days\n"}
,{"stream_name":"stdout","time":25291.972283204,"data":"Using 1 of 4 CPU threads\n"}
,{"stream_name":"stdout","time":25314.049794248,"data":"Searching for best T0 for period 11.83224 days\n"}
,{"stream_name":"stdout","time":25321.286262936,"data":"Transit Least Squares TLS 1.32 (5 Apr 2024)\n"}
,{"stream_name":"stdout","time":25321.299837161,"data":"Creating model cache for 43 durations\n"}
,{"stream_name":"stdout","time":25321.324116827,"data":"Searching 19760 data points, 18760 periods from 0.625 to 29.998 days\n"}
,{"stream_name":"stdout","time":25321.324170305,"data":"Using 1 of 4 CPU threads\n"}
,{"stream_name":"stdout","time":25488.241961368,"data":"Searching for best T0 for period 1.39323 days\n"}
,{"stream_name":"stdout","time":25513.843782655,"data":"Transit Least Squares TLS 1.32 (5 Apr 2024)\n"}
,{"stream_name":"stdout","time":25513.84984891,"data":"Creating model cache for 43 durations\n"}
,{"stream_name":"stdout","time":25513.868317029,"data":"Searching 32903 data points, 17814 periods from 0.892 to 29.991 days\n"}
,{"stream_name":"stdout","time":25513.868466963,"data":"Using 1 of 4 CPU threads\n"}
,{"stream_name":"stdout","time":25640.044162151,"data":"Searching for best T0 for period 0.92811 days\n"}
,{"stream_name":"stdout","time":25674.063933288,"data":"Transit Least Squares TLS 1.32 (5 Apr 2024)\n"}
,{"stream_name":"stdout","time":25674.078018912,"data":"Creating model cache for 43 durations\n"}
,{"stream_name":"stdout","time":25674.101331825,"data":"Searching 28374 data points, 35548 periods from 0.5 to 29.999 days\n"}
,{"stream_name":"stdout","time":25674.101524654,"data":"Using 1 of 4 CPU threads\n"}
,{"stream_name":"stdout","time":26224.373646789,"data":"Searching for best T0 for period 6.58622 days\n"}
,{"stream_name":"stdout","time":26246.008266575,"data":"Transit Least Squares TLS 1.32 (5 Apr 2024)\n"}
,{"stream_name":"stdout","time":26246.01951677,"data":"Creating model cache for 43 durations\n"}
,{"stream_name":"stdout","time":26246.041044193,"data":"Searching 28082 data points, 32210 periods from 0.625 to 29.996 days\n"}
,{"stream_name":"stdout","time":26246.04118874,"data":"Using 1 of 4 CPU threads\n"}
,{"stream_name":"stdout","time":26259.191373455,"data":"Searching for best T0 for period 1.08406 days\n"}
,{"stream_name":"stdout","time":26294.115197811,"data":"Transit Least Squares TLS 1.32 (5 Apr 2024)\n"}
,{"stream_name":"stdout","time":26294.116072656,"data":"Creating model cache for 38 durations\n"}
,{"stream_name":"stdout","time":26294.126513826,"data":"Searching 3731 data points, 1520 periods from 0.891 to 13.423 days\n"}
,{"stream_name":"stdout","time":26294.126613217,"data":"Using 1 of 4 CPU threads\n"}
,{"stream_name":"stdout","time":26303.675191214,"data":"Searching for best T0 for period 12.18117 days\n"}
,{"stream_name":"stdout","time":26313.666405719,"data":"Transit Least Squares TLS 1.32 (5 Apr 2024)\n"}
,{"stream_name":"stdout","time":26313.680490136,"data":"Creating model cache for 43 durations\n"}
,{"stream_name":"stdout","time":26313.703129747,"data":"Searching 27958 data points, 34361 periods from 0.5 to 29.994 days\n"}
,{"stream_name":"stdout","time":26313.70331604,"data":"Using 1 of 4 CPU threads\n"}
,{"stream_name":"stdout","time":27115.88310618,"data":"Searching for best T0 for period 15.91718 days\n"}
,{"stream_name":"stdout","time":27148.860911726,"data":"Transit Least Squares TLS 1.32 (5 Apr 2024)\n"}
,{"stream_name":"stdout","time":27148.874295166,"data":"Creating model cache for 43 durations\n"}
,{"stream_name":"stdout","time":27148.907307986,"data":"Searching 30593 data points, 35634 periods from 0.5 to 29.993 days\n"}
,{"stream_name":"stdout","time":27148.908255336,"data":"Using 1 of 4 CPU threads\n"}
,{"stream_name":"stdout","time":27408.46613862,"data":"Searching for best T0 for period 0.55097 days\n"}
,{"stream_name":"stdout","time":27443.003237581,"data":"Transit Least Squares TLS 1.32 (5 Apr 2024)\n"}
,{"stream_name":"stdout","time":27443.01795713,"data":"Creating model cache for 43 durations\n"}
,{"stream_name":"stdout","time":27443.043971076,"data":"Searching 25035 data points, 31349 periods from 0.5 to 29.995 days\n"}
,{"stream_name":"stdout","time":27443.044032909,"data":"Using 1 of 4 CPU threads\n"}
,{"stream_name":"stdout","time":28048.579758843,"data":"Searching for best T0 for period 24.35182 days\n"}
,{"stream_name":"stdout","time":28085.665813649,"data":"Transit Least Squares TLS 1.32 (5 Apr 2024)\n"}
,{"stream_name":"stdout","time":28085.66589083,"data":"Creating model cache for 38 durations\n"}
,{"stream_name":"stdout","time":28085.674965357,"data":"Searching 3731 data points, 3394 periods from 0.5 to 13.423 days\n"}
,{"stream_name":"stdout","time":28085.675034624,"data":"Using 1 of 4 CPU threads\n"}
,{"stream_name":"stdout","time":28120.825907921,"data":"Searching for best T0 for period 2.10705 days\n"}
,{"stream_name":"stdout","time":28127.188423156,"data":"Transit Least Squares TLS 1.32 (5 Apr 2024)\n"}
,{"stream_name":"stdout","time":28127.194069472,"data":"Creating model cache for 43 durations\n"}
,{"stream_name":"stdout","time":28127.210158835,"data":"Searching 11560 data points, 14712 periods from 0.5 to 29.997 days\n"}
,{"stream_name":"stdout","time":28127.210513935,"data":"Using 1 of 4 CPU threads\n"}
,{"stream_name":"stdout","time":28385.345849284,"data":"Searching for best T0 for period 7.15749 days\n"}
,{"stream_name":"stderr","time":28391.801290118,"data":"/usr/local/lib/python3.13/dist-packages/transitleastsquares/main.py:411: UserWarning: 18 of 46 transits without data. The true period may be twice the given period.\n"}
,{"stream_name":"stderr","time":28391.801427276,"data":"  warnings.warn(text)\n"}
,{"stream_name":"stdout","time":28406.186486786,"data":"Transit Least Squares TLS 1.32 (5 Apr 2024)\n"}
,{"stream_name":"stdout","time":28406.187761431,"data":"Creating model cache for 38 durations\n"}
,{"stream_name":"stdout","time":28406.197593421,"data":"Searching 3731 data points, 2335 periods from 0.624 to 13.423 days\n"}
,{"stream_name":"stdout","time":28406.197814709,"data":"Using 1 of 4 CPU threads\n"}
,{"stream_name":"stdout","time":28427.155388327,"data":"Searching for best T0 for period 5.24682 days\n"}
,{"stream_name":"stdout","time":28438.826865086,"data":"Transit Least Squares TLS 1.32 (5 Apr 2024)\n"}
,{"stream_name":"stdout","time":28438.834032861,"data":"Creating model cache for 43 durations\n"}
,{"stream_name":"stdout","time":28438.855860682,"data":"Searching 32921 data points, 26716 periods from 0.625 to 29.998 days\n"}
,{"stream_name":"stdout","time":28438.85600907,"data":"Using 1 of 4 CPU threads\n"}
,{"stream_name":"stdout","time":28606.698672809,"data":"Searching for best T0 for period 0.68331 days\n"}
,{"stream_name":"stdout","time":28619.627597555,"data":"Transit Least Squares TLS 1.32 (5 Apr 2024)\n"}
,{"stream_name":"stdout","time":28619.62952635,"data":"Creating model cache for 43 durations\n"}
,{"stream_name":"stdout","time":28619.641773727,"data":"Searching 7259 data points, 4554 periods from 0.708 to 27.027 days\n"}
,{"stream_name":"stdout","time":28619.642021915,"data":"Using 1 of 4 CPU threads\n"}
,{"stream_name":"stdout","time":28691.380075583,"data":"Searching for best T0 for period 11.32398 days\n"}
,{"stream_name":"stdout","time":28697.893878352,"data":"Transit Least Squares TLS 1.32 (5 Apr 2024)\n"}
,{"stream_name":"stdout","time":28697.894994973,"data":"Creating model cache for 38 durations\n"}
,{"stream_name":"stdout","time":28697.90516503,"data":"Searching 3731 data points, 2012 periods from 0.707 to 13.423 days\n"}
,{"stream_name":"stdout","time":28697.907858176,"data":"Using 1 of 4 CPU threads\n"}
,{"stream_name":"stdout","time":28711.744437567,"data":"Searching for best T0 for period 3.06633 days\n"}
,{"stream_name":"stdout","time":28718.363184534,"data":"Transit Least Squares TLS 1.32 (5 Apr 2024)\n"}
,{"stream_name":"stdout","time":28718.367902567,"data":"Creating model cache for 43 durations\n"}
,{"stream_name":"stdout","time":28718.3824437,"data":"Searching 15590 data points, 11128 periods from 0.708 to 29.992 days\n"}
,{"stream_name":"stdout","time":28718.382642868,"data":"Using 1 of 4 CPU threads\n"}
,{"stream_name":"stdout","time":28966.24739688,"data":"Searching for best T0 for period 3.71331 days\n"}
,{"stream_name":"stdout","time":28994.963043881,"data":"Transit Least Squares TLS 1.32 (5 Apr 2024)\n"}
,{"stream_name":"stdout","time":28994.968539144,"data":"Creating model cache for 43 durations\n"}
,{"stream_name":"stdout","time":28994.98891184,"data":"Searching 29220 data points, 20777 periods from 0.708 to 29.997 days\n"}
,{"stream_name":"stdout","time":28994.989066407,"data":"Using 1 of 4 CPU threads\n"}
,{"stream_name":"stdout","time":29359.505491587,"data":"Searching for best T0 for period 4.51473 days\n"}
,{"stream_name":"stdout","time":29382.113025162,"data":"Transit Least Squares TLS 1.32 (5 Apr 2024)\n"}
,{"stream_name":"stdout","time":29382.118548935,"data":"Creating model cache for 43 durations\n"}
,{"stream_name":"stdout","time":29382.137477079,"data":"Searching 11792 data points, 15109 periods from 0.5 to 29.988 days\n"}
,{"stream_name":"stdout","time":29382.137799419,"data":"Using 1 of 4 CPU threads\n"}
,{"stream_name":"stdout","time":29684.590506216,"data":"Searching for best T0 for period 4.12954 days\n"}
,{"stream_name":"stdout","time":29697.725959343,"data":"Transit Least Squares TLS 1.32 (5 Apr 2024)\n"}
,{"stream_name":"stdout","time":29697.728657363,"data":"Creating model cache for 43 durations\n"}
,{"stream_name":"stdout","time":29697.742633602,"data":"Searching 13168 data points, 5327 periods from 1.106 to 29.993 days\n"}
,{"stream_name":"stdout","time":29697.742951923,"data":"Using 1 of 4 CPU threads\n"}
,{"stream_name":"stdout","time":29889.842799468,"data":"Searching for best T0 for period 3.22790 days\n"}
,{"stream_name":"stdout","time":29902.681260043,"data":"Transit Least Squares TLS 1.32 (5 Apr 2024)\n"}
,{"stream_name":"stdout","time":29902.682732393,"data":"Creating model cache for 38 durations\n"}
,{"stream_name":"stdout","time":29902.693728574,"data":"Searching 3662 data points, 3100 periods from 0.5 to 13.611 days\n"}
,{"stream_name":"stdout","time":29902.693779192,"data":"Using 1 of 4 CPU threads\n"}
,{"stream_name":"stdout","time":29933.831337656,"data":"Searching for best T0 for period 5.58199 days\n"}
,{"stream_name":"stdout","time":29942.876547927,"data":"Transit Least Squares TLS 1.32 (5 Apr 2024)\n"}
,{"stream_name":"stdout","time":29942.886225508,"data":"Creating model cache for 43 durations\n"}
,{"stream_name":"stdout","time":29942.906829049,"data":"Searching 22481 data points, 24146 periods from 0.5 to 29.99 days\n"}
,{"stream_name":"stdout","time":29942.906884978,"data":"Using 1 of 4 CPU threads\n"}
,{"stream_name":"stdout","time":30009.244024743,"data":"Searching for best T0 for period 1.12360 days\n"}
,{"stream_name":"stdout","time":30043.396819363,"data":"Transit Least Squares TLS 1.32 (5 Apr 2024)\n"}
,{"stream_name":"stdout","time":30043.411123265,"data":"Creating model cache for 43 durations\n"}
,{"stream_name":"stdout","time":30043.433706372,"data":"Searching 30593 data points, 35634 periods from 0.5 to 29.993 days\n"}
,{"stream_name":"stdout","time":30043.433879392,"data":"Using 1 of 4 CPU threads\n"}
,{"stream_name":"stdout","time":30402.933370056,"data":"Searching for best T0 for period 25.96385 days\n"}
,{"stream_name":"stdout","time":30433.00688488,"data":"Transit Least Squares TLS 1.32 (5 Apr 2024)\n"}
,{"stream_name":"stdout","time":30433.019097611,"data":"Creating model cache for 43 durations\n"}
,{"stream_name":"stdout","time":30433.044931969,"data":"Searching 28697 data points, 31859 periods from 0.5 to 29.994 days\n"}
,{"stream_name":"stdout","time":30433.045035829,"data":"Using 1 of 4 CPU threads\n"}
,{"stream_name":"stdout","time":30794.391451746,"data":"Searching for best T0 for period 0.90396 days\n"}
,{"stream_name":"stdout","time":30802.075915992,"data":"Searching for best T0 for period 2.75930 days\n"}
,{"stream_name":"stdout","time":30825.859323547,"data":"Transit Least Squares TLS 1.32 (5 Apr 2024)\n"}
,{"stream_name":"stdout","time":30825.864603541,"data":"Creating model cache for 43 durations\n"}
,{"stream_name":"stdout","time":30825.880592742,"data":"Searching 19459 data points, 14880 periods from 1.303 to 29.989 days\n"}
,{"stream_name":"stdout","time":30825.880793226,"data":"Using 1 of 4 CPU threads\n"}
,{"stream_name":"stdout","time":30841.759225753,"data":"Transit Least Squares TLS 1.32 (5 Apr 2024)\n"}
,{"stream_name":"stdout","time":30841.760707309,"data":"Creating model cache for 38 durations\n"}
,{"stream_name":"stdout","time":30841.771729225,"data":"Searching 3731 data points, 2335 periods from 0.624 to 13.423 days\n"}
,{"stream_name":"stdout","time":30841.772026126,"data":"Using 1 of 4 CPU threads\n"}
,{"stream_name":"stdout","time":30857.381376768,"data":"Searching for best T0 for period 6.26586 days\n"}
,{"stream_name":"stdout","time":30868.35133385,"data":"Transit Least Squares TLS 1.32 (5 Apr 2024)\n"}
,{"stream_name":"stdout","time":30868.358698648,"data":"Creating model cache for 43 durations\n"}
,{"stream_name":"stdout","time":30868.378171674,"data":"Searching 31118 data points, 17595 periods from 0.899 to 29.993 days\n"}
,{"stream_name":"stdout","time":30868.378343755,"data":"Using 1 of 4 CPU threads\n"}
,{"stream_name":"stdout","time":31209.188793233,"data":"Searching for best T0 for period 5.77965 days\n"}
,{"stream_name":"stdout","time":31236.154580108,"data":"Transit Least Squares TLS 1.32 (5 Apr 2024)\n"}
,{"stream_name":"stdout","time":31236.160619919,"data":"Creating model cache for 43 durations\n"}
,{"stream_name":"stdout","time":31236.176161609,"data":"Searching 14385 data points, 17143 periods from 0.5 to 29.99 days\n"}
,{"stream_name":"stdout","time":31236.176266577,"data":"Using 1 of 4 CPU threads\n"}
,{"stream_name":"stdout","time":31332.168136821,"data":"Searching for best T0 for period 2.39235 days\n"}
,{"stream_name":"stderr","time":31335.404908425,"data":"/usr/local/lib/python3.13/dist-packages/transitleastsquares/main.py:411: UserWarning: 89 of 147 transits without data. The true period may be twice the given period.\n"}
,{"stream_name":"stderr","time":31335.404968598,"data":"  warnings.warn(text)\n"}
,{"stream_name":"stdout","time":31351.371955957,"data":"Transit Least Squares TLS 1.32 (5 Apr 2024)\n"}
,{"stream_name":"stdout","time":31351.3799153,"data":"Creating model cache for 43 durations\n"}
,{"stream_name":"stdout","time":31351.392946112,"data":"Searching 6941 data points, 9133 periods from 1.303 to 29.991 days\n"}
,{"stream_name":"stdout","time":31351.393112915,"data":"Using 1 of 4 CPU threads\n"}
,{"stream_name":"stdout","time":31489.268007921,"data":"Searching for best T0 for period 7.45959 days\n"}
,{"stream_name":"stderr","time":31490.303844265,"data":"/usr/local/lib/python3.13/dist-packages/transitleastsquares/main.py:411: UserWarning: 23 of 29 transits without data. The true period may be twice the given period.\n"}
,{"stream_name":"stderr","time":31490.303885892,"data":"  warnings.warn(text)\n"}
,{"stream_name":"stdout","time":31500.838305536,"data":"Transit Least Squares TLS 1.32 (5 Apr 2024)\n"}
,{"stream_name":"stdout","time":31500.846904172,"data":"Creating model cache for 43 durations\n"}
,{"stream_name":"stdout","time":31500.860825623,"data":"Searching 22854 data points, 15974 periods from 1.303 to 29.993 days\n"}
,{"stream_name":"stdout","time":31500.86099077,"data":"Using 1 of 4 CPU threads\n"}
,{"stream_name":"stdout","time":31518.320431776,"data":"Searching for best T0 for period 5.63025 days\n"}
,{"stream_name":"stdout","time":31543.169882789,"data":"Transit Least Squares TLS 1.32 (5 Apr 2024)\n"}
,{"stream_name":"stdout","time":31543.173838593,"data":"Creating model cache for 43 durations\n"}
,{"stream_name":"stdout","time":31543.188557086,"data":"Searching 9909 data points, 10673 periods from 0.5 to 29.979 days\n"}
,{"stream_name":"stdout","time":31543.188761896,"data":"Using 1 of 4 CPU threads\n"}
,{"stream_name":"stdout","time":31706.084532683,"data":"Searching for best T0 for period 0.65365 days\n"}
,{"stream_name":"stdout","time":31718.141801996,"data":"Transit Least Squares TLS 1.32 (5 Apr 2024)\n"}
,{"stream_name":"stdout","time":31718.148898732,"data":"Creating model cache for 43 durations\n"}
,{"stream_name":"stdout","time":31718.160471517,"data":"Searching 12830 data points, 9574 periods from 0.702 to 29.977 days\n"}
,{"stream_name":"stdout","time":31718.160683889,"data":"Using 1 of 4 CPU threads\n"}
,{"stream_name":"stdout","time":31722.245470806,"data":"Searching for best T0 for period 6.57837 days\n"}
,{"stream_name":"stderr","time":31728.18010492,"data":"/usr/local/lib/python3.13/dist-packages/transitleastsquares/main.py:411: UserWarning: 8 of 20 transits without data. The true period may be twice the given period.\n"}
,{"stream_name":"stderr","time":31728.180166986,"data":"  warnings.warn(text)\n"}
,{"stream_name":"stdout","time":31735.969566348,"data":"Transit Least Squares TLS 1.32 (5 Apr 2024)\n"}
,{"stream_name":"stdout","time":31735.971543623,"data":"Creating model cache for 43 durations\n"}
,{"stream_name":"stdout","time":31735.983770297,"data":"Searching 7480 data points, 3537 periods from 0.917 to 28.107 days\n"}
,{"stream_name":"stdout","time":31735.984074534,"data":"Using 1 of 4 CPU threads\n"}
,{"stream_name":"stdout","time":31820.46603982,"data":"Searching for best T0 for period 0.96219 days\n"}
,{"stream_name":"stdout","time":31829.066705271,"data":"Transit Least Squares TLS 1.32 (5 Apr 2024)\n"}
,{"stream_name":"stdout","time":31829.068790525,"data":"Creating model cache for 43 durations\n"}
,{"stream_name":"stdout","time":31829.080884134,"data":"Searching 7480 data points, 3537 periods from 0.917 to 28.107 days\n"}
,{"stream_name":"stdout","time":31829.081234761,"data":"Using 1 of 4 CPU threads\n"}
,{"stream_name":"stdout","time":31903.126786882,"data":"Searching for best T0 for period 3.82498 days\n"}
,{"stream_name":"stdout","time":31912.071595713,"data":"Transit Least Squares TLS 1.32 (5 Apr 2024)\n"}
,{"stream_name":"stdout","time":31912.074857518,"data":"Creating model cache for 43 durations\n"}
,{"stream_name":"stdout","time":31912.089509548,"data":"Searching 16514 data points, 8790 periods from 0.918 to 29.982 days\n"}
,{"stream_name":"stdout","time":31912.089545678,"data":"Using 1 of 4 CPU threads\n"}
,{"stream_name":"stdout","time":31978.384188264,"data":"Searching for best T0 for period 17.23876 days\n"}
,{"stream_name":"stdout","time":31994.427539159,"data":"Transit Least Squares TLS 1.32 (5 Apr 2024)\n"}
,{"stream_name":"stdout","time":31994.435806957,"data":"Creating model cache for 43 durations\n"}
,{"stream_name":"stdout","time":31994.45588864,"data":"Searching 31330 data points, 23322 periods from 0.702 to 29.997 days\n"}
,{"stream_name":"stdout","time":31994.455988658,"data":"Using 1 of 4 CPU threads\n"}
,{"stream_name":"stdout","time":32148.26790496,"data":"Searching for best T0 for period 4.28159 days\n"}
,{"stream_name":"stdout","time":32163.038228951,"data":"Transit Least Squares TLS 1.32 (5 Apr 2024)\n"}
,{"stream_name":"stdout","time":32163.041093107,"data":"Creating model cache for 43 durations\n"}
,{"stream_name":"stdout","time":32163.055502861,"data":"Searching 8412 data points, 7407 periods from 0.633 to 29.97 days\n"}
,{"stream_name":"stdout","time":32163.055590916,"data":"Using 1 of 4 CPU threads\n"}
,{"stream_name":"stdout","time":32248.941637456,"data":"Searching for best T0 for period 8.25109 days\n"}
,{"stream_name":"stderr","time":32251.19328277,"data":"/usr/local/lib/python3.13/dist-packages/transitleastsquares/main.py:411: UserWarning: 3 of 9 transits without data. The true period may be twice the given period.\n"}
,{"stream_name":"stderr","time":32251.193345605,"data":"  warnings.warn(text)\n"}
,{"stream_name":"stdout","time":32257.71752353,"data":"Transit Least Squares TLS 1.32 (5 Apr 2024)\n"}
,{"stream_name":"stdout","time":32257.720877318,"data":"Creating model cache for 43 durations\n"}
,{"stream_name":"stdout","time":32257.734262479,"data":"Searching 8412 data points, 7407 periods from 0.633 to 29.97 days\n"}
,{"stream_name":"stdout","time":32257.734587095,"data":"Using 1 of 4 CPU threads\n"}
,{"stream_name":"stdout","time":32282.519694355,"data":"Searching for best T0 for period 4.84109 days\n"}
,{"stream_name":"stdout","time":32303.025766694,"data":"Transit Least Squares TLS 1.32 (5 Apr 2024)\n"}
,{"stream_name":"stdout","time":32303.030649467,"data":"Creating model cache for 43 durations\n"}
,{"stream_name":"stdout","time":32303.04508809,"data":"Searching 11746 data points, 11555 periods from 1.303 to 29.989 days\n"}
,{"stream_name":"stdout","time":32303.045213912,"data":"Using 1 of 4 CPU threads\n"}
,{"stream_name":"stdout","time":32389.759865755,"data":"Searching for best T0 for period 7.90270 days\n"}
,{"stream_name":"stdout","time":32397.618508484,"data":"Transit Least Squares TLS 1.32 (5 Apr 2024)\n"}
,{"stream_name":"stdout","time":32397.62218152,"data":"Creating model cache for 42 durations\n"}
,{"stream_name":"stdout","time":32397.63596667,"data":"Searching 5532 data points, 4851 periods from 0.633 to 25.552 days\n"}
,{"stream_name":"stdout","time":32397.636028263,"data":"Using 1 of 4 CPU threads\n"}
,{"stream_name":"stdout","time":32447.970277724,"data":"Searching for best T0 for period 6.58094 days\n"}
,{"stream_name":"stderr","time":32449.392584207,"data":"/usr/local/lib/python3.13/dist-packages/transitleastsquares/main.py:411: UserWarning: 3 of 7 transits without data. The true period may be twice the given period.\n"}
,{"stream_name":"stderr","time":32449.392624015,"data":"  warnings.warn(text)\n"}
,{"stream_name":"stdout","time":32457.851705579,"data":"Transit Least Squares TLS 1.32 (5 Apr 2024)\n"}
,{"stream_name":"stdout","time":32457.856712904,"data":"Creating model cache for 43 durations\n"}
,{"stream_name":"stdout","time":32457.875326584,"data":"Searching 19760 data points, 11939 periods from 1.259 to 29.987 days\n"}
,{"stream_name":"stdout","time":32457.87536664,"data":"Using 1 of 4 CPU threads\n"}
,{"stream_name":"stdout","time":32562.612599213,"data":"Searching for best T0 for period 1.40540 days\n"}
,{"stream_name":"stderr","time":32564.671226878,"data":"/usr/local/lib/python3.13/dist-packages/transitleastsquares/main.py:411: UserWarning: 136 of 194 transits without data. The true period may be twice the given period.\n"}
,{"stream_name":"stderr","time":32564.671264707,"data":"  warnings.warn(text)\n"}
,{"stream_name":"stdout","time":32579.268871059,"data":"Transit Least Squares TLS 1.32 (5 Apr 2024)\n"}
,{"stream_name":"stdout","time":32579.272900953,"data":"Creating model cache for 43 durations\n"}
,{"stream_name":"stdout","time":32579.287156223,"data":"Searching 22503 data points, 8967 periods from 1.189 to 29.989 days\n"}
,{"stream_name":"stdout","time":32579.287357029,"data":"Using 1 of 4 CPU threads\n"}
,{"stream_name":"stdout","time":32801.877838866,"data":"Searching for best T0 for period 0.89443 days\n"}
,{"stream_name":"stdout","time":32834.720317333,"data":"Transit Least Squares TLS 1.32 (5 Apr 2024)\n"}
,{"stream_name":"stdout","time":32834.728597273,"data":"Creating model cache for 43 durations\n"}
,{"stream_name":"stdout","time":32834.748067834,"data":"Searching 27628 data points, 22684 periods from 0.655 to 29.996 days\n"}
,{"stream_name":"stdout","time":32834.748279476,"data":"Using 1 of 4 CPU threads\n"}
,{"stream_name":"stdout","time":33147.966266401,"data":"Searching for best T0 for period 1.83314 days\n"}
,{"stream_name":"stderr","time":33151.237498478,"data":"/usr/local/lib/python3.13/dist-packages/transitleastsquares/main.py:411: UserWarning: 73 of 148 transits without data. The true period may be twice the given period.\n"}
,{"stream_name":"stderr","time":33151.237537187,"data":"  warnings.warn(text)\n"}
,{"stream_name":"stdout","time":33165.841656018,"data":"Searching for best T0 for period 1.73323 days\n"}
,{"stream_name":"stdout","time":33167.180033575,"data":"Transit Least Squares TLS 1.32 (5 Apr 2024)\n"}
,{"stream_name":"stdout","time":33167.181724736,"data":"Creating model cache for 37 durations\n"}
,{"stream_name":"stdout","time":33167.191940829,"data":"Searching 3003 data points, 2178 periods from 0.596 to 12.086 days\n"}
,{"stream_name":"stdout","time":33167.191978701,"data":"Using 1 of 4 CPU threads\n"}
,{"stream_name":"stdout","time":33180.868512728,"data":"Searching for best T0 for period 5.54374 days\n"}
,{"stream_name":"stdout","time":33189.574465877,"data":"Transit Least Squares TLS 1.32 (5 Apr 2024)\n"}
,{"stream_name":"stdout","time":33189.585831456,"data":"Creating model cache for 43 durations\n"}
,{"stream_name":"stdout","time":33189.605968463,"data":"Searching 22172 data points, 28146 periods from 0.597 to 29.997 days\n"}
,{"stream_name":"stdout","time":33189.606172262,"data":"Using 1 of 4 CPU threads\n"}
,{"stream_name":"stdout","time":33191.880349837,"data":"Transit Least Squares TLS 1.32 (5 Apr 2024)\n"}
,{"stream_name":"stdout","time":33191.893571769,"data":"Creating model cache for 43 durations\n"}
,{"stream_name":"stdout","time":33191.91574306,"data":"Searching 15879 data points, 38835 periods from 0.5 to 29.995 days\n"}
,{"stream_name":"stdout","time":33191.915868006,"data":"Using 1 of 4 CPU threads\n"}
,{"stream_name":"stdout","time":33898.570931846,"data":"Searching for best T0 for period 1.04151 days\n"}
,{"stream_name":"stdout","time":33930.384311801,"data":"Transit Least Squares TLS 1.32 (5 Apr 2024)\n"}
,{"stream_name":"stdout","time":33930.389156011,"data":"Creating model cache for 43 durations\n"}
,{"stream_name":"stdout","time":33930.404723992,"data":"Searching 15681 data points, 12896 periods from 0.655 to 29.985 days\n"}
,{"stream_name":"stdout","time":33930.404955144,"data":"Using 1 of 4 CPU threads\n"}
,{"stream_name":"stdout","time":33966.97441703,"data":"Searching for best T0 for period 1.05922 days\n"}
,{"stream_name":"stdout","time":34002.027536084,"data":"Transit Least Squares TLS 1.32 (5 Apr 2024)\n"}
,{"stream_name":"stdout","time":34002.033512846,"data":"Creating model cache for 43 durations\n"}
,{"stream_name":"stdout","time":34002.051072132,"data":"Searching 22497 data points, 16457 periods from 0.702 to 29.993 days\n"}
,{"stream_name":"stdout","time":34002.051132286,"data":"Using 1 of 4 CPU threads\n"}
,{"stream_name":"stdout","time":34270.319536427,"data":"Searching for best T0 for period 6.67949 days\n"}
,{"stream_name":"stderr","time":34278.949042505,"data":"/usr/local/lib/python3.13/dist-packages/transitleastsquares/main.py:411: UserWarning: 18 of 37 transits without data. The true period may be twice the given period.\n"}
,{"stream_name":"stderr","time":34278.949087252,"data":"  warnings.warn(text)\n"}
,{"stream_name":"stdout","time":34291.808879332,"data":"Transit Least Squares TLS 1.32 (5 Apr 2024)\n"}
,{"stream_name":"stdout","time":34291.822415721,"data":"Creating model cache for 43 durations\n"}
,{"stream_name":"stdout","time":34291.846912073,"data":"Searching 19327 data points, 42936 periods from 0.5 to 29.999 days\n"}
,{"stream_name":"stdout","time":34291.847026679,"data":"Using 1 of 4 CPU threads\n"}
,{"stream_name":"stdout","time":34302.835103962,"data":"Searching for best T0 for period 22.73040 days\n"}
,{"stream_name":"stderr","time":34311.729988021,"data":"/usr/local/lib/python3.13/dist-packages/transitleastsquares/main.py:411: UserWarning: 2 of 6 transits without data. The true period may be twice the given period.\n"}
,{"stream_name":"stderr","time":34311.730056756,"data":"  warnings.warn(text)\n"}
,{"stream_name":"stdout","time":34319.030787412,"data":"Transit Least Squares TLS 1.32 (5 Apr 2024)\n"}
,{"stream_name":"stdout","time":34319.033487228,"data":"Creating model cache for 43 durations\n"}
,{"stream_name":"stdout","time":34319.045732074,"data":"Searching 6845 data points, 4974 periods from 0.655 to 27.027 days\n"}
,{"stream_name":"stdout","time":34319.045968632,"data":"Using 1 of 4 CPU threads\n"}
,{"stream_name":"stdout","time":34405.081895479,"data":"Searching for best T0 for period 10.59495 days\n"}
,{"stream_name":"stdout","time":34417.57507254,"data":"Transit Least Squares TLS 1.32 (5 Apr 2024)\n"}
,{"stream_name":"stdout","time":34417.58401785,"data":"Creating model cache for 43 durations\n"}
,{"stream_name":"stdout","time":34417.604261975,"data":"Searching 30661 data points, 25222 periods from 0.655 to 29.998 days\n"}
,{"stream_name":"stdout","time":34417.606920439,"data":"Using 1 of 4 CPU threads\n"}
,{"stream_name":"stdout","time":34775.41701374,"data":"Searching for best T0 for period 2.31848 days\n"}
,{"stream_name":"stderr","time":34779.627684008,"data":"/usr/local/lib/python3.13/dist-packages/transitleastsquares/main.py:411: UserWarning: 51 of 117 transits without data. The true period may be twice the given period.\n"}
,{"stream_name":"stderr","time":34779.627727896,"data":"  warnings.warn(text)\n"}
,{"stream_name":"stdout","time":34797.350203712,"data":"Transit Least Squares TLS 1.32 (5 Apr 2024)\n"}
,{"stream_name":"stdout","time":34797.353047118,"data":"Creating model cache for 43 durations\n"}
,{"stream_name":"stdout","time":34797.366883035,"data":"Searching 6912 data points, 5543 periods from 0.595 to 27.027 days\n"}
,{"stream_name":"stdout","time":34797.366947874,"data":"Using 1 of 4 CPU threads\n"}
,{"stream_name":"stdout","time":34826.197181044,"data":"Searching for best T0 for period 5.54453 days\n"}
,{"stream_name":"stdout","time":34843.742231267,"data":"Transit Least Squares TLS 1.32 (5 Apr 2024)\n"}
,{"stream_name":"stdout","time":34843.744627634,"data":"Creating model cache for 43 durations\n"}
,{"stream_name":"stdout","time":34843.756695531,"data":"Searching 7336 data points, 4706 periods from 0.702 to 27.586 days\n"}
,{"stream_name":"stdout","time":34843.757014405,"data":"Using 1 of 4 CPU threads\n"}
,{"stream_name":"stdout","time":34905.544711704,"data":"Searching for best T0 for period 2.58900 days\n"}
,{"stream_name":"stdout","time":34917.5290373,"data":"Transit Least Squares TLS 1.32 (5 Apr 2024)\n"}
,{"stream_name":"stdout","time":34917.538917305,"data":"Creating model cache for 43 durations\n"}
,{"stream_name":"stdout","time":34917.559953056,"data":"Searching 25503 data points, 28826 periods from 0.529 to 29.992 days\n"}
,{"stream_name":"stdout","time":34917.560046087,"data":"Using 1 of 4 CPU threads\n"}
,{"stream_name":"stdout","time":34936.628326671,"data":"Searching for best T0 for period 5.64751 days\n"}
,{"stream_name":"stdout","time":34946.468572943,"data":"Transit Least Squares TLS 1.32 (5 Apr 2024)\n"}
,{"stream_name":"stdout","time":34946.475064213,"data":"Creating model cache for 43 durations\n"}
,{"stream_name":"stdout","time":34946.495011613,"data":"Searching 18678 data points, 18724 periods from 0.527 to 30.0 days\n"}
,{"stream_name":"stdout","time":34946.495352882,"data":"Using 1 of 4 CPU threads\n"}
,{"stream_name":"stdout","time":35542.044578666,"data":"Searching for best T0 for period 11.87216 days\n"}
,{"stream_name":"stdout","time":35559.462850511,"data":"Transit Least Squares TLS 1.32 (5 Apr 2024)\n"}
,{"stream_name":"stdout","time":35559.466828492,"data":"Creating model cache for 43 durations\n"}
,{"stream_name":"stdout","time":35559.48203772,"data":"Searching 6898 data points, 6135 periods from 0.527 to 26.197 days\n"}
,{"stream_name":"stdout","time":35559.482209316,"data":"Using 1 of 4 CPU threads\n"}
,{"stream_name":"stdout","time":35631.780665225,"data":"Searching for best T0 for period 2.65544 days\n"}
,{"stream_name":"stdout","time":35643.857899267,"data":"Transit Least Squares TLS 1.32 (5 Apr 2024)\n"}
,{"stream_name":"stdout","time":35643.866360419,"data":"Creating model cache for 43 durations\n"}
,{"stream_name":"stdout","time":35643.885540858,"data":"Searching 22247 data points, 22072 periods from 0.527 to 29.995 days\n"}
,{"stream_name":"stdout","time":35643.885700916,"data":"Using 1 of 4 CPU threads\n"}
,{"stream_name":"stdout","time":35902.85410443,"data":"Searching for best T0 for period 2.23432 days\n"}
,{"stream_name":"stdout","time":35932.161248458,"data":"Transit Least Squares TLS 1.32 (5 Apr 2024)\n"}
,{"stream_name":"stdout","time":35932.174142059,"data":"Creating model cache for 43 durations\n"}
,{"stream_name":"stdout","time":35932.202011126,"data":"Searching 31570 data points, 35396 periods from 0.529 to 29.998 days\n"}
,{"stream_name":"stdout","time":35932.202109957,"data":"Using 1 of 4 CPU threads\n"}
,{"stream_name":"stdout","time":36175.732924114,"data":"Searching for best T0 for period 0.72015 days\n"}
,{"stream_name":"stdout","time":36212.965675747,"data":"Transit Least Squares TLS 1.32 (5 Apr 2024)\n"}
,{"stream_name":"stdout","time":36212.972323465,"data":"Creating model cache for 43 durations\n"}
,{"stream_name":"stdout","time":36212.988490914,"data":"Searching 15261 data points, 14708 periods from 0.553 to 29.994 days\n"}
,{"stream_name":"stdout","time":36212.988743114,"data":"Using 1 of 4 CPU threads\n"}
,{"stream_name":"stdout","time":36520.495721747,"data":"Searching for best T0 for period 0.95953 days\n"}
,{"stream_name":"stderr","time":36530.375875419,"data":"/usr/local/lib/python3.13/dist-packages/transitleastsquares/main.py:411: UserWarning: 142 of 282 transits without data. The true period may be twice the given period.\n"}
,{"stream_name":"stderr","time":36530.375925633,"data":"  warnings.warn(text)\n"}
,{"stream_name":"stdout","time":36551.005288841,"data":"Transit Least Squares TLS 1.32 (5 Apr 2024)\n"}
,{"stream_name":"stdout","time":36551.020616006,"data":"Creating model cache for 43 durations\n"}
,{"stream_name":"stdout","time":36551.045269486,"data":"Searching 19327 data points, 42936 periods from 0.5 to 29.999 days\n"}
,{"stream_name":"stdout","time":36551.045568409,"data":"Using 1 of 4 CPU threads\n"}
,{"stream_name":"stdout","time":36678.061528975,"data":"Searching for best T0 for period 0.93406 days\n"}
,{"stream_name":"stdout","time":36697.02021537,"data":"Transit Least Squares TLS 1.32 (5 Apr 2024)\n"}
,{"stream_name":"stdout","time":36697.026785141,"data":"Creating model cache for 43 durations\n"}
,{"stream_name":"stdout","time":36697.044736087,"data":"Searching 18551 data points, 17762 periods from 0.553 to 29.99 days\n"}
,{"stream_name":"stdout","time":36697.044923235,"data":"Using 1 of 4 CPU threads\n"}
,{"stream_name":"stdout","time":36984.903573327,"data":"Searching for best T0 for period 2.10722 days\n"}
,{"stream_name":"stdout","time":37005.665379092,"data":"Transit Least Squares TLS 1.32 (5 Apr 2024)\n"}
,{"stream_name":"stdout","time":37005.671248641,"data":"Creating model cache for 43 durations\n"}
,{"stream_name":"stdout","time":37005.688222301,"data":"Searching 15373 data points, 15499 periods from 0.527 to 29.996 days\n"}
,{"stream_name":"stdout","time":37005.689943084,"data":"Using 1 of 4 CPU threads\n"}
,{"stream_name":"stdout","time":37173.781674363,"data":"Searching for best T0 for period 26.96517 days\n"}
,{"stream_name":"stderr","time":37186.323233055,"data":"/usr/local/lib/python3.13/dist-packages/transitleastsquares/main.py:411: UserWarning: 3 of 6 transits without data. The true period may be twice the given period.\n"}
,{"stream_name":"stderr","time":37186.323279134,"data":"  warnings.warn(text)\n"}
,{"stream_name":"stdout","time":37195.318770003,"data":"Transit Least Squares TLS 1.32 (5 Apr 2024)\n"}
,{"stream_name":"stdout","time":37195.32112991,"data":"Creating model cache for 42 durations\n"}
,{"stream_name":"stdout","time":37195.333305911,"data":"Searching 6076 data points, 5987 periods from 0.507 to 24.628 days\n"}
,{"stream_name":"stdout","time":37195.333400723,"data":"Using 1 of 4 CPU threads\n"}
,{"stream_name":"stdout","time":37274.062851363,"data":"Searching for best T0 for period 7.05458 days\n"}
,{"stream_name":"stdout","time":37286.661865028,"data":"Transit Least Squares TLS 1.32 (5 Apr 2024)\n"}
,{"stream_name":"stdout","time":37286.676876521,"data":"Creating model cache for 43 durations\n"}
,{"stream_name":"stdout","time":37286.696800543,"data":"Searching 27860 data points, 33560 periods from 0.507 to 29.996 days\n"}
,{"stream_name":"stdout","time":37286.696907638,"data":"Using 1 of 4 CPU threads\n"}
,{"stream_name":"stdout","time":37603.836016332,"data":"Searching for best T0 for period 1.47146 days\n"}
,{"stream_name":"stdout","time":37627.022113428,"data":"Searching for best T0 for period 2.40323 days\n"}
,{"stream_name":"stdout","time":37641.975496338,"data":"Transit Least Squares TLS 1.32 (5 Apr 2024)\n"}
,{"stream_name":"stdout","time":37641.976283158,"data":"Creating model cache for 38 durations\n"}
,{"stream_name":"stdout","time":37641.985743307,"data":"Searching 3288 data points, 1150 periods from 1.077 to 12.958 days\n"}
,{"stream_name":"stdout","time":37641.986056983,"data":"Using 1 of 4 CPU threads\n"}
,{"stream_name":"stdout","time":37642.700541349,"data":"Transit Least Squares TLS 1.32 (5 Apr 2024)\n"}
,{"stream_name":"stdout","time":37642.708908553,"data":"Creating model cache for 43 durations\n"}
,{"stream_name":"stdout","time":37642.726771229,"data":"Searching 15655 data points, 19528 periods from 0.5 to 29.994 days\n"}
,{"stream_name":"stdout","time":37642.726885223,"data":"Using 1 of 4 CPU threads\n"}
,{"stream_name":"stdout","time":37650.524565678,"data":"Searching for best T0 for period 8.89231 days\n"}
,{"stream_name":"stdout","time":37660.698394643,"data":"Transit Least Squares TLS 1.32 (5 Apr 2024)\n"}
,{"stream_name":"stdout","time":37660.712290972,"data":"Creating model cache for 43 durations\n"}
,{"stream_name":"stdout","time":37660.736407532,"data":"Searching 31887 data points, 38333 periods from 0.5 to 29.999 days\n"}
,{"stream_name":"stdout","time":37660.736526831,"data":"Using 1 of 4 CPU threads\n"}
,{"stream_name":"stdout","time":38029.348947826,"data":"Searching for best T0 for period 9.74080 days\n"}
,{"stream_name":"stderr","time":38040.255721971,"data":"/usr/local/lib/python3.13/dist-packages/transitleastsquares/main.py:411: UserWarning: 13 of 28 transits without data. The true period may be twice the given period.\n"}
,{"stream_name":"stderr","time":38040.255783374,"data":"  warnings.warn(text)\n"}
,{"stream_name":"stdout","time":38054.589555012,"data":"Transit Least Squares TLS 1.32 (5 Apr 2024)\n"}
,{"stream_name":"stdout","time":38054.595450446,"data":"Creating model cache for 43 durations\n"}
,{"stream_name":"stdout","time":38054.612592892,"data":"Searching 16302 data points, 16521 periods from 0.526 to 29.987 days\n"}
,{"stream_name":"stdout","time":38054.612780624,"data":"Using 1 of 4 CPU threads\n"}
,{"stream_name":"stdout","time":38153.682571961,"data":"Searching for best T0 for period 20.52575 days\n"}
,{"stream_name":"stdout","time":38172.957920877,"data":"Transit Least Squares TLS 1.32 (5 Apr 2024)\n"}
,{"stream_name":"stdout","time":38172.968161793,"data":"Creating model cache for 43 durations\n"}
,{"stream_name":"stdout","time":38172.989010492,"data":"Searching 19385 data points, 29513 periods from 0.571 to 29.993 days\n"}
,{"stream_name":"stdout","time":38172.989085012,"data":"Using 1 of 4 CPU threads\n"}
,{"stream_name":"stdout","time":38797.016737842,"data":"Searching for best T0 for period 0.74741 days\n"}
,{"stream_name":"stdout","time":38816.889050665,"data":"Transit Least Squares TLS 1.32 (5 Apr 2024)\n"}
,{"stream_name":"stdout","time":38816.895030663,"data":"Creating model cache for 43 durations\n"}
,{"stream_name":"stdout","time":38816.911785885,"data":"Searching 16302 data points, 16521 periods from 0.526 to 29.987 days\n"}
,{"stream_name":"stdout","time":38816.9119899,"data":"Using 1 of 4 CPU threads\n"}
,{"stream_name":"stdout","time":38847.119091641,"data":"Searching for best T0 for period 1.07332 days\n"}
,{"stream_name":"stderr","time":38851.030612103,"data":"/usr/local/lib/python3.13/dist-packages/transitleastsquares/main.py:411: UserWarning: 129 of 252 transits without data. The true period may be twice the given period.\n"}
,{"stream_name":"stderr","time":38851.030653242,"data":"  warnings.warn(text)\n"}
,{"stream_name":"stdout","time":38869.440577948,"data":"Transit Least Squares TLS 1.32 (5 Apr 2024)\n"}
,{"stream_name":"stdout","time":38869.450919774,"data":"Creating model cache for 43 durations\n"}
,{"stream_name":"stdout","time":38869.470852187,"data":"Searching 19385 data points, 29513 periods from 0.571 to 29.993 days\n"}
,{"stream_name":"stdout","time":38869.471121674,"data":"Using 1 of 4 CPU threads\n"}
,{"stream_name":"stdout","time":39379.939563037,"data":"Searching for best T0 for period 14.78753 days\n"}
,{"stream_name":"stdout","time":39416.617509827,"data":"Transit Least Squares TLS 1.32 (5 Apr 2024)\n"}
,{"stream_name":"stdout","time":39416.631662016,"data":"Creating model cache for 43 durations\n"}
,{"stream_name":"stdout","time":39416.655603293,"data":"Searching 31887 data points, 38333 periods from 0.5 to 29.999 days\n"}
,{"stream_name":"stdout","time":39416.655890908,"data":"Using 1 of 4 CPU threads\n"}
,{"stream_name":"stdout","time":39436.418608283,"data":"Searching for best T0 for period 14.38845 days\n"}
,{"stream_name":"stdout","time":39455.471788883,"data":"Transit Least Squares TLS 1.32 (5 Apr 2024)\n"}
,{"stream_name":"stdout","time":39455.481171579,"data":"Creating model cache for 43 durations\n"}
,{"stream_name":"stdout","time":39455.503555241,"data":"Searching 27993 data points, 29037 periods from 0.526 to 29.996 days\n"}
,{"stream_name":"stdout","time":39455.503657004,"data":"Using 1 of 4 CPU threads\n"}
,{"stream_name":"stdout","time":39628.246904634,"data":"Searching for best T0 for period 1.79604 days\n"}
,{"stream_name":"stdout","time":39654.772234384,"data":"Transit Least Squares TLS 1.32 (5 Apr 2024)\n"}
,{"stream_name":"stdout","time":39654.783859391,"data":"Creating model cache for 43 durations\n"}
,{"stream_name":"stdout","time":39654.804060757,"data":"Searching 14354 data points, 24873 periods from 0.5 to 29.992 days\n"}
,{"stream_name":"stdout","time":39654.80420392,"data":"Using 1 of 4 CPU threads\n"}
,{"stream_name":"stdout","time":40121.698387725,"data":"Searching for best T0 for period 9.03788 days\n"}
,{"stream_name":"stderr","time":40128.954590169,"data":"/usr/local/lib/python3.13/dist-packages/transitleastsquares/main.py:411: UserWarning: 15 of 29 transits without data. The true period may be twice the given period.\n"}
,{"stream_name":"stderr","time":40128.954636345,"data":"  warnings.warn(text)\n"}
,{"stream_name":"stdout","time":40141.996103435,"data":"Transit Least Squares TLS 1.32 (5 Apr 2024)\n"}
,{"stream_name":"stdout","time":40142.006764092,"data":"Creating model cache for 43 durations\n"}
,{"stream_name":"stdout","time":40142.028136111,"data":"Searching 19385 data points, 29513 periods from 0.571 to 29.993 days\n"}
,{"stream_name":"stdout","time":40142.028356295,"data":"Using 1 of 4 CPU threads\n"}
,{"stream_name":"stdout","time":40293.094120199,"data":"Searching for best T0 for period 1.83432 days\n"}
,{"stream_name":"stdout","time":40307.708771752,"data":"Transit Least Squares TLS 1.32 (5 Apr 2024)\n"}
,{"stream_name":"stdout","time":40307.716337623,"data":"Creating model cache for 43 durations\n"}
,{"stream_name":"stdout","time":40307.734305029,"data":"Searching 11155 data points, 19628 periods from 0.5 to 29.993 days\n"}
,{"stream_name":"stdout","time":40307.734640309,"data":"Using 1 of 4 CPU threads\n"}
,{"stream_name":"stdout","time":40745.153579028,"data":"Searching for best T0 for period 0.53973 days\n"}
,{"stream_name":"stdout","time":40759.528018467,"data":"Transit Least Squares TLS 1.32 (5 Apr 2024)\n"}
,{"stream_name":"stdout","time":40759.537154591,"data":"Creating model cache for 43 durations\n"}
,{"stream_name":"stdout","time":40759.555178559,"data":"Searching 14354 data points, 24873 periods from 0.5 to 29.992 days\n"}
,{"stream_name":"stdout","time":40759.555378273,"data":"Using 1 of 4 CPU threads\n"}
,{"stream_name":"stdout","time":41130.261218713,"data":"Searching for best T0 for period 6.40558 days\n"}
,{"stream_name":"stdout","time":41154.516566029,"data":"Transit Least Squares TLS 1.32 (5 Apr 2024)\n"}
,{"stream_name":"stdout","time":41154.522033493,"data":"Creating model cache for 43 durations\n"}
,{"stream_name":"stdout","time":41154.538204734,"data":"Searching 12539 data points, 13533 periods from 0.5 to 29.984 days\n"}
,{"stream_name":"stdout","time":41154.538544742,"data":"Using 1 of 4 CPU threads\n"}
,{"stream_name":"stdout","time":41390.854100393,"data":"Searching for best T0 for period 11.85301 days\n"}
,{"stream_name":"stdout","time":41412.560367243,"data":"Transit Least Squares TLS 1.32 (5 Apr 2024)\n"}
,{"stream_name":"stdout","time":41412.570069557,"data":"Creating model cache for 43 durations\n"}
,{"stream_name":"stdout","time":41412.589557583,"data":"Searching 29298 data points, 23771 periods from 0.628 to 29.991 days\n"}
,{"stream_name":"stdout","time":41412.58961769,"data":"Using 1 of 4 CPU threads\n"}
,{"stream_name":"stdout","time":41433.570100843,"data":"Searching for best T0 for period 1.13914 days\n"}
,{"stream_name":"stdout","time":41551.716250597,"data":"Searching for best T0 for period 0.66983 days\n"}
,{"stream_name":"stderr","time":41555.920949381,"data":"/usr/local/lib/python3.13/dist-packages/transitleastsquares/main.py:411: UserWarning: 201 of 405 transits without data. The true period may be twice the given period.\n"}
,{"stream_name":"stderr","time":41555.921049315,"data":"  warnings.warn(text)\n"}
,{"stream_name":"stdout","time":41892.982577423,"data":"Searching for best T0 for period 3.95798 days\n"}
,{"stream_name":"stdout","time":41909.657808449,"data":"Transit Least Squares TLS 1.32 (5 Apr 2024)\n"}
,{"stream_name":"stdout","time":41909.65948535,"data":"Creating model cache for 43 durations\n"}
,{"stream_name":"stdout","time":41909.667949714,"data":"Searching 9847 data points, 7568 periods from 0.628 to 29.978 days\n"}
,{"stream_name":"stdout","time":41909.668009565,"data":"Using 1 of 4 CPU threads\n"}
,{"stream_name":"stdout","time":42002.865685857,"data":"Searching for best T0 for period 14.16224 days\n"}
,{"stream_name":"stdout","time":42236.459467941,"data":"Searching for best T0 for period 0.84021 days\n"}
,{"stream_name":"stdout","time":42257.331846578,"data":"Transit Least Squares TLS 1.32 (5 Apr 2024)\n"}
,{"stream_name":"stdout","time":42257.334001649,"data":"Creating model cache for 43 durations\n"}
,{"stream_name":"stdout","time":42257.342607944,"data":"Searching 6462 data points, 10090 periods from 0.5 to 29.978 days\n"}
,{"stream_name":"stdout","time":42257.34264118,"data":"Using 1 of 4 CPU threads\n"}
,{"stream_name":"stdout","time":42320.564061068,"data":"Searching for best T0 for period 9.03961 days\n"}
,{"stream_name":"stderr","time":42321.679709813,"data":"/usr/local/lib/python3.13/dist-packages/transitleastsquares/main.py:411: UserWarning: 4 of 9 transits without data. The true period may be twice the given period.\n"}
,{"stream_name":"stderr","time":42321.679773263,"data":"  warnings.warn(text)\n"}
,{"stream_name":"stderr","time":42327.305467449,"data":"/usr/local/lib/python3.13/dist-packages/mistune.py:435: SyntaxWarning: invalid escape sequence '\\|'\n"}
,{"stream_name":"stderr","time":42327.305509911,"data":"  cells[i][c] = re.sub('\\\\\\\\\\|', '|', cell)\n"}
,{"stream_name":"stderr","time":42327.726715738,"data":"/usr/local/lib/python3.13/dist-packages/nbconvert/filters/filter_links.py:36: SyntaxWarning: invalid escape sequence '\\_'\n"}
,{"stream_name":"stderr","time":42327.72674459,"data":"  text = re.sub(r'_', '\\_', text) # Escape underscores in display text\n"}
,{"stream_name":"stderr","time":42328.841458433,"data":"[NbConvertApp] Converting notebook __script__.ipynb to html\n"}
,{"stream_name":"stderr","time":42330.313722392,"data":"[NbConvertApp] Writing 276119 bytes to __results__.html\n"}
]