toi,tic,spoc1_period,spoc1_run,spocE_period,spocE_run,qlp_hist_period,spoc_hist_period
101.01,231663901,1.4304,tess2018206190142-s0001-s0001_dvr-tcestats.csv,1.4304,tess2018206190142-s0001-s0001_dvr-tcestats.csv,,1.430343
1011.01,114018671,2.4697,tess2021014055109-s0034-s0034_dvr-tcestats.csv,2.4697,tess2021014055109-s0034-s0034_dvr-tcestats.csv,,
102.01,149603524,4.41201,tess2018206190142-s0001-s0001_dvr-tcestats.csv,4.41194,tess2018206190142-s0001-s0013_dvr-tcestats.csv,,4.411929
103.01,336732616,3.54781,tess2018206190142-s0001-s0001_dvr-tcestats.csv,3.54781,tess2018206190142-s0001-s0001_dvr-tcestats.csv,,3.547854
1036.01,146172354,3.77965,tess2021066093107-s0036-s0036_dvr-tcestats.csv,3.77965,tess2021066093107-s0036-s0036_dvr-tcestats.csv,,
104.01,231670397,4.08745,tess2018206190142-s0001-s0001_dvr-tcestats.csv,4.08745,tess2018206190142-s0001-s0001_dvr-tcestats.csv,,4.087493
1049.01,16288184,2.18078,tess2019141104532-s0012-s0012_dvr-tcestats.csv,2.18078,tess2019141104532-s0012-s0012_dvr-tcestats.csv,,2.180764
105.01,144065872,2.18467,tess2018206190142-s0001-s0001_dvr-tcestats.csv,2.18467,tess2018206190142-s0001-s0001_dvr-tcestats.csv,,2.184683
1050.01,66818296,3.73534,tess2019141104532-s0012-s0012_dvr-tcestats.csv,3.73534,tess2019141104532-s0012-s0012_dvr-tcestats.csv,,3.735285
1052.01,317060587,9.15446,tess2018206190142-s0001-s0001_dvr-tcestats.csv,9.1398,tess2018206190142-s0001-s0013_dvr-tcestats.csv,,9.139804
1054.01,366989877,15.5068,tess2019170095531-s0013-s0013_dvr-tcestats.csv,15.5068,tess2019170095531-s0013-s0013_dvr-tcestats.csv,,15.50529
1055.01,320004517,17.4709,tess2019170095531-s0013-s0013_dvr-tcestats.csv,17.4709,tess2019170095531-s0013-s0013_dvr-tcestats.csv,,17.471139
106.01,38846515,2.84936,tess2018206190142-s0001-s0001_dvr-tcestats.csv,2.84938,tess2018206190142-s0001-s0013_dvr-tcestats.csv,,2.84938
1062.01,299799658,4.11589,tess2018206190142-s0001-s0001_dvr-tcestats.csv,4.11498,tess2018206190142-s0001-s0013_dvr-tcestats.csv,,4.115225
1064.01,79748331,,,,,,6.441821
1064.02,79748331,,,,,,12.226323
1065.01,7088246,2.16047,tess2019170095531-s0013-s0013_dvr-tcestats.csv,2.16047,tess2019170095531-s0013-s0013_dvr-tcestats.csv,,2.160344
1066.01,201604954,4.60639,tess2019170095531-s0013-s0013_dvr-tcestats.csv,4.60639,tess2019170095531-s0013-s0013_dvr-tcestats.csv,,4.606184
1067.01,201642601,3.13159,tess2019170095531-s0013-s0013_dvr-tcestats.csv,3.13159,tess2019170095531-s0013-s0013_dvr-tcestats.csv,,3.131959
1068.01,6663331,3.18084,tess2019170095531-s0013-s0013_dvr-tcestats.csv,3.18084,tess2019170095531-s0013-s0013_dvr-tcestats.csv,,3.180362
1069.01,31858843,2.97772,tess2019170095531-s0013-s0013_dvr-tcestats.csv,2.97772,tess2019170095531-s0013-s0013_dvr-tcestats.csv,,2.977692
107.01,92352620,3.95004,tess2018206190142-s0001-s0001_dvr-tcestats.csv,3.95004,tess2018206190142-s0001-s0001_dvr-tcestats.csv,,3.949959
1072.01,140830390,12.8375,tess2019113062933-s0011-s0011_dvr-tcestats.csv,12.8378,tess2019170095531-s0013-s0013_dvr-tcestats.csv,,12.836241
1073.01,158297421,3.92317,tess2019170095531-s0013-s0013_dvr-tcestats.csv,3.92317,tess2019170095531-s0013-s0013_dvr-tcestats.csv,,3.92318
1075.01,351601843,0.60489,tess2019170095531-s0013-s0013_dvr-tcestats.csv,0.60489,tess2019170095531-s0013-s0013_dvr-tcestats.csv,,0.604763
1076.01,360742636,2.54961,tess2019170095531-s0013-s0013_dvr-tcestats.csv,2.54961,tess2019170095531-s0013-s0013_dvr-tcestats.csv,,2.549553
1078.01,370133522,0.518206,tess2019170095531-s0013-s0013_dvr-tcestats.csv,0.518206,tess2019170095531-s0013-s0013_dvr-tcestats.csv,,0.518224
108.01,289793076,3.0439,tess2018206190142-s0001-s0001_dvr-tcestats.csv,3.0439,tess2018206190142-s0001-s0001_dvr-tcestats.csv,,3.044616
1080.01,161032923,3.96501,tess2019170095531-s0013-s0013_dvr-tcestats.csv,3.96501,tess2019170095531-s0013-s0013_dvr-tcestats.csv,,3.965347
1084.01,380589029,1.34845,tess2019170095531-s0013-s0013_dvr-tcestats.csv,1.34845,tess2019170095531-s0013-s0013_dvr-tcestats.csv,,1.348449
1085.01,381979901,,,3.25415,tess2019170095531-s0013-s0013_dvr-tcestats.csv,,3.25423
109.01,29344935,2.76683,tess2018206190142-s0001-s0001_dvr-tcestats.csv,2.76683,tess2018206190142-s0001-s0001_dvr-tcestats.csv,,2.766764
1098.01,383390264,,,,,,10.182942
1099.01,290348383,6.44165,tess2019170095531-s0013-s0013_dvr-tcestats.csv,6.44165,tess2019170095531-s0013-s0013_dvr-tcestats.csv,,6.441615
110.01,281459670,3.17431,tess2018206190142-s0001-s0001_dvr-tcestats.csv,3.17431,tess2018206190142-s0001-s0002_dvr-tcestats.csv,,3.174305
1105.01,274151135,,,10.8724,tess2021147062104-s0039-s0039_dvr-tcestats.csv,,
1107.01,394561119,4.07813,tess2021119082105-s0038-s0038_dvr-tcestats.csv,4.07821,tess2021147062104-s0039-s0039_dvr-tcestats.csv,,
111.01,355703913,2.10578,tess2018206190142-s0001-s0001_dvr-tcestats.csv,2.1061,tess2018206190142-s0001-s0002_dvr-tcestats.csv,,2.106098
1117.01,295541511,2.22648,tess2021147062104-s0039-s0039_dvr-tcestats.csv,2.22648,tess2021147062104-s0039-s0039_dvr-tcestats.csv,,
112.01,388104525,2.49987,tess2018206190142-s0001-s0001_dvr-tcestats.csv,2.4998,tess2018206190142-s0001-s0009_dvr-tcestats.csv,,2.499804
1124.01,128790976,3.51951,tess2019170095531-s0013-s0013_dvr-tcestats.csv,3.51951,tess2019170095531-s0013-s0013_dvr-tcestats.csv,3.51874,
113.01,97409519,3.37285,tess2018206190142-s0001-s0001_dvr-tcestats.csv,3.37285,tess2018206190142-s0001-s0001_dvr-tcestats.csv,,3.372877
1135.01,154872375,8.02796,tess2019199201929-s0014-s0014_dvr-tcestats.csv,8.02772,tess2019199201929-s0014-s0026_dvr-tcestats.csv,,8.027722
1136.01,142276270,12.5223,tess2019199201929-s0014-s0014_dvr-tcestats.csv,12.5187,tess2019199201929-s0014-s0019_dvr-tcestats.csv,12.51781,
1136.04,142276270,,,,,,18.804756
1138.01,110428269,0.649768,tess2019199201929-s0014-s0014_dvr-tcestats.csv,0.649768,tess2019199201929-s0014-s0014_dvr-tcestats.csv,0.64971,
114.01,25155310,3.28858,tess2018206190142-s0001-s0001_dvr-tcestats.csv,3.28878,tess2018206190142-s0001-s0013_dvr-tcestats.csv,,3.288783
1141.01,159510109,,,16.9487,tess2019199201929-s0014-s0026_dvr-tcestats.csv,,16.947643
1144.01,28230919,4.88778,tess2019199201929-s0014-s0014_dvr-tcestats.csv,4.88753,tess2019227203528-s0015-s0015_dvr-tcestats.csv,,4.887823
1148.01,349827430,5.55139,tess2019199201929-s0014-s0014_dvr-tcestats.csv,5.55153,tess2020021221522-s0021-s0021_dvr-tcestats.csv,,5.55111
115.01,281541555,4.74438,tess2018206190142-s0001-s0001_dvr-tcestats.csv,4.74274,tess2018206190142-s0001-s0002_dvr-tcestats.csv,,4.743164
1150.01,16740101,1.4811,tess2019199201929-s0014-s0014_dvr-tcestats.csv,1.4811,tess2019227203528-s0015-s0015_dvr-tcestats.csv,,1.48112
1151.01,69679391,3.47409,tess2019199201929-s0014-s0014_dvr-tcestats.csv,3.47409,tess2019199201929-s0014-s0014_dvr-tcestats.csv,,3.47417
1153.01,154840461,6.03605,tess2019199201929-s0014-s0014_dvr-tcestats.csv,6.0361,tess2019199201929-s0014-s0026_dvr-tcestats.csv,,6.03614
116.01,238176110,2.79858,tess2018206190142-s0001-s0001_dvr-tcestats.csv,2.79858,tess2018206190142-s0001-s0001_dvr-tcestats.csv,,2.798686
1161.01,158324245,1.76355,tess2019199201929-s0014-s0014_dvr-tcestats.csv,1.76358,tess2019199201929-s0014-s0026_dvr-tcestats.csv,,1.763594
117.01,322307342,3.58719,tess2020213081515-s0028-s0028_dvr-tcestats.csv,3.58659,tess2020239173514-s0029-s0029_dvr-tcestats.csv,,
1173.01,232967440,7.06408,tess2019199201929-s0014-s0014_dvr-tcestats.csv,7.06413,tess2019199201929-s0014-s0019_dvr-tcestats.csv,7.06423,
1174.01,154089169,8.96071,tess2019199201929-s0014-s0014_dvr-tcestats.csv,8.9533,tess2019199201929-s0014-s0019_dvr-tcestats.csv,8.95311,
1176.01,230088370,,,14.0077,tess2019199201929-s0014-s0026_dvr-tcestats.csv,,14.007725
118.01,266980320,6.0357,tess2018206190142-s0001-s0001_dvr-tcestats.csv,6.0357,tess2018206190142-s0001-s0001_dvr-tcestats.csv,,6.036061
1180.01,158002130,9.692570000000002,tess2019199201929-s0014-s0014_dvr-tcestats.csv,9.68668,tess2019199201929-s0014-s0019_dvr-tcestats.csv,,9.692137
1181.01,229510866,2.10325,tess2020107065519-s0024-s0024_dvr-tcestats.csv,2.10314,tess2020161181517-s0026-s0026_dvr-tcestats.csv,,2.103193
1183.01,258777137,5.92929,tess2019199201929-s0014-s0014_dvr-tcestats.csv,5.9294,tess2019199201929-s0014-s0026_dvr-tcestats.csv,,5.92932
1184.01,233087860,5.74691,tess2019199201929-s0014-s0014_dvr-tcestats.csv,5.74842,tess2019199201929-s0014-s0026_dvr-tcestats.csv,,5.748418
1190.01,287196418,3.69493,tess2019199201929-s0014-s0014_dvr-tcestats.csv,3.69501,tess2019199201929-s0014-s0026_dvr-tcestats.csv,3.69498,
1194.01,147950620,2.31065,tess2019199201929-s0014-s0014_dvr-tcestats.csv,2.31067,tess2020021221522-s0021-s0021_dvr-tcestats.csv,,2.310602
1198.01,203189770,3.61267,tess2021205113501-s0041-s0041_dvr-tcestats.csv,3.61267,tess2021205113501-s0041-s0041_dvr-tcestats.csv,,
1199.01,99869022,3.67182,tess2021205113501-s0041-s0041_dvr-tcestats.csv,3.67182,tess2022028101454-s0048-s0048_dvr-tcestats.csv,,
120.01,394137592,11.5346,tess2018206190142-s0001-s0001_dvr-tcestats.csv,11.5346,tess2018206190142-s0001-s0001_dvr-tcestats.csv,,11.535076
1201.01,29960110,2.49106,tess2018292093539-s0004-s0004_dvr-tcestats.csv,2.49106,tess2018292093539-s0004-s0004_dvr-tcestats.csv,,2.491115
1203.01,23434737,,,,,,25.492499
1213.01,399144800,,,,,,27.214103
122.01,231702397,5.07776,tess2018206190142-s0001-s0001_dvr-tcestats.csv,5.07776,tess2018206190142-s0001-s0001_dvr-tcestats.csv,,5.077677
1224.01,299798795,,,4.1783,tess2018206190142-s0001-s0013_dvr-tcestats.csv,,4.178295
1224.02,299798795,,,,,,
1226.01,177115354,,,,,,3.928681
1227.01,360156606,,,,,,27.360955
1228.01,300038935,,,29.0488,tess2018206190142-s0001-s0013_dvr-tcestats.csv,,29.048824
123.01,290131778,3.30887,tess2018206190142-s0001-s0001_dvr-tcestats.csv,3.30887,tess2018206190142-s0001-s0001_dvr-tcestats.csv,,3.308907
1230.01,287156968,,,,,,25.059898
1231.01,447061717,,,,,,24.246135
1232.01,364395234,,,14.2729,tess2019085221934-s0010-s0010_dvr-tcestats.csv,,14.259059
1233.01,260647166,14.1774,tess2019085221934-s0010-s0010_dvr-tcestats.csv,14.1774,tess2019085221934-s0010-s0010_dvr-tcestats.csv,,14.175671
1233.02,260647166,,,,,,19.593409
1233.03,260647166,12.4154,tess2019085221934-s0010-s0010_dvr-tcestats.csv,12.4154,tess2019085221934-s0010-s0010_dvr-tcestats.csv,,6.203183
1233.04,260647166,,,,,,3.795304
1235.01,103633434,3.4448,tess2019199201929-s0014-s0014_dvr-tcestats.csv,10.333,tess2020021221522-s0021-s0021_dvr-tcestats.csv,,3.444703
1236.01,120757718,3.03017,tess2019199201929-s0014-s0014_dvr-tcestats.csv,3.03017,tess2019199201929-s0014-s0014_dvr-tcestats.csv,,3.030032
1238.01,153951307,3.29373,tess2019199201929-s0014-s0014_dvr-tcestats.csv,3.2941,tess2019199201929-s0014-s0019_dvr-tcestats.csv,,3.293706
1238.02,153951307,,,0.764525,tess2019199201929-s0014-s0019_dvr-tcestats.csv,,0.764601
1240.01,158170594,1.72097,tess2019199201929-s0014-s0014_dvr-tcestats.csv,1.72086,tess2019199201929-s0014-s0026_dvr-tcestats.csv,,1.720861
1243.01,219698776,4.66424,tess2019199201929-s0014-s0014_dvr-tcestats.csv,4.66017,tess2019358235523-s0020-s0020_dvr-tcestats.csv,,4.662836
1244.01,219850915,,,6.40015,tess2019199201929-s0014-s0026_dvr-tcestats.csv,,6.400148
1246.01,230127302,18.649,tess2019199201929-s0014-s0014_dvr-tcestats.csv,18.6603,tess2019199201929-s0014-s0026_dvr-tcestats.csv,,18.660326
1246.02,230127302,4.30763,tess2019199201929-s0014-s0014_dvr-tcestats.csv,4.30744,tess2019199201929-s0014-s0026_dvr-tcestats.csv,,4.307437
1246.03,230127302,,,5.90414,tess2019199201929-s0014-s0026_dvr-tcestats.csv,,5.904144
1247.01,232540264,15.9232,tess2019199201929-s0014-s0014_dvr-tcestats.csv,15.9235,tess2019199201929-s0014-s0026_dvr-tcestats.csv,,15.923473
1248.01,232612416,4.35976,tess2019199201929-s0014-s0014_dvr-tcestats.csv,4.36014,tess2019199201929-s0014-s0026_dvr-tcestats.csv,,4.360143
1249.01,232976128,13.0816,tess2019199201929-s0014-s0014_dvr-tcestats.csv,13.0777,tess2019199201929-s0014-s0019_dvr-tcestats.csv,13.0783,
125.03,52368076,,,19.9819,tess2018206190142-s0001-s0002_dvr-tcestats.csv,,19.981866
1254.01,236714379,1.01808,tess2019199201929-s0014-s0014_dvr-tcestats.csv,1.018,tess2019199201929-s0014-s0023_dvr-tcestats.csv,,1.018003
1255.01,237222864,10.2913,tess2019199201929-s0014-s0014_dvr-tcestats.csv,10.2889,tess2019199201929-s0014-s0026_dvr-tcestats.csv,,10.28891
1257.01,278348461,5.45273,tess2019199201929-s0014-s0014_dvr-tcestats.csv,5.45273,tess2019199201929-s0014-s0014_dvr-tcestats.csv,,5.452752
1259.01,288735205,3.47803,tess2019199201929-s0014-s0014_dvr-tcestats.csv,3.47797,tess2019199201929-s0014-s0026_dvr-tcestats.csv,,3.477972
1260.01,355867695,3.12729,tess2019199201929-s0014-s0014_dvr-tcestats.csv,3.12692,tess2020021221522-s0021-s0021_dvr-tcestats.csv,,3.12716
1260.02,355867695,7.49109,tess2019199201929-s0014-s0014_dvr-tcestats.csv,7.49109,tess2019199201929-s0014-s0014_dvr-tcestats.csv,,7.491237
1265.01,424865156,2.20474,tess2019199201929-s0014-s0014_dvr-tcestats.csv,2.20473,tess2019227203528-s0015-s0015_dvr-tcestats.csv,,2.204735
1266.01,467179528,10.8946,tess2019199201929-s0014-s0014_dvr-tcestats.csv,10.8958,tess2019199201929-s0014-s0019_dvr-tcestats.csv,,10.895412
1266.02,467179528,,,18.7954,tess2019199201929-s0014-s0016_dvr-tcestats.csv,,18.79545
1267.01,158561566,6.78925,tess2019199201929-s0014-s0014_dvr-tcestats.csv,6.79012,tess2019199201929-s0014-s0026_dvr-tcestats.csv,,6.790123
1268.01,142394656,8.15817,tess2019227203528-s0015-s0015_dvr-tcestats.csv,8.15774,tess2020050191121-s0022-s0022_dvr-tcestats.csv,8.15759,
1269.01,198241702,,,4.25291,tess2019199201929-s0014-s0026_dvr-tcestats.csv,,4.252906
1269.02,198241702,,,9.23756,tess2019199201929-s0014-s0026_dvr-tcestats.csv,,9.237558
127.01,234523599,3.79565,tess2018206190142-s0001-s0001_dvr-tcestats.csv,3.79561,tess2018206190142-s0001-s0002_dvr-tcestats.csv,,3.795288
1271.01,286923464,6.13518,tess2019227203528-s0015-s0015_dvr-tcestats.csv,6.1349,tess2020050191121-s0022-s0022_dvr-tcestats.csv,6.13488,
1272.01,417948359,3.31561,tess2019227203528-s0015-s0015_dvr-tcestats.csv,3.31548,tess2020050191121-s0022-s0022_dvr-tcestats.csv,,3.315997
1273.01,445859771,4.63137,tess2019227203528-s0015-s0015_dvr-tcestats.csv,4.63137,tess2020079142120-s0023-s0023_dvr-tcestats.csv,4.63123,
1278.01,163539739,,,,,,14.476217
1279.01,224297258,9.61279,tess2019227203528-s0015-s0015_dvr-tcestats.csv,9.60548,tess2020050191121-s0022-s0022_dvr-tcestats.csv,9.61548,
1282.01,236445129,0.969004,tess2019227203528-s0015-s0015_dvr-tcestats.csv,0.969004,tess2019227203528-s0015-s0015_dvr-tcestats.csv,,0.968995
1283.01,266593143,10.338,tess2019227203528-s0015-s0015_dvr-tcestats.csv,10.338,tess2019227203528-s0015-s0015_dvr-tcestats.csv,,10.337891
1288.01,365733349,2.69993,tess2019227203528-s0015-s0015_dvr-tcestats.csv,2.69984,tess2020107065519-s0024-s0024_dvr-tcestats.csv,,2.69983
129.01,201248411,0.98097,tess2018206190142-s0001-s0001_dvr-tcestats.csv,0.980982,tess2018235142541-s0002-s0002_dvr-tcestats.csv,,0.980962
1290.01,417676622,,,,,,5.400569
1291.01,198186769,,,14.3108,tess2022164114449-s0053-s0053_dvr-tcestats.csv,,
1292.01,199688472,1.44127,tess2019199201929-s0014-s0014_dvr-tcestats.csv,1.44123,tess2019199201929-s0014-s0026_dvr-tcestats.csv,1.44119,
1294.01,219015370,3.91516,tess2021176033103-s0040-s0040_dvr-tcestats.csv,3.91631,tess2022057231053-s0049-s0049_dvr-tcestats.csv,,
1295.01,219852584,3.19688,tess2020079142120-s0023-s0023_dvr-tcestats.csv,3.19706,tess2020161181517-s0026-s0026_dvr-tcestats.csv,,3.196882
1296.01,219854185,3.94413,tess2020079142120-s0023-s0023_dvr-tcestats.csv,3.94433,tess2020161181517-s0026-s0026_dvr-tcestats.csv,,3.944338
1298.01,237104103,4.53745,tess2020079142120-s0023-s0023_dvr-tcestats.csv,4.53671,tess2020161181517-s0026-s0026_dvr-tcestats.csv,,4.537222
130.01,263003176,14.3396,tess2018206190142-s0001-s0001_dvr-tcestats.csv,14.339,tess2018206190142-s0001-s0013_dvr-tcestats.csv,,14.339928
1300.01,293687315,2.87153,tess2020079142120-s0023-s0023_dvr-tcestats.csv,2.87153,tess2020079142120-s0023-s0023_dvr-tcestats.csv,,
1301.01,356867115,,,6.09635,tess2019199201929-s0014-s0026_dvr-tcestats.csv,,6.096347
1306.01,233735068,7.68846,tess2019199201929-s0014-s0014_dvr-tcestats.csv,7.68694,tess2019199201929-s0014-s0026_dvr-tcestats.csv,7.68666,
132.01,89020549,2.10921,tess2018206190142-s0001-s0001_dvr-tcestats.csv,2.10921,tess2018206190142-s0001-s0001_dvr-tcestats.csv,,2.109307
1333.01,395171208,4.72032,tess2022245180045-s0056-s0056_dvr-tcestats.csv,4.72032,tess2022245180045-s0056-s0056_dvr-tcestats.csv,,
1337.01,160708862,3.34491,tess2021119082105-s0038-s0038_dvr-tcestats.csv,3.34491,tess2021119082105-s0038-s0038_dvr-tcestats.csv,,
1339.01,269701147,8.88006,tess2019227203528-s0015-s0015_dvr-tcestats.csv,8.88019,tess2020135030118-s0025-s0025_dvr-tcestats.csv,,8.880251
1339.02,269701147,,,,,,28.580332
134.01,234994474,1.40149,tess2018206190142-s0001-s0001_dvr-tcestats.csv,1.40149,tess2018206190142-s0001-s0001_dvr-tcestats.csv,,1.401529
1340.01,233681149,8.58833,tess2019199201929-s0014-s0014_dvr-tcestats.csv,8.58652,tess2019199201929-s0014-s0026_dvr-tcestats.csv,,8.587467
1346.01,219852882,,,5.50254,tess2019199201929-s0014-s0026_dvr-tcestats.csv,,5.502538
1346.02,219852882,,,1.76226,tess2019199201929-s0014-s0026_dvr-tcestats.csv,,1.762256
1347.01,229747848,,,0.847439,tess2019199201929-s0014-s0026_dvr-tcestats.csv,,0.847439
1347.02,229747848,,,4.84167,tess2019199201929-s0014-s0023_dvr-tcestats.csv,,4.841665
135.01,267263253,4.12689,tess2018206190142-s0001-s0001_dvr-tcestats.csv,4.12689,tess2018206190142-s0001-s0001_dvr-tcestats.csv,,4.126904
1370.01,155114483,5.26515,tess2019281041526-s0017-s0017_dvr-tcestats.csv,5.26515,tess2019281041526-s0017-s0017_dvr-tcestats.csv,,
1373.01,176899385,3.85305,tess2022273202044-s0057-s0057_dvr-tcestats.csv,3.85305,tess2022273202044-s0057-s0057_dvr-tcestats.csv,,
138.01,277683130,6.19774,tess2018206190142-s0001-s0001_dvr-tcestats.csv,6.19774,tess2018206190142-s0001-s0001_dvr-tcestats.csv,,6.198041
1383.01,313506357,1.53727,tess2019281041526-s0017-s0017_dvr-tcestats.csv,1.53727,tess2019281041526-s0017-s0017_dvr-tcestats.csv,,
1386.01,343019899,,,,,,
1388.01,346338552,4.46514,tess2022245180045-s0056-s0056_dvr-tcestats.csv,4.46514,tess2022245180045-s0056-s0056_dvr-tcestats.csv,,
139.01,62483237,11.0594,tess2018206190142-s0001-s0001_dvr-tcestats.csv,11.0594,tess2018206190142-s0001-s0001_dvr-tcestats.csv,,11.058421
1405.01,387834907,12.6585,tess2019255032927-s0016-s0016_dvr-tcestats.csv,12.6585,tess2019255032927-s0016-s0016_dvr-tcestats.csv,12.64001,
1407.01,69747919,,,,,9.978572,
1410.01,199444169,1.21686,tess2019255032927-s0016-s0016_dvr-tcestats.csv,1.21686,tess2019255032927-s0016-s0016_dvr-tcestats.csv,,1.216835
1411.01,116483514,1.45224,tess2019255032927-s0016-s0016_dvr-tcestats.csv,1.45212,tess2020107065519-s0024-s0024_dvr-tcestats.csv,,1.452042
1414.01,125442121,3.01968,tess2019255032927-s0016-s0016_dvr-tcestats.csv,3.01968,tess2019255032927-s0016-s0016_dvr-tcestats.csv,,3.01963
1416.01,158025009,1.07018,tess2019255032927-s0016-s0016_dvr-tcestats.csv,1.06961,tess2020079142120-s0023-s0023_dvr-tcestats.csv,,1.069606
1419.01,311035838,2.89972,tess2019255032927-s0016-s0016_dvr-tcestats.csv,2.89972,tess2020050191121-s0022-s0022_dvr-tcestats.csv,,2.899733
1420.01,321857016,6.95605,tess2019255032927-s0016-s0016_dvr-tcestats.csv,6.95636,tess2020107065519-s0024-s0024_dvr-tcestats.csv,,6.956113
1421.01,329277372,2.88796,tess2019255032927-s0016-s0016_dvr-tcestats.csv,2.88808,tess2019281041526-s0017-s0017_dvr-tcestats.csv,,2.887829
1425.01,350132371,1.03179,tess2019255032927-s0016-s0016_dvr-tcestats.csv,1.03187,tess2020107065519-s0024-s0024_dvr-tcestats.csv,,1.031834
1430.01,293954617,7.43532,tess2019199201929-s0014-s0014_dvr-tcestats.csv,7.43412,tess2019199201929-s0014-s0016_dvr-tcestats.csv,,7.434007
1431.01,375506058,2.65018,tess2019227203528-s0015-s0015_dvr-tcestats.csv,2.65017,tess2019255032927-s0016-s0016_dvr-tcestats.csv,,2.65044
1433.01,13684720,,,,,,12.437607
1437.01,198356533,,,18.8411,tess2019199201929-s0014-s0026_dvr-tcestats.csv,,18.841117
1438.01,229650439,,,5.13962,tess2019199201929-s0014-s0026_dvr-tcestats.csv,5.13969,
1438.02,229650439,,,9.42814,tess2019199201929-s0014-s0026_dvr-tcestats.csv,,9.428141
1439.01,232982558,,,27.643,tess2019199201929-s0014-s0026_dvr-tcestats.csv,,27.643024
144.01,261136679,6.2675,tess2018206190142-s0001-s0001_dvr-tcestats.csv,6.26777,tess2018206190142-s0001-s0013_dvr-tcestats.csv,6.267488,
1443.01,237232044,,,23.5406,tess2019199201929-s0014-s0026_dvr-tcestats.csv,,23.540606
1448.01,343628284,,,,,,8.113675
1450.01,377293776,,,2.04388,tess2019199201929-s0014-s0026_dvr-tcestats.csv,,2.043882
1451.01,417931607,,,33.0728,tess2019199201929-s0014-s0019_dvr-tcestats.csv,16.53818,
1452.01,420112589,,,11.062,tess2019199201929-s0014-s0026_dvr-tcestats.csv,,11.061967
1453.01,198390247,13.1622,tess2019199201929-s0014-s0014_dvr-tcestats.csv,6.58869,tess2019199201929-s0014-s0026_dvr-tcestats.csv,,6.588694
1453.02,198390247,,,4.31349,tess2019199201929-s0014-s0026_dvr-tcestats.csv,,4.313486
1456.01,199376584,,,,,12.15601,
1458.01,191284318,2.77601,tess2019281041526-s0017-s0017_dvr-tcestats.csv,2.77601,tess2019281041526-s0017-s0017_dvr-tcestats.csv,2.77598,
1460.01,17005768,6.84219,tess2019281041526-s0017-s0017_dvr-tcestats.csv,6.84219,tess2019281041526-s0017-s0017_dvr-tcestats.csv,,6.842651
1461.01,44631965,3.56869,tess2019281041526-s0017-s0017_dvr-tcestats.csv,3.56869,tess2019281041526-s0017-s0017_dvr-tcestats.csv,,3.568678
1462.01,188768068,2.17835,tess2019281041526-s0017-s0017_dvr-tcestats.csv,2.17889,tess2020135030118-s0025-s0025_dvr-tcestats.csv,,2.177946
1465.01,236887394,1.42004,tess2019281041526-s0017-s0017_dvr-tcestats.csv,1.42004,tess2020135030118-s0025-s0025_dvr-tcestats.csv,,1.420023
1466.01,237086564,1.87142,tess2019281041526-s0017-s0017_dvr-tcestats.csv,1.87161,tess2020107065519-s0024-s0024_dvr-tcestats.csv,,1.871892
1467.01,240968774,5.97733,tess2019281041526-s0017-s0017_dvr-tcestats.csv,5.97733,tess2019281041526-s0017-s0017_dvr-tcestats.csv,,5.973384
1468.01,243185500,15.5335,tess2019281041526-s0017-s0017_dvr-tcestats.csv,15.5335,tess2019281041526-s0017-s0017_dvr-tcestats.csv,,15.531925
1468.02,243185500,1.88032,tess2019281041526-s0017-s0017_dvr-tcestats.csv,1.88032,tess2019281041526-s0017-s0017_dvr-tcestats.csv,,1.880305
1469.01,283722336,3.09322,tess2019281041526-s0017-s0017_dvr-tcestats.csv,3.09313,tess2020107065519-s0024-s0024_dvr-tcestats.csv,,3.092927
1469.02,283722336,6.76561,tess2019281041526-s0017-s0017_dvr-tcestats.csv,13.5308,tess2020107065519-s0024-s0024_dvr-tcestats.csv,,6.765084
147.01,220435095,3.42321,tess2019170095531-s0013-s0013_dvr-tcestats.csv,3.42321,tess2019170095531-s0013-s0013_dvr-tcestats.csv,,
1470.01,284441182,,,2.52652,tess2020107065519-s0024-s0024_dvr-tcestats.csv,,2.527083
1471.01,306263608,,,,,,20.772024
1472.01,306955329,6.36298,tess2019281041526-s0017-s0017_dvr-tcestats.csv,6.36298,tess2019281041526-s0017-s0017_dvr-tcestats.csv,,6.364103
1473.01,352413427,5.25491,tess2019281041526-s0017-s0017_dvr-tcestats.csv,5.25491,tess2019281041526-s0017-s0017_dvr-tcestats.csv,,5.255294
1474.01,427654774,5.22248,tess2019281041526-s0017-s0017_dvr-tcestats.csv,5.21906,tess2019307033525-s0018-s0018_dvr-tcestats.csv,,5.222621
1476.01,432549364,1.21752,tess2019281041526-s0017-s0017_dvr-tcestats.csv,1.21752,tess2019281041526-s0017-s0017_dvr-tcestats.csv,,1.217509
1477.01,240681314,2.73253,tess2019281041526-s0017-s0017_dvr-tcestats.csv,2.73253,tess2019281041526-s0017-s0017_dvr-tcestats.csv,,2.732681
1478.01,409794137,10.1808,tess2021014055109-s0034-s0034_dvr-tcestats.csv,10.1808,tess2021014055109-s0034-s0034_dvr-tcestats.csv,,
1493.01,15692883,5.14776,tess2022273202044-s0057-s0057_dvr-tcestats.csv,5.14776,tess2022273202044-s0057-s0057_dvr-tcestats.csv,,
1494.01,411608801,5.02684,tess2021233042500-s0042-s0042_dvr-tcestats.csv,5.02684,tess2021233042500-s0042-s0042_dvr-tcestats.csv,,
150.01,271893367,5.8573,tess2019059170935-s0009-s0009_dvr-tcestats.csv,5.85798,tess2019170095531-s0013-s0013_dvr-tcestats.csv,,
1516.01,376637093,2.05604,tess2022273202044-s0057-s0057_dvr-tcestats.csv,2.05604,tess2022302194443-s0058-s0058_dvr-tcestats.csv,,
1518.01,427761355,1.90261,tess2022273202044-s0057-s0057_dvr-tcestats.csv,1.90259,tess2022302194443-s0058-s0058_dvr-tcestats.csv,,
153.01,231081369,7.63241,tess2019059170935-s0009-s0009_dvr-tcestats.csv,7.62857,tess2019170095531-s0013-s0013_dvr-tcestats.csv,,
1533.01,345143460,3.64515,tess2022273202044-s0057-s0057_dvr-tcestats.csv,3.64515,tess2022273202044-s0057-s0057_dvr-tcestats.csv,,
1533.02,345143460,8.06297,tess2022273202044-s0057-s0057_dvr-tcestats.csv,8.06297,tess2022273202044-s0057-s0057_dvr-tcestats.csv,,
154.01,389525208,6.7465,tess2020187183116-s0027-s0027_dvr-tcestats.csv,6.7465,tess2020187183116-s0027-s0027_dvr-tcestats.csv,,
1554.01,299158887,9.43175,tess2019199201929-s0014-s0014_dvr-tcestats.csv,9.43175,tess2019199201929-s0014-s0014_dvr-tcestats.csv,,9.43526
1555.01,441732151,2.0999,tess2019227203528-s0015-s0015_dvr-tcestats.csv,2.09994,tess2020161181517-s0026-s0026_dvr-tcestats.csv,2.09989,
157.01,140691463,2.08466,tess2019059170935-s0009-s0009_dvr-tcestats.csv,2.08448,tess2019170095531-s0013-s0013_dvr-tcestats.csv,,
1572.01,292321872,17.3461,tess2019307033525-s0018-s0018_dvr-tcestats.csv,17.3461,tess2019307033525-s0018-s0018_dvr-tcestats.csv,8.66698,
1573.01,302773669,,,,,,21.216412
1580.01,354469661,4.79464,tess2022302194443-s0058-s0058_dvr-tcestats.csv,4.79464,tess2022302194443-s0058-s0058_dvr-tcestats.csv,,
159.01,394657039,3.76244,tess2019170095531-s0013-s0013_dvr-tcestats.csv,3.76244,tess2019170095531-s0013-s0013_dvr-tcestats.csv,,
1599.01,129979528,1.21987,tess2019307033525-s0018-s0018_dvr-tcestats.csv,1.21987,tess2019307033525-s0018-s0018_dvr-tcestats.csv,,1.219868
1603.01,73448352,4.73185,tess2022302194443-s0058-s0058_dvr-tcestats.csv,4.73185,tess2022302194443-s0058-s0058_dvr-tcestats.csv,,
1611.01,264678534,,,16.2026,tess2020135030118-s0025-s0025_dvr-tcestats.csv,,16.202166
1612.01,268403451,2.86414,tess2020135030118-s0025-s0025_dvr-tcestats.csv,2.86411,tess2020161181517-s0026-s0026_dvr-tcestats.csv,,2.864075
1615.01,317507345,3.94002,tess2019307033525-s0018-s0018_dvr-tcestats.csv,3.94002,tess2019307033525-s0018-s0018_dvr-tcestats.csv,,
1626.01,157586003,3.33268,tess2020161181517-s0026-s0026_dvr-tcestats.csv,3.33268,tess2020161181517-s0026-s0026_dvr-tcestats.csv,,3.332685
1627.01,424435940,5.01711,tess2020135030118-s0025-s0025_dvr-tcestats.csv,5.01704,tess2020161181517-s0026-s0026_dvr-tcestats.csv,,5.01713
1628.01,284475976,2.14359,tess2020079142120-s0023-s0023_dvr-tcestats.csv,2.14363,tess2020161181517-s0026-s0026_dvr-tcestats.csv,,2.143628
1629.01,310003988,4.54275,tess2020079142120-s0023-s0023_dvr-tcestats.csv,4.54201,tess2020107065519-s0024-s0024_dvr-tcestats.csv,,4.542168
163.01,179317684,4.23086,tess2019059170935-s0009-s0009_dvr-tcestats.csv,4.23147,tess2019170095531-s0013-s0013_dvr-tcestats.csv,,
1630.01,317597583,,,12.0571,tess2020107065519-s0024-s0024_dvr-tcestats.csv,,12.055626
1632.01,51024887,8.249919999999998,tess2019307033525-s0018-s0018_dvr-tcestats.csv,8.249919999999998,tess2019307033525-s0018-s0018_dvr-tcestats.csv,,8.249187
1634.01,201186294,0.989354,tess2019307033525-s0018-s0018_dvr-tcestats.csv,0.989354,tess2019307033525-s0018-s0018_dvr-tcestats.csv,,0.98933
1637.01,286355915,4.07677,tess2019307033525-s0018-s0018_dvr-tcestats.csv,4.07677,tess2019307033525-s0018-s0018_dvr-tcestats.csv,,4.076758
1638.01,312862941,0.915181,tess2019307033525-s0018-s0018_dvr-tcestats.csv,0.915181,tess2019307033525-s0018-s0018_dvr-tcestats.csv,,0.915094
1640.01,396562848,1.9494,tess2019307033525-s0018-s0018_dvr-tcestats.csv,1.94953,tess2020161181517-s0026-s0026_dvr-tcestats.csv,,1.949521
1644.01,22843856,1.84971,tess2019307033525-s0018-s0018_dvr-tcestats.csv,1.84971,tess2019307033525-s0018-s0018_dvr-tcestats.csv,,1.849754
1645.01,184679932,2.17209,tess2019307033525-s0018-s0018_dvr-tcestats.csv,2.17209,tess2019307033525-s0018-s0018_dvr-tcestats.csv,,2.172142
1648.01,376353509,7.32981,tess2022139030450-s0052-s0052_dvr-tcestats.csv,7.32981,tess2022139030450-s0052-s0052_dvr-tcestats.csv,,
165.01,350743714,15.5151,tess2018263124740-s0003-s0003_dvr-tcestats.csv,15.515,tess2019170095531-s0013-s0013_dvr-tcestats.csv,,
1651.01,138168780,3.76509,tess2019332134924-s0019-s0019_dvr-tcestats.csv,3.76509,tess2020161181517-s0026-s0026_dvr-tcestats.csv,,3.764988
1659.01,288631580,,,5.87758,tess2019199201929-s0014-s0026_dvr-tcestats.csv,,5.877578
1668.01,417705690,2.36585,tess2019332134924-s0019-s0019_dvr-tcestats.csv,2.36135,tess2020135030118-s0025-s0025_dvr-tcestats.csv,2.36332,
1669.01,428679607,2.68043,tess2019332134924-s0019-s0019_dvr-tcestats.csv,2.67968,tess2020161181517-s0026-s0026_dvr-tcestats.csv,,2.679485
167.01,149990841,4.45332,tess2019059170935-s0009-s0009_dvr-tcestats.csv,4.45259,tess2019141104532-s0012-s0012_dvr-tcestats.csv,,
1670.02,441739020,,,,,,10.984217
1680.01,259168516,,,4.80262,tess2019199201929-s0014-s0026_dvr-tcestats.csv,,4.802622
1682.01,367366318,2.73478,tess2019332134924-s0019-s0019_dvr-tcestats.csv,2.73478,tess2019332134924-s0019-s0019_dvr-tcestats.csv,,2.734786
1684.01,85031598,1.15516,tess2019332134924-s0019-s0019_dvr-tcestats.csv,1.15516,tess2019332134924-s0019-s0019_dvr-tcestats.csv,,1.155109
1685.01,28900646,0.6691759999999999,tess2019332134924-s0019-s0019_dvr-tcestats.csv,0.6691759999999999,tess2019332134924-s0019-s0019_dvr-tcestats.csv,,0.669174
1688.01,121966220,6.71688,tess2019332134924-s0019-s0019_dvr-tcestats.csv,6.71688,tess2019332134924-s0019-s0019_dvr-tcestats.csv,,6.716659
169.01,183120439,2.25563,tess2019170095531-s0013-s0013_dvr-tcestats.csv,2.25563,tess2019170095531-s0013-s0013_dvr-tcestats.csv,,
1690.01,267574918,,,1.40805,tess2019199201929-s0014-s0026_dvr-tcestats.csv,,1.408052
1691.01,268334473,16.7319,tess2019332134924-s0019-s0019_dvr-tcestats.csv,16.7278,tess2020135030118-s0025-s0025_dvr-tcestats.csv,,16.736716
1693.01,353475866,1.76627,tess2019332134924-s0019-s0019_dvr-tcestats.csv,1.76627,tess2019332134924-s0019-s0019_dvr-tcestats.csv,,1.766881
1695.01,422756130,,,6.26665,tess2020107065519-s0024-s0024_dvr-tcestats.csv,,3.134319
1696.01,470381900,,,,,,2.500715
1710.01,445805961,,,,,24.28313,
1714.01,239154970,3.47447,tess2019358235523-s0020-s0020_dvr-tcestats.csv,3.47447,tess2019358235523-s0020-s0020_dvr-tcestats.csv,,3.474469
1716.01,14336130,8.08842,tess2019358235523-s0020-s0020_dvr-tcestats.csv,8.08842,tess2019358235523-s0020-s0020_dvr-tcestats.csv,,8.088417
1717.01,149833117,4.05217,tess2019358235523-s0020-s0020_dvr-tcestats.csv,4.05217,tess2019358235523-s0020-s0020_dvr-tcestats.csv,,4.052173
1718.01,257241363,5.58695,tess2019358235523-s0020-s0020_dvr-tcestats.csv,5.58695,tess2019358235523-s0020-s0020_dvr-tcestats.csv,,5.586947
172.01,29857954,9.47637,tess2020213081515-s0028-s0028_dvr-tcestats.csv,9.47637,tess2020213081515-s0028-s0028_dvr-tcestats.csv,,
1720.01,356473034,2.61583,tess2019358235523-s0020-s0020_dvr-tcestats.csv,2.61583,tess2019358235523-s0020-s0020_dvr-tcestats.csv,,2.615826
1721.01,51234631,4.12488,tess2019358235523-s0020-s0020_dvr-tcestats.csv,4.12488,tess2019358235523-s0020-s0020_dvr-tcestats.csv,,4.124878
1722.01,85242435,9.60667,tess2019358235523-s0020-s0020_dvr-tcestats.csv,9.60667,tess2019358235523-s0020-s0020_dvr-tcestats.csv,,9.606666
1723.01,71431780,13.7161,tess2019358235523-s0020-s0020_dvr-tcestats.csv,13.7315,tess2020161181517-s0026-s0026_dvr-tcestats.csv,,13.726345
1725.01,86396382,1.09141,tess2019358235523-s0020-s0020_dvr-tcestats.csv,1.09141,tess2019358235523-s0020-s0020_dvr-tcestats.csv,,1.09141
1726.01,130181866,7.10815,tess2019358235523-s0020-s0020_dvr-tcestats.csv,7.10815,tess2019358235523-s0020-s0020_dvr-tcestats.csv,,7.108153
1726.02,130181866,20.5459,tess2019358235523-s0020-s0020_dvr-tcestats.csv,20.5459,tess2019358235523-s0020-s0020_dvr-tcestats.csv,,20.545913
1728.01,285048486,3.49157,tess2019358235523-s0020-s0020_dvr-tcestats.csv,3.49157,tess2019358235523-s0020-s0020_dvr-tcestats.csv,,3.491567
1730.01,318022259,6.22224,tess2019358235523-s0020-s0020_dvr-tcestats.csv,6.22224,tess2019358235523-s0020-s0020_dvr-tcestats.csv,,6.222236
1730.02,318022259,2.15567,tess2019358235523-s0020-s0020_dvr-tcestats.csv,2.15567,tess2019358235523-s0020-s0020_dvr-tcestats.csv,,2.155669
1730.03,318022259,,,,,,
1731.01,371234684,3.923,tess2019358235523-s0020-s0020_dvr-tcestats.csv,3.923,tess2019358235523-s0020-s0020_dvr-tcestats.csv,,3.923003
1732.01,470987100,4.12136,tess2019358235523-s0020-s0020_dvr-tcestats.csv,4.12136,tess2019358235523-s0020-s0020_dvr-tcestats.csv,,4.121356
1736.01,408618999,7.07213,tess2019307033525-s0018-s0018_dvr-tcestats.csv,7.07325,tess2020135030118-s0025-s0025_dvr-tcestats.csv,7.07349,
1739.01,159418353,,,8.303409999999998,tess2019199201929-s0014-s0026_dvr-tcestats.csv,,8.30341
174.01,425997655,,,17.6683,tess2018206190142-s0001-s0006_dvr-tcestats.csv,,17.66831
174.02,425997655,,,29.7967,tess2018206190142-s0001-s0006_dvr-tcestats.csv,,29.796715
174.03,425997655,,,12.161,tess2018206190142-s0001-s0006_dvr-tcestats.csv,,12.160999
174.04,425997655,,,3.97599,tess2018206190142-s0001-s0006_dvr-tcestats.csv,,3.975995
174.05,425997655,,,,,,
1742.01,219857012,,,21.268,tess2020107065519-s0024-s0024_dvr-tcestats.csv,,21.270741
1743.01,219860288,,,,,,4.266058
1744.01,229455001,,,22.3412,tess2019199201929-s0014-s0026_dvr-tcestats.csv,,22.34119
1749.01,233602827,,,4.48898,tess2019199201929-s0014-s0026_dvr-tcestats.csv,,4.488976
1749.03,233602827,,,,,,
175.01,307210830,3.6905,tess2018235142541-s0002-s0002_dvr-tcestats.csv,3.6905,tess2019141104532-s0012-s0012_dvr-tcestats.csv,,3.691509
175.03,307210830,2.25314,tess2018235142541-s0002-s0002_dvr-tcestats.csv,2.25296,tess2019141104532-s0012-s0012_dvr-tcestats.csv,,2.253089
1750.01,237099296,,,11.337,tess2019199201929-s0014-s0026_dvr-tcestats.csv,,11.337044
1752.01,287139872,,,0.935183,tess2019199201929-s0014-s0026_dvr-tcestats.csv,,0.935183
1753.01,289580577,,,5.3845,tess2019199201929-s0014-s0026_dvr-tcestats.csv,,5.384502
1756.01,364074068,,,,,,2.782912
1758.01,367858035,,,,,,20.705132
1759.01,408636441,,,,,,18.8481
1766.01,67666096,2.70332,tess2020021221522-s0021-s0021_dvr-tcestats.csv,2.70332,tess2020021221522-s0021-s0021_dvr-tcestats.csv,2.70337,
1768.01,137906197,7.33398,tess2020021221522-s0021-s0021_dvr-tcestats.csv,7.33398,tess2020021221522-s0021-s0021_dvr-tcestats.csv,7.33855,
177.01,262530407,2.85306,tess2018235142541-s0002-s0002_dvr-tcestats.csv,2.85304,tess2018263124740-s0003-s0003_dvr-tcestats.csv,,2.853133
1771.01,252479260,3.21221,tess2020021221522-s0021-s0021_dvr-tcestats.csv,3.21221,tess2020021221522-s0021-s0021_dvr-tcestats.csv,,3.212214
1772.01,85293053,8.05109,tess2020021221522-s0021-s0021_dvr-tcestats.csv,8.05109,tess2020021221522-s0021-s0021_dvr-tcestats.csv,8.05147,
1773.01,332064670,0.7364899999999999,tess2020021221522-s0021-s0021_dvr-tcestats.csv,0.7364899999999999,tess2020021221522-s0021-s0021_dvr-tcestats.csv,,0.73665
1774.01,4897275,16.71,tess2020021221522-s0021-s0021_dvr-tcestats.csv,16.71,tess2020021221522-s0021-s0021_dvr-tcestats.csv,,16.710042
1775.01,9348006,10.2404,tess2020021221522-s0021-s0021_dvr-tcestats.csv,10.2404,tess2020021221522-s0021-s0021_dvr-tcestats.csv,,10.240374
1776.01,21535395,2.80099,tess2020021221522-s0021-s0021_dvr-tcestats.csv,2.80099,tess2020021221522-s0021-s0021_dvr-tcestats.csv,,2.800991
1777.01,29191624,14.6532,tess2020021221522-s0021-s0021_dvr-tcestats.csv,14.6532,tess2020021221522-s0021-s0021_dvr-tcestats.csv,,14.653199
1778.01,39699648,6.51595,tess2020021221522-s0021-s0021_dvr-tcestats.csv,6.51595,tess2020021221522-s0021-s0021_dvr-tcestats.csv,,6.515951
178.04,251848941,,,,,,
178.05,251848941,,,,,,
1780.01,99834717,1.70631,tess2020021221522-s0021-s0021_dvr-tcestats.csv,1.70631,tess2020021221522-s0021-s0021_dvr-tcestats.csv,,1.706307
1781.01,137881699,2.97213,tess2020021221522-s0021-s0021_dvr-tcestats.csv,2.97213,tess2020021221522-s0021-s0021_dvr-tcestats.csv,,2.972133
1782.01,160045097,,,4.98764,tess2020021221522-s0021-s0021_dvr-tcestats.csv,,4.987638
1782.02,160045097,,,1.82932,tess2020021221522-s0021-s0021_dvr-tcestats.csv,,1.828981
179.01,207141131,4.13723,tess2018235142541-s0002-s0002_dvr-tcestats.csv,4.1371,tess2018263124740-s0003-s0003_dvr-tcestats.csv,,4.137394
1794.01,286916251,,,17.5317,tess2020079142120-s0023-s0023_dvr-tcestats.csv,8.7657,
1797.01,368435330,3.64543,tess2020050191121-s0022-s0022_dvr-tcestats.csv,3.64543,tess2020050191121-s0022-s0022_dvr-tcestats.csv,,3.645428
1797.02,368435330,,,,,,
1798.01,198153540,,,8.01894,tess2020050191121-s0022-s0022_dvr-tcestats.csv,,8.018944
1799.01,8967242,7.09385,tess2020050191121-s0022-s0022_dvr-tcestats.csv,7.09385,tess2020050191121-s0022-s0022_dvr-tcestats.csv,,7.093853
180.01,51912829,0.8354089999999998,tess2018206190142-s0001-s0001_dvr-tcestats.csv,0.8353979999999999,tess2018206190142-s0001-s0002_dvr-tcestats.csv,,0.835398
1800.01,17993892,4.12443,tess2020050191121-s0022-s0022_dvr-tcestats.csv,4.12443,tess2020050191121-s0022-s0022_dvr-tcestats.csv,,4.124426
1801.01,119584412,21.2844,tess2020050191121-s0022-s0022_dvr-tcestats.csv,21.2844,tess2020050191121-s0022-s0022_dvr-tcestats.csv,,21.284406
1803.01,144401492,12.8912,tess2020050191121-s0022-s0022_dvr-tcestats.csv,12.8912,tess2020050191121-s0022-s0022_dvr-tcestats.csv,,12.891153
1803.02,144401492,6.29439,tess2020050191121-s0022-s0022_dvr-tcestats.csv,6.29439,tess2020050191121-s0022-s0022_dvr-tcestats.csv,,6.294392
1807.01,180695581,0.549343,tess2020050191121-s0022-s0022_dvr-tcestats.csv,0.549343,tess2020050191121-s0022-s0022_dvr-tcestats.csv,,0.549343
1808.01,307734817,2.1075,tess2020050191121-s0022-s0022_dvr-tcestats.csv,2.1075,tess2020050191121-s0022-s0022_dvr-tcestats.csv,,2.1075
1809.01,347329162,4.61721,tess2020050191121-s0022-s0022_dvr-tcestats.csv,4.61721,tess2020050191121-s0022-s0022_dvr-tcestats.csv,,4.617208
181.01,76923707,4.53198,tess2018235142541-s0002-s0002_dvr-tcestats.csv,4.53198,tess2018235142541-s0002-s0002_dvr-tcestats.csv,,4.532037
1810.01,373693175,1.32735,tess2020050191121-s0022-s0022_dvr-tcestats.csv,1.32735,tess2020050191121-s0022-s0022_dvr-tcestats.csv,,1.327352
1811.01,376524552,3.71296,tess2020050191121-s0022-s0022_dvr-tcestats.csv,3.71296,tess2020050191121-s0022-s0022_dvr-tcestats.csv,,3.712964
1814.01,160440924,,,,,,
1821.01,82308728,,,,,9.497,
1824.01,142387023,,,22.8102,tess2020050191121-s0022-s0022_dvr-tcestats.csv,22.80811,
1825.01,229750058,10.181,tess2020079142120-s0023-s0023_dvr-tcestats.csv,10.1805,tess2020161181517-s0026-s0026_dvr-tcestats.csv,,
1826.01,229400092,4.14213,tess2020079142120-s0023-s0023_dvr-tcestats.csv,4.14172,tess2020161181517-s0026-s0026_dvr-tcestats.csv,,4.141987
183.01,183979262,3.43073,tess2018206190142-s0001-s0001_dvr-tcestats.csv,3.43078,tess2018206190142-s0001-s0002_dvr-tcestats.csv,,3.430776
1833.01,61098812,3.69358,tess2020079142120-s0023-s0023_dvr-tcestats.csv,3.69358,tess2020079142120-s0023-s0023_dvr-tcestats.csv,,3.69358
1836.01,207468071,20.3795,tess2020079142120-s0023-s0023_dvr-tcestats.csv,20.3795,tess2020079142120-s0023-s0023_dvr-tcestats.csv,,20.382317
1836.02,207468071,,,,,,
1838.01,162689341,2.17469,tess2020079142120-s0023-s0023_dvr-tcestats.csv,2.17463,tess2020135030118-s0025-s0025_dvr-tcestats.csv,,2.174657
1839.01,381714186,1.42482,tess2020079142120-s0023-s0023_dvr-tcestats.csv,1.42482,tess2020079142120-s0023-s0023_dvr-tcestats.csv,,1.424817
184.01,300871545,4.817,tess2018206190142-s0001-s0001_dvr-tcestats.csv,4.81707,tess2018206190142-s0001-s0013_dvr-tcestats.csv,,4.817028
1840.01,165987272,7.84496,tess2020079142120-s0023-s0023_dvr-tcestats.csv,7.84496,tess2020079142120-s0023-s0023_dvr-tcestats.csv,,7.844963
1841.01,168699373,4.30138,tess2020079142120-s0023-s0023_dvr-tcestats.csv,4.30138,tess2020079142120-s0023-s0023_dvr-tcestats.csv,,4.30138
1842.01,404505029,19.1481,tess2020079142120-s0023-s0023_dvr-tcestats.csv,19.1481,tess2020079142120-s0023-s0023_dvr-tcestats.csv,,19.148095
1844.01,198108326,3.21298,tess2020079142120-s0023-s0023_dvr-tcestats.csv,3.21298,tess2020079142120-s0023-s0023_dvr-tcestats.csv,,3.212983
1846.01,198385543,,,3.93437,tess2020135030118-s0025-s0025_dvr-tcestats.csv,,3.930702
185.01,100100827,0.941457,tess2018235142541-s0002-s0002_dvr-tcestats.csv,0.941438,tess2018263124740-s0003-s0003_dvr-tcestats.csv,,0.941449
186.02,279741379,,,7.78721,tess2018206190142-s0001-s0003_dvr-tcestats.csv,,7.787068
1860.01,202426247,,,1.06621,tess2019199201929-s0014-s0023_dvr-tcestats.csv,,1.066211
1862.01,321668398,5.64502,tess2020107065519-s0024-s0024_dvr-tcestats.csv,5.64462,tess2020161181517-s0026-s0026_dvr-tcestats.csv,,5.644352
1864.01,229791084,1.64532,tess2020107065519-s0024-s0024_dvr-tcestats.csv,1.64528,tess2020161181517-s0026-s0026_dvr-tcestats.csv,,1.645321
1873.03,328933398,,,,,,
1883.01,348755728,4.5063,tess2021040113508-s0035-s0035_dvr-tcestats.csv,4.5063,tess2021040113508-s0035-s0035_dvr-tcestats.csv,,
1899.01,172370679,,,,,,
190.01,166739520,20.0411,tess2018235142541-s0002-s0002_dvr-tcestats.csv,10.0216,tess2018263124740-s0003-s0003_dvr-tcestats.csv,,10.020817
1900.01,178879588,3.0568,tess2020296001112-s0031-s0031_dvr-tcestats.csv,3.05617,tess2020325171311-s0032-s0032_dvr-tcestats.csv,,
1901.01,19684256,1.36673,tess2021040113508-s0035-s0035_dvr-tcestats.csv,1.36673,tess2021040113508-s0035-s0035_dvr-tcestats.csv,,
1902.01,272212970,1.60916,tess2021092173506-s0037-s0037_dvr-tcestats.csv,1.60916,tess2021092173506-s0037-s0037_dvr-tcestats.csv,,
1903.01,77156657,7.68003,tess2020296001112-s0031-s0031_dvr-tcestats.csv,3.84135,tess2020325171311-s0032-s0032_dvr-tcestats.csv,,
1904.01,272213425,4.32508,tess2021092173506-s0037-s0037_dvr-tcestats.csv,4.32508,tess2021092173506-s0037-s0037_dvr-tcestats.csv,,
1906.01,308098254,9.62429,tess2021066093107-s0036-s0036_dvr-tcestats.csv,9.62429,tess2021066093107-s0036-s0036_dvr-tcestats.csv,,
1907.01,453789494,5.47762,tess2021092173506-s0037-s0037_dvr-tcestats.csv,5.4772,tess2021119082105-s0038-s0038_dvr-tcestats.csv,,
1909.01,232038798,4.15371,tess2020325171311-s0032-s0032_dvr-tcestats.csv,4.15346,tess2021014055109-s0034-s0034_dvr-tcestats.csv,,
191.01,183532609,16.318,tess2018235142541-s0002-s0002_dvr-tcestats.csv,16.318,tess2018235142541-s0002-s0002_dvr-tcestats.csv,,8.159165
1910.01,437261733,5.41509,tess2021066093107-s0036-s0036_dvr-tcestats.csv,5.41509,tess2021066093107-s0036-s0036_dvr-tcestats.csv,,
1911.01,44745133,,,,,,
1913.01,53458803,3.34888,tess2020353052510-s0033-s0033_dvr-tcestats.csv,3.34899,tess2021014055109-s0034-s0034_dvr-tcestats.csv,,
1914.01,53750200,4.19307,tess2020353052510-s0033-s0033_dvr-tcestats.csv,4.19333,tess2021014055109-s0034-s0034_dvr-tcestats.csv,,
1915.01,98283926,2.29173,tess2020353052510-s0033-s0033_dvr-tcestats.csv,2.29213,tess2021014055109-s0034-s0034_dvr-tcestats.csv,,
1916.01,98545929,1.88779,tess2020353052510-s0033-s0033_dvr-tcestats.csv,1.88845,tess2021014055109-s0034-s0034_dvr-tcestats.csv,,
1917.01,339522221,,,,,,
1919.01,102192004,4.23383,tess2021092173506-s0037-s0037_dvr-tcestats.csv,4.23383,tess2021092173506-s0037-s0037_dvr-tcestats.csv,,
192.01,183537452,3.92273,tess2018235142541-s0002-s0002_dvr-tcestats.csv,3.92273,tess2018235142541-s0002-s0002_dvr-tcestats.csv,,3.922743
1920.01,363851359,2.54326,tess2021092173506-s0037-s0037_dvr-tcestats.csv,2.54326,tess2021092173506-s0037-s0037_dvr-tcestats.csv,,
1921.01,112099249,,,,,,
1922.01,112604564,4.57687,tess2021014055109-s0034-s0034_dvr-tcestats.csv,4.57687,tess2021014055109-s0034-s0034_dvr-tcestats.csv,,
1923.01,114299824,4.20426,tess2021014055109-s0034-s0034_dvr-tcestats.csv,4.20426,tess2021014055109-s0034-s0034_dvr-tcestats.csv,,
1924.01,371443216,2.82403,tess2021066093107-s0036-s0036_dvr-tcestats.csv,2.82407,tess2021119082105-s0038-s0038_dvr-tcestats.csv,,
1925.01,118956453,2.34466,tess2021040113508-s0035-s0035_dvr-tcestats.csv,2.34466,tess2021040113508-s0035-s0035_dvr-tcestats.csv,,
1926.01,143143769,1.33747,tess2020325171311-s0032-s0032_dvr-tcestats.csv,1.33747,tess2020325171311-s0032-s0032_dvr-tcestats.csv,,
1927.01,14344979,4.11213,tess2021040113508-s0035-s0035_dvr-tcestats.csv,4.11168,tess2021233042500-s0042-s0046_dvr-tcestats.csv,,
1928.01,207077681,2.27857,tess2020213081515-s0028-s0028_dvr-tcestats.csv,2.27857,tess2020213081515-s0028-s0028_dvr-tcestats.csv,,
1929.01,157266693,3.85375,tess2021066093107-s0036-s0036_dvr-tcestats.csv,3.85375,tess2021092173506-s0037-s0037_dvr-tcestats.csv,,
193.01,183985250,0.792054,tess2018235142541-s0002-s0002_dvr-tcestats.csv,0.792054,tess2018235142541-s0002-s0002_dvr-tcestats.csv,,0.792072
1930.01,160578764,2.87852,tess2021119082105-s0038-s0038_dvr-tcestats.csv,2.87852,tess2021119082105-s0038-s0038_dvr-tcestats.csv,,
1931.01,162922904,3.81692,tess2021066093107-s0036-s0036_dvr-tcestats.csv,3.81942,tess2021092173506-s0037-s0037_dvr-tcestats.csv,,
1932.01,386259537,5.61077,tess2021014055109-s0034-s0034_dvr-tcestats.csv,5.61077,tess2021014055109-s0034-s0034_dvr-tcestats.csv,,
1933.01,172598832,3.26332,tess2020353052510-s0033-s0033_dvr-tcestats.csv,3.26332,tess2020353052510-s0033-s0033_dvr-tcestats.csv,,
1934.01,125739286,4.51132,tess2021119082105-s0038-s0038_dvr-tcestats.csv,4.51132,tess2021119082105-s0038-s0038_dvr-tcestats.csv,,
1935.01,176685457,4.43561,tess2021040113508-s0035-s0035_dvr-tcestats.csv,4.43561,tess2021040113508-s0035-s0035_dvr-tcestats.csv,,
1937.01,268301217,0.946692,tess2021014055109-s0034-s0034_dvr-tcestats.csv,0.94669,tess2021066093107-s0036-s0036_dvr-tcestats.csv,,
194.01,211438925,4.89944,tess2018235142541-s0002-s0002_dvr-tcestats.csv,4.89944,tess2018235142541-s0002-s0002_dvr-tcestats.csv,,4.899379
195.01,230982885,2.07276,tess2018235142541-s0002-s0002_dvr-tcestats.csv,2.07276,tess2018235142541-s0002-s0002_dvr-tcestats.csv,,2.072761
197.01,441462736,14.2776,tess2018235142541-s0002-s0002_dvr-tcestats.csv,14.2776,tess2018235142541-s0002-s0002_dvr-tcestats.csv,,14.279001
198.01,12421862,10.215,tess2018235142541-s0002-s0002_dvr-tcestats.csv,10.215,tess2018235142541-s0002-s0002_dvr-tcestats.csv,,20.427265
1994.01,445903569,4.03377,tess2021066093107-s0036-s0036_dvr-tcestats.csv,4.03377,tess2021066093107-s0036-s0036_dvr-tcestats.csv,,
200.01,410214986,16.2752,tess2018206190142-s0001-s0001_dvr-tcestats.csv,16.2752,tess2018206190142-s0001-s0001_dvr-tcestats.csv,8.13712,
2000.01,371188886,9.12738,tess2021066093107-s0036-s0036_dvr-tcestats.csv,18.2543,tess2021119082105-s0038-s0038_dvr-tcestats.csv,,
2000.02,371188886,,,,,,
2005.01,147660886,,,,,,
2011.01,136916387,,,,,,
2011.02,136916387,,,,,,
2013.01,188589164,2.61442,tess2020107065519-s0024-s0024_dvr-tcestats.csv,2.61693,tess2020135030118-s0025-s0025_dvr-tcestats.csv,,2.616277
2014.01,198588220,4.81023,tess2020107065519-s0024-s0024_dvr-tcestats.csv,4.81038,tess2020161181517-s0026-s0026_dvr-tcestats.csv,,4.810142
2018.01,357501308,7.43712,tess2020107065519-s0024-s0024_dvr-tcestats.csv,7.43712,tess2020107065519-s0024-s0024_dvr-tcestats.csv,,7.437115
2019.01,159781361,,,15.3475,tess2020107065519-s0024-s0024_dvr-tcestats.csv,,15.347453
2020.01,39903405,5.63331,tess2020107065519-s0024-s0024_dvr-tcestats.csv,5.63346,tess2020135030118-s0025-s0025_dvr-tcestats.csv,,5.633425
2021.01,236312126,3.94142,tess2020107065519-s0024-s0024_dvr-tcestats.csv,3.94142,tess2020107065519-s0024-s0024_dvr-tcestats.csv,,3.941418
2024.01,255930614,2.87593,tess2020107065519-s0024-s0024_dvr-tcestats.csv,2.87589,tess2020135030118-s0025-s0025_dvr-tcestats.csv,,2.87593
2025.01,394050135,8.87175,tess2021176033103-s0040-s0040_dvr-tcestats.csv,8.87188,tess2022164114449-s0053-s0053_dvr-tcestats.csv,,
2031.01,470127886,5.7157,tess2022139030450-s0052-s0052_dvr-tcestats.csv,5.71551,tess2022357093041-s0060-s0060_dvr-tcestats.csv,,
2040.01,427730490,3.86084,tess2022139030450-s0052-s0052_dvr-tcestats.csv,3.86082,tess2022302194443-s0058-s0058_dvr-tcestats.csv,,
2046.01,468574941,1.49714,tess2022302194443-s0058-s0058_dvr-tcestats.csv,1.49715,tess2022330181042-s0059-s0059_dvr-tcestats.csv,,
2048.01,159873822,,,,,13.79022,
2049.01,314835525,,,,,,
205.01,281575427,,,4.2518,tess2018206190142-s0001-s0002_dvr-tcestats.csv,4.251801,
206.01,55650590,,,0.73631,tess2018206190142-s0001-s0013_dvr-tcestats.csv,,0.73632
2064.01,115524421,,,8.806319999999998,tess2022139030450-s0052-s0052_dvr-tcestats.csv,,
2068.01,417931300,,,,,,7.76887
2071.01,198360694,,,5.67395,tess2019199201929-s0014-s0026_dvr-tcestats.csv,,5.67395
2076.01,27491137,10.3584,tess2019255032927-s0016-s0016_dvr-tcestats.csv,10.3584,tess2019255032927-s0016-s0016_dvr-tcestats.csv,,10.355753
2081.01,321669174,,,10.505,tess2019199201929-s0014-s0026_dvr-tcestats.csv,,10.505002
2084.01,441738827,,,,,,6.078304
209.01,52204645,,,4.37976,tess2018206190142-s0001-s0002_dvr-tcestats.csv,,4.379757
2092.01,393965778,,,,,,4.303042
2094.01,356016119,,,18.7917,tess2019199201929-s0014-s0026_dvr-tcestats.csv,,18.79174
2095.01,235678745,,,17.6633,tess2019199201929-s0014-s0026_dvr-tcestats.csv,,17.663343
2095.02,235678745,,,28.1739,tess2019199201929-s0014-s0026_dvr-tcestats.csv,,28.173889
2096.01,142748283,,,,,,3.119035
2096.02,142748283,,,,,,6.387611
2104.02,367630162,,,5.90444,tess2019199201929-s0014-s0026_dvr-tcestats.csv,,5.904441
2107.01,446549906,2.45466,tess2023182031434-s0067-s0067_dvr-tcestats.csv,2.45466,tess2023182031434-s0067-s0067_dvr-tcestats.csv,,
2109.01,392476080,0.672482,tess2022139030450-s0052-s0052_dvr-tcestats.csv,0.672482,tess2022139030450-s0052-s0052_dvr-tcestats.csv,,
2114.01,9828416,,,,,,
2120.01,389900760,,,5.79891,tess2020135030118-s0025-s0025_dvr-tcestats.csv,,5.79981
2122.01,311408969,3.58463,tess2020135030118-s0025-s0025_dvr-tcestats.csv,3.58508,tess2020161181517-s0026-s0026_dvr-tcestats.csv,,3.585186
2124.01,159742538,3.55393,tess2020135030118-s0025-s0025_dvr-tcestats.csv,3.55391,tess2020161181517-s0026-s0026_dvr-tcestats.csv,,3.553943
2125.01,116242971,5.03184,tess2020135030118-s0025-s0025_dvr-tcestats.csv,5.03127,tess2020161181517-s0026-s0026_dvr-tcestats.csv,,5.0314
2127.01,21744120,5.50804,tess2020135030118-s0025-s0025_dvr-tcestats.csv,5.50832,tess2020161181517-s0026-s0026_dvr-tcestats.csv,,5.508068
2128.01,21832928,16.3345,tess2020135030118-s0025-s0025_dvr-tcestats.csv,16.3345,tess2020135030118-s0025-s0025_dvr-tcestats.csv,,16.341914
2129.01,101721385,4.62787,tess2020135030118-s0025-s0025_dvr-tcestats.csv,4.62757,tess2020161181517-s0026-s0026_dvr-tcestats.csv,,4.627708
2130.01,320798691,5.00547,tess2020161181517-s0026-s0026_dvr-tcestats.csv,5.00547,tess2020161181517-s0026-s0026_dvr-tcestats.csv,,5.005468
2131.01,27848472,1.84689,tess2020161181517-s0026-s0026_dvr-tcestats.csv,1.84689,tess2020161181517-s0026-s0026_dvr-tcestats.csv,,1.846891
2132.01,358516596,3.24396,tess2020161181517-s0026-s0026_dvr-tcestats.csv,3.24396,tess2020161181517-s0026-s0026_dvr-tcestats.csv,,3.243959
2133.01,39200363,,,3.83002,tess2020161181517-s0026-s0026_dvr-tcestats.csv,,3.827183
2134.01,75878355,9.22928,tess2020161181517-s0026-s0026_dvr-tcestats.csv,9.22928,tess2020161181517-s0026-s0026_dvr-tcestats.csv,,9.229281
2135.01,76419763,2.78856,tess2020161181517-s0026-s0026_dvr-tcestats.csv,2.78856,tess2020161181517-s0026-s0026_dvr-tcestats.csv,,2.788565
2136.01,336128819,7.851709999999998,tess2020161181517-s0026-s0026_dvr-tcestats.csv,7.851709999999998,tess2020161181517-s0026-s0026_dvr-tcestats.csv,,7.851706
2139.01,308172249,1.40138,tess2020161181517-s0026-s0026_dvr-tcestats.csv,1.40138,tess2020161181517-s0026-s0026_dvr-tcestats.csv,,1.401384
2140.01,399860444,2.47058,tess2020161181517-s0026-s0026_dvr-tcestats.csv,2.47058,tess2020161181517-s0026-s0026_dvr-tcestats.csv,,2.470582
2141.01,287256467,,,18.2607,tess2020161181517-s0026-s0026_dvr-tcestats.csv,,18.258947
2145.01,88992642,10.2608,tess2020161181517-s0026-s0026_dvr-tcestats.csv,10.2608,tess2020161181517-s0026-s0026_dvr-tcestats.csv,,10.260773
2147.01,341630071,,,,,,
2152.01,395393265,3.37728,tess2022302194443-s0058-s0058_dvr-tcestats.csv,3.3775,tess2022330181042-s0059-s0059_dvr-tcestats.csv,,
2154.01,428787891,7.64835,tess2021176033103-s0040-s0040_dvr-tcestats.csv,3.82403,tess2022164114449-s0053-s0053_dvr-tcestats.csv,,
2169.01,8516795,8.21537,tess2021176033103-s0040-s0040_dvr-tcestats.csv,8.21537,tess2021176033103-s0040-s0040_dvr-tcestats.csv,,
2175.01,405717754,4.43711,tess2021176033103-s0040-s0040_dvr-tcestats.csv,4.43615,tess2022164114449-s0053-s0053_dvr-tcestats.csv,,
2176.01,123495874,,,7.89163,tess2021205113501-s0041-s0041_dvr-tcestats.csv,,
2177.01,123233041,3.52368,tess2021176033103-s0040-s0040_dvr-tcestats.csv,3.52337,tess2022164114449-s0053-s0053_dvr-tcestats.csv,,
2178.01,164892194,3.02554,tess2021176033103-s0040-s0040_dvr-tcestats.csv,3.02301,tess2022164114449-s0053-s0053_dvr-tcestats.csv,,
2179.01,237913194,,,7.583179999999999,tess2020239173514-s0029-s0029_dvr-tcestats.csv,,
2182.01,268823307,3.54869,tess2021205113501-s0041-s0041_dvr-tcestats.csv,3.54811,tess2022190092448-s0054-s0054_dvr-tcestats.csv,,
2184.01,176956893,6.90926,tess2020187183116-s0027-s0027_dvr-tcestats.csv,6.90784,tess2021147062104-s0039-s0039_dvr-tcestats.csv,,
219.01,260609205,4.46162,tess2018206190142-s0001-s0001_dvr-tcestats.csv,4.46178,tess2018206190142-s0001-s0013_dvr-tcestats.csv,,4.461939
2193.01,401604346,2.12237,tess2020187183116-s0027-s0027_dvr-tcestats.csv,2.12237,tess2020187183116-s0027-s0027_dvr-tcestats.csv,,
2194.01,271478281,15.3366,tess2020187183116-s0027-s0027_dvr-tcestats.csv,15.3366,tess2020187183116-s0027-s0027_dvr-tcestats.csv,,
2196.01,372172128,1.1954,tess2020187183116-s0027-s0027_dvr-tcestats.csv,1.1954,tess2020187183116-s0027-s0027_dvr-tcestats.csv,,
2197.01,389352124,4.9548,tess2020187183116-s0027-s0027_dvr-tcestats.csv,4.9548,tess2020187183116-s0027-s0027_dvr-tcestats.csv,,
2198.01,100566492,4.95496,tess2020187183116-s0027-s0027_dvr-tcestats.csv,4.95496,tess2020187183116-s0027-s0027_dvr-tcestats.csv,,
2199.01,369455629,3.37711,tess2020187183116-s0027-s0027_dvr-tcestats.csv,3.37711,tess2020187183116-s0027-s0027_dvr-tcestats.csv,,
220.01,150098860,10.6877,tess2018206190142-s0001-s0001_dvr-tcestats.csv,10.6955,tess2018206190142-s0001-s0009_dvr-tcestats.csv,,10.695237
2200.01,142105158,2.9361,tess2020187183116-s0027-s0027_dvr-tcestats.csv,2.9365,tess2021147062104-s0039-s0039_dvr-tcestats.csv,,
2202.01,358107516,11.9138,tess2020187183116-s0027-s0027_dvr-tcestats.csv,11.918,tess2021147062104-s0039-s0039_dvr-tcestats.csv,,
2204.01,467971286,2.22505,tess2020187183116-s0027-s0027_dvr-tcestats.csv,2.22505,tess2020187183116-s0027-s0027_dvr-tcestats.csv,,
2206.01,381856447,1.76901,tess2020187183116-s0027-s0027_dvr-tcestats.csv,1.76901,tess2020187183116-s0027-s0027_dvr-tcestats.csv,,
2207.01,90850770,8.00167,tess2020187183116-s0027-s0027_dvr-tcestats.csv,8.00167,tess2020187183116-s0027-s0027_dvr-tcestats.csv,,
2211.01,212253390,3.09117,tess2020187183116-s0027-s0027_dvr-tcestats.csv,3.09117,tess2020187183116-s0027-s0027_dvr-tcestats.csv,,
2221.01,441420236,,,,,,
2227.01,405425498,4.22574,tess2018206190142-s0001-s0001_dvr-tcestats.csv,4.22574,tess2018206190142-s0001-s0001_dvr-tcestats.csv,,
2236.01,394722182,3.53154,tess2023153040035-s0066-s0066_dvr-tcestats.csv,3.53147,tess2023182031434-s0067-s0067_dvr-tcestats.csv,,
2251.01,229715760,11.5763,tess2020107065519-s0024-s0024_dvr-tcestats.csv,11.5722,tess2020161181517-s0026-s0026_dvr-tcestats.csv,,11.574723
2266.01,8348911,,,,,,2.326214
2267.01,459837008,,,,,,3.494959
2267.03,459837008,,,,,,
2271.01,258389327,,,,,,26.546113
2274.01,289164482,,,2.67972,tess2019199201929-s0014-s0026_dvr-tcestats.csv,,2.679717
228.01,77044471,2.68608,tess2018235142541-s0002-s0002_dvr-tcestats.csv,2.68608,tess2018235142541-s0002-s0002_dvr-tcestats.csv,,2.686063
2285.01,329148988,,,,,,27.269522
229.01,120610833,3.12607,tess2018235142541-s0002-s0002_dvr-tcestats.csv,3.12607,tess2018235142541-s0002-s0002_dvr-tcestats.csv,,3.126068
231.01,204376737,3.36104,tess2018235142541-s0002-s0002_dvr-tcestats.csv,3.36104,tess2018235142541-s0002-s0002_dvr-tcestats.csv,,3.361021
2319.02,349488688,,,,,,
232.01,402026209,1.33823,tess2018235142541-s0002-s0002_dvr-tcestats.csv,1.33823,tess2018235142541-s0002-s0002_dvr-tcestats.csv,,1.338217
2322.01,300812741,,,,,,
2322.02,300812741,,,,,,
2328.01,394287035,,,17.1021,tess2020213081515-s0028-s0028_dvr-tcestats.csv,,
2337.01,230001847,2.99368,tess2021176033103-s0040-s0040_dvr-tcestats.csv,2.99438,tess2022085182052-s0050-s0050_dvr-tcestats.csv,,
2338.01,24358417,,,,,,
2345.01,91555165,,,,,,
236.01,9727392,4.53449,tess2018235142541-s0002-s0002_dvr-tcestats.csv,4.53449,tess2018235142541-s0002-s0002_dvr-tcestats.csv,,4.534451
2368.01,401125028,5.17476,tess2023043222439-s0062-s0062_dvr-tcestats.csv,5.1751,tess2023069204038-s0063-s0063_dvr-tcestats.csv,,
237.01,305048087,,,,,,5.433729
2373.01,332558858,13.3375,tess2020296001112-s0031-s0031_dvr-tcestats.csv,13.3375,tess2020296001112-s0031-s0031_dvr-tcestats.csv,,
2374.01,439366538,,,,,,
2379.01,201177276,,,5.46971,tess2020239173514-s0029-s0029_dvr-tcestats.csv,,
238.01,9006668,1.27238,tess2018235142541-s0002-s0002_dvr-tcestats.csv,1.27238,tess2018235142541-s0002-s0002_dvr-tcestats.csv,,1.272419
2380.01,176220787,5.21562,tess2020239173514-s0029-s0029_dvr-tcestats.csv,5.21562,tess2020239173514-s0029-s0029_dvr-tcestats.csv,,
2382.01,2760219,4.66104,tess2020239173514-s0029-s0029_dvr-tcestats.csv,4.66104,tess2020239173514-s0029-s0029_dvr-tcestats.csv,,
2384.01,382602147,2.13551,tess2020213081515-s0028-s0028_dvr-tcestats.csv,2.13563,tess2020239173514-s0029-s0029_dvr-tcestats.csv,,
2403.01,293435336,1.80988,tess2020267090513-s0030-s0030_dvr-tcestats.csv,1.8099,tess2021233042500-s0042-s0043_dvr-tcestats.csv,,
2406.01,212957629,3.07686,tess2020267090513-s0030-s0030_dvr-tcestats.csv,3.07686,tess2021233042500-s0042-s0043_dvr-tcestats.csv,,
2407.01,153078576,2.70309,tess2020267090513-s0030-s0030_dvr-tcestats.csv,2.70304,tess2020296001112-s0031-s0031_dvr-tcestats.csv,,
241.01,77031414,1.38664,tess2018235142541-s0002-s0002_dvr-tcestats.csv,1.38664,tess2018235142541-s0002-s0002_dvr-tcestats.csv,,1.386653
2414.01,237320326,1.77711,tess2020213081515-s0028-s0028_dvr-tcestats.csv,1.77711,tess2020213081515-s0028-s0028_dvr-tcestats.csv,,
2416.01,237922465,8.278449999999998,tess2020213081515-s0028-s0028_dvr-tcestats.csv,8.2824,tess2021119082105-s0038-s0038_dvr-tcestats.csv,,
242.01,120585579,6.34029,tess2018235142541-s0002-s0002_dvr-tcestats.csv,6.34029,tess2018235142541-s0002-s0002_dvr-tcestats.csv,,6.340315
2427.01,142937186,1.30596,tess2020296001112-s0031-s0031_dvr-tcestats.csv,1.30596,tess2020296001112-s0031-s0031_dvr-tcestats.csv,,
243.01,149010208,3.43705,tess2018235142541-s0002-s0002_dvr-tcestats.csv,3.43705,tess2018235142541-s0002-s0002_dvr-tcestats.csv,,3.437004
244.01,118327550,7.39351,tess2018235142541-s0002-s0002_dvr-tcestats.csv,7.39351,tess2018235142541-s0002-s0002_dvr-tcestats.csv,,7.395586
2453.01,59128183,4.44285,tess2018319112538-s0005-s0005_dvr-tcestats.csv,4.44285,tess2018319112538-s0005-s0005_dvr-tcestats.csv,,
2458.01,449197831,3.73697,tess2020325171311-s0032-s0032_dvr-tcestats.csv,3.73697,tess2020325171311-s0032-s0032_dvr-tcestats.csv,,
2459.01,192790476,,,,,,
246.01,158623531,7.87281,tess2018235142541-s0002-s0002_dvr-tcestats.csv,15.7458,tess2018263124740-s0003-s0003_dvr-tcestats.csv,,7.872846
2461.01,411839167,6.18123,tess2020325171311-s0032-s0032_dvr-tcestats.csv,6.18069,tess2021285162058-s0044-s0044_dvr-tcestats.csv,,
2464.01,32949762,3.76842,tess2020325171311-s0032-s0032_dvr-tcestats.csv,3.76857,tess2020353052510-s0033-s0033_dvr-tcestats.csv,,
2466.01,293612446,2.62705,tess2020325171311-s0032-s0032_dvr-tcestats.csv,2.6265,tess2021259155059-s0043-s0043_dvr-tcestats.csv,,
247.01,160148385,3.42527,tess2018235142541-s0002-s0002_dvr-tcestats.csv,3.42527,tess2018235142541-s0002-s0002_dvr-tcestats.csv,,3.425239
2497.01,97568467,10.6552,tess2020353052510-s0033-s0033_dvr-tcestats.csv,10.6552,tess2020353052510-s0033-s0033_dvr-tcestats.csv,,
2498.01,263179590,3.73788,tess2020353052510-s0033-s0033_dvr-tcestats.csv,3.73788,tess2020353052510-s0033-s0033_dvr-tcestats.csv,,
250.01,184240683,1.6284,tess2018235142541-s0002-s0002_dvr-tcestats.csv,1.6284,tess2018235142541-s0002-s0002_dvr-tcestats.csv,,1.628393
2502.01,52689469,3.14126,tess2020353052510-s0033-s0033_dvr-tcestats.csv,3.14184,tess2021014055109-s0034-s0034_dvr-tcestats.csv,,
2503.01,124778445,1.67516,tess2020353052510-s0033-s0033_dvr-tcestats.csv,1.67516,tess2020353052510-s0033-s0033_dvr-tcestats.csv,,
251.01,224225541,,,,,,4.937712
2518.01,96925186,,,,,,
2524.01,169249234,7.18484,tess2021311000057-s0045-s0045_dvr-tcestats.csv,7.18587,tess2021337012456-s0046-s0046_dvr-tcestats.csv,,
2547.01,444013020,2.31147,tess2021014055109-s0034-s0034_dvr-tcestats.csv,2.31141,tess2021233042500-s0042-s0046_dvr-tcestats.csv,,
2548.01,350293646,8.523239999999998,tess2021014055109-s0034-s0034_dvr-tcestats.csv,8.523239999999998,tess2021014055109-s0034-s0034_dvr-tcestats.csv,,
2548.02,350293646,,,,,,
255.01,204317710,2.81199,tess2018235142541-s0002-s0002_dvr-tcestats.csv,2.81199,tess2018235142541-s0002-s0002_dvr-tcestats.csv,,2.812077
256.01,92226327,,,,,,24.73712
256.02,92226327,3.77777,tess2018263124740-s0003-s0003_dvr-tcestats.csv,3.77777,tess2018263124740-s0003-s0003_dvr-tcestats.csv,,3.778378
2567.01,258920431,5.98066,tess2021176033103-s0040-s0040_dvr-tcestats.csv,5.98338,tess2022164114449-s0053-s0053_dvr-tcestats.csv,,
257.01,200723869,,,,,18.37073,
2570.01,239816546,2.98875,tess2021285162058-s0044-s0044_dvr-tcestats.csv,2.98873,tess2021311000057-s0045-s0045_dvr-tcestats.csv,,
2578.01,104986789,3.458,tess2022330181042-s0059-s0059_dvr-tcestats.csv,3.458,tess2022330181042-s0059-s0059_dvr-tcestats.csv,,
2579.01,103751498,3.71454,tess2021176033103-s0040-s0040_dvr-tcestats.csv,3.71468,tess2021365070455-s0047-s0047_dvr-tcestats.csv,,
258.01,350445771,3.19135,tess2018206190142-s0001-s0001_dvr-tcestats.csv,3.19017,tess2018206190142-s0001-s0013_dvr-tcestats.csv,,3.190394
2580.01,102713734,6.79578,tess2022330181042-s0059-s0059_dvr-tcestats.csv,6.79578,tess2022330181042-s0059-s0059_dvr-tcestats.csv,,
2583.01,7548817,4.52128,tess2021176033103-s0040-s0040_dvr-tcestats.csv,4.5211,tess2022139030450-s0052-s0052_dvr-tcestats.csv,,
260.01,37749396,,,,,,13.470018
2604.01,189625051,4.90969,tess2021040113508-s0035-s0035_dvr-tcestats.csv,4.90969,tess2021040113508-s0035-s0035_dvr-tcestats.csv,,
261.02,63898957,,,,,,13.039359
262.01,70513361,11.1481,tess2018263124740-s0003-s0003_dvr-tcestats.csv,11.1481,tess2018263124740-s0003-s0003_dvr-tcestats.csv,,11.146909
264.01,122612091,2.21662,tess2018263124740-s0003-s0003_dvr-tcestats.csv,2.21675,tess2018292093539-s0004-s0004_dvr-tcestats.csv,,2.216794
2641.01,162802770,4.87961,tess2021066093107-s0036-s0036_dvr-tcestats.csv,4.88013,tess2021092173506-s0037-s0037_dvr-tcestats.csv,,
2642.01,448589187,3.06495,tess2021066093107-s0036-s0036_dvr-tcestats.csv,3.06495,tess2021066093107-s0036-s0036_dvr-tcestats.csv,,
2643.01,152852327,9.15945,tess2021066093107-s0036-s0036_dvr-tcestats.csv,9.15945,tess2021066093107-s0036-s0036_dvr-tcestats.csv,,
265.01,159951311,5.92488,tess2018263124740-s0003-s0003_dvr-tcestats.csv,5.92444,tess2018292093539-s0004-s0004_dvr-tcestats.csv,,5.924426
266.01,164767175,10.7485,tess2018263124740-s0003-s0003_dvr-tcestats.csv,10.7485,tess2018263124740-s0003-s0003_dvr-tcestats.csv,,10.767807
266.02,164767175,,,,,,6.19132
2669.01,348835438,6.20374,tess2023018070040-s0061-s0061_dvr-tcestats.csv,6.20374,tess2023018070040-s0061-s0061_dvr-tcestats.csv,,
267.01,166836920,5.75238,tess2018263124740-s0003-s0003_dvr-tcestats.csv,5.75238,tess2018263124740-s0003-s0003_dvr-tcestats.csv,,5.75244
269.01,220479565,3.69769,tess2018263124740-s0003-s0003_dvr-tcestats.csv,3.6984,tess2019170095531-s0013-s0013_dvr-tcestats.csv,,3.697675
270.01,259377017,11.3203,tess2018263124740-s0003-s0003_dvr-tcestats.csv,5.66037,tess2018319112538-s0005-s0005_dvr-tcestats.csv,,5.660182
272.01,268766053,3.30971,tess2018263124740-s0003-s0003_dvr-tcestats.csv,3.30971,tess2018263124740-s0003-s0003_dvr-tcestats.csv,,3.30968
275.01,373844472,0.919464,tess2018206190142-s0001-s0001_dvr-tcestats.csv,0.919568,tess2018206190142-s0001-s0013_dvr-tcestats.csv,,0.919476
276.01,382188882,4.80058,tess2018263124740-s0003-s0003_dvr-tcestats.csv,4.79988,tess2019170095531-s0013-s0013_dvr-tcestats.csv,,4.800523
277.01,439456714,3.99252,tess2018263124740-s0003-s0003_dvr-tcestats.csv,3.99252,tess2018263124740-s0003-s0003_dvr-tcestats.csv,,3.994244
2818.01,151483286,4.03945,tess2023018070040-s0061-s0061_dvr-tcestats.csv,4.03945,tess2023018070040-s0061-s0061_dvr-tcestats.csv,,
282.04,29781292,,,22.8915,tess2018206190142-s0001-s0013_dvr-tcestats.csv,,
283.01,382626661,17.6085,tess2018206190142-s0001-s0001_dvr-tcestats.csv,17.6176,tess2018206190142-s0001-s0013_dvr-tcestats.csv,17.617634,
286.01,150030205,,,4.51172,tess2018206190142-s0001-s0013_dvr-tcestats.csv,,4.511721
287.01,2758565,3.78181,tess2020239173514-s0029-s0029_dvr-tcestats.csv,3.78181,tess2020239173514-s0029-s0029_dvr-tcestats.csv,,
290.01,201233610,,,,,,
294.01,188570092,14.6569,tess2021233042500-s0042-s0042_dvr-tcestats.csv,14.6569,tess2021233042500-s0042-s0042_dvr-tcestats.csv,,
2969.01,36452991,1.82381,tess2023069204038-s0063-s0063_dvr-tcestats.csv,1.82381,tess2023069204038-s0063-s0063_dvr-tcestats.csv,,
2977.01,361343239,2.35071,tess2023069204038-s0063-s0063_dvr-tcestats.csv,2.35065,tess2023096143437-s0064-s0064_dvr-tcestats.csv,,
2981.01,287145649,3.60165,tess2023069204038-s0063-s0063_dvr-tcestats.csv,3.60165,tess2023069204038-s0063-s0063_dvr-tcestats.csv,,
2986.01,148497855,3.27848,tess2023043222439-s0062-s0062_dvr-tcestats.csv,3.27848,tess2023043222439-s0062-s0062_dvr-tcestats.csv,,
2992.01,49045066,3.00769,tess2023069204038-s0063-s0063_dvr-tcestats.csv,3.00769,tess2023069204038-s0063-s0063_dvr-tcestats.csv,,
303.01,145750719,7.12132,tess2020239173514-s0029-s0029_dvr-tcestats.csv,7.12132,tess2020239173514-s0029-s0029_dvr-tcestats.csv,,
306.01,114749636,4.6023,tess2020239173514-s0029-s0029_dvr-tcestats.csv,4.6023,tess2020239173514-s0029-s0029_dvr-tcestats.csv,,
3071.01,452006073,1.26723,tess2023096143437-s0064-s0064_dvr-tcestats.csv,1.26723,tess2023096143437-s0064-s0064_dvr-tcestats.csv,,
3082.01,428699140,1.92688,tess2021092173506-s0037-s0037_dvr-tcestats.csv,1.92688,tess2021092173506-s0037-s0037_dvr-tcestats.csv,,
3135.01,448098793,3.70681,tess2023124053436-s0065-s0065_dvr-tcestats.csv,3.70681,tess2023124053436-s0065-s0065_dvr-tcestats.csv,,
3160.01,440872576,3.97134,tess2023124053436-s0065-s0065_dvr-tcestats.csv,3.97134,tess2023124053436-s0065-s0065_dvr-tcestats.csv,,
3218.01,305739565,3.37038,tess2023096143437-s0064-s0064_dvr-tcestats.csv,3.37038,tess2023096143437-s0064-s0064_dvr-tcestats.csv,,
3235.01,243641947,2.59268,tess2023096143437-s0064-s0064_dvr-tcestats.csv,2.59268,tess2023096143437-s0064-s0064_dvr-tcestats.csv,,
3261.01,358070912,0.88294,tess2023069204038-s0063-s0063_dvr-tcestats.csv,0.8830299999999999,tess2023237202031-s0069-s0069_dvr-tcestats.csv,,
3278.01,304130406,3.24745,tess2023182031434-s0067-s0067_dvr-tcestats.csv,3.24745,tess2023182031434-s0067-s0067_dvr-tcestats.csv,,
3288.01,79920467,1.4338,tess2023182031434-s0067-s0067_dvr-tcestats.csv,1.4338,tess2023182031434-s0067-s0067_dvr-tcestats.csv,,
329.01,169765334,5.70673,tess2020239173514-s0029-s0029_dvr-tcestats.csv,5.70673,tess2020239173514-s0029-s0029_dvr-tcestats.csv,,
332.01,139285832,0.7769209999999999,tess2020213081515-s0028-s0028_dvr-tcestats.csv,0.7769209999999999,tess2020213081515-s0028-s0028_dvr-tcestats.csv,,
3321.01,306648160,3.65274,tess2023153040035-s0066-s0066_dvr-tcestats.csv,3.65274,tess2023153040035-s0066-s0066_dvr-tcestats.csv,,
333.01,224245334,3.77446,tess2020239173514-s0029-s0029_dvr-tcestats.csv,3.77446,tess2020239173514-s0029-s0029_dvr-tcestats.csv,,
3331.01,194795551,2.01801,tess2023153040035-s0066-s0066_dvr-tcestats.csv,2.01801,tess2023153040035-s0066-s0066_dvr-tcestats.csv,,
334.01,233964642,,,,,,
3362.01,464300749,,,18.0965,tess2023096143437-s0064-s0064_dvr-tcestats.csv,,
3364.01,280655495,5.87756,tess2023043222439-s0062-s0062_dvr-tcestats.csv,5.87593,tess2023069204038-s0063-s0063_dvr-tcestats.csv,,
338.01,116156517,5.36697,tess2020239173514-s0029-s0029_dvr-tcestats.csv,5.36697,tess2020239173514-s0029-s0029_dvr-tcestats.csv,,
3464.01,290504044,7.30236,tess2023124053436-s0065-s0065_dvr-tcestats.csv,7.30236,tess2023124053436-s0065-s0065_dvr-tcestats.csv,,
3474.01,274367763,3.87942,tess2023124053436-s0065-s0065_dvr-tcestats.csv,3.87942,tess2023124053436-s0065-s0065_dvr-tcestats.csv,,
3486.01,221861843,2.21771,tess2023153040035-s0066-s0066_dvr-tcestats.csv,2.21771,tess2023153040035-s0066-s0066_dvr-tcestats.csv,,
3487.01,301160638,,,,,,
349.01,382474101,2.65221,tess2018235142541-s0002-s0002_dvr-tcestats.csv,2.65221,tess2018235142541-s0002-s0002_dvr-tcestats.csv,2.65221,
3493.01,203377303,16.3235,tess2021092173506-s0037-s0037_dvr-tcestats.csv,16.3235,tess2021092173506-s0037-s0037_dvr-tcestats.csv,,
3497.01,21113347,4.21807,tess2021092173506-s0037-s0037_dvr-tcestats.csv,4.21807,tess2021092173506-s0037-s0037_dvr-tcestats.csv,,
351.01,228381868,6.9303,tess2020239173514-s0029-s0029_dvr-tcestats.csv,6.9303,tess2020239173514-s0029-s0029_dvr-tcestats.csv,,
353.01,100099031,1.29776,tess2020239173514-s0029-s0029_dvr-tcestats.csv,1.29822,tess2020267090513-s0030-s0030_dvr-tcestats.csv,,
3534.01,27916356,3.23521,tess2021205113501-s0041-s0041_dvr-tcestats.csv,3.23428,tess2022190092448-s0054-s0054_dvr-tcestats.csv,,
3540.01,17865622,3.11984,tess2022245180045-s0056-s0056_dvr-tcestats.csv,3.11984,tess2022245180045-s0056-s0056_dvr-tcestats.csv,,
3563.01,169461816,,,,,,
3568.01,160390955,4.41798,tess2022217141447-s0055-s0055_dvr-tcestats.csv,4.41746,tess2022245180045-s0056-s0056_dvr-tcestats.csv,,
3593.01,162289289,3.8213,tess2022245180045-s0056-s0056_dvr-tcestats.csv,3.8213,tess2022245180045-s0056-s0056_dvr-tcestats.csv,,
3597.01,267650535,4.00882,tess2022273202044-s0057-s0057_dvr-tcestats.csv,4.00882,tess2022273202044-s0057-s0057_dvr-tcestats.csv,,
3612.01,233948455,1.48226,tess2021205113501-s0041-s0041_dvr-tcestats.csv,1.48226,tess2021205113501-s0041-s0041_dvr-tcestats.csv,,
3629.01,455784423,3.93622,tess2022273202044-s0057-s0057_dvr-tcestats.csv,3.93622,tess2022273202044-s0057-s0057_dvr-tcestats.csv,,
3636.01,61205803,4.21866,tess2022273202044-s0057-s0057_dvr-tcestats.csv,4.21866,tess2022273202044-s0057-s0057_dvr-tcestats.csv,,
365.01,118586896,12.1085,tess2020239173514-s0029-s0029_dvr-tcestats.csv,12.1085,tess2020239173514-s0029-s0029_dvr-tcestats.csv,,
3664.01,348437470,3.29793,tess2022302194443-s0058-s0058_dvr-tcestats.csv,3.29793,tess2022302194443-s0058-s0058_dvr-tcestats.csv,,
368.01,77031413,1.38667,tess2020239173514-s0029-s0029_dvr-tcestats.csv,1.38667,tess2020239173514-s0029-s0029_dvr-tcestats.csv,,
3681.01,285272237,4.64013,tess2022302194443-s0058-s0058_dvr-tcestats.csv,4.64013,tess2022302194443-s0058-s0058_dvr-tcestats.csv,,
3682.01,28961316,3.34604,tess2021233042500-s0042-s0042_dvr-tcestats.csv,3.34627,tess2021233042500-s0042-s0043_dvr-tcestats.csv,,
3688.01,245509452,3.24621,tess2022302194443-s0058-s0058_dvr-tcestats.csv,3.24621,tess2022302194443-s0058-s0058_dvr-tcestats.csv,,
3693.01,240823272,18.178,tess2022302194443-s0058-s0058_dvr-tcestats.csv,18.178,tess2022302194443-s0058-s0058_dvr-tcestats.csv,,
3705.01,259506033,1.90234,tess2022330181042-s0059-s0059_dvr-tcestats.csv,1.90234,tess2022330181042-s0059-s0059_dvr-tcestats.csv,,
3714.01,155867025,2.15475,tess2022330181042-s0059-s0059_dvr-tcestats.csv,2.15475,tess2022330181042-s0059-s0059_dvr-tcestats.csv,,
375.01,280097543,9.46099,tess2019170095531-s0013-s0013_dvr-tcestats.csv,9.46099,tess2019170095531-s0013-s0013_dvr-tcestats.csv,,
3757.01,445751830,3.4392,tess2022330181042-s0059-s0059_dvr-tcestats.csv,3.43923,tess2022357093041-s0060-s0060_dvr-tcestats.csv,,
3785.01,458419328,4.67474,tess2021365070455-s0047-s0047_dvr-tcestats.csv,4.67474,tess2021365070455-s0047-s0047_dvr-tcestats.csv,,
3791.01,400432230,3.18308,tess2021176033103-s0040-s0040_dvr-tcestats.csv,3.1836,tess2022085182052-s0050-s0050_dvr-tcestats.csv,,
3807.01,289661991,2.89965,tess2021365070455-s0047-s0047_dvr-tcestats.csv,2.89921,tess2022357093041-s0060-s0060_dvr-tcestats.csv,,
3819.01,95660472,3.24404,tess2021285162058-s0044-s0044_dvr-tcestats.csv,3.24474,tess2021365070455-s0047-s0047_dvr-tcestats.csv,,
3846.01,149918151,1.54081,tess2021205113501-s0041-s0041_dvr-tcestats.csv,1.54069,tess2022028101454-s0048-s0048_dvr-tcestats.csv,,
3862.01,141205978,1.55748,tess2022028101454-s0048-s0048_dvr-tcestats.csv,1.55732,tess2022057231053-s0049-s0049_dvr-tcestats.csv,,
388.01,422655579,2.90352,tess2018292093539-s0004-s0004_dvr-tcestats.csv,2.90352,tess2018292093539-s0004-s0004_dvr-tcestats.csv,,2.903458
3894.01,165464482,4.33481,tess2022057231053-s0049-s0049_dvr-tcestats.csv,4.33481,tess2022057231053-s0049-s0049_dvr-tcestats.csv,,
3896.01,445837596,4.37651,tess2022028101454-s0048-s0048_dvr-tcestats.csv,4.37651,tess2022028101454-s0048-s0048_dvr-tcestats.csv,,
390.01,250386181,1.47026,tess2018292093539-s0004-s0004_dvr-tcestats.csv,1.47026,tess2018292093539-s0004-s0004_dvr-tcestats.csv,,1.470258
391.01,382391899,1.95512,tess2018292093539-s0004-s0004_dvr-tcestats.csv,1.95512,tess2018292093539-s0004-s0004_dvr-tcestats.csv,,1.95512
3912.01,156648452,3.49414,tess2022085182052-s0050-s0050_dvr-tcestats.csv,3.49414,tess2022085182052-s0050-s0050_dvr-tcestats.csv,,
3919.01,23769326,14.8611,tess2022057231053-s0049-s0049_dvr-tcestats.csv,14.868,tess2022085182052-s0050-s0050_dvr-tcestats.csv,,
395.01,38541473,6.06135,tess2018292093539-s0004-s0004_dvr-tcestats.csv,6.06135,tess2018292093539-s0004-s0004_dvr-tcestats.csv,6.06054,
396.01,178155732,5.97227,tess2018292093539-s0004-s0004_dvr-tcestats.csv,5.97227,tess2018292093539-s0004-s0004_dvr-tcestats.csv,5.96925,
396.02,178155732,3.58614,tess2018292093539-s0004-s0004_dvr-tcestats.csv,3.58614,tess2018292093539-s0004-s0004_dvr-tcestats.csv,3.5873,
396.03,178155732,,,,,11.23159,
398.01,1129033,1.36002,tess2018292093539-s0004-s0004_dvr-tcestats.csv,1.36002,tess2018292093539-s0004-s0004_dvr-tcestats.csv,,1.360025
3980.01,312548829,3.60842,tess2022302194443-s0058-s0058_dvr-tcestats.csv,3.60842,tess2022302194443-s0058-s0058_dvr-tcestats.csv,,
3984.01,20182780,4.35435,tess2022085182052-s0050-s0050_dvr-tcestats.csv,13.0642,tess2022113103451-s0051-s0051_dvr-tcestats.csv,,
400.01,35857242,3.6346,tess2018292093539-s0004-s0004_dvr-tcestats.csv,3.6346,tess2018292093539-s0004-s0004_dvr-tcestats.csv,,3.634653
4010.01,352682207,5.41505,tess2022139030450-s0052-s0052_dvr-tcestats.csv,5.41498,tess2022302194443-s0058-s0058_dvr-tcestats.csv,,
4010.02,352682207,14.7157,tess2022139030450-s0052-s0052_dvr-tcestats.csv,14.7157,tess2022139030450-s0052-s0052_dvr-tcestats.csv,,
4010.03,352682207,1.34818,tess2022139030450-s0052-s0052_dvr-tcestats.csv,5.41498,tess2022302194443-s0058-s0058_dvr-tcestats.csv,,
402.01,120896927,4.76063,tess2018263124740-s0003-s0003_dvr-tcestats.csv,4.75586,tess2018292093539-s0004-s0004_dvr-tcestats.csv,,4.755833
4029.01,393633044,,,,,,
403.01,257567854,3.53276,tess2018292093539-s0004-s0004_dvr-tcestats.csv,3.53276,tess2018292093539-s0004-s0004_dvr-tcestats.csv,,3.532822
4030.01,390021939,2.50839,tess2022028101454-s0048-s0048_dvr-tcestats.csv,2.508,tess2022330181042-s0059-s0059_dvr-tcestats.csv,,
4034.01,375654303,1.80207,tess2022139030450-s0052-s0052_dvr-tcestats.csv,1.8021,tess2022330181042-s0059-s0059_dvr-tcestats.csv,,
404.01,166833457,2.96248,tess2018292093539-s0004-s0004_dvr-tcestats.csv,2.96248,tess2018292093539-s0004-s0004_dvr-tcestats.csv,,2.962482
4056.01,232567319,5.05298,tess2022085182052-s0050-s0050_dvr-tcestats.csv,5.05321,tess2022139030450-s0052-s0052_dvr-tcestats.csv,,
406.01,153065527,13.1727,tess2018263124740-s0003-s0003_dvr-tcestats.csv,13.1786,tess2018292093539-s0004-s0004_dvr-tcestats.csv,,13.173838
406.02,153065527,,,,,,
4087.01,310002617,3.17759,tess2021176033103-s0040-s0040_dvr-tcestats.csv,3.17734,tess2022164114449-s0053-s0053_dvr-tcestats.csv,,
411.01,100990000,,,19.1398,tess2018292093539-s0004-s0004_dvr-tcestats.csv,,9.571576
411.02,100990000,,,,,,4.040051
413.01,170634116,3.66243,tess2018292093539-s0004-s0004_dvr-tcestats.csv,3.66237,tess2018319112538-s0005-s0005_dvr-tcestats.csv,,3.662355
4137.01,417646390,3.80165,tess2022139030450-s0052-s0052_dvr-tcestats.csv,3.80127,tess2022330181042-s0059-s0059_dvr-tcestats.csv,,
4138.01,257060897,7.32008,tess2021176033103-s0040-s0040_dvr-tcestats.csv,3.66023,tess2022164114449-s0053-s0053_dvr-tcestats.csv,,
4145.01,279947414,4.06637,tess2022139030450-s0052-s0052_dvr-tcestats.csv,4.06649,tess2022330181042-s0059-s0059_dvr-tcestats.csv,,
415.01,152476657,3.61078,tess2018292093539-s0004-s0004_dvr-tcestats.csv,3.61132,tess2018319112538-s0005-s0005_dvr-tcestats.csv,,3.611175
4153.01,470171739,4.61804,tess2022164114449-s0053-s0053_dvr-tcestats.csv,4.61749,tess2022357093041-s0060-s0060_dvr-tcestats.csv,,
4155.01,467331291,,,6.64494,tess2022330181042-s0059-s0059_dvr-tcestats.csv,,
4156.01,462553953,,,,,,
4156.02,462553953,,,,,,
416.01,49899799,7.01159,tess2018292093539-s0004-s0004_dvr-tcestats.csv,7.01159,tess2018292093539-s0004-s0004_dvr-tcestats.csv,7.01152,
418.01,178284730,2.236,tess2018292093539-s0004-s0004_dvr-tcestats.csv,2.23595,tess2018319112538-s0005-s0005_dvr-tcestats.csv,,2.235982
4184.01,394357918,4.90202,tess2018206190142-s0001-s0001_dvr-tcestats.csv,4.90202,tess2018206190142-s0001-s0001_dvr-tcestats.csv,,
421.01,94986319,16.0692,tess2018319112538-s0005-s0005_dvr-tcestats.csv,16.0693,tess2018349182737-s0006-s0006_dvr-tcestats.csv,,16.068919
421.02,94986319,5.19765,tess2018319112538-s0005-s0005_dvr-tcestats.csv,5.19765,tess2018319112538-s0005-s0005_dvr-tcestats.csv,,
423.01,43647325,3.16158,tess2018319112538-s0005-s0005_dvr-tcestats.csv,3.16158,tess2018319112538-s0005-s0005_dvr-tcestats.csv,3.16164,
425.01,169532369,3.60346,tess2018319112538-s0005-s0005_dvr-tcestats.csv,3.60346,tess2018319112538-s0005-s0005_dvr-tcestats.csv,3.60364,
426.01,189013224,,,,,1.3208,
427.01,70914192,0.609531,tess2018319112538-s0005-s0005_dvr-tcestats.csv,0.609531,tess2018319112538-s0005-s0005_dvr-tcestats.csv,0.60952,
4270.01,151920165,,,,,,
4304.01,366443426,,,,,,
4306.01,44898913,,,,,,
4308.01,144193715,9.15501,tess2018206190142-s0001-s0001_dvr-tcestats.csv,9.15501,tess2018206190142-s0001-s0001_dvr-tcestats.csv,,
431.01,31374837,12.4612,tess2018319112538-s0005-s0005_dvr-tcestats.csv,12.4612,tess2018319112538-s0005-s0005_dvr-tcestats.csv,12.45941,
4311.01,122617317,,,,,,
4311.02,122617317,,,,,,
4316.01,7020254,20.2747,tess2019008025936-s0007-s0007_dvr-tcestats.csv,20.2747,tess2019008025936-s0007-s0007_dvr-tcestats.csv,,
432.01,38686737,2.24712,tess2018319112538-s0005-s0005_dvr-tcestats.csv,2.24712,tess2018319112538-s0005-s0005_dvr-tcestats.csv,2.24704,
4320.01,404518509,,,,,,
4329.01,256722647,2.92256,tess2022139030450-s0052-s0052_dvr-tcestats.csv,2.92294,tess2022302194443-s0058-s0058_dvr-tcestats.csv,,
433.01,188989177,1.17409,tess2018319112538-s0005-s0005_dvr-tcestats.csv,1.17409,tess2018319112538-s0005-s0005_dvr-tcestats.csv,1.17409,
4336.01,166184428,16.336,tess2021119082105-s0038-s0038_dvr-tcestats.csv,16.336,tess2021119082105-s0038-s0038_dvr-tcestats.csv,,
434.01,78055054,4.38854,tess2018319112538-s0005-s0005_dvr-tcestats.csv,4.38849,tess2018349182737-s0006-s0006_dvr-tcestats.csv,,4.388721
4342.01,354944123,,,,,,
4342.02,354944123,10.6887,tess2019170095531-s0013-s0013_dvr-tcestats.csv,10.6887,tess2019170095531-s0013-s0013_dvr-tcestats.csv,,
4363.01,325682877,,,,,,
4364.01,4070275,5.42387,tess2018319112538-s0005-s0005_dvr-tcestats.csv,5.42387,tess2018319112538-s0005-s0005_dvr-tcestats.csv,,
437.01,32499655,2.74359,tess2018319112538-s0005-s0005_dvr-tcestats.csv,2.74402,tess2018349182737-s0006-s0006_dvr-tcestats.csv,,2.744062
4377.01,394918211,4.38021,tess2021119082105-s0038-s0038_dvr-tcestats.csv,4.37747,tess2021147062104-s0039-s0039_dvr-tcestats.csv,,
4379.01,97766057,3.25323,tess2021147062104-s0039-s0039_dvr-tcestats.csv,3.25323,tess2021147062104-s0039-s0039_dvr-tcestats.csv,,
439.01,13021029,3.85574,tess2018319112538-s0005-s0005_dvr-tcestats.csv,3.85574,tess2018319112538-s0005-s0005_dvr-tcestats.csv,3.85605,
4399.01,464646604,7.712119999999999,tess2020187183116-s0027-s0027_dvr-tcestats.csv,7.712119999999999,tess2020187183116-s0027-s0027_dvr-tcestats.csv,,
440.01,143350972,1.08199,tess2018319112538-s0005-s0005_dvr-tcestats.csv,1.08164,tess2018349182737-s0006-s0006_dvr-tcestats.csv,1.0817,
4405.01,177254988,,,,,,
441.01,316916655,2.87412,tess2018319112538-s0005-s0005_dvr-tcestats.csv,2.87412,tess2018319112538-s0005-s0005_dvr-tcestats.csv,2.87436,
4411.01,366484980,,,,,,
442.01,70899085,4.05176,tess2018319112538-s0005-s0005_dvr-tcestats.csv,4.05176,tess2018319112538-s0005-s0005_dvr-tcestats.csv,4.05203,
4426.01,271354351,3.90572,tess2021176033103-s0040-s0040_dvr-tcestats.csv,3.90156,tess2021205113501-s0041-s0041_dvr-tcestats.csv,,
4427.01,207339000,4.61822,tess2021176033103-s0040-s0040_dvr-tcestats.csv,4.61837,tess2022164114449-s0053-s0053_dvr-tcestats.csv,,
4428.01,271042217,1.85592,tess2021176033103-s0040-s0040_dvr-tcestats.csv,1.85592,tess2021176033103-s0040-s0040_dvr-tcestats.csv,,
443.01,117979897,3.31076,tess2018319112538-s0005-s0005_dvr-tcestats.csv,3.31076,tess2018319112538-s0005-s0005_dvr-tcestats.csv,3.3106,
4431.01,121660904,4.88509,tess2021176033103-s0040-s0040_dvr-tcestats.csv,4.8851,tess2021205113501-s0041-s0041_dvr-tcestats.csv,,
4434.01,63452790,2.68339,tess2021176033103-s0040-s0040_dvr-tcestats.csv,2.68475,tess2021205113501-s0041-s0041_dvr-tcestats.csv,,
4435.01,122596693,3.52678,tess2021176033103-s0040-s0040_dvr-tcestats.csv,3.52533,tess2021205113501-s0041-s0041_dvr-tcestats.csv,,
4438.01,22233480,7.44477,tess2021176033103-s0040-s0040_dvr-tcestats.csv,7.44589,tess2022164114449-s0053-s0053_dvr-tcestats.csv,,
444.01,179034327,17.9606,tess2018292093539-s0004-s0004_dvr-tcestats.csv,17.9606,tess2018292093539-s0004-s0004_dvr-tcestats.csv,,17.96347
4440.01,164786087,4.08297,tess2021176033103-s0040-s0040_dvr-tcestats.csv,4.08332,tess2022164114449-s0053-s0053_dvr-tcestats.csv,,
4445.01,158388163,4.22518,tess2021176033103-s0040-s0040_dvr-tcestats.csv,4.22657,tess2022164114449-s0053-s0053_dvr-tcestats.csv,,
4446.01,137899948,2.45529,tess2021176033103-s0040-s0040_dvr-tcestats.csv,2.45459,tess2021205113501-s0041-s0041_dvr-tcestats.csv,,
4448.01,138359318,1.01877,tess2021176033103-s0040-s0040_dvr-tcestats.csv,1.0186,tess2021205113501-s0041-s0041_dvr-tcestats.csv,,
445.01,14091704,0.7649869999999999,tess2018319112538-s0005-s0005_dvr-tcestats.csv,0.7649869999999999,tess2018319112538-s0005-s0005_dvr-tcestats.csv,0.76502,
4455.01,138644215,1.54493,tess2021176033103-s0040-s0040_dvr-tcestats.csv,1.54445,tess2021205113501-s0041-s0041_dvr-tcestats.csv,,
4456.01,27774415,4.9431,tess2021176033103-s0040-s0040_dvr-tcestats.csv,4.94356,tess2021205113501-s0041-s0041_dvr-tcestats.csv,,
4457.01,299220166,3.21739,tess2021176033103-s0040-s0040_dvr-tcestats.csv,3.21635,tess2022164114449-s0053-s0053_dvr-tcestats.csv,,
4458.01,229671380,3.93889,tess2021176033103-s0040-s0040_dvr-tcestats.csv,3.93965,tess2022164114449-s0053-s0053_dvr-tcestats.csv,,
446.01,1449640,3.50155,tess2018319112538-s0005-s0005_dvr-tcestats.csv,3.50155,tess2018319112538-s0005-s0005_dvr-tcestats.csv,3.50175,
4466.01,268604331,5.01312,tess2021205113501-s0041-s0041_dvr-tcestats.csv,5.02072,tess2022190092448-s0054-s0054_dvr-tcestats.csv,,
4467.01,48506505,,,7.79134,tess2021205113501-s0041-s0041_dvr-tcestats.csv,,
4469.01,75262942,2.6639,tess2021205113501-s0041-s0041_dvr-tcestats.csv,2.66312,tess2022190092448-s0054-s0054_dvr-tcestats.csv,,
4470.01,256364928,2.21857,tess2021205113501-s0041-s0041_dvr-tcestats.csv,2.21858,tess2022190092448-s0054-s0054_dvr-tcestats.csv,,
4471.01,27318774,3.24248,tess2021205113501-s0041-s0041_dvr-tcestats.csv,3.24248,tess2021205113501-s0041-s0041_dvr-tcestats.csv,,
4472.01,63211674,,,8.61419,tess2021205113501-s0041-s0041_dvr-tcestats.csv,,
4473.01,122441491,3.79699,tess2021176033103-s0040-s0040_dvr-tcestats.csv,3.79631,tess2021205113501-s0041-s0041_dvr-tcestats.csv,,
4474.01,264508014,3.31061,tess2021205113501-s0041-s0041_dvr-tcestats.csv,3.31061,tess2021205113501-s0041-s0041_dvr-tcestats.csv,,
4475.01,159098316,7.15876,tess2021176033103-s0040-s0040_dvr-tcestats.csv,3.58019,tess2021205113501-s0041-s0041_dvr-tcestats.csv,,
4476.01,399794420,,,1.59612,tess2021205113501-s0041-s0041_dvr-tcestats.csv,,
4479.01,126606859,1.1588,tess2021205113501-s0041-s0041_dvr-tcestats.csv,1.1588,tess2021205113501-s0041-s0041_dvr-tcestats.csv,,
448.01,1528696,0.882078,tess2018319112538-s0005-s0005_dvr-tcestats.csv,0.882078,tess2018319112538-s0005-s0005_dvr-tcestats.csv,0.88202,
4481.01,239332587,0.926277,tess2021205113501-s0041-s0041_dvr-tcestats.csv,0.926277,tess2021205113501-s0041-s0041_dvr-tcestats.csv,,
4482.01,27990610,2.81699,tess2021205113501-s0041-s0041_dvr-tcestats.csv,2.81741,tess2022190092448-s0054-s0054_dvr-tcestats.csv,,
4485.01,137903329,7.33035,tess2021176033103-s0040-s0040_dvr-tcestats.csv,7.33497,tess2021205113501-s0041-s0041_dvr-tcestats.csv,,
4486.01,99224131,2.69147,tess2021205113501-s0041-s0041_dvr-tcestats.csv,2.69147,tess2021205113501-s0041-s0041_dvr-tcestats.csv,,
4487.01,193754373,3.95371,tess2021205113501-s0041-s0041_dvr-tcestats.csv,3.95371,tess2021205113501-s0041-s0041_dvr-tcestats.csv,,
4488.01,269269546,4.45347,tess2021205113501-s0041-s0041_dvr-tcestats.csv,4.45242,tess2022190092448-s0054-s0054_dvr-tcestats.csv,,
4489.01,267572272,,,,,,
449.01,139528693,2.17535,tess2018319112538-s0005-s0005_dvr-tcestats.csv,2.17535,tess2018319112538-s0005-s0005_dvr-tcestats.csv,2.17542,
4490.01,268924036,2.05284,tess2021205113501-s0041-s0041_dvr-tcestats.csv,2.0542,tess2022190092448-s0054-s0054_dvr-tcestats.csv,,
4491.01,193336820,5.00387,tess2022245180045-s0056-s0056_dvr-tcestats.csv,5.00387,tess2022245180045-s0056-s0056_dvr-tcestats.csv,,
4495.02,120826158,,,,,,
450.01,77951245,10.7137,tess2018319112538-s0005-s0005_dvr-tcestats.csv,10.7146,tess2018349182737-s0006-s0006_dvr-tcestats.csv,,10.714754
451.01,257605131,,,,,8.18554,
451.02,257605131,,,,,,
451.03,257605131,,,,,,
4511.02,333674399,,,10.9771,tess2021233042500-s0042-s0043_dvr-tcestats.csv,,
4512.01,243014114,19.5239,tess2021233042500-s0042-s0042_dvr-tcestats.csv,19.5648,tess2021233042500-s0042-s0043_dvr-tcestats.csv,,
4513.01,408261725,19.5314,tess2021233042500-s0042-s0042_dvr-tcestats.csv,9.76107,tess2021233042500-s0042-s0043_dvr-tcestats.csv,,
4514.01,436875934,2.75379,tess2021233042500-s0042-s0042_dvr-tcestats.csv,2.75366,tess2021233042500-s0042-s0043_dvr-tcestats.csv,,
4515.01,456862677,15.2647,tess2021233042500-s0042-s0042_dvr-tcestats.csv,15.2661,tess2021233042500-s0042-s0043_dvr-tcestats.csv,,
4516.01,85593751,3.72266,tess2021233042500-s0042-s0042_dvr-tcestats.csv,3.72266,tess2021233042500-s0042-s0042_dvr-tcestats.csv,,
4517.01,301289516,1.20891,tess2021233042500-s0042-s0042_dvr-tcestats.csv,1.20891,tess2021233042500-s0042-s0042_dvr-tcestats.csv,,
4518.01,398572544,3.40862,tess2021233042500-s0042-s0042_dvr-tcestats.csv,3.40862,tess2021233042500-s0042-s0042_dvr-tcestats.csv,,
452.01,139733308,4.76345,tess2018319112538-s0005-s0005_dvr-tcestats.csv,4.76345,tess2018319112538-s0005-s0005_dvr-tcestats.csv,4.76407,
4520.01,404243877,3.20212,tess2021233042500-s0042-s0042_dvr-tcestats.csv,3.20212,tess2021233042500-s0042-s0042_dvr-tcestats.csv,,
4521.01,439842788,3.07186,tess2021233042500-s0042-s0042_dvr-tcestats.csv,3.07174,tess2022217141447-s0055-s0055_dvr-tcestats.csv,,
4524.01,333657795,0.926077,tess2021233042500-s0042-s0042_dvr-tcestats.csv,0.9261,tess2021233042500-s0042-s0043_dvr-tcestats.csv,,
4525.01,36592530,2.48393,tess2021233042500-s0042-s0042_dvr-tcestats.csv,2.48393,tess2021233042500-s0042-s0042_dvr-tcestats.csv,,
4526.01,39926974,2.26027,tess2021233042500-s0042-s0042_dvr-tcestats.csv,2.26027,tess2021233042500-s0042-s0042_dvr-tcestats.csv,,
4529.01,384888319,5.87896,tess2021233042500-s0042-s0042_dvr-tcestats.csv,5.87978,tess2021233042500-s0042-s0043_dvr-tcestats.csv,,
453.01,452808876,2.70575,tess2018319112538-s0005-s0005_dvr-tcestats.csv,2.70575,tess2018319112538-s0005-s0005_dvr-tcestats.csv,2.70582,
4530.01,35022727,3.65285,tess2021233042500-s0042-s0042_dvr-tcestats.csv,3.65271,tess2021233042500-s0042-s0043_dvr-tcestats.csv,,
4531.01,262662119,4.53318,tess2021233042500-s0042-s0042_dvr-tcestats.csv,4.53318,tess2021233042500-s0042-s0042_dvr-tcestats.csv,,
4532.01,376939759,5.81927,tess2021233042500-s0042-s0042_dvr-tcestats.csv,5.81918,tess2021233042500-s0042-s0043_dvr-tcestats.csv,,
4533.01,418761354,,,,,,
4534.01,437704321,2.84868,tess2021233042500-s0042-s0042_dvr-tcestats.csv,2.84868,tess2021233042500-s0042-s0042_dvr-tcestats.csv,,
4535.01,26017005,4.09911,tess2021233042500-s0042-s0042_dvr-tcestats.csv,4.09838,tess2021233042500-s0042-s0043_dvr-tcestats.csv,,
4536.01,380907135,4.0461,tess2021233042500-s0042-s0042_dvr-tcestats.csv,4.04607,tess2021233042500-s0042-s0043_dvr-tcestats.csv,,
4539.01,102264230,4.15873,tess2021233042500-s0042-s0042_dvr-tcestats.csv,4.15873,tess2021233042500-s0042-s0042_dvr-tcestats.csv,,
4544.01,435339847,,,,,,
4547.01,206284139,,,,,,
4549.01,9030119,,,,,,
455.01,98796344,5.35854,tess2018292093539-s0004-s0004_dvr-tcestats.csv,5.35854,tess2018292093539-s0004-s0004_dvr-tcestats.csv,,5.358807
4551.01,204650483,9.95514,tess2023069204038-s0063-s0063_dvr-tcestats.csv,9.95514,tess2023069204038-s0063-s0063_dvr-tcestats.csv,,
4561.01,33716474,,,8.93533,tess2018206190142-s0001-s0013_dvr-tcestats.csv,,
4570.01,137402055,,,,,,
4577.01,138364831,,,,,,
4578.01,154474036,,,,,,
4581.01,273231214,,,,,,
4587.01,137683938,,,,,,
4588.01,48031665,,,,,,
4589.01,164458714,,,,,,
4593.01,399954349,,,7.83082,tess2020161181517-s0026-s0026_dvr-tcestats.csv,,
4593.02,399954349,,,,,,
4594.01,158555987,,,,,,
4595.01,159725995,,,,,,
4599.01,307809773,2.76926,tess2021259155059-s0043-s0043_dvr-tcestats.csv,2.7696,tess2021311000057-s0045-s0045_dvr-tcestats.csv,,
4599.02,307809773,5.70599,tess2021259155059-s0043-s0043_dvr-tcestats.csv,5.70609,tess2021311000057-s0045-s0045_dvr-tcestats.csv,,
4602.01,467651916,3.98216,tess2021259155059-s0043-s0043_dvr-tcestats.csv,3.98151,tess2021285162058-s0044-s0044_dvr-tcestats.csv,,
4603.01,437856897,7.24482,tess2021259155059-s0043-s0043_dvr-tcestats.csv,7.248109999999999,tess2021311000057-s0045-s0045_dvr-tcestats.csv,,
4604.01,27039476,,,,,,
4606.01,68577662,11.1681,tess2021259155059-s0043-s0043_dvr-tcestats.csv,11.1686,tess2021285162058-s0044-s0044_dvr-tcestats.csv,,
461.01,4646810,,,,,,14.490034
4612.01,97735908,4.11376,tess2021259155059-s0043-s0043_dvr-tcestats.csv,4.11374,tess2021311000057-s0045-s0045_dvr-tcestats.csv,,
4618.01,284326455,3.79991,tess2021259155059-s0043-s0043_dvr-tcestats.csv,3.79987,tess2021311000057-s0045-s0045_dvr-tcestats.csv,,
4621.01,293457754,13.5602,tess2021233042500-s0042-s0042_dvr-tcestats.csv,4.51951,tess2021233042500-s0042-s0043_dvr-tcestats.csv,,
4623.01,56399553,3.25885,tess2021259155059-s0043-s0043_dvr-tcestats.csv,3.2587,tess2021285162058-s0044-s0044_dvr-tcestats.csv,,
4624.01,84339983,2.79081,tess2021259155059-s0043-s0043_dvr-tcestats.csv,2.79069,tess2021311000057-s0045-s0045_dvr-tcestats.csv,,
4628.01,404421005,,,,,,
4638.01,58824746,,,10.283,tess2021233042500-s0042-s0043_dvr-tcestats.csv,,
4640.01,337216118,,,2.68572,tess2021233042500-s0042-s0043_dvr-tcestats.csv,,
4641.01,436873727,,,,,,
4648.01,257774438,,,15.3949,tess2021233042500-s0042-s0043_dvr-tcestats.csv,,
465.01,270380593,3.83632,tess2018292093539-s0004-s0004_dvr-tcestats.csv,3.83632,tess2018292093539-s0004-s0004_dvr-tcestats.csv,,3.836317
466.01,4616072,4.18743,tess2018349182737-s0006-s0006_dvr-tcestats.csv,4.18848,tess2019008025936-s0007-s0007_dvr-tcestats.csv,,4.18599
4662.01,166778944,,,,,,
468.01,33521996,3.32531,tess2018349182737-s0006-s0006_dvr-tcestats.csv,3.32531,tess2018349182737-s0006-s0006_dvr-tcestats.csv,,3.325285
469.01,33692729,13.6328,tess2018349182737-s0006-s0006_dvr-tcestats.csv,13.6328,tess2018349182737-s0006-s0006_dvr-tcestats.csv,,13.632935
470.01,37770169,12.1914,tess2018349182737-s0006-s0006_dvr-tcestats.csv,12.1914,tess2018349182737-s0006-s0006_dvr-tcestats.csv,,12.194398
471.01,47911178,3.58561,tess2018349182737-s0006-s0006_dvr-tcestats.csv,3.58561,tess2018349182737-s0006-s0006_dvr-tcestats.csv,,3.585617
473.01,52640302,1.57329,tess2018349182737-s0006-s0006_dvr-tcestats.csv,1.57339,tess2019008025936-s0007-s0007_dvr-tcestats.csv,,1.573285
4734.01,97714451,6.23396,tess2023315161428-s0072-s0072_dvr-tcestats.csv,6.23396,tess2023315161428-s0072-s0072_dvr-tcestats.csv,,
474.01,59843967,2.5169,tess2018349182737-s0006-s0006_dvr-tcestats.csv,2.5169,tess2018349182737-s0006-s0006_dvr-tcestats.csv,,2.516825
477.01,170102285,2.94442,tess2018349182737-s0006-s0006_dvr-tcestats.csv,2.94442,tess2018349182737-s0006-s0006_dvr-tcestats.csv,,2.944405
4773.01,415276070,1.74548,tess2023018070040-s0061-s0061_dvr-tcestats.csv,1.74548,tess2023018070040-s0061-s0061_dvr-tcestats.csv,,
478.01,172464366,2.92171,tess2018349182737-s0006-s0006_dvr-tcestats.csv,2.92162,tess2019008025936-s0007-s0007_dvr-tcestats.csv,,2.921685
479.01,306362738,2.78171,tess2018349182737-s0006-s0006_dvr-tcestats.csv,2.78171,tess2018349182737-s0006-s0006_dvr-tcestats.csv,,2.781764
480.01,317548889,6.8628,tess2018349182737-s0006-s0006_dvr-tcestats.csv,6.8628,tess2018349182737-s0006-s0006_dvr-tcestats.csv,,6.866196
481.01,339672028,10.3312,tess2018349182737-s0006-s0006_dvr-tcestats.csv,10.3301,tess2019170095531-s0013-s0013_dvr-tcestats.csv,,
483.01,393414358,4.37813,tess2018349182737-s0006-s0006_dvr-tcestats.csv,4.3783,tess2019008025936-s0007-s0007_dvr-tcestats.csv,,4.378015
486.01,260708537,,,1.74474,tess2018206190142-s0001-s0013_dvr-tcestats.csv,,1.744738
4860.01,335590096,,,,,,
488.01,452866790,1.19801,tess2019008025936-s0007-s0007_dvr-tcestats.csv,1.19801,tess2019008025936-s0007-s0007_dvr-tcestats.csv,,1.198126
489.01,455096220,3.6468,tess2019008025936-s0007-s0007_dvr-tcestats.csv,3.6468,tess2019008025936-s0007-s0007_dvr-tcestats.csv,,3.646774
4898.01,124235800,2.76458,tess2023096143437-s0064-s0064_dvr-tcestats.csv,2.76458,tess2023096143437-s0064-s0064_dvr-tcestats.csv,,
490.01,455135327,2.81063,tess2019008025936-s0007-s0007_dvr-tcestats.csv,2.81063,tess2019008025936-s0007-s0007_dvr-tcestats.csv,,2.810577
491.01,468987719,3.33342,tess2019008025936-s0007-s0007_dvr-tcestats.csv,3.33342,tess2019008025936-s0007-s0007_dvr-tcestats.csv,,3.333395
4916.01,454069765,,,,,,
492.01,17746821,3.12198,tess2019008025936-s0007-s0007_dvr-tcestats.csv,3.12198,tess2019008025936-s0007-s0007_dvr-tcestats.csv,,3.122001
4930.01,307221757,6.78464,tess2023096143437-s0064-s0064_dvr-tcestats.csv,6.78464,tess2023096143437-s0064-s0064_dvr-tcestats.csv,,
4940.01,237929468,,,,,,
495.01,22529346,1.27492,tess2019008025936-s0007-s0007_dvr-tcestats.csv,1.27492,tess2019008025936-s0007-s0007_dvr-tcestats.csv,,1.274931
496.01,88977253,2.76769,tess2019008025936-s0007-s0007_dvr-tcestats.csv,2.76769,tess2019008025936-s0007-s0007_dvr-tcestats.csv,,2.767691
4961.01,420202798,7.478449999999999,tess2023096143437-s0064-s0064_dvr-tcestats.csv,7.480229999999999,tess2023124053436-s0065-s0065_dvr-tcestats.csv,,
4987.01,293607057,4.28896,tess2023043222439-s0062-s0062_dvr-tcestats.csv,4.28896,tess2023043222439-s0062-s0062_dvr-tcestats.csv,,
4994.01,277128619,,,,,,
500.01,134200185,,,0.548111,tess2019008025936-s0007-s0007_dvr-tcestats.csv,,0.548213
5005.01,282485660,6.30977,tess2023124053436-s0065-s0065_dvr-tcestats.csv,6.30977,tess2023124053436-s0065-s0065_dvr-tcestats.csv,,
5007.01,424196109,2.54336,tess2023124053436-s0065-s0065_dvr-tcestats.csv,2.54336,tess2023124053436-s0065-s0065_dvr-tcestats.csv,,
501.01,134537478,1.71002,tess2019008025936-s0007-s0007_dvr-tcestats.csv,1.71002,tess2019008025936-s0007-s0007_dvr-tcestats.csv,,1.710026
502.01,172193428,2.94176,tess2019008025936-s0007-s0007_dvr-tcestats.csv,2.94176,tess2019008025936-s0007-s0007_dvr-tcestats.csv,,2.941821
5027.01,361711730,10.2425,tess2023153040035-s0066-s0066_dvr-tcestats.csv,10.2425,tess2023153040035-s0066-s0066_dvr-tcestats.csv,,
504.01,219164808,1.6774,tess2018319112538-s0005-s0005_dvr-tcestats.csv,1.67726,tess2019008025936-s0007-s0007_dvr-tcestats.csv,,1.677331
505.01,268644785,3.32939,tess2019008025936-s0007-s0007_dvr-tcestats.csv,3.32944,tess2019059170935-s0009-s0009_dvr-tcestats.csv,,3.329371
5065.01,243244680,,,19.4976,tess2021337012456-s0046-s0046_dvr-tcestats.csv,,
5067.01,117275513,,,4.69359,tess2021337012456-s0046-s0046_dvr-tcestats.csv,,
5068.01,366631954,,,4.73705,tess2021233042500-s0042-s0046_dvr-tcestats.csv,,
507.01,348538431,0.899483,tess2019008025936-s0007-s0007_dvr-tcestats.csv,0.899483,tess2019008025936-s0007-s0007_dvr-tcestats.csv,,0.899485
5071.01,307733361,1.67364,tess2021285162058-s0044-s0044_dvr-tcestats.csv,1.6744,tess2021337012456-s0046-s0046_dvr-tcestats.csv,,
5072.01,7059054,5.18593,tess2021285162058-s0044-s0044_dvr-tcestats.csv,5.18493,tess2021337012456-s0046-s0046_dvr-tcestats.csv,,
5074.01,6893917,3.08019,tess2021285162058-s0044-s0044_dvr-tcestats.csv,3.0802,tess2021337012456-s0046-s0046_dvr-tcestats.csv,,
508.01,425206121,4.6119,tess2019008025936-s0007-s0007_dvr-tcestats.csv,4.6119,tess2019008025936-s0007-s0007_dvr-tcestats.csv,,4.611884
5080.01,17409453,,,,,,
5083.01,5882269,,,4.79126,tess2021311000057-s0045-s0045_dvr-tcestats.csv,,
5086.01,178217113,2.99544,tess2021285162058-s0044-s0044_dvr-tcestats.csv,2.99587,tess2021337012456-s0046-s0046_dvr-tcestats.csv,,
5087.01,18310799,,,,,,
5089.01,330687113,5.11262,tess2021285162058-s0044-s0044_dvr-tcestats.csv,5.10956,tess2021337012456-s0046-s0046_dvr-tcestats.csv,,
509.01,453211454,18.119,tess2019008025936-s0007-s0007_dvr-tcestats.csv,18.119,tess2019008025936-s0007-s0007_dvr-tcestats.csv,,18.119809
509.02,453211454,,,,,,
5093.01,63189173,2.29836,tess2021285162058-s0044-s0044_dvr-tcestats.csv,2.29835,tess2021337012456-s0046-s0046_dvr-tcestats.csv,,
5094.01,19028197,3.33667,tess2021285162058-s0044-s0044_dvr-tcestats.csv,3.33678,tess2021337012456-s0046-s0046_dvr-tcestats.csv,,
5095.01,434226736,3.48475,tess2021285162058-s0044-s0044_dvr-tcestats.csv,3.48475,tess2021285162058-s0044-s0044_dvr-tcestats.csv,,
5096.01,26826078,2.87532,tess2021285162058-s0044-s0044_dvr-tcestats.csv,2.87532,tess2021337012456-s0046-s0046_dvr-tcestats.csv,,
5097.01,203214081,5.7471,tess2021285162058-s0044-s0044_dvr-tcestats.csv,5.74545,tess2021337012456-s0046-s0046_dvr-tcestats.csv,,
5098.01,14770122,3.54389,tess2021285162058-s0044-s0044_dvr-tcestats.csv,3.54403,tess2021337012456-s0046-s0046_dvr-tcestats.csv,,
5101.01,366410512,,,,,,
511.01,440777904,3.35515,tess2019008025936-s0007-s0007_dvr-tcestats.csv,3.35515,tess2019008025936-s0007-s0007_dvr-tcestats.csv,,3.355138
5111.01,203289099,,,,,,
5116.01,149496868,3.43703,tess2021311000057-s0045-s0045_dvr-tcestats.csv,6.86416,tess2021337012456-s0046-s0046_dvr-tcestats.csv,,
512.01,119292328,,,7.19923,tess2019008025936-s0007-s0007_dvr-tcestats.csv,,7.187118
5121.01,366568760,,,,,,
5123.01,332022997,,,,,,
5123.02,332022997,,,,,,
5126.01,27064468,10.921,tess2021311000057-s0045-s0045_dvr-tcestats.csv,5.45783,tess2022028101454-s0048-s0048_dvr-tcestats.csv,,
5136.01,175236511,,,,,,
5138.01,38087018,1.72945,tess2021311000057-s0045-s0045_dvr-tcestats.csv,1.72902,tess2021337012456-s0046-s0046_dvr-tcestats.csv,,
514.01,366576758,11.3868,tess2019008025936-s0007-s0007_dvr-tcestats.csv,11.3868,tess2019008025936-s0007-s0007_dvr-tcestats.csv,,11.388472
5140.01,175193677,7.80499,tess2021311000057-s0045-s0045_dvr-tcestats.csv,7.80499,tess2021311000057-s0045-s0045_dvr-tcestats.csv,,
5143.01,281837575,5.21016,tess2021311000057-s0045-s0045_dvr-tcestats.csv,5.20923,tess2021337012456-s0046-s0046_dvr-tcestats.csv,,
5144.01,380619414,2.65571,tess2021311000057-s0045-s0045_dvr-tcestats.csv,2.65567,tess2021337012456-s0046-s0046_dvr-tcestats.csv,,
5146.01,173103335,20.1084,tess2021311000057-s0045-s0045_dvr-tcestats.csv,20.1084,tess2021311000057-s0045-s0045_dvr-tcestats.csv,,
515.01,366622912,3.11497,tess2019008025936-s0007-s0007_dvr-tcestats.csv,3.11497,tess2019008025936-s0007-s0007_dvr-tcestats.csv,,3.115247
5155.01,388811663,,,19.4536,tess2021259155059-s0043-s0043_dvr-tcestats.csv,,
5159.01,286712787,,,,,,
5160.01,4165850,,,,,,
5162.01,60286662,,,,,,
5164.01,6892385,,,8.26889,tess2021337012456-s0046-s0046_dvr-tcestats.csv,,
5168.01,363548415,,,,,,
5170.01,330690135,,,14.761,tess2021337012456-s0046-s0046_dvr-tcestats.csv,,
5173.01,98669309,4.00358,tess2021337012456-s0046-s0046_dvr-tcestats.csv,4.00358,tess2021337012456-s0046-s0046_dvr-tcestats.csv,,
5176.01,437054764,,,20.3548,tess2021337012456-s0046-s0046_dvr-tcestats.csv,,
519.01,218795833,1.2652,tess2019008025936-s0007-s0007_dvr-tcestats.csv,1.2652,tess2019008025936-s0007-s0007_dvr-tcestats.csv,,1.265223
521.01,27649847,1.54234,tess2019008025936-s0007-s0007_dvr-tcestats.csv,1.54234,tess2019008025936-s0007-s0007_dvr-tcestats.csv,,1.542131
5218.01,259172249,4.29179,tess2022245180045-s0056-s0056_dvr-tcestats.csv,12.8711,tess2022357093041-s0060-s0060_dvr-tcestats.csv,,
529.01,438490744,1.66595,tess2018349182737-s0006-s0006_dvr-tcestats.csv,1.66595,tess2018349182737-s0006-s0006_dvr-tcestats.csv,,1.665878
5292.01,33397739,,,,,,
5293.01,250111245,2.93017,tess2023263202030-s0070-s0070_dvr-tcestats.csv,2.93017,tess2023263202030-s0070-s0070_dvr-tcestats.csv,,
530.01,387690507,6.3882,tess2018349182737-s0006-s0006_dvr-tcestats.csv,6.3882,tess2018349182737-s0006-s0006_dvr-tcestats.csv,,6.388488
5300.01,267215820,2.26216,tess2023263202030-s0070-s0070_dvr-tcestats.csv,2.26216,tess2023263202030-s0070-s0070_dvr-tcestats.csv,,
532.01,144700903,2.32678,tess2018349182737-s0006-s0006_dvr-tcestats.csv,2.32678,tess2018349182737-s0006-s0006_dvr-tcestats.csv,,2.326811
5322.01,336691874,5.42308,tess2022273202044-s0057-s0057_dvr-tcestats.csv,5.42301,tess2023263202030-s0070-s0070_dvr-tcestats.csv,,
533.01,309791156,19.5525,tess2018206190142-s0001-s0001_dvr-tcestats.csv,19.5718,tess2018206190142-s0001-s0013_dvr-tcestats.csv,,19.572834
535.01,280210963,2.82848,tess2018349182737-s0006-s0006_dvr-tcestats.csv,2.82848,tess2018349182737-s0006-s0006_dvr-tcestats.csv,,2.827895
536.01,234825296,9.24414,tess2018349182737-s0006-s0006_dvr-tcestats.csv,9.24414,tess2018349182737-s0006-s0006_dvr-tcestats.csv,,9.246063
537.01,234112540,4.03755,tess2018349182737-s0006-s0006_dvr-tcestats.csv,4.03755,tess2018349182737-s0006-s0006_dvr-tcestats.csv,,4.037678
5380.01,441587756,,,,,,
5386.01,202425357,3.62159,tess2022028101454-s0048-s0048_dvr-tcestats.csv,3.62168,tess2022085182052-s0050-s0050_dvr-tcestats.csv,,
5388.01,407591297,,,,,,
540.01,200322593,1.23898,tess2018292093539-s0004-s0004_dvr-tcestats.csv,1.23931,tess2018349182737-s0006-s0006_dvr-tcestats.csv,,1.239133
544.01,50618703,1.54814,tess2018349182737-s0006-s0006_dvr-tcestats.csv,1.54814,tess2018349182737-s0006-s0006_dvr-tcestats.csv,,1.548214
545.01,37168957,1.90005,tess2018349182737-s0006-s0006_dvr-tcestats.csv,1.90005,tess2018349182737-s0006-s0006_dvr-tcestats.csv,,1.899994
546.01,36440357,9.20083,tess2018349182737-s0006-s0006_dvr-tcestats.csv,9.20083,tess2018349182737-s0006-s0006_dvr-tcestats.csv,,9.198554
547.01,36352297,1.50907,tess2018349182737-s0006-s0006_dvr-tcestats.csv,1.50907,tess2018349182737-s0006-s0006_dvr-tcestats.csv,,1.509017
548.01,42821097,3.89558,tess2018349182737-s0006-s0006_dvr-tcestats.csv,3.89558,tess2018349182737-s0006-s0006_dvr-tcestats.csv,,3.895456
5489.01,468983280,,,,,,
5489.02,468983280,,,,,,
550.01,311183180,13.2494,tess2018319112538-s0005-s0005_dvr-tcestats.csv,13.2494,tess2018319112538-s0005-s0005_dvr-tcestats.csv,,13.249837
551.01,192826603,2.64737,tess2018319112538-s0005-s0005_dvr-tcestats.csv,2.64681,tess2018349182737-s0006-s0006_dvr-tcestats.csv,,2.647186
5515.01,55275863,8.61064,tess2021285162058-s0044-s0044_dvr-tcestats.csv,8.591889999999998,tess2021337012456-s0046-s0046_dvr-tcestats.csv,,
552.01,44737596,2.78841,tess2018292093539-s0004-s0004_dvr-tcestats.csv,2.78838,tess2018319112538-s0005-s0005_dvr-tcestats.csv,,2.788503
5520.02,374180079,,,19.4799,tess2021233042500-s0042-s0046_dvr-tcestats.csv,,
5523.02,443616612,,,,,,
5524.01,277833995,,,,,,
5528.01,458686847,,,1.29173,tess2021233042500-s0042-s0046_dvr-tcestats.csv,,
5529.01,366411016,,,8.86451,tess2021233042500-s0042-s0046_dvr-tcestats.csv,,
5532.01,318836983,,,,,,
5535.01,411697517,,,,,,
554.01,407966340,7.04798,tess2018319112538-s0005-s0005_dvr-tcestats.csv,7.04798,tess2018319112538-s0005-s0005_dvr-tcestats.csv,,7.048602
554.02,407966340,,,,,,
555.01,170849515,1.94127,tess2018319112538-s0005-s0005_dvr-tcestats.csv,1.94127,tess2018319112538-s0005-s0005_dvr-tcestats.csv,,1.941285
5557.01,323687123,,,,,,
5558.01,14570099,,,,,,
5559.01,456945304,,,,,,
5562.01,17307715,,,,,,
558.01,207110080,14.5716,tess2020239173514-s0029-s0029_dvr-tcestats.csv,14.5735,tess2020267090513-s0030-s0030_dvr-tcestats.csv,,
559.01,209459275,6.98434,tess2020296001112-s0031-s0031_dvr-tcestats.csv,6.98434,tess2020296001112-s0031-s0031_dvr-tcestats.csv,,
5592.01,88529975,2.60888,tess2022357093041-s0060-s0060_dvr-tcestats.csv,2.60888,tess2022357093041-s0060-s0060_dvr-tcestats.csv,,
560.01,101011575,6.39803,tess2019033200935-s0008-s0008_dvr-tcestats.csv,6.39803,tess2019033200935-s0008-s0008_dvr-tcestats.csv,,6.397438
560.02,101011575,,,,,,
5605.01,252469648,,,,,,
561.01,377064495,10.7764,tess2019033200935-s0008-s0008_dvr-tcestats.csv,10.7764,tess2019033200935-s0008-s0008_dvr-tcestats.csv,,10.781327
561.03,377064495,,,,,,16.37165
562.01,413248763,3.93099,tess2019033200935-s0008-s0008_dvr-tcestats.csv,3.93099,tess2019033200935-s0008-s0008_dvr-tcestats.csv,,3.930792
5624.01,53498154,,,,,,
5624.02,53498154,,,,,,
5624.03,53498154,,,,,,
5624.04,53498154,,,,,,
564.01,1003831,1.65114,tess2019033200935-s0008-s0008_dvr-tcestats.csv,1.65114,tess2019033200935-s0008-s0008_dvr-tcestats.csv,,1.651142
565.01,1103432,,,,,,3.727891
567.01,13349647,1.53737,tess2019033200935-s0008-s0008_dvr-tcestats.csv,1.53737,tess2019033200935-s0008-s0008_dvr-tcestats.csv,,1.537368
5675.01,181949561,4.05487,tess2022113103451-s0051-s0051_dvr-tcestats.csv,4.05487,tess2022113103451-s0051-s0051_dvr-tcestats.csv,,
5676.01,311133118,3.50609,tess2022085182052-s0050-s0050_dvr-tcestats.csv,14.0244,tess2022113103451-s0051-s0051_dvr-tcestats.csv,,
5704.01,148673433,,,,,,
571.01,270468559,4.64169,tess2019033200935-s0008-s0008_dvr-tcestats.csv,4.64169,tess2019033200935-s0008-s0008_dvr-tcestats.csv,,4.641547
5713.01,219041246,,,,,,
5716.01,298074836,,,,,,
5720.01,230055368,,,,,,
5726.01,71582156,,,,,,
5728.01,219875976,,,,,,
573.01,296780789,13.577,tess2019033200935-s0008-s0008_dvr-tcestats.csv,13.577,tess2019033200935-s0008-s0008_dvr-tcestats.csv,,13.577007
5734.01,9989136,,,,,,
5736.01,310380289,,,,,,
574.01,315002523,3.30334,tess2019033200935-s0008-s0008_dvr-tcestats.csv,3.30287,tess2019059170935-s0009-s0009_dvr-tcestats.csv,,3.302889
5747.01,4918918,,,,,,
576.01,408310006,5.4439,tess2019033200935-s0008-s0008_dvr-tcestats.csv,5.4439,tess2019033200935-s0008-s0008_dvr-tcestats.csv,,5.443936
578.01,423275733,2.05298,tess2019033200935-s0008-s0008_dvr-tcestats.csv,2.05298,tess2019033200935-s0008-s0008_dvr-tcestats.csv,,2.052978
5793.01,398895470,2.69403,tess2022190092448-s0054-s0054_dvr-tcestats.csv,2.69403,tess2022190092448-s0054-s0054_dvr-tcestats.csv,,
5794.01,273874849,1.48565,tess2021205113501-s0041-s0041_dvr-tcestats.csv,1.48574,tess2022190092448-s0054-s0054_dvr-tcestats.csv,,
5795.01,151724385,6.14069,tess2022190092448-s0054-s0054_dvr-tcestats.csv,6.14069,tess2022190092448-s0054-s0054_dvr-tcestats.csv,,
5796.01,391958006,1.74301,tess2022190092448-s0054-s0054_dvr-tcestats.csv,1.74301,tess2022190092448-s0054-s0054_dvr-tcestats.csv,,
5797.01,374530847,2.15216,tess2022190092448-s0054-s0054_dvr-tcestats.csv,2.15216,tess2022190092448-s0054-s0054_dvr-tcestats.csv,,
5798.01,305243225,1.21287,tess2022190092448-s0054-s0054_dvr-tcestats.csv,1.2129,tess2022217141447-s0055-s0055_dvr-tcestats.csv,,
5799.01,328081248,4.16454,tess2022190092448-s0054-s0054_dvr-tcestats.csv,4.16454,tess2022190092448-s0054-s0054_dvr-tcestats.csv,,
5800.01,151759246,2.62826,tess2022190092448-s0054-s0054_dvr-tcestats.csv,2.62826,tess2022190092448-s0054-s0054_dvr-tcestats.csv,,
5802.01,399402994,2.71613,tess2022190092448-s0054-s0054_dvr-tcestats.csv,2.71613,tess2022190092448-s0054-s0054_dvr-tcestats.csv,,
5803.01,466382581,10.7838,tess2022217141447-s0055-s0055_dvr-tcestats.csv,10.7838,tess2022217141447-s0055-s0055_dvr-tcestats.csv,,
5806.01,283621618,3.18567,tess2022245180045-s0056-s0056_dvr-tcestats.csv,3.18567,tess2022245180045-s0056-s0056_dvr-tcestats.csv,,
5815.01,375942197,3.89938,tess2022217141447-s0055-s0055_dvr-tcestats.csv,3.89938,tess2022217141447-s0055-s0055_dvr-tcestats.csv,,
5817.01,418604868,15.6146,tess2022217141447-s0055-s0055_dvr-tcestats.csv,15.6146,tess2022217141447-s0055-s0055_dvr-tcestats.csv,,
5818.01,283419843,2.60527,tess2022217141447-s0055-s0055_dvr-tcestats.csv,2.60527,tess2022217141447-s0055-s0055_dvr-tcestats.csv,,
5820.01,459730973,3.91568,tess2022217141447-s0055-s0055_dvr-tcestats.csv,3.91568,tess2022217141447-s0055-s0055_dvr-tcestats.csv,,
5821.01,354619337,2.14879,tess2022217141447-s0055-s0055_dvr-tcestats.csv,2.14879,tess2022217141447-s0055-s0055_dvr-tcestats.csv,,
5822.01,466390120,1.54872,tess2022217141447-s0055-s0055_dvr-tcestats.csv,1.54872,tess2022217141447-s0055-s0055_dvr-tcestats.csv,,
5823.01,248853232,3.86815,tess2022217141447-s0055-s0055_dvr-tcestats.csv,3.86815,tess2022217141447-s0055-s0055_dvr-tcestats.csv,,
5824.01,272366748,,,,,,
5959.01,199671901,4.45701,tess2022245180045-s0056-s0056_dvr-tcestats.csv,4.45714,tess2022273202044-s0057-s0057_dvr-tcestats.csv,,
5960.01,188876052,3.07633,tess2022245180045-s0056-s0056_dvr-tcestats.csv,3.07633,tess2022245180045-s0056-s0056_dvr-tcestats.csv,,
5963.01,436478932,4.32262,tess2022245180045-s0056-s0056_dvr-tcestats.csv,4.32262,tess2022245180045-s0056-s0056_dvr-tcestats.csv,,
5969.01,91051152,7.91926,tess2022245180045-s0056-s0056_dvr-tcestats.csv,7.91926,tess2022245180045-s0056-s0056_dvr-tcestats.csv,,
5972.01,420814525,3.52474,tess2022245180045-s0056-s0056_dvr-tcestats.csv,3.52474,tess2022245180045-s0056-s0056_dvr-tcestats.csv,,
5979.01,137151335,,,,,,
5984.01,120692092,,,,,,
5988.01,377780790,,,,,,
5992.01,159054620,,,,,,
5994.01,63283780,,,,,,
5995.01,352011875,,,,,,
5999.01,120317234,,,,,,
6001.01,139104940,,,,,,
6002.01,102734241,,,,,,
6003.01,121731834,,,,,,
6004.01,48353358,,,,,,
6005.01,123357864,,,,,,
6008.01,286201103,,,,,,
6013.01,53728859,3.25739,tess2022273202044-s0057-s0057_dvr-tcestats.csv,3.25739,tess2022273202044-s0057-s0057_dvr-tcestats.csv,,
6014.01,57984377,2.51991,tess2022273202044-s0057-s0057_dvr-tcestats.csv,2.51991,tess2022273202044-s0057-s0057_dvr-tcestats.csv,,
6015.01,288246496,4.30483,tess2022273202044-s0057-s0057_dvr-tcestats.csv,4.30483,tess2022273202044-s0057-s0057_dvr-tcestats.csv,,
6016.01,327369524,4.0237,tess2022273202044-s0057-s0057_dvr-tcestats.csv,4.02387,tess2022302194443-s0058-s0058_dvr-tcestats.csv,,
6019.01,125520907,14.5465,tess2022273202044-s0057-s0057_dvr-tcestats.csv,14.5465,tess2022273202044-s0057-s0057_dvr-tcestats.csv,,
6021.01,291685334,2.03199,tess2022273202044-s0057-s0057_dvr-tcestats.csv,2.03199,tess2022273202044-s0057-s0057_dvr-tcestats.csv,,
6029.01,419523962,5.80138,tess2022302194443-s0058-s0058_dvr-tcestats.csv,5.80138,tess2022302194443-s0058-s0058_dvr-tcestats.csv,,
603.01,262746281,,,16.1797,tess2021233042500-s0042-s0046_dvr-tcestats.csv,,
6030.01,245392284,1.74428,tess2022302194443-s0058-s0058_dvr-tcestats.csv,1.74428,tess2022302194443-s0058-s0058_dvr-tcestats.csv,,
6034.01,388076422,2.57629,tess2022245180045-s0056-s0056_dvr-tcestats.csv,2.57626,tess2022302194443-s0058-s0058_dvr-tcestats.csv,,
6038.01,194736418,5.82687,tess2019307033525-s0018-s0018_dvr-tcestats.csv,5.82687,tess2019307033525-s0018-s0018_dvr-tcestats.csv,,
6043.01,453064665,2.64521,tess2022330181042-s0059-s0059_dvr-tcestats.csv,2.64521,tess2022330181042-s0059-s0059_dvr-tcestats.csv,,
6049.01,353459965,10.8615,tess2022330181042-s0059-s0059_dvr-tcestats.csv,10.8615,tess2022330181042-s0059-s0059_dvr-tcestats.csv,,
6052.01,9443323,4.01357,tess2022330181042-s0059-s0059_dvr-tcestats.csv,4.01357,tess2022330181042-s0059-s0059_dvr-tcestats.csv,,
6054.01,392681545,7.49033,tess2022330181042-s0059-s0059_dvr-tcestats.csv,7.49033,tess2022330181042-s0059-s0059_dvr-tcestats.csv,,
6054.02,392681545,12.576,tess2022330181042-s0059-s0059_dvr-tcestats.csv,12.576,tess2022330181042-s0059-s0059_dvr-tcestats.csv,,
6072.01,147797743,7.383,tess2021365070455-s0047-s0047_dvr-tcestats.csv,3.69156,tess2022357093041-s0060-s0060_dvr-tcestats.csv,,
6073.01,271424111,,,,,,
6080.01,116048097,,,8.055009999999998,tess2022164114449-s0053-s0053_dvr-tcestats.csv,,
6081.01,271431851,,,,,,
6086.01,18318288,,,,,,
6088.01,122375047,,,,,,
6089.01,350814622,,,,,,
6090.01,268159158,,,,,,
6101.01,19342878,1.33283,tess2023018070040-s0061-s0061_dvr-tcestats.csv,1.33283,tess2023018070040-s0061-s0061_dvr-tcestats.csv,,
6109.01,384984325,,,,,,
615.01,190496853,4.66157,tess2021040113508-s0035-s0035_dvr-tcestats.csv,4.66157,tess2021040113508-s0035-s0035_dvr-tcestats.csv,,
620.01,296739893,5.0982,tess2019033200935-s0008-s0008_dvr-tcestats.csv,5.0982,tess2019033200935-s0008-s0008_dvr-tcestats.csv,,5.098373
622.01,83092282,6.40179,tess2019033200935-s0008-s0008_dvr-tcestats.csv,6.40282,tess2019059170935-s0009-s0009_dvr-tcestats.csv,,6.402053
623.01,101395259,15.1508,tess2019033200935-s0008-s0008_dvr-tcestats.csv,7.57306,tess2019059170935-s0009-s0009_dvr-tcestats.csv,,15.151486
624.01,399870368,2.74424,tess2020325171311-s0032-s0032_dvr-tcestats.csv,2.74424,tess2020325171311-s0032-s0032_dvr-tcestats.csv,,
625.01,379929661,4.78694,tess2021014055109-s0034-s0034_dvr-tcestats.csv,4.78694,tess2021014055109-s0034-s0034_dvr-tcestats.csv,,
6251.01,52005579,,,,,,
6269.01,168281028,4.37446,tess2023043222439-s0062-s0062_dvr-tcestats.csv,4.37446,tess2023043222439-s0062-s0062_dvr-tcestats.csv,,
6273.01,142211778,3.05206,tess2023069204038-s0063-s0063_dvr-tcestats.csv,3.05206,tess2023069204038-s0063-s0063_dvr-tcestats.csv,,
6275.01,49043968,6.24623,tess2023069204038-s0063-s0063_dvr-tcestats.csv,6.24623,tess2023069204038-s0063-s0063_dvr-tcestats.csv,,
6276.01,397362481,6.20747,tess2023069204038-s0063-s0063_dvr-tcestats.csv,6.20289,tess2023096143437-s0064-s0064_dvr-tcestats.csv,,
6276.02,397362481,4.46535,tess2023069204038-s0063-s0063_dvr-tcestats.csv,4.46561,tess2023096143437-s0064-s0064_dvr-tcestats.csv,,
6278.01,157230659,7.533769999999999,tess2023069204038-s0063-s0063_dvr-tcestats.csv,7.533769999999999,tess2023069204038-s0063-s0063_dvr-tcestats.csv,,
632.01,349790953,1.55205,tess2018206190142-s0001-s0001_dvr-tcestats.csv,1.55213,tess2018206190142-s0001-s0013_dvr-tcestats.csv,,1.551885
640.01,147977348,5.00383,tess2020353052510-s0033-s0033_dvr-tcestats.csv,5.00383,tess2021014055109-s0034-s0034_dvr-tcestats.csv,,
646.01,238197709,13.7227,tess2019141104532-s0012-s0012_dvr-tcestats.csv,13.7276,tess2019170095531-s0013-s0013_dvr-tcestats.csv,,
652.01,22221375,3.98466,tess2019059170935-s0009-s0009_dvr-tcestats.csv,3.98466,tess2019059170935-s0009-s0009_dvr-tcestats.csv,,3.984627
654.01,35009898,1.52743,tess2019059170935-s0009-s0009_dvr-tcestats.csv,1.52743,tess2019059170935-s0009-s0009_dvr-tcestats.csv,,1.527419
6546.01,9385460,3.37796,tess2023096143437-s0064-s0064_dvr-tcestats.csv,3.37796,tess2023096143437-s0064-s0064_dvr-tcestats.csv,,
655.01,35516889,0.788845,tess2019059170935-s0009-s0009_dvr-tcestats.csv,0.788845,tess2019059170935-s0009-s0009_dvr-tcestats.csv,,0.788843
6551.01,166527623,13.919,tess2019113062933-s0011-s0011_dvr-tcestats.csv,13.919,tess2019113062933-s0011-s0011_dvr-tcestats.csv,,
656.01,36734222,0.813471,tess2019059170935-s0009-s0009_dvr-tcestats.csv,0.813471,tess2019059170935-s0009-s0009_dvr-tcestats.csv,,0.81347
6564.01,453668803,3.98545,tess2023124053436-s0065-s0065_dvr-tcestats.csv,3.98545,tess2023124053436-s0065-s0065_dvr-tcestats.csv,,
660.01,53189332,9.29038,tess2019059170935-s0009-s0009_dvr-tcestats.csv,9.29038,tess2019059170935-s0009-s0009_dvr-tcestats.csv,,9.290298
661.01,53735810,4.08652,tess2019059170935-s0009-s0009_dvr-tcestats.csv,4.08652,tess2019059170935-s0009-s0009_dvr-tcestats.csv,,4.08653
663.01,54962195,2.59892,tess2019059170935-s0009-s0009_dvr-tcestats.csv,2.59892,tess2019059170935-s0009-s0009_dvr-tcestats.csv,,2.598654
663.02,54962195,4.6984,tess2019059170935-s0009-s0009_dvr-tcestats.csv,4.6984,tess2019059170935-s0009-s0009_dvr-tcestats.csv,,4.698465
663.03,54962195,,,,,,
664.01,55092869,4.73627,tess2019059170935-s0009-s0009_dvr-tcestats.csv,4.73627,tess2019059170935-s0009-s0009_dvr-tcestats.csv,,4.736094
665.01,73723286,14.0659,tess2019059170935-s0009-s0009_dvr-tcestats.csv,14.0659,tess2019059170935-s0009-s0009_dvr-tcestats.csv,,14.065993
667.01,101955023,1.62869,tess2019059170935-s0009-s0009_dvr-tcestats.csv,1.62907,tess2019085221934-s0010-s0010_dvr-tcestats.csv,,1.628694
668.01,102195674,4.37879,tess2019059170935-s0009-s0009_dvr-tcestats.csv,4.37879,tess2019059170935-s0009-s0009_dvr-tcestats.csv,,4.378773
6681.01,425817867,3.77834,tess2023182031434-s0067-s0067_dvr-tcestats.csv,3.77834,tess2023182031434-s0067-s0067_dvr-tcestats.csv,,
6686.01,269217040,4.16613,tess2023182031434-s0067-s0067_dvr-tcestats.csv,4.16613,tess2023182031434-s0067-s0067_dvr-tcestats.csv,,
669.01,124573851,3.94658,tess2019059170935-s0009-s0009_dvr-tcestats.csv,3.94658,tess2019059170935-s0009-s0009_dvr-tcestats.csv,,3.948678
6707.01,287328202,,,,,,
671.01,151681127,10.1978,tess2019059170935-s0009-s0009_dvr-tcestats.csv,10.1978,tess2019059170935-s0009-s0009_dvr-tcestats.csv,,10.197751
6716.01,112115898,,,,,,
6719.01,92449173,2.17649,tess2023210023032-s0068-s0068_dvr-tcestats.csv,2.17649,tess2023210023032-s0068-s0068_dvr-tcestats.csv,,
672.01,151825527,3.63357,tess2019059170935-s0009-s0009_dvr-tcestats.csv,3.63316,tess2019085221934-s0010-s0010_dvr-tcestats.csv,,3.633618
6720.01,281541545,4.14704,tess2023210023032-s0068-s0068_dvr-tcestats.csv,4.14865,tess2023237202031-s0069-s0069_dvr-tcestats.csv,,
6726.01,121490076,,,,,,
674.01,158588995,1.97723,tess2019059170935-s0009-s0009_dvr-tcestats.csv,1.97721,tess2019085221934-s0010-s0010_dvr-tcestats.csv,,1.977238
675.01,169226822,4.17821,tess2019059170935-s0009-s0009_dvr-tcestats.csv,4.17821,tess2019059170935-s0009-s0009_dvr-tcestats.csv,,4.178161
676.01,219187649,2.15031,tess2019059170935-s0009-s0009_dvr-tcestats.csv,2.15031,tess2019059170935-s0009-s0009_dvr-tcestats.csv,,2.150451
677.01,280206394,11.2363,tess2019059170935-s0009-s0009_dvr-tcestats.csv,11.2363,tess2019059170935-s0009-s0009_dvr-tcestats.csv,,11.236818
679.01,308050066,11.1757,tess2019059170935-s0009-s0009_dvr-tcestats.csv,11.1757,tess2019059170935-s0009-s0009_dvr-tcestats.csv,,11.175586
682.01,429304876,6.8392,tess2019059170935-s0009-s0009_dvr-tcestats.csv,6.8392,tess2019059170935-s0009-s0009_dvr-tcestats.csv,,6.839299
683.01,437248515,3.40595,tess2019059170935-s0009-s0009_dvr-tcestats.csv,3.40595,tess2019059170935-s0009-s0009_dvr-tcestats.csv,,3.405923
6833.01,4610830,,,,,,
6834.01,49735922,,,,,,
6836.01,422618449,,,,,,
685.01,281731203,11.636,tess2019059170935-s0009-s0009_dvr-tcestats.csv,11.636,tess2019059170935-s0009-s0009_dvr-tcestats.csv,11.63344,
6872.01,150096001,,,,,,
696.01,77156829,0.860373,tess2018292093539-s0004-s0004_dvr-tcestats.csv,0.860226,tess2018319112538-s0005-s0005_dvr-tcestats.csv,,0.860233
696.02,77156829,,,3.69404,tess2018319112538-s0005-s0005_dvr-tcestats.csv,,14.775648
696.03,77156829,,,,,,
6962.01,435339558,,,,,,
6963.01,56658270,,,8.82084,tess2021285162058-s0044-s0044_dvr-tcestats.csv,,
6965.01,80224448,,,,,,
6965.02,80224448,,,,,,
6967.01,27635334,,,,,,
697.01,77253676,,,8.59253,tess2018319112538-s0005-s0005_dvr-tcestats.csv,,8.607221
6977.01,436575927,,,,,,
700.01,150428135,,,16.0512,tess2018206190142-s0001-s0013_dvr-tcestats.csv,,16.051165
700.03,150428135,,,9.97695,tess2018206190142-s0001-s0013_dvr-tcestats.csv,,9.976745
700.04,150428135,,,,,,
704.01,260004324,,,3.81428,tess2018206190142-s0001-s0013_dvr-tcestats.csv,,3.81426
7041.01,201175570,,,,,,
7066.01,405010127,,,,,,
712.01,150151262,,,,,,9.531637
715.01,271971130,,,19.2887,tess2018206190142-s0001-s0013_dvr-tcestats.csv,,19.287523
7165.01,239277658,,,,,,
730.01,11561667,3.08791,tess2019059170935-s0009-s0009_dvr-tcestats.csv,3.08791,tess2019059170935-s0009-s0009_dvr-tcestats.csv,,3.087925
732.01,36724087,0.768464,tess2019059170935-s0009-s0009_dvr-tcestats.csv,0.768464,tess2019059170935-s0009-s0009_dvr-tcestats.csv,,0.768418
732.02,36724087,,,,,,12.254218
733.01,106402532,4.88515,tess2019059170935-s0009-s0009_dvr-tcestats.csv,4.88515,tess2019059170935-s0009-s0009_dvr-tcestats.csv,,4.886506
7333.01,160585062,,,,,,
736.01,181804752,4.99007,tess2019059170935-s0009-s0009_dvr-tcestats.csv,4.99007,tess2019059170935-s0009-s0009_dvr-tcestats.csv,,4.99007
736.02,181804752,0.947896,tess2019059170935-s0009-s0009_dvr-tcestats.csv,0.947896,tess2019059170935-s0009-s0009_dvr-tcestats.csv,,0.947973
737.01,219189765,1.732,tess2019059170935-s0009-s0009_dvr-tcestats.csv,1.732,tess2019059170935-s0009-s0009_dvr-tcestats.csv,,1.732017
7396.01,273690178,,,,,,
741.01,359271092,7.57819,tess2019059170935-s0009-s0009_dvr-tcestats.csv,7.57819,tess2019059170935-s0009-s0009_dvr-tcestats.csv,,7.576262
744.01,437242640,4.31783,tess2019059170935-s0009-s0009_dvr-tcestats.csv,4.31783,tess2019059170935-s0009-s0009_dvr-tcestats.csv,,4.3178
7457.01,272840455,,,,,,
7461.01,271052158,,,,,,
7463.01,274198407,,,,,,
747.01,15445551,1.68279,tess2019085221934-s0010-s0010_dvr-tcestats.csv,1.68281,tess2019113062933-s0011-s0011_dvr-tcestats.csv,,1.68281
748.01,104024556,2.02202,tess2019085221934-s0010-s0010_dvr-tcestats.csv,2.02202,tess2019085221934-s0010-s0010_dvr-tcestats.csv,,2.021986
7487.01,301258470,,,,,,
749.01,5868998,0.6355359999999999,tess2019085221934-s0010-s0010_dvr-tcestats.csv,0.6355359999999999,tess2019085221934-s0010-s0010_dvr-tcestats.csv,,0.63554
7490.01,250977648,,,,,,
750.01,14614418,0.837759,tess2019085221934-s0010-s0010_dvr-tcestats.csv,0.837759,tess2019085221934-s0010-s0010_dvr-tcestats.csv,,0.837778
751.01,14661418,4.72308,tess2019085221934-s0010-s0010_dvr-tcestats.csv,4.72308,tess2019085221934-s0010-s0010_dvr-tcestats.csv,,4.723155
7511.01,146364192,,,,,,
7512.01,380255458,,,,,,
7513.01,56815340,,,,,,
752.01,61538902,5.74794,tess2019085221934-s0010-s0010_dvr-tcestats.csv,5.74794,tess2019085221934-s0010-s0010_dvr-tcestats.csv,,5.747952
755.01,73228647,2.54072,tess2019085221934-s0010-s0010_dvr-tcestats.csv,2.54072,tess2019085221934-s0010-s0010_dvr-tcestats.csv,,2.540455
756.01,73649615,1.23952,tess2019085221934-s0010-s0010_dvr-tcestats.csv,1.23936,tess2019113062933-s0011-s0011_dvr-tcestats.csv,,1.23938
757.01,130924120,,,,,,17.465514
762.01,178709444,3.47164,tess2019085221934-s0010-s0010_dvr-tcestats.csv,3.47164,tess2019085221934-s0010-s0010_dvr-tcestats.csv,,3.471635
763.01,178819686,5.60453,tess2019085221934-s0010-s0010_dvr-tcestats.csv,5.60453,tess2019085221934-s0010-s0010_dvr-tcestats.csv,,5.604813
763.02,178819686,12.2758,tess2019085221934-s0010-s0010_dvr-tcestats.csv,12.2758,tess2019085221934-s0010-s0010_dvr-tcestats.csv,,12.27633
764.01,181159386,5.63189,tess2019085221934-s0010-s0010_dvr-tcestats.csv,5.63189,tess2019085221934-s0010-s0010_dvr-tcestats.csv,,5.631942
766.01,219698950,3.44653,tess2019085221934-s0010-s0010_dvr-tcestats.csv,3.44653,tess2019085221934-s0010-s0010_dvr-tcestats.csv,,3.446514
767.01,229047362,3.76484,tess2019085221934-s0010-s0010_dvr-tcestats.csv,3.76484,tess2019085221934-s0010-s0010_dvr-tcestats.csv,,3.764873
768.01,229811538,11.5295,tess2019085221934-s0010-s0010_dvr-tcestats.csv,11.5295,tess2019085221934-s0010-s0010_dvr-tcestats.csv,,11.529391
769.01,248075138,4.98144,tess2019085221934-s0010-s0010_dvr-tcestats.csv,4.98144,tess2019085221934-s0010-s0010_dvr-tcestats.csv,,4.981511
770.01,248111245,4.63649,tess2019085221934-s0010-s0010_dvr-tcestats.csv,13.9086,tess2019113062933-s0011-s0011_dvr-tcestats.csv,,4.636234
771.01,277634430,2.32589,tess2019085221934-s0010-s0010_dvr-tcestats.csv,2.32642,tess2019141104532-s0012-s0012_dvr-tcestats.csv,,2.325931
773.01,286865921,4.9712,tess2019085221934-s0010-s0010_dvr-tcestats.csv,4.9712,tess2019085221934-s0010-s0010_dvr-tcestats.csv,,4.97107
774.01,294301883,4.46545,tess2019085221934-s0010-s0010_dvr-tcestats.csv,4.46545,tess2019085221934-s0010-s0010_dvr-tcestats.csv,,4.465421
776.01,306996324,15.655,tess2019085221934-s0010-s0010_dvr-tcestats.csv,15.655,tess2019085221934-s0010-s0010_dvr-tcestats.csv,,15.655688
776.02,306996324,,,,,,8.243393
778.01,335630746,4.63372,tess2019085221934-s0010-s0010_dvr-tcestats.csv,4.63372,tess2019085221934-s0010-s0010_dvr-tcestats.csv,,4.633751
780.01,398943781,3.05239,tess2019085221934-s0010-s0010_dvr-tcestats.csv,3.05239,tess2019085221934-s0010-s0010_dvr-tcestats.csv,,3.0524
781.01,413376180,1.35415,tess2019085221934-s0010-s0010_dvr-tcestats.csv,1.35415,tess2019085221934-s0010-s0010_dvr-tcestats.csv,,1.354148
782.01,429358906,16.0489,tess2019085221934-s0010-s0010_dvr-tcestats.csv,16.0489,tess2019085221934-s0010-s0010_dvr-tcestats.csv,,16.047204
784.01,460984940,2.79679,tess2019085221934-s0010-s0010_dvr-tcestats.csv,2.79752,tess2019113062933-s0011-s0011_dvr-tcestats.csv,,2.796723
7901.01,237158650,,,,,,
7902.01,169556484,,,,,,
799.01,255685030,,,,,,5.545132
808.01,30122649,,,19.4988,tess2019059170935-s0009-s0009_dvr-tcestats.csv,,9.736402
815.01,102840239,11.1926,tess2021066093107-s0036-s0036_dvr-tcestats.csv,11.1926,tess2021066093107-s0036-s0036_dvr-tcestats.csv,,
818.01,46096489,3.11861,tess2019113062933-s0011-s0011_dvr-tcestats.csv,3.11861,tess2019113062933-s0011-s0011_dvr-tcestats.csv,,3.118536
819.01,73717937,,,8.12907,tess2019113062933-s0011-s0011_dvr-tcestats.csv,,16.257799
820.01,111991770,3.75219,tess2019113062933-s0011-s0011_dvr-tcestats.csv,3.75219,tess2019113062933-s0011-s0011_dvr-tcestats.csv,,3.752062
822.01,127530399,14.2674,tess2019113062933-s0011-s0011_dvr-tcestats.csv,14.2674,tess2019113062933-s0011-s0011_dvr-tcestats.csv,,7.133521
822.02,127530399,,,,,,
824.01,193641523,1.39315,tess2019113062933-s0011-s0011_dvr-tcestats.csv,1.39319,tess2019141104532-s0012-s0012_dvr-tcestats.csv,,1.39293
825.01,220029715,3.18547,tess2019113062933-s0011-s0011_dvr-tcestats.csv,3.18547,tess2019113062933-s0011-s0011_dvr-tcestats.csv,,3.185221
826.01,243200602,11.5517,tess2019113062933-s0011-s0011_dvr-tcestats.csv,11.5517,tess2019113062933-s0011-s0011_dvr-tcestats.csv,,11.551821
827.01,270507305,1.22819,tess2019113062933-s0011-s0011_dvr-tcestats.csv,1.22831,tess2019170095531-s0013-s0013_dvr-tcestats.csv,,1.22829
828.01,271168962,5.32211,tess2019113062933-s0011-s0011_dvr-tcestats.csv,5.32211,tess2019113062933-s0011-s0011_dvr-tcestats.csv,,5.322154
830.01,281924357,,,15.0407,tess2019141104532-s0012-s0012_dvr-tcestats.csv,,15.042065
833.01,362249359,,,,,,1.042241
834.01,404340025,2.67556,tess2019113062933-s0011-s0011_dvr-tcestats.csv,2.67556,tess2019113062933-s0011-s0011_dvr-tcestats.csv,,2.675544
836.01,440887364,8.59637,tess2019113062933-s0011-s0011_dvr-tcestats.csv,8.59637,tess2019113062933-s0011-s0011_dvr-tcestats.csv,,8.593935
836.02,440887364,3.81717,tess2019113062933-s0011-s0011_dvr-tcestats.csv,3.81717,tess2019113062933-s0011-s0011_dvr-tcestats.csv,,3.817115
837.01,460205581,16.6492,tess2019085221934-s0010-s0010_dvr-tcestats.csv,16.6492,tess2019085221934-s0010-s0010_dvr-tcestats.csv,,8.324876
839.01,466840711,,,,,,2.485338
843.01,437333618,4.29836,tess2019113062933-s0011-s0011_dvr-tcestats.csv,4.29836,tess2019113062933-s0011-s0011_dvr-tcestats.csv,,4.298442
858.01,198008005,6.55921,tess2020239173514-s0029-s0029_dvr-tcestats.csv,3.27969,tess2020296001112-s0031-s0031_dvr-tcestats.csv,,
871.01,219344917,,,,,,28.693553
880.01,34077285,6.38803,tess2020353052510-s0033-s0033_dvr-tcestats.csv,6.38803,tess2020353052510-s0033-s0033_dvr-tcestats.csv,,
883.01,123846039,10.0589,tess2020353052510-s0033-s0033_dvr-tcestats.csv,10.0589,tess2020353052510-s0033-s0033_dvr-tcestats.csv,,
892.01,66561343,10.6277,tess2020353052510-s0033-s0033_dvr-tcestats.csv,10.6277,tess2020353052510-s0033-s0033_dvr-tcestats.csv,,
904.01,261257684,10.8754,tess2019141104532-s0012-s0012_dvr-tcestats.csv,10.881,tess2019170095531-s0013-s0013_dvr-tcestats.csv,,10.8772
905.01,261867566,3.73949,tess2019141104532-s0012-s0012_dvr-tcestats.csv,3.73949,tess2019141104532-s0012-s0012_dvr-tcestats.csv,,3.739489
908.01,350153977,3.18418,tess2019141104532-s0012-s0012_dvr-tcestats.csv,3.18382,tess2019170095531-s0013-s0013_dvr-tcestats.csv,,3.183648
909.01,364107753,3.90656,tess2019141104532-s0012-s0012_dvr-tcestats.csv,3.90656,tess2019141104532-s0012-s0012_dvr-tcestats.csv,,3.904822
911.01,389070884,8.58379,tess2019141104532-s0012-s0012_dvr-tcestats.csv,8.58379,tess2019141104532-s0012-s0012_dvr-tcestats.csv,,8.584258
912.01,406941612,4.67807,tess2019141104532-s0012-s0012_dvr-tcestats.csv,4.67744,tess2019170095531-s0013-s0013_dvr-tcestats.csv,,4.6791
913.01,407126408,11.0988,tess2019141104532-s0012-s0012_dvr-tcestats.csv,11.0994,tess2019170095531-s0013-s0013_dvr-tcestats.csv,,11.094122
921.01,278775625,,,,,,
929.01,175532955,5.8279,tess2020267090513-s0030-s0030_dvr-tcestats.csv,5.82618,tess2020296001112-s0031-s0031_dvr-tcestats.csv,,
941.01,408137826,8.51637,tess2020325171311-s0032-s0032_dvr-tcestats.csv,8.51637,tess2020325171311-s0032-s0032_dvr-tcestats.csv,,
942.01,146520535,,,,,,
954.01,44792534,3.68436,tess2020296001112-s0031-s0031_dvr-tcestats.csv,3.68436,tess2020296001112-s0031-s0031_dvr-tcestats.csv,,
966.01,178367144,3.40924,tess2021014055109-s0034-s0034_dvr-tcestats.csv,3.40924,tess2021014055109-s0034-s0034_dvr-tcestats.csv,,
