[{"stream_name":"stdout","time":20.894738579,"data":"     ━━━━━━━━━━━━━━━━━━━━━━━━━━━━━━━━━━━━━━━━ 18.9/18.9 MB 38.9 MB/s eta 0:00:00\n"}
,{"stream_name":"stdout","time":340.255460348,"data":"     ━━━━━━━━━━━━━━━━━━━━━━━━━━━━━━━━━━━━━━━━ 62.1/62.1 kB 2.0 MB/s eta 0:00:00\n"}
,{"stream_name":"stdout","time":342.027689176,"data":"     ━━━━━━━━━━━━━━━━━━━━━━━━━━━━━━━━━━━━━━━━ 80.3/80.3 kB 2.6 MB/s eta 0:00:00\n"}
,{"stream_name":"stdout","time":344.321976652,"data":"     ━━━━━━━━━━━━━━━━━━━━━━━━━━━━━━━━━━━━━━━━ 41.2/41.2 kB 1.1 MB/s eta 0:00:00\n"}
,{"stream_name":"stdout","time":346.175151877,"data":"   ━━━━━━━━━━━━━━━━━━━━━━━━━━━━━━━━━━━━━━━━ 10.5/10.5 MB 56.6 MB/s eta 0:00:00\n"}
,{"stream_name":"stdout","time":346.390320313,"data":"   ━━━━━━━━━━━━━━━━━━━━━━━━━━━━━━━━━━━━━━━━ 11.1/11.1 MB 54.2 MB/s eta 0:00:00\n"}
,{"stream_name":"stdout","time":346.445711188,"data":"   ━━━━━━━━━━━━━━━━━━━━━━━━━━━━━━━━━━━━━━━━ 243.4/243.4 kB 6.8 MB/s eta 0:00:00\n"}
,{"stream_name":"stdout","time":346.4899569,"data":"   ━━━━━━━━━━━━━━━━━━━━━━━━━━━━━━━━━━━━━━━━ 377.7/377.7 kB 14.4 MB/s eta 0:00:00\n"}
,{"stream_name":"stdout","time":346.534221254,"data":"   ━━━━━━━━━━━━━━━━━━━━━━━━━━━━━━━━━━━━━━━━ 261.1/261.1 kB 10.4 MB/s eta 0:00:00\n"}
,{"stream_name":"stdout","time":346.74659418,"data":"   ━━━━━━━━━━━━━━━━━━━━━━━━━━━━━━━━━━━━━━━━ 9.9/9.9 MB 59.8 MB/s eta 0:00:00\n"}
,{"stream_name":"stdout","time":346.795397731,"data":"   ━━━━━━━━━━━━━━━━━━━━━━━━━━━━━━━━━━━━━━━━ 155.6/155.6 kB 5.1 MB/s eta 0:00:00\n"}
,{"stream_name":"stdout","time":346.952454805,"data":"   ━━━━━━━━━━━━━━━━━━━━━━━━━━━━━━━━━━━━━━━━ 9.1/9.1 MB 65.9 MB/s eta 0:00:00\n"}
,{"stream_name":"stdout","time":347.381727777,"data":"   ━━━━━━━━━━━━━━━━━━━━━━━━━━━━━━━━━━━━━━━━ 35.2/35.2 MB 50.7 MB/s eta 0:00:00\n"}
,{"stream_name":"stdout","time":347.430545855,"data":"   ━━━━━━━━━━━━━━━━━━━━━━━━━━━━━━━━━━━━━━━━ 47.5/47.5 kB 1.5 MB/s eta 0:00:00\n"}
,{"stream_name":"stdout","time":347.534643272,"data":"   ━━━━━━━━━━━━━━━━━━━━━━━━━━━━━━━━━━━━━━━━ 1.2/1.2 MB 32.0 MB/s eta 0:00:00\n"}
,{"stream_name":"stdout","time":347.579985038,"data":"   ━━━━━━━━━━━━━━━━━━━━━━━━━━━━━━━━━━━━━━━━ 60.1/60.1 kB 2.0 MB/s eta 0:00:00\n"}
,{"stream_name":"stderr","time":411.086458383,"data":"ERROR: pip's dependency resolver does not currently take into account all the packages that are installed. This behaviour is the source of the following dependency conflicts.\n"}
,{"stream_name":"stderr","time":411.08649841,"data":"bigframes 2.48.0 requires google-cloud-bigquery-storage\u003c3.0.0,\u003e=2.30.0, which is not installed.\n"}
,{"stream_name":"stderr","time":411.086506211,"data":"ydata-profiling 4.18.4 requires matplotlib\u003c=3.10,\u003e=3.5, but you have matplotlib 3.11.2 which is incompatible.\n"}
,{"stream_name":"stderr","time":411.086525935,"data":"ydata-profiling 4.18.4 requires scipy\u003c1.17,\u003e=1.8, but you have scipy 1.17.1 which is incompatible.\n"}
,{"stream_name":"stderr","time":411.086530882,"data":"mne 1.13.2 requires numpy\u003c3,\u003e=2.1, but you have numpy 2.0.2 which is incompatible.\n"}
,{"stream_name":"stderr","time":411.086535255,"data":"bayesian-optimization 3.3.0 requires numpy\u003e=2.1.3; python_full_version \u003e= \"3.13\", but you have numpy 2.0.2 which is incompatible.\n"}
,{"stream_name":"stderr","time":411.086539726,"data":"google-colab 1.0.0 requires jupyter-server==2.20.0, but you have jupyter-server 2.12.5 which is incompatible.\n"}
,{"stream_name":"stderr","time":411.086543613,"data":"google-colab 1.0.0 requires pandas==2.2.3, but you have pandas 2.3.3 which is incompatible.\n"}
,{"stream_name":"stderr","time":411.086547045,"data":"google-colab 1.0.0 requires requests==2.32.4, but you have requests 2.34.2 which is incompatible.\n"}
,{"stream_name":"stderr","time":411.086550998,"data":"dopamine-rl 4.1.2 requires gym\u003c=0.25.2, but you have gym 0.26.2 which is incompatible.\n"}
,{"stream_name":"stderr","time":411.086555391,"data":"moviepy 1.0.3 requires decorator\u003c5.0,\u003e=4.0.2, but you have decorator 5.3.1 which is incompatible.\n"}
,{"stream_name":"stderr","time":411.086559509,"data":"ml-dtypes 0.6.0 requires numpy\u003e=2.1.0; python_version \u003e= \"3.13\", but you have numpy 2.0.2 which is incompatible.\n"}
,{"stream_name":"stderr","time":411.086563613,"data":"jax 0.11.1 requires numpy\u003e=2.1, but you have numpy 2.0.2 which is incompatible.\n"}
,{"stream_name":"stderr","time":411.086567742,"data":"dm-tree 0.1.10 requires numpy\u003e=2.1.0; python_version \u003e= \"3.13\", but you have numpy 2.0.2 which is incompatible.\n"}
,{"stream_name":"stderr","time":411.08657185,"data":"tifffile 2026.8.23 requires numpy\u003e=2.1, but you have numpy 2.0.2 which is incompatible.\n"}
,{"stream_name":"stdout","time":414.211141256,"data":"search_tls_3of5: 408 injections on 159 hosts, cache /kaggle/input/datasets/srijeetbanerjee/exog-lc-cache-v1/cache\n"}
,{"stream_name":"stdout","time":434.038155339,"data":"Transit Least Squares TLS 1.32 (5 Apr 2024)\n"}
,{"stream_name":"stdout","time":434.174763754,"data":"Creating model cache for 42 durations\n"}
,{"stream_name":"stdout","time":434.188219724,"data":"Searching 4872 data points, 5156 periods from 0.595 to 25.326 days\n"}
,{"stream_name":"stdout","time":434.188413258,"data":"Using 1 of 4 CPU threads\n"}
,{"stream_name":"stdout","time":434.529301817,"data":"Transit Least Squares TLS 1.32 (5 Apr 2024)\n"}
,{"stream_name":"stdout","time":434.674608039,"data":"Creating model cache for 43 durations\n"}
,{"stream_name":"stdout","time":434.688557644,"data":"Searching 6709 data points, 8081 periods from 0.5 to 27.025 days\n"}
,{"stream_name":"stdout","time":434.688872535,"data":"Using 1 of 4 CPU threads\n"}
,{"stream_name":"stdout","time":434.766498744,"data":"Transit Least Squares TLS 1.32 (5 Apr 2024)\n"}
,{"stream_name":"stdout","time":434.910963218,"data":"Creating model cache for 43 durations\n"}
,{"stream_name":"stdout","time":434.924988251,"data":"Searching 7411 data points, 2710 periods from 1.146 to 27.93 days\n"}
,{"stream_name":"stdout","time":434.925121763,"data":"Using 1 of 4 CPU threads\n"}
,{"stream_name":"stdout","time":435.650416065,"data":"Transit Least Squares TLS 1.32 (5 Apr 2024)\n"}
,{"stream_name":"stdout","time":435.81892164,"data":"Creating model cache for 43 durations\n"}
,{"stream_name":"stdout","time":435.847647458,"data":"Searching 9966 data points, 37467 periods from 0.58 to 29.994 days\n"}
,{"stream_name":"stdout","time":435.847901366,"data":"Using 1 of 4 CPU threads\n"}
,{"stream_name":"stdout","time":480.964410717,"data":"Searching for best T0 for period 11.60552 days\n"}
,{"stream_name":"stdout","time":482.583123205,"data":"Searching for best T0 for period 6.97378 days\n"}
,{"stream_name":"stderr","time":483.94307548,"data":"/usr/local/lib/python3.13/dist-packages/transitleastsquares/main.py:411: UserWarning: 3 of 7 transits without data. The true period may be twice the given period.\n"}
,{"stream_name":"stderr","time":483.943108586,"data":"  warnings.warn(text)\n"}
,{"stream_name":"stdout","time":488.078321749,"data":"Transit Least Squares TLS 1.32 (5 Apr 2024)\n"}
,{"stream_name":"stdout","time":488.079477408,"data":"Creating model cache for 38 durations\n"}
,{"stream_name":"stdout","time":488.089793575,"data":"Searching 3225 data points, 2381 periods from 0.605 to 13.208 days\n"}
,{"stream_name":"stdout","time":488.090009321,"data":"Using 1 of 4 CPU threads\n"}
,{"stream_name":"stdout","time":488.382359367,"data":"Transit Least Squares TLS 1.32 (5 Apr 2024)\n"}
,{"stream_name":"stdout","time":488.383803889,"data":"Creating model cache for 43 durations\n"}
,{"stream_name":"stdout","time":488.396307159,"data":"Searching 5889 data points, 5188 periods from 0.629 to 26.95 days\n"}
,{"stream_name":"stdout","time":488.396717298,"data":"Using 1 of 4 CPU threads\n"}
,{"stream_name":"stdout","time":509.30286558,"data":"Searching for best T0 for period 1.04825 days\n"}
,{"stream_name":"stdout","time":513.660744503,"data":"Transit Least Squares TLS 1.32 (5 Apr 2024)\n"}
,{"stream_name":"stdout","time":513.662220745,"data":"Creating model cache for 38 durations\n"}
,{"stream_name":"stdout","time":513.672751827,"data":"Searching 3468 data points, 2798 periods from 0.51 to 12.785 days\n"}
,{"stream_name":"stdout","time":513.67279012,"data":"Using 1 of 4 CPU threads\n"}
,{"stream_name":"stdout","time":530.900706245,"data":"Searching for best T0 for period 6.12960 days\n"}
,{"stream_name":"stdout","time":538.616133104,"data":"Transit Least Squares TLS 1.32 (5 Apr 2024)\n"}
,{"stream_name":"stdout","time":538.619579435,"data":"Creating model cache for 43 durations\n"}
,{"stream_name":"stdout","time":538.635355487,"data":"Searching 6709 data points, 8081 periods from 0.5 to 27.025 days\n"}
,{"stream_name":"stdout","time":538.635412341,"data":"Using 1 of 4 CPU threads\n"}
,{"stream_name":"stdout","time":541.833096569,"data":"Searching for best T0 for period 1.70911 days\n"}
,{"stream_name":"stdout","time":545.669074847,"data":"Transit Least Squares TLS 1.32 (5 Apr 2024)\n"}
,{"stream_name":"stdout","time":545.670969034,"data":"Creating model cache for 38 durations\n"}
,{"stream_name":"stdout","time":545.682480655,"data":"Searching 3468 data points, 2798 periods from 0.51 to 12.785 days\n"}
,{"stream_name":"stdout","time":545.682527725,"data":"Using 1 of 4 CPU threads\n"}
,{"stream_name":"stdout","time":568.370127671,"data":"Searching for best T0 for period 4.79894 days\n"}
,{"stream_name":"stdout","time":572.659889535,"data":"Transit Least Squares TLS 1.32 (5 Apr 2024)\n"}
,{"stream_name":"stdout","time":572.661092816,"data":"Creating model cache for 38 durations\n"}
,{"stream_name":"stdout","time":572.67192353,"data":"Searching 3468 data points, 2798 periods from 0.51 to 12.785 days\n"}
,{"stream_name":"stdout","time":572.671976205,"data":"Using 1 of 4 CPU threads\n"}
,{"stream_name":"stdout","time":575.927085053,"data":"Searching for best T0 for period 1.62081 days\n"}
,{"stream_name":"stdout","time":582.845404815,"data":"Transit Least Squares TLS 1.32 (5 Apr 2024)\n"}
,{"stream_name":"stdout","time":582.848036141,"data":"Creating model cache for 43 durations\n"}
,{"stream_name":"stdout","time":582.861140739,"data":"Searching 5889 data points, 5188 periods from 0.629 to 26.95 days\n"}
,{"stream_name":"stdout","time":582.861263584,"data":"Using 1 of 4 CPU threads\n"}
,{"stream_name":"stdout","time":592.59869204,"data":"Searching for best T0 for period 1.78531 days\n"}
,{"stream_name":"stdout","time":598.331379246,"data":"Transit Least Squares TLS 1.32 (5 Apr 2024)\n"}
,{"stream_name":"stdout","time":598.343917671,"data":"Creating model cache for 43 durations\n"}
,{"stream_name":"stdout","time":598.367350749,"data":"Searching 7393 data points, 34656 periods from 0.666 to 29.995 days\n"}
,{"stream_name":"stdout","time":598.367406018,"data":"Using 1 of 4 CPU threads\n"}
,{"stream_name":"stdout","time":629.657341793,"data":"Searching for best T0 for period 2.44394 days\n"}
,{"stream_name":"stdout","time":637.308325937,"data":"Transit Least Squares TLS 1.32 (5 Apr 2024)\n"}
,{"stream_name":"stdout","time":637.311474719,"data":"Creating model cache for 43 durations\n"}
,{"stream_name":"stdout","time":637.324623567,"data":"Searching 6709 data points, 8081 periods from 0.5 to 27.025 days\n"}
,{"stream_name":"stdout","time":637.324761228,"data":"Using 1 of 4 CPU threads\n"}
,{"stream_name":"stdout","time":648.556669779,"data":"Searching for best T0 for period 1.12493 days\n"}
,{"stream_name":"stdout","time":656.588161865,"data":"Transit Least Squares TLS 1.32 (5 Apr 2024)\n"}
,{"stream_name":"stdout","time":656.590296509,"data":"Creating model cache for 43 durations\n"}
,{"stream_name":"stdout","time":656.602988481,"data":"Searching 5889 data points, 5188 periods from 0.629 to 26.95 days\n"}
,{"stream_name":"stdout","time":656.603100096,"data":"Using 1 of 4 CPU threads\n"}
,{"stream_name":"stdout","time":712.545584155,"data":"Searching for best T0 for period 0.74934 days\n"}
,{"stream_name":"stdout","time":720.508438217,"data":"Transit Least Squares TLS 1.32 (5 Apr 2024)\n"}
,{"stream_name":"stdout","time":720.509807677,"data":"Creating model cache for 38 durations\n"}
,{"stream_name":"stdout","time":720.52001697,"data":"Searching 3281 data points, 1156 periods from 1.097 to 13.24 days\n"}
,{"stream_name":"stdout","time":720.520395725,"data":"Using 1 of 4 CPU threads\n"}
,{"stream_name":"stdout","time":729.560872779,"data":"Searching for best T0 for period 5.11423 days\n"}
,{"stream_name":"stdout","time":732.961595704,"data":"Transit Least Squares TLS 1.32 (5 Apr 2024)\n"}
,{"stream_name":"stdout","time":732.963238611,"data":"Creating model cache for 38 durations\n"}
,{"stream_name":"stdout","time":732.973554415,"data":"Searching 3281 data points, 1156 periods from 1.097 to 13.24 days\n"}
,{"stream_name":"stdout","time":732.973708731,"data":"Using 1 of 4 CPU threads\n"}
,{"stream_name":"stdout","time":736.909327152,"data":"Searching for best T0 for period 8.39364 days\n"}
,{"stream_name":"stderr","time":738.956799904,"data":"/usr/local/lib/python3.13/dist-packages/transitleastsquares/main.py:411: UserWarning: 2 of 6 transits without data. The true period may be twice the given period.\n"}
,{"stream_name":"stderr","time":738.956836613,"data":"  warnings.warn(text)\n"}
,{"stream_name":"stdout","time":741.397076884,"data":"Searching for best T0 for period 12.67760 days\n"}
,{"stream_name":"stdout","time":744.715940095,"data":"Transit Least Squares TLS 1.32 (5 Apr 2024)\n"}
,{"stream_name":"stdout","time":744.719105693,"data":"Creating model cache for 43 durations\n"}
,{"stream_name":"stdout","time":744.7332612,"data":"Searching 8853 data points, 8247 periods from 0.578 to 29.998 days\n"}
,{"stream_name":"stdout","time":744.73343516,"data":"Using 1 of 4 CPU threads\n"}
,{"stream_name":"stdout","time":744.916370778,"data":"Transit Least Squares TLS 1.32 (5 Apr 2024)\n"}
,{"stream_name":"stdout","time":744.917106625,"data":"Creating model cache for 38 durations\n"}
,{"stream_name":"stdout","time":744.926639029,"data":"Searching 3281 data points, 1156 periods from 1.097 to 13.24 days\n"}
,{"stream_name":"stdout","time":744.926687962,"data":"Using 1 of 4 CPU threads\n"}
,{"stream_name":"stdout","time":756.632766541,"data":"Searching for best T0 for period 1.65927 days\n"}
,{"stream_name":"stdout","time":760.697222769,"data":"Transit Least Squares TLS 1.32 (5 Apr 2024)\n"}
,{"stream_name":"stdout","time":760.698157605,"data":"Creating model cache for 38 durations\n"}
,{"stream_name":"stdout","time":760.707794145,"data":"Searching 3281 data points, 1156 periods from 1.097 to 13.24 days\n"}
,{"stream_name":"stdout","time":760.707983189,"data":"Using 1 of 4 CPU threads\n"}
,{"stream_name":"stdout","time":768.722403359,"data":"Searching for best T0 for period 2.11271 days\n"}
,{"stream_name":"stdout","time":772.907371321,"data":"Transit Least Squares TLS 1.32 (5 Apr 2024)\n"}
,{"stream_name":"stdout","time":772.908211384,"data":"Creating model cache for 36 durations\n"}
,{"stream_name":"stdout","time":772.917417726,"data":"Searching 2627 data points, 1176 periods from 0.828 to 10.135 days\n"}
,{"stream_name":"stdout","time":772.918089473,"data":"Using 1 of 4 CPU threads\n"}
,{"stream_name":"stdout","time":782.022886917,"data":"Searching for best T0 for period 0.84899 days\n"}
,{"stream_name":"stdout","time":787.043023567,"data":"Transit Least Squares TLS 1.32 (5 Apr 2024)\n"}
,{"stream_name":"stdout","time":787.045425362,"data":"Creating model cache for 43 durations\n"}
,{"stream_name":"stdout","time":787.057593512,"data":"Searching 6427 data points, 4936 periods from 0.907 to 29.972 days\n"}
,{"stream_name":"stdout","time":787.057843534,"data":"Using 1 of 4 CPU threads\n"}
,{"stream_name":"stdout","time":867.661682454,"data":"Searching for best T0 for period 13.72706 days\n"}
,{"stream_name":"stdout","time":875.956956949,"data":"Transit Least Squares TLS 1.32 (5 Apr 2024)\n"}
,{"stream_name":"stdout","time":875.960051754,"data":"Creating model cache for 43 durations\n"}
,{"stream_name":"stdout","time":875.976422929,"data":"Searching 8853 data points, 8247 periods from 0.578 to 29.998 days\n"}
,{"stream_name":"stdout","time":875.976463216,"data":"Using 1 of 4 CPU threads\n"}
,{"stream_name":"stdout","time":886.962313229,"data":"Searching for best T0 for period 1.01379 days\n"}
,{"stream_name":"stderr","time":887.73548858,"data":"/usr/local/lib/python3.13/dist-packages/transitleastsquares/main.py:411: UserWarning: 32 of 76 transits without data. The true period may be twice the given period.\n"}
,{"stream_name":"stderr","time":887.735537357,"data":"  warnings.warn(text)\n"}
,{"stream_name":"stdout","time":894.795687866,"data":"Transit Least Squares TLS 1.32 (5 Apr 2024)\n"}
,{"stream_name":"stdout","time":894.797677187,"data":"Creating model cache for 43 durations\n"}
,{"stream_name":"stdout","time":894.810582644,"data":"Searching 6427 data points, 4936 periods from 0.907 to 29.972 days\n"}
,{"stream_name":"stdout","time":894.810758227,"data":"Using 1 of 4 CPU threads\n"}
,{"stream_name":"stdout","time":956.272611148,"data":"Searching for best T0 for period 6.59221 days\n"}
,{"stream_name":"stderr","time":958.092041743,"data":"/usr/local/lib/python3.13/dist-packages/transitleastsquares/main.py:411: UserWarning: 6 of 11 transits without data. The true period may be twice the given period.\n"}
,{"stream_name":"stderr","time":958.092105884,"data":"  warnings.warn(text)\n"}
,{"stream_name":"stdout","time":962.949905818,"data":"Transit Least Squares TLS 1.32 (5 Apr 2024)\n"}
,{"stream_name":"stdout","time":962.952115888,"data":"Creating model cache for 43 durations\n"}
,{"stream_name":"stdout","time":962.964156498,"data":"Searching 6427 data points, 4936 periods from 0.907 to 29.972 days\n"}
,{"stream_name":"stdout","time":962.964471583,"data":"Using 1 of 4 CPU threads\n"}
,{"stream_name":"stdout","time":985.572113193,"data":"Searching for best T0 for period 2.69123 days\n"}
,{"stream_name":"stdout","time":995.005947637,"data":"Transit Least Squares TLS 1.32 (5 Apr 2024)\n"}
,{"stream_name":"stdout","time":995.011384089,"data":"Creating model cache for 43 durations\n"}
,{"stream_name":"stdout","time":995.022852393,"data":"Searching 8853 data points, 8247 periods from 0.578 to 29.998 days\n"}
,{"stream_name":"stdout","time":995.023013035,"data":"Using 1 of 4 CPU threads\n"}
,{"stream_name":"stdout","time":1024.870304127,"data":"Searching for best T0 for period 3.55719 days\n"}
,{"stream_name":"stderr","time":1026.241444623,"data":"/usr/local/lib/python3.13/dist-packages/transitleastsquares/main.py:411: UserWarning: 10 of 22 transits without data. The true period may be twice the given period.\n"}
,{"stream_name":"stderr","time":1026.241492691,"data":"  warnings.warn(text)\n"}
,{"stream_name":"stdout","time":1032.010216481,"data":"Transit Least Squares TLS 1.32 (5 Apr 2024)\n"}
,{"stream_name":"stdout","time":1032.012411999,"data":"Creating model cache for 43 durations\n"}
,{"stream_name":"stdout","time":1032.025000516,"data":"Searching 6427 data points, 4936 periods from 0.907 to 29.972 days\n"}
,{"stream_name":"stdout","time":1032.025281856,"data":"Using 1 of 4 CPU threads\n"}
,{"stream_name":"stdout","time":1125.740747562,"data":"Searching for best T0 for period 1.64304 days\n"}
,{"stream_name":"stderr","time":1126.771354615,"data":"/usr/local/lib/python3.13/dist-packages/transitleastsquares/main.py:411: UserWarning: 20 of 47 transits without data. The true period may be twice the given period.\n"}
,{"stream_name":"stderr","time":1126.771395787,"data":"  warnings.warn(text)\n"}
,{"stream_name":"stdout","time":1132.488330004,"data":"Transit Least Squares TLS 1.32 (5 Apr 2024)\n"}
,{"stream_name":"stdout","time":1132.490085065,"data":"Creating model cache for 42 durations\n"}
,{"stream_name":"stdout","time":1132.502916134,"data":"Searching 6221 data points, 4747 periods from 0.604 to 23.906 days\n"}
,{"stream_name":"stdout","time":1132.502980909,"data":"Using 1 of 4 CPU threads\n"}
,{"stream_name":"stdout","time":1164.733128783,"data":"Searching for best T0 for period 12.21151 days\n"}
,{"stream_name":"stderr","time":1166.237701356,"data":"/usr/local/lib/python3.13/dist-packages/numpy/_core/_methods.py:218: RuntimeWarning: Degrees of freedom \u003c= 0 for slice\n"}
,{"stream_name":"stderr","time":1166.237739265,"data":"  ret = _var(a, axis=axis, dtype=dtype, out=out, ddof=ddof,\n"}
,{"stream_name":"stderr","time":1166.237883677,"data":"/usr/local/lib/python3.13/dist-packages/numpy/_core/_methods.py:175: RuntimeWarning: invalid value encountered in divide\n"}
,{"stream_name":"stderr","time":1166.237908681,"data":"  arrmean = um.true_divide(arrmean, div, out=arrmean,\n"}
,{"stream_name":"stderr","time":1166.238051928,"data":"/usr/local/lib/python3.13/dist-packages/numpy/_core/_methods.py:210: RuntimeWarning: invalid value encountered in scalar divide\n"}
,{"stream_name":"stderr","time":1166.238066529,"data":"  ret = ret.dtype.type(ret / rcount)\n"}
,{"stream_name":"stderr","time":1166.658922954,"data":"/usr/local/lib/python3.13/dist-packages/transitleastsquares/main.py:411: UserWarning: 26 of 31 transits without data. The true period may be twice the given period.\n"}
,{"stream_name":"stderr","time":1166.658985772,"data":"  warnings.warn(text)\n"}
,{"stream_name":"stdout","time":1172.083796528,"data":"Transit Least Squares TLS 1.32 (5 Apr 2024)\n"}
,{"stream_name":"stdout","time":1172.097401248,"data":"Creating model cache for 43 durations\n"}
,{"stream_name":"stdout","time":1172.117076601,"data":"Searching 7393 data points, 34656 periods from 0.666 to 29.995 days\n"}
,{"stream_name":"stdout","time":1172.117441022,"data":"Using 1 of 4 CPU threads\n"}
,{"stream_name":"stdout","time":1182.503005471,"data":"Searching for best T0 for period 0.60758 days\n"}
,{"stream_name":"stdout","time":1189.687993656,"data":"Transit Least Squares TLS 1.32 (5 Apr 2024)\n"}
,{"stream_name":"stdout","time":1189.690189426,"data":"Creating model cache for 42 durations\n"}
,{"stream_name":"stdout","time":1189.702798893,"data":"Searching 6221 data points, 4747 periods from 0.604 to 23.906 days\n"}
,{"stream_name":"stdout","time":1189.7030326,"data":"Using 1 of 4 CPU threads\n"}
,{"stream_name":"stdout","time":1198.874872186,"data":"Searching for best T0 for period 0.77603 days\n"}
,{"stream_name":"stdout","time":1210.31267498,"data":"Transit Least Squares TLS 1.32 (5 Apr 2024)\n"}
,{"stream_name":"stdout","time":1210.317155827,"data":"Creating model cache for 43 durations\n"}
,{"stream_name":"stdout","time":1210.331348348,"data":"Searching 10334 data points, 10530 periods from 0.5 to 29.977 days\n"}
,{"stream_name":"stdout","time":1210.333453392,"data":"Using 1 of 4 CPU threads\n"}
,{"stream_name":"stdout","time":1259.844961138,"data":"Searching for best T0 for period 0.68223 days\n"}
,{"stream_name":"stdout","time":1267.252008567,"data":"Transit Least Squares TLS 1.32 (5 Apr 2024)\n"}
,{"stream_name":"stdout","time":1267.252662872,"data":"Creating model cache for 37 durations\n"}
,{"stream_name":"stdout","time":1267.262034859,"data":"Searching 3019 data points, 838 periods from 1.299 to 12.194 days\n"}
,{"stream_name":"stdout","time":1267.262117794,"data":"Using 1 of 4 CPU threads\n"}
,{"stream_name":"stdout","time":1272.739610308,"data":"Searching for best T0 for period 1.96934 days\n"}
,{"stream_name":"stdout","time":1275.926759965,"data":"Transit Least Squares TLS 1.32 (5 Apr 2024)\n"}
,{"stream_name":"stdout","time":1275.928120461,"data":"Creating model cache for 37 durations\n"}
,{"stream_name":"stdout","time":1275.937304073,"data":"Searching 2628 data points, 2871 periods from 0.5 to 12.083 days\n"}
,{"stream_name":"stdout","time":1275.937423079,"data":"Using 1 of 4 CPU threads\n"}
,{"stream_name":"stdout","time":1295.209960616,"data":"Searching for best T0 for period 3.55183 days\n"}
,{"stream_name":"stdout","time":1298.060518165,"data":"Transit Least Squares TLS 1.32 (5 Apr 2024)\n"}
,{"stream_name":"stdout","time":1298.062220891,"data":"Creating model cache for 37 durations\n"}
,{"stream_name":"stdout","time":1298.071956239,"data":"Searching 2628 data points, 2871 periods from 0.5 to 12.083 days\n"}
,{"stream_name":"stdout","time":1298.072660336,"data":"Using 1 of 4 CPU threads\n"}
,{"stream_name":"stdout","time":1313.302761728,"data":"Searching for best T0 for period 0.79948 days\n"}
,{"stream_name":"stderr","time":1313.796959968,"data":"/usr/local/lib/python3.13/dist-packages/transitleastsquares/stats.py:458: RuntimeWarning: divide by zero encountered in scalar divide\n"}
,{"stream_name":"stderr","time":1313.79702913,"data":"  snr_pink_per_transit[i] = (1 - mean_flux) / pinknoise\n"}
,{"stream_name":"stdout","time":1318.500596646,"data":"Transit Least Squares TLS 1.32 (5 Apr 2024)\n"}
,{"stream_name":"stdout","time":1318.503638799,"data":"Creating model cache for 43 durations\n"}
,{"stream_name":"stdout","time":1318.517037739,"data":"Searching 9304 data points, 7765 periods from 0.62 to 29.989 days\n"}
,{"stream_name":"stdout","time":1318.517264007,"data":"Using 1 of 4 CPU threads\n"}
,{"stream_name":"stdout","time":1427.161337656,"data":"Searching for best T0 for period 0.59070 days\n"}
,{"stream_name":"stderr","time":1428.067294618,"data":"/usr/local/lib/python3.13/dist-packages/numpy/_core/_methods.py:218: RuntimeWarning: Degrees of freedom \u003c= 0 for slice\n"}
,{"stream_name":"stderr","time":1428.067334581,"data":"  ret = _var(a, axis=axis, dtype=dtype, out=out, ddof=ddof,\n"}
,{"stream_name":"stderr","time":1428.067446053,"data":"/usr/local/lib/python3.13/dist-packages/numpy/_core/_methods.py:175: RuntimeWarning: invalid value encountered in divide\n"}
,{"stream_name":"stderr","time":1428.067463204,"data":"  arrmean = um.true_divide(arrmean, div, out=arrmean,\n"}
,{"stream_name":"stderr","time":1428.067540825,"data":"/usr/local/lib/python3.13/dist-packages/numpy/_core/_methods.py:210: RuntimeWarning: invalid value encountered in scalar divide\n"}
,{"stream_name":"stderr","time":1428.067549957,"data":"  ret = ret.dtype.type(ret / rcount)\n"}
,{"stream_name":"stderr","time":1429.957452511,"data":"/usr/local/lib/python3.13/dist-packages/transitleastsquares/main.py:411: UserWarning: 476 of 593 transits without data. The true period may be twice the given period.\n"}
,{"stream_name":"stderr","time":1429.957509115,"data":"  warnings.warn(text)\n"}
,{"stream_name":"stdout","time":1441.727630029,"data":"Transit Least Squares TLS 1.32 (5 Apr 2024)\n"}
,{"stream_name":"stdout","time":1441.740526906,"data":"Creating model cache for 43 durations\n"}
,{"stream_name":"stdout","time":1441.761488396,"data":"Searching 9966 data points, 37467 periods from 0.58 to 29.994 days\n"}
,{"stream_name":"stdout","time":1441.761678465,"data":"Using 1 of 4 CPU threads\n"}
,{"stream_name":"stdout","time":1473.119125148,"data":"Searching for best T0 for period 1.23073 days\n"}
,{"stream_name":"stdout","time":1484.116226311,"data":"Transit Least Squares TLS 1.32 (5 Apr 2024)\n"}
,{"stream_name":"stdout","time":1484.120224718,"data":"Creating model cache for 42 durations\n"}
,{"stream_name":"stdout","time":1484.134035234,"data":"Searching 6510 data points, 10718 periods from 0.5 to 25.132 days\n"}
,{"stream_name":"stdout","time":1484.134130062,"data":"Using 1 of 4 CPU threads\n"}
,{"stream_name":"stdout","time":1499.178754527,"data":"Searching for best T0 for period 3.50907 days\n"}
,{"stream_name":"stdout","time":1507.923650111,"data":"Transit Least Squares TLS 1.32 (5 Apr 2024)\n"}
,{"stream_name":"stdout","time":1507.926536372,"data":"Creating model cache for 43 durations\n"}
,{"stream_name":"stdout","time":1507.939379329,"data":"Searching 9304 data points, 7765 periods from 0.62 to 29.989 days\n"}
,{"stream_name":"stdout","time":1507.939530846,"data":"Using 1 of 4 CPU threads\n"}
,{"stream_name":"stdout","time":1615.943256266,"data":"Searching for best T0 for period 18.07505 days\n"}
,{"stream_name":"stderr","time":1619.10489999,"data":"/usr/local/lib/python3.13/dist-packages/transitleastsquares/main.py:411: UserWarning: 2 of 4 transits without data. The true period may be twice the given period.\n"}
,{"stream_name":"stderr","time":1619.10493964,"data":"  warnings.warn(text)\n"}
,{"stream_name":"stdout","time":1620.121966125,"data":"Searching for best T0 for period 13.31850 days\n"}
,{"stream_name":"stdout","time":1624.118679201,"data":"Transit Least Squares TLS 1.32 (5 Apr 2024)\n"}
,{"stream_name":"stdout","time":1624.120360769,"data":"Creating model cache for 37 durations\n"}
,{"stream_name":"stdout","time":1624.129982137,"data":"Searching 3048 data points, 2059 periods from 0.62 to 11.986 days\n"}
,{"stream_name":"stdout","time":1624.130295105,"data":"Using 1 of 4 CPU threads\n"}
,{"stream_name":"stdout","time":1627.01311017,"data":"Transit Least Squares TLS 1.32 (5 Apr 2024)\n"}
,{"stream_name":"stdout","time":1627.016978554,"data":"Creating model cache for 42 durations\n"}
,{"stream_name":"stdout","time":1627.030638454,"data":"Searching 6510 data points, 10718 periods from 0.5 to 25.132 days\n"}
,{"stream_name":"stdout","time":1627.030803714,"data":"Using 1 of 4 CPU threads\n"}
,{"stream_name":"stdout","time":1638.287023857,"data":"Searching for best T0 for period 6.14241 days\n"}
,{"stream_name":"stdout","time":1643.056168786,"data":"Transit Least Squares TLS 1.32 (5 Apr 2024)\n"}
,{"stream_name":"stdout","time":1643.059409322,"data":"Creating model cache for 43 durations\n"}
,{"stream_name":"stdout","time":1643.072628591,"data":"Searching 9304 data points, 7765 periods from 0.62 to 29.989 days\n"}
,{"stream_name":"stdout","time":1643.072727345,"data":"Using 1 of 4 CPU threads\n"}
,{"stream_name":"stdout","time":1716.775172243,"data":"Searching for best T0 for period 13.89947 days\n"}
,{"stream_name":"stderr","time":1718.782492734,"data":"/usr/local/lib/python3.13/dist-packages/transitleastsquares/main.py:411: UserWarning: 24 of 28 transits without data. The true period may be twice the given period.\n"}
,{"stream_name":"stderr","time":1718.782549072,"data":"  warnings.warn(text)\n"}
,{"stream_name":"stdout","time":1724.383988326,"data":"Transit Least Squares TLS 1.32 (5 Apr 2024)\n"}
,{"stream_name":"stdout","time":1724.396263308,"data":"Creating model cache for 43 durations\n"}
,{"stream_name":"stdout","time":1724.416811402,"data":"Searching 7393 data points, 34656 periods from 0.666 to 29.995 days\n"}
,{"stream_name":"stdout","time":1724.416944855,"data":"Using 1 of 4 CPU threads\n"}
,{"stream_name":"stdout","time":1755.456690833,"data":"Searching for best T0 for period 3.31658 days\n"}
,{"stream_name":"stdout","time":1764.319413426,"data":"Transit Least Squares TLS 1.32 (5 Apr 2024)\n"}
,{"stream_name":"stdout","time":1764.323428427,"data":"Creating model cache for 42 durations\n"}
,{"stream_name":"stdout","time":1764.334684201,"data":"Searching 5316 data points, 4607 periods from 0.654 to 25.215 days\n"}
,{"stream_name":"stdout","time":1764.335055447,"data":"Using 1 of 4 CPU threads\n"}
,{"stream_name":"stdout","time":1766.213298353,"data":"Searching for best T0 for period 1.12420 days\n"}
,{"stream_name":"stdout","time":1773.880684842,"data":"Transit Least Squares TLS 1.32 (5 Apr 2024)\n"}
,{"stream_name":"stdout","time":1773.886413358,"data":"Creating model cache for 42 durations\n"}
,{"stream_name":"stdout","time":1773.899283837,"data":"Searching 6510 data points, 10718 periods from 0.5 to 25.132 days\n"}
,{"stream_name":"stdout","time":1773.899504978,"data":"Using 1 of 4 CPU threads\n"}
,{"stream_name":"stdout","time":1810.321825014,"data":"Searching for best T0 for period 25.21506 days\n"}
,{"stream_name":"stderr","time":1811.51556214,"data":"/usr/local/lib/python3.13/dist-packages/transitleastsquares/main.py:411: UserWarning: 1 of 2 transits without data. The true period may be twice the given period.\n"}
,{"stream_name":"stderr","time":1811.515601649,"data":"  warnings.warn(text)\n"}
,{"stream_name":"stdout","time":1815.419994622,"data":"Transit Least Squares TLS 1.32 (5 Apr 2024)\n"}
,{"stream_name":"stdout","time":1815.424326867,"data":"Creating model cache for 43 durations\n"}
,{"stream_name":"stdout","time":1815.439148322,"data":"Searching 6678 data points, 11014 periods from 0.5 to 29.979 days\n"}
,{"stream_name":"stdout","time":1815.439361854,"data":"Using 1 of 4 CPU threads\n"}
,{"stream_name":"stdout","time":1912.686299103,"data":"Searching for best T0 for period 18.29137 days\n"}
,{"stream_name":"stderr","time":1914.385318784,"data":"/usr/local/lib/python3.13/dist-packages/transitleastsquares/main.py:411: UserWarning: 1 of 3 transits without data. The true period may be twice the given period.\n"}
,{"stream_name":"stderr","time":1914.385357531,"data":"  warnings.warn(text)\n"}
,{"stream_name":"stdout","time":1918.381799933,"data":"Transit Least Squares TLS 1.32 (5 Apr 2024)\n"}
,{"stream_name":"stdout","time":1918.385355424,"data":"Creating model cache for 37 durations\n"}
,{"stream_name":"stdout","time":1918.395004339,"data":"Searching 2973 data points, 1727 periods from 0.699 to 11.687 days\n"}
,{"stream_name":"stdout","time":1918.395168294,"data":"Using 1 of 4 CPU threads\n"}
,{"stream_name":"stdout","time":1927.554709305,"data":"Searching for best T0 for period 1.26277 days\n"}
,{"stream_name":"stdout","time":1933.484170241,"data":"Transit Least Squares TLS 1.32 (5 Apr 2024)\n"}
,{"stream_name":"stdout","time":1933.494837466,"data":"Creating model cache for 43 durations\n"}
,{"stream_name":"stdout","time":1933.514352444,"data":"Searching 9245 data points, 29309 periods from 0.5 to 29.995 days\n"}
,{"stream_name":"stdout","time":1933.514580101,"data":"Using 1 of 4 CPU threads\n"}
,{"stream_name":"stdout","time":1941.578659199,"data":"Searching for best T0 for period 3.15238 days\n"}
,{"stream_name":"stderr","time":1943.166855423,"data":"/usr/local/lib/python3.13/dist-packages/transitleastsquares/main.py:411: UserWarning: 10 of 25 transits without data. The true period may be twice the given period.\n"}
,{"stream_name":"stderr","time":1943.166895537,"data":"  warnings.warn(text)\n"}
,{"stream_name":"stdout","time":1949.031513065,"data":"Transit Least Squares TLS 1.32 (5 Apr 2024)\n"}
,{"stream_name":"stdout","time":1949.035402244,"data":"Creating model cache for 43 durations\n"}
,{"stream_name":"stdout","time":1949.049436757,"data":"Searching 6678 data points, 11014 periods from 0.5 to 29.979 days\n"}
,{"stream_name":"stdout","time":1949.049569814,"data":"Using 1 of 4 CPU threads\n"}
,{"stream_name":"stdout","time":2070.260748088,"data":"Searching for best T0 for period 5.13962 days\n"}
,{"stream_name":"stderr","time":2072.432216608,"data":"/usr/local/lib/python3.13/dist-packages/transitleastsquares/main.py:411: UserWarning: 7 of 16 transits without data. The true period may be twice the given period.\n"}
,{"stream_name":"stderr","time":2072.432256018,"data":"  warnings.warn(text)\n"}
,{"stream_name":"stdout","time":2077.215079041,"data":"Transit Least Squares TLS 1.32 (5 Apr 2024)\n"}
,{"stream_name":"stdout","time":2077.220434843,"data":"Creating model cache for 43 durations\n"}
,{"stream_name":"stdout","time":2077.232358176,"data":"Searching 6678 data points, 11014 periods from 0.5 to 29.979 days\n"}
,{"stream_name":"stdout","time":2077.232515001,"data":"Using 1 of 4 CPU threads\n"}
,{"stream_name":"stdout","time":2152.178538171,"data":"Searching for best T0 for period 0.68106 days\n"}
,{"stream_name":"stderr","time":2154.041017169,"data":"/usr/local/lib/python3.13/dist-packages/transitleastsquares/main.py:411: UserWarning: 480 of 555 transits without data. The true period may be twice the given period.\n"}
,{"stream_name":"stderr","time":2154.041073522,"data":"  warnings.warn(text)\n"}
,{"stream_name":"stdout","time":2162.679609213,"data":"Transit Least Squares TLS 1.32 (5 Apr 2024)\n"}
,{"stream_name":"stdout","time":2162.692075058,"data":"Creating model cache for 43 durations\n"}
,{"stream_name":"stdout","time":2162.712502765,"data":"Searching 7393 data points, 34656 periods from 0.666 to 29.995 days\n"}
,{"stream_name":"stdout","time":2162.712848312,"data":"Using 1 of 4 CPU threads\n"}
,{"stream_name":"stdout","time":2202.812761252,"data":"Searching for best T0 for period 12.39378 days\n"}
,{"stream_name":"stderr","time":2204.574821844,"data":"/usr/local/lib/python3.13/dist-packages/transitleastsquares/main.py:411: UserWarning: 2 of 6 transits without data. The true period may be twice the given period.\n"}
,{"stream_name":"stderr","time":2204.574861326,"data":"  warnings.warn(text)\n"}
,{"stream_name":"stdout","time":2210.104556585,"data":"Transit Least Squares TLS 1.32 (5 Apr 2024)\n"}
,{"stream_name":"stdout","time":2210.107264163,"data":"Creating model cache for 43 durations\n"}
,{"stream_name":"stdout","time":2210.120088279,"data":"Searching 9075 data points, 7085 periods from 0.715 to 29.984 days\n"}
,{"stream_name":"stdout","time":2210.120235882,"data":"Using 1 of 4 CPU threads\n"}
,{"stream_name":"stdout","time":2320.175440492,"data":"Searching for best T0 for period 2.41217 days\n"}
,{"stream_name":"stdout","time":2329.903557181,"data":"Transit Least Squares TLS 1.32 (5 Apr 2024)\n"}
,{"stream_name":"stdout","time":2329.906468795,"data":"Creating model cache for 43 durations\n"}
,{"stream_name":"stdout","time":2329.919081356,"data":"Searching 9075 data points, 7085 periods from 0.715 to 29.984 days\n"}
,{"stream_name":"stdout","time":2329.919249931,"data":"Using 1 of 4 CPU threads\n"}
,{"stream_name":"stdout","time":2383.745993855,"data":"Searching for best T0 for period 3.42320 days\n"}
,{"stream_name":"stderr","time":2385.647014448,"data":"/usr/local/lib/python3.13/dist-packages/transitleastsquares/stats.py:458: RuntimeWarning: divide by zero encountered in scalar divide\n"}
,{"stream_name":"stderr","time":2385.647054961,"data":"  snr_pink_per_transit[i] = (1 - mean_flux) / pinknoise\n"}
,{"stream_name":"stderr","time":2385.808488415,"data":"/usr/local/lib/python3.13/dist-packages/transitleastsquares/main.py:411: UserWarning: 44 of 63 transits without data. The true period may be twice the given period.\n"}
,{"stream_name":"stderr","time":2385.808525983,"data":"  warnings.warn(text)\n"}
,{"stream_name":"stdout","time":2392.855920523,"data":"Transit Least Squares TLS 1.32 (5 Apr 2024)\n"}
,{"stream_name":"stdout","time":2392.867481544,"data":"Creating model cache for 43 durations\n"}
,{"stream_name":"stdout","time":2392.886953377,"data":"Searching 5905 data points, 33035 periods from 0.609 to 29.995 days\n"}
,{"stream_name":"stdout","time":2392.887151925,"data":"Using 1 of 4 CPU threads\n"}
,{"stream_name":"stdout","time":2423.47480103,"data":"Searching for best T0 for period 1.05499 days\n"}
,{"stream_name":"stderr","time":2425.545667757,"data":"/usr/local/lib/python3.13/dist-packages/transitleastsquares/main.py:411: UserWarning: 266 of 332 transits without data. The true period may be twice the given period.\n"}
,{"stream_name":"stderr","time":2425.545710346,"data":"  warnings.warn(text)\n"}
,{"stream_name":"stdout","time":2435.614854432,"data":"Transit Least Squares TLS 1.32 (5 Apr 2024)\n"}
,{"stream_name":"stdout","time":2435.62783117,"data":"Creating model cache for 43 durations\n"}
,{"stream_name":"stdout","time":2435.648988277,"data":"Searching 9966 data points, 37467 periods from 0.58 to 29.994 days\n"}
,{"stream_name":"stdout","time":2435.64922867,"data":"Using 1 of 4 CPU threads\n"}
,{"stream_name":"stdout","time":2505.663607248,"data":"Searching for best T0 for period 1.09987 days\n"}
,{"stream_name":"stdout","time":2515.040214554,"data":"Transit Least Squares TLS 1.32 (5 Apr 2024)\n"}
,{"stream_name":"stdout","time":2515.042353343,"data":"Creating model cache for 38 durations\n"}
,{"stream_name":"stdout","time":2515.051739622,"data":"Searching 3638 data points, 2371 periods from 0.622 to 13.548 days\n"}
,{"stream_name":"stdout","time":2515.052035308,"data":"Using 1 of 4 CPU threads\n"}
,{"stream_name":"stdout","time":2531.579053466,"data":"Searching for best T0 for period 0.96015 days\n"}
,{"stream_name":"stdout","time":2536.602461825,"data":"Transit Least Squares TLS 1.32 (5 Apr 2024)\n"}
,{"stream_name":"stdout","time":2536.603891332,"data":"Creating model cache for 38 durations\n"}
,{"stream_name":"stdout","time":2536.615636852,"data":"Searching 3638 data points, 2371 periods from 0.622 to 13.548 days\n"}
,{"stream_name":"stdout","time":2536.61581511,"data":"Using 1 of 4 CPU threads\n"}
,{"stream_name":"stdout","time":2561.128104214,"data":"Searching for best T0 for period 1.13690 days\n"}
,{"stream_name":"stdout","time":2565.867910834,"data":"Transit Least Squares TLS 1.32 (5 Apr 2024)\n"}
,{"stream_name":"stdout","time":2565.869532088,"data":"Creating model cache for 38 durations\n"}
,{"stream_name":"stdout","time":2565.879865418,"data":"Searching 3722 data points, 3594 periods from 0.5 to 13.83 days\n"}
,{"stream_name":"stdout","time":2565.879978554,"data":"Using 1 of 4 CPU threads\n"}
,{"stream_name":"stdout","time":2603.001719299,"data":"Searching for best T0 for period 2.19204 days\n"}
,{"stream_name":"stdout","time":2606.851063554,"data":"Transit Least Squares TLS 1.32 (5 Apr 2024)\n"}
,{"stream_name":"stdout","time":2606.852932177,"data":"Creating model cache for 38 durations\n"}
,{"stream_name":"stdout","time":2606.863955152,"data":"Searching 3722 data points, 3594 periods from 0.5 to 13.83 days\n"}
,{"stream_name":"stdout","time":2606.864137864,"data":"Using 1 of 4 CPU threads\n"}
,{"stream_name":"stdout","time":2639.105766537,"data":"Searching for best T0 for period 12.64105 days\n"}
,{"stream_name":"stdout","time":2642.854838062,"data":"Transit Least Squares TLS 1.32 (5 Apr 2024)\n"}
,{"stream_name":"stdout","time":2642.856962505,"data":"Creating model cache for 38 durations\n"}
,{"stream_name":"stdout","time":2642.867553658,"data":"Searching 3722 data points, 3594 periods from 0.5 to 13.83 days\n"}
,{"stream_name":"stdout","time":2642.867891359,"data":"Using 1 of 4 CPU threads\n"}
,{"stream_name":"stdout","time":2684.874440021,"data":"Searching for best T0 for period 0.64362 days\n"}
,{"stream_name":"stdout","time":2689.631446488,"data":"Transit Least Squares TLS 1.32 (5 Apr 2024)\n"}
,{"stream_name":"stdout","time":2689.63311642,"data":"Creating model cache for 38 durations\n"}
,{"stream_name":"stdout","time":2689.64316721,"data":"Searching 3336 data points, 2985 periods from 0.5 to 13.156 days\n"}
,{"stream_name":"stdout","time":2689.643376362,"data":"Using 1 of 4 CPU threads\n"}
,{"stream_name":"stdout","time":2710.561356494,"data":"Searching for best T0 for period 11.95589 days\n"}
,{"stream_name":"stderr","time":2711.136142959,"data":"/usr/local/lib/python3.13/dist-packages/transitleastsquares/main.py:411: UserWarning: 1 of 3 transits without data. The true period may be twice the given period.\n"}
,{"stream_name":"stderr","time":2711.136200071,"data":"  warnings.warn(text)\n"}
,{"stream_name":"stdout","time":2713.79090154,"data":"Transit Least Squares TLS 1.32 (5 Apr 2024)\n"}
,{"stream_name":"stdout","time":2713.793046879,"data":"Creating model cache for 38 durations\n"}
,{"stream_name":"stdout","time":2713.803198383,"data":"Searching 3336 data points, 2985 periods from 0.5 to 13.156 days\n"}
,{"stream_name":"stdout","time":2713.803517893,"data":"Using 1 of 4 CPU threads\n"}
,{"stream_name":"stdout","time":2737.650502719,"data":"Searching for best T0 for period 6.07668 days\n"}
,{"stream_name":"stdout","time":2741.128117583,"data":"Transit Least Squares TLS 1.32 (5 Apr 2024)\n"}
,{"stream_name":"stdout","time":2741.129623941,"data":"Creating model cache for 38 durations\n"}
,{"stream_name":"stdout","time":2741.139940003,"data":"Searching 3336 data points, 2985 periods from 0.5 to 13.156 days\n"}
,{"stream_name":"stdout","time":2741.140140518,"data":"Using 1 of 4 CPU threads\n"}
,{"stream_name":"stdout","time":2759.578799657,"data":"Searching for best T0 for period 6.69322 days\n"}
,{"stream_name":"stdout","time":2762.857036395,"data":"Transit Least Squares TLS 1.32 (5 Apr 2024)\n"}
,{"stream_name":"stdout","time":2762.858761458,"data":"Creating model cache for 38 durations\n"}
,{"stream_name":"stdout","time":2762.868678211,"data":"Searching 3336 data points, 2985 periods from 0.5 to 13.156 days\n"}
,{"stream_name":"stdout","time":2762.868857701,"data":"Using 1 of 4 CPU threads\n"}
,{"stream_name":"stdout","time":2784.998903727,"data":"Searching for best T0 for period 10.57854 days\n"}
,{"stream_name":"stdout","time":2788.654106298,"data":"Transit Least Squares TLS 1.32 (5 Apr 2024)\n"}
,{"stream_name":"stdout","time":2788.65723326,"data":"Creating model cache for 43 durations\n"}
,{"stream_name":"stdout","time":2788.669675593,"data":"Searching 6228 data points, 5521 periods from 0.605 to 27.377 days\n"}
,{"stream_name":"stdout","time":2788.669866606,"data":"Using 1 of 4 CPU threads\n"}
,{"stream_name":"stdout","time":2844.485866705,"data":"Searching for best T0 for period 24.21280 days\n"}
,{"stream_name":"stdout","time":2850.370850296,"data":"Transit Least Squares TLS 1.32 (5 Apr 2024)\n"}
,{"stream_name":"stdout","time":2850.373021186,"data":"Creating model cache for 43 durations\n"}
,{"stream_name":"stdout","time":2850.384793935,"data":"Searching 6228 data points, 5521 periods from 0.605 to 27.377 days\n"}
,{"stream_name":"stdout","time":2850.384973667,"data":"Using 1 of 4 CPU threads\n"}
,{"stream_name":"stdout","time":2906.200641769,"data":"Searching for best T0 for period 0.89761 days\n"}
,{"stream_name":"stdout","time":2906.766222194,"data":"Searching for best T0 for period 0.93825 days\n"}
,{"stream_name":"stderr","time":2908.502487294,"data":"/usr/local/lib/python3.13/dist-packages/transitleastsquares/main.py:411: UserWarning: 349 of 404 transits without data. The true period may be twice the given period.\n"}
,{"stream_name":"stderr","time":2908.502526444,"data":"  warnings.warn(text)\n"}
,{"stream_name":"stdout","time":2912.845750518,"data":"Transit Least Squares TLS 1.32 (5 Apr 2024)\n"}
,{"stream_name":"stdout","time":2912.851468294,"data":"Creating model cache for 43 durations\n"}
,{"stream_name":"stdout","time":2912.861689284,"data":"Searching 5558 data points, 5072 periods from 0.644 to 27.026 days\n"}
,{"stream_name":"stdout","time":2912.862065693,"data":"Using 1 of 4 CPU threads\n"}
,{"stream_name":"stdout","time":2914.813671935,"data":"Transit Least Squares TLS 1.32 (5 Apr 2024)\n"}
,{"stream_name":"stdout","time":2914.814920579,"data":"Creating model cache for 37 durations\n"}
,{"stream_name":"stdout","time":2914.824431724,"data":"Searching 2952 data points, 1452 periods from 0.806 to 11.694 days\n"}
,{"stream_name":"stdout","time":2914.824725007,"data":"Using 1 of 4 CPU threads\n"}
,{"stream_name":"stdout","time":2923.344103352,"data":"Searching for best T0 for period 1.23342 days\n"}
,{"stream_name":"stdout","time":2929.526238624,"data":"Transit Least Squares TLS 1.32 (5 Apr 2024)\n"}
,{"stream_name":"stdout","time":2929.52874529,"data":"Creating model cache for 43 durations\n"}
,{"stream_name":"stdout","time":2929.542397071,"data":"Searching 9198 data points, 6715 periods from 0.737 to 29.993 days\n"}
,{"stream_name":"stdout","time":2929.542503324,"data":"Using 1 of 4 CPU threads\n"}
,{"stream_name":"stdout","time":2937.676130999,"data":"Searching for best T0 for period 0.63451 days\n"}
,{"stream_name":"stderr","time":2938.432866305,"data":"/usr/local/lib/python3.13/dist-packages/numpy/_core/_methods.py:218: RuntimeWarning: Degrees of freedom \u003c= 0 for slice\n"}
,{"stream_name":"stderr","time":2938.432907146,"data":"  ret = _var(a, axis=axis, dtype=dtype, out=out, ddof=ddof,\n"}
,{"stream_name":"stderr","time":2938.432964863,"data":"/usr/local/lib/python3.13/dist-packages/numpy/_core/_methods.py:175: RuntimeWarning: invalid value encountered in divide\n"}
,{"stream_name":"stderr","time":2938.432976858,"data":"  arrmean = um.true_divide(arrmean, div, out=arrmean,\n"}
,{"stream_name":"stderr","time":2938.433119991,"data":"/usr/local/lib/python3.13/dist-packages/numpy/_core/_methods.py:210: RuntimeWarning: invalid value encountered in scalar divide\n"}
,{"stream_name":"stderr","time":2938.433137289,"data":"  ret = ret.dtype.type(ret / rcount)\n"}
,{"stream_name":"stderr","time":2939.485173257,"data":"/usr/local/lib/python3.13/dist-packages/transitleastsquares/main.py:411: UserWarning: 467 of 514 transits without data. The true period may be twice the given period.\n"}
,{"stream_name":"stderr","time":2939.485230674,"data":"  warnings.warn(text)\n"}
,{"stream_name":"stdout","time":2945.056132167,"data":"Transit Least Squares TLS 1.32 (5 Apr 2024)\n"}
,{"stream_name":"stdout","time":2945.057430377,"data":"Creating model cache for 42 durations\n"}
,{"stream_name":"stdout","time":2945.068477447,"data":"Searching 6112 data points, 2877 periods from 0.973 to 24.954 days\n"}
,{"stream_name":"stdout","time":2945.0685887,"data":"Using 1 of 4 CPU threads\n"}
,{"stream_name":"stdout","time":2956.90805056,"data":"Searching for best T0 for period 11.86268 days\n"}
,{"stream_name":"stdout","time":2961.792061462,"data":"Transit Least Squares TLS 1.32 (5 Apr 2024)\n"}
,{"stream_name":"stdout","time":2961.792734055,"data":"Creating model cache for 37 durations\n"}
,{"stream_name":"stdout","time":2961.804447659,"data":"Searching 3351 data points, 846 periods from 1.344 to 12.712 days\n"}
,{"stream_name":"stdout","time":2961.804505403,"data":"Using 1 of 4 CPU threads\n"}
,{"stream_name":"stdout","time":2967.555609922,"data":"Searching for best T0 for period 12.22191 days\n"}
,{"stream_name":"stdout","time":2972.177980333,"data":"Transit Least Squares TLS 1.32 (5 Apr 2024)\n"}
,{"stream_name":"stdout","time":2972.179102129,"data":"Creating model cache for 43 durations\n"}
,{"stream_name":"stdout","time":2972.190049014,"data":"Searching 7202 data points, 2376 periods from 1.208 to 26.336 days\n"}
,{"stream_name":"stdout","time":2972.19017906,"data":"Using 1 of 4 CPU threads\n"}
,{"stream_name":"stdout","time":2982.772732098,"data":"Searching for best T0 for period 2.98760 days\n"}
,{"stream_name":"stdout","time":2989.201553635,"data":"Transit Least Squares TLS 1.32 (5 Apr 2024)\n"}
,{"stream_name":"stdout","time":2989.202943952,"data":"Creating model cache for 42 durations\n"}
,{"stream_name":"stdout","time":2989.213963657,"data":"Searching 6112 data points, 2877 periods from 0.973 to 24.954 days\n"}
,{"stream_name":"stdout","time":2989.214125249,"data":"Using 1 of 4 CPU threads\n"}
,{"stream_name":"stdout","time":3007.730435043,"data":"Searching for best T0 for period 1.52411 days\n"}
,{"stream_name":"stdout","time":3015.093878895,"data":"Transit Least Squares TLS 1.32 (5 Apr 2024)\n"}
,{"stream_name":"stdout","time":3015.094719858,"data":"Creating model cache for 38 durations\n"}
,{"stream_name":"stdout","time":3015.104058105,"data":"Searching 3415 data points, 978 periods from 1.207 to 12.77 days\n"}
,{"stream_name":"stdout","time":3015.104178753,"data":"Using 1 of 4 CPU threads\n"}
,{"stream_name":"stdout","time":3025.487516436,"data":"Searching for best T0 for period 1.60569 days\n"}
,{"stream_name":"stdout","time":3028.439059037,"data":"Searching for best T0 for period 1.71123 days\n"}
,{"stream_name":"stdout","time":3030.628072779,"data":"Transit Least Squares TLS 1.32 (5 Apr 2024)\n"}
,{"stream_name":"stdout","time":3030.629499336,"data":"Creating model cache for 43 durations\n"}
,{"stream_name":"stdout","time":3030.641598097,"data":"Searching 7202 data points, 2376 periods from 1.208 to 26.336 days\n"}
,{"stream_name":"stdout","time":3030.641716309,"data":"Using 1 of 4 CPU threads\n"}
,{"stream_name":"stdout","time":3036.020853131,"data":"Transit Least Squares TLS 1.32 (5 Apr 2024)\n"}
,{"stream_name":"stdout","time":3036.035485379,"data":"Creating model cache for 43 durations\n"}
,{"stream_name":"stdout","time":3036.057459282,"data":"Searching 6324 data points, 42456 periods from 0.521 to 29.997 days\n"}
,{"stream_name":"stdout","time":3036.057811549,"data":"Using 1 of 4 CPU threads\n"}
,{"stream_name":"stdout","time":3056.146845772,"data":"Searching for best T0 for period 15.96151 days\n"}
,{"stream_name":"stdout","time":3063.509691088,"data":"Transit Least Squares TLS 1.32 (5 Apr 2024)\n"}
,{"stream_name":"stdout","time":3063.510829811,"data":"Creating model cache for 38 durations\n"}
,{"stream_name":"stdout","time":3063.521135403,"data":"Searching 2987 data points, 1770 periods from 0.749 to 12.774 days\n"}
,{"stream_name":"stdout","time":3063.521383785,"data":"Using 1 of 4 CPU threads\n"}
,{"stream_name":"stdout","time":3065.927889729,"data":"Searching for best T0 for period 14.19239 days\n"}
,{"stream_name":"stdout","time":3073.449165962,"data":"Transit Least Squares TLS 1.32 (5 Apr 2024)\n"}
,{"stream_name":"stdout","time":3073.45332974,"data":"Creating model cache for 43 durations\n"}
,{"stream_name":"stdout","time":3073.462287585,"data":"Searching 7202 data points, 2376 periods from 1.208 to 26.336 days\n"}
,{"stream_name":"stdout","time":3073.46242543,"data":"Using 1 of 4 CPU threads\n"}
,{"stream_name":"stdout","time":3076.374432675,"data":"Searching for best T0 for period 8.27480 days\n"}
,{"stream_name":"stderr","time":3076.873766455,"data":"/usr/local/lib/python3.13/dist-packages/transitleastsquares/main.py:411: UserWarning: 1 of 3 transits without data. The true period may be twice the given period.\n"}
,{"stream_name":"stderr","time":3076.873824489,"data":"  warnings.warn(text)\n"}
,{"stream_name":"stdout","time":3079.401032394,"data":"Transit Least Squares TLS 1.32 (5 Apr 2024)\n"}
,{"stream_name":"stdout","time":3079.402139861,"data":"Creating model cache for 38 durations\n"}
,{"stream_name":"stdout","time":3079.412243345,"data":"Searching 2987 data points, 1770 periods from 0.749 to 12.774 days\n"}
,{"stream_name":"stdout","time":3079.412428306,"data":"Using 1 of 4 CPU threads\n"}
,{"stream_name":"stdout","time":3092.946427309,"data":"Searching for best T0 for period 1.15623 days\n"}
,{"stream_name":"stdout","time":3096.824562797,"data":"Transit Least Squares TLS 1.32 (5 Apr 2024)\n"}
,{"stream_name":"stdout","time":3096.825808297,"data":"Creating model cache for 38 durations\n"}
,{"stream_name":"stdout","time":3096.836150731,"data":"Searching 2987 data points, 1770 periods from 0.749 to 12.774 days\n"}
,{"stream_name":"stdout","time":3096.836562339,"data":"Using 1 of 4 CPU threads\n"}
,{"stream_name":"stdout","time":3108.895213378,"data":"Searching for best T0 for period 2.37139 days\n"}
,{"stream_name":"stderr","time":3111.228024615,"data":"/usr/local/lib/python3.13/dist-packages/numpy/_core/_methods.py:218: RuntimeWarning: Degrees of freedom \u003c= 0 for slice\n"}
,{"stream_name":"stderr","time":3111.22809226,"data":"  ret = _var(a, axis=axis, dtype=dtype, out=out, ddof=ddof,\n"}
,{"stream_name":"stderr","time":3111.228311165,"data":"/usr/local/lib/python3.13/dist-packages/numpy/_core/_methods.py:175: RuntimeWarning: invalid value encountered in divide\n"}
,{"stream_name":"stderr","time":3111.228326856,"data":"  arrmean = um.true_divide(arrmean, div, out=arrmean,\n"}
,{"stream_name":"stderr","time":3111.228563837,"data":"/usr/local/lib/python3.13/dist-packages/numpy/_core/_methods.py:210: RuntimeWarning: invalid value encountered in scalar divide\n"}
,{"stream_name":"stderr","time":3111.228574272,"data":"  ret = ret.dtype.type(ret / rcount)\n"}
,{"stream_name":"stdout","time":3113.278783248,"data":"Searching for best T0 for period 1.42422 days\n"}
,{"stream_name":"stdout","time":3115.959751217,"data":"Transit Least Squares TLS 1.32 (5 Apr 2024)\n"}
,{"stream_name":"stdout","time":3115.96124429,"data":"Creating model cache for 37 durations\n"}
,{"stream_name":"stdout","time":3115.97714442,"data":"Searching 2626 data points, 2983 periods from 0.5 to 12.096 days\n"}
,{"stream_name":"stdout","time":3115.977325419,"data":"Using 1 of 4 CPU threads\n"}
,{"stream_name":"stdout","time":3118.038981344,"data":"Transit Least Squares TLS 1.32 (5 Apr 2024)\n"}
,{"stream_name":"stdout","time":3118.042504313,"data":"Creating model cache for 43 durations\n"}
,{"stream_name":"stdout","time":3118.056572259,"data":"Searching 6470 data points, 8375 periods from 0.5 to 27.027 days\n"}
,{"stream_name":"stdout","time":3118.05682633,"data":"Using 1 of 4 CPU threads\n"}
,{"stream_name":"stdout","time":3134.814450858,"data":"Searching for best T0 for period 10.09379 days\n"}
,{"stream_name":"stdout","time":3137.582759526,"data":"Transit Least Squares TLS 1.32 (5 Apr 2024)\n"}
,{"stream_name":"stdout","time":3137.584167204,"data":"Creating model cache for 37 durations\n"}
,{"stream_name":"stdout","time":3137.594665459,"data":"Searching 2626 data points, 2983 periods from 0.5 to 12.096 days\n"}
,{"stream_name":"stdout","time":3137.594858658,"data":"Using 1 of 4 CPU threads\n"}
,{"stream_name":"stdout","time":3155.579494063,"data":"Searching for best T0 for period 8.07852 days\n"}
,{"stream_name":"stdout","time":3158.793879576,"data":"Transit Least Squares TLS 1.32 (5 Apr 2024)\n"}
,{"stream_name":"stdout","time":3158.796126084,"data":"Creating model cache for 42 durations\n"}
,{"stream_name":"stdout","time":3158.807457756,"data":"Searching 3953 data points, 5157 periods from 0.591 to 25.17 days\n"}
,{"stream_name":"stdout","time":3158.807601097,"data":"Using 1 of 4 CPU threads\n"}
,{"stream_name":"stdout","time":3204.496218978,"data":"Searching for best T0 for period 2.50036 days\n"}
,{"stream_name":"stderr","time":3205.43715563,"data":"/usr/local/lib/python3.13/dist-packages/transitleastsquares/main.py:411: UserWarning: 10 of 20 transits without data. The true period may be twice the given period.\n"}
,{"stream_name":"stderr","time":3205.437214651,"data":"  warnings.warn(text)\n"}
,{"stream_name":"stdout","time":3211.709794253,"data":"Transit Least Squares TLS 1.32 (5 Apr 2024)\n"}
,{"stream_name":"stdout","time":3211.713095082,"data":"Creating model cache for 43 durations\n"}
,{"stream_name":"stdout","time":3211.726656509,"data":"Searching 9462 data points, 9105 periods from 0.538 to 29.997 days\n"}
,{"stream_name":"stdout","time":3211.726877587,"data":"Using 1 of 4 CPU threads\n"}
,{"stream_name":"stdout","time":3270.44444946,"data":"Searching for best T0 for period 1.17819 days\n"}
,{"stream_name":"stdout","time":3276.879851789,"data":"Transit Least Squares TLS 1.32 (5 Apr 2024)\n"}
,{"stream_name":"stdout","time":3276.881774353,"data":"Creating model cache for 37 durations\n"}
,{"stream_name":"stdout","time":3276.892800233,"data":"Searching 3135 data points, 3529 periods from 0.5 to 12.694 days\n"}
,{"stream_name":"stdout","time":3276.893058987,"data":"Using 1 of 4 CPU threads\n"}
,{"stream_name":"stdout","time":3301.997095258,"data":"Searching for best T0 for period 1.25637 days\n"}
,{"stream_name":"stdout","time":3307.109185142,"data":"Transit Least Squares TLS 1.32 (5 Apr 2024)\n"}
,{"stream_name":"stdout","time":3307.113375282,"data":"Creating model cache for 43 durations\n"}
,{"stream_name":"stdout","time":3307.126539379,"data":"Searching 6470 data points, 8375 periods from 0.5 to 27.027 days\n"}
,{"stream_name":"stdout","time":3307.12688379,"data":"Using 1 of 4 CPU threads\n"}
,{"stream_name":"stdout","time":3362.310784143,"data":"Searching for best T0 for period 2.24077 days\n"}
,{"stream_name":"stdout","time":3372.478151064,"data":"Transit Least Squares TLS 1.32 (5 Apr 2024)\n"}
,{"stream_name":"stdout","time":3372.481707159,"data":"Creating model cache for 43 durations\n"}
,{"stream_name":"stdout","time":3372.495124115,"data":"Searching 9462 data points, 9105 periods from 0.538 to 29.997 days\n"}
,{"stream_name":"stdout","time":3372.495230424,"data":"Using 1 of 4 CPU threads\n"}
,{"stream_name":"stdout","time":3403.008531627,"data":"Searching for best T0 for period 1.12987 days\n"}
,{"stream_name":"stderr","time":3405.265148061,"data":"/usr/local/lib/python3.13/dist-packages/transitleastsquares/main.py:411: UserWarning: 250 of 310 transits without data. The true period may be twice the given period.\n"}
,{"stream_name":"stderr","time":3405.265184998,"data":"  warnings.warn(text)\n"}
,{"stream_name":"stdout","time":3413.775942948,"data":"Transit Least Squares TLS 1.32 (5 Apr 2024)\n"}
,{"stream_name":"stdout","time":3413.777602097,"data":"Creating model cache for 38 durations\n"}
,{"stream_name":"stdout","time":3413.788631774,"data":"Searching 3565 data points, 3165 periods from 0.5 to 13.156 days\n"}
,{"stream_name":"stdout","time":3413.78872889,"data":"Using 1 of 4 CPU threads\n"}
,{"stream_name":"stdout","time":3418.141016276,"data":"Searching for best T0 for period 7.09352 days\n"}
,{"stream_name":"stderr","time":3419.969488472,"data":"/usr/local/lib/python3.13/dist-packages/transitleastsquares/main.py:411: UserWarning: 3 of 8 transits without data. The true period may be twice the given period.\n"}
,{"stream_name":"stderr","time":3419.969564166,"data":"  warnings.warn(text)\n"}
,{"stream_name":"stdout","time":3423.714256961,"data":"Transit Least Squares TLS 1.32 (5 Apr 2024)\n"}
,{"stream_name":"stdout","time":3423.715771536,"data":"Creating model cache for 37 durations\n"}
,{"stream_name":"stdout","time":3423.725903908,"data":"Searching 2740 data points, 2915 periods from 0.5 to 12.316 days\n"}
,{"stream_name":"stdout","time":3423.726060116,"data":"Using 1 of 4 CPU threads\n"}
,{"stream_name":"stdout","time":3439.64754764,"data":"Searching for best T0 for period 5.09511 days\n"}
,{"stream_name":"stdout","time":3443.167529922,"data":"Transit Least Squares TLS 1.32 (5 Apr 2024)\n"}
,{"stream_name":"stdout","time":3443.169291645,"data":"Creating model cache for 38 durations\n"}
,{"stream_name":"stdout","time":3443.179185425,"data":"Searching 3342 data points, 2552 periods from 0.568 to 13.156 days\n"}
,{"stream_name":"stdout","time":3443.179369527,"data":"Using 1 of 4 CPU threads\n"}
,{"stream_name":"stdout","time":3447.100255573,"data":"Searching for best T0 for period 1.03751 days\n"}
,{"stream_name":"stdout","time":3450.9529726,"data":"Transit Least Squares TLS 1.32 (5 Apr 2024)\n"}
,{"stream_name":"stdout","time":3450.954508595,"data":"Creating model cache for 38 durations\n"}
,{"stream_name":"stdout","time":3450.965390756,"data":"Searching 3565 data points, 3165 periods from 0.5 to 13.156 days\n"}
,{"stream_name":"stdout","time":3450.965577472,"data":"Using 1 of 4 CPU threads\n"}
,{"stream_name":"stdout","time":3464.20744986,"data":"Searching for best T0 for period 3.53869 days\n"}
,{"stream_name":"stdout","time":3467.616536756,"data":"Transit Least Squares TLS 1.32 (5 Apr 2024)\n"}
,{"stream_name":"stdout","time":3467.617992128,"data":"Creating model cache for 38 durations\n"}
,{"stream_name":"stdout","time":3467.627919577,"data":"Searching 3342 data points, 2552 periods from 0.568 to 13.156 days\n"}
,{"stream_name":"stdout","time":3467.628197378,"data":"Using 1 of 4 CPU threads\n"}
,{"stream_name":"stdout","time":3473.024464208,"data":"Searching for best T0 for period 0.65022 days\n"}
,{"stream_name":"stdout","time":3479.835326841,"data":"Transit Least Squares TLS 1.32 (5 Apr 2024)\n"}
,{"stream_name":"stdout","time":3479.850988494,"data":"Creating model cache for 43 durations\n"}
,{"stream_name":"stdout","time":3479.87412284,"data":"Searching 10199 data points, 43291 periods from 0.5 to 29.996 days\n"}
,{"stream_name":"stdout","time":3479.874425806,"data":"Using 1 of 4 CPU threads\n"}
,{"stream_name":"stdout","time":3486.321153845,"data":"Searching for best T0 for period 11.29287 days\n"}
,{"stream_name":"stdout","time":3489.578913717,"data":"Transit Least Squares TLS 1.32 (5 Apr 2024)\n"}
,{"stream_name":"stdout","time":3489.580073379,"data":"Creating model cache for 38 durations\n"}
,{"stream_name":"stdout","time":3489.590546517,"data":"Searching 3342 data points, 2552 periods from 0.568 to 13.156 days\n"}
,{"stream_name":"stdout","time":3489.59070483,"data":"Using 1 of 4 CPU threads\n"}
,{"stream_name":"stdout","time":3506.992352511,"data":"Searching for best T0 for period 1.14288 days\n"}
,{"stream_name":"stdout","time":3511.416143255,"data":"Transit Least Squares TLS 1.32 (5 Apr 2024)\n"}
,{"stream_name":"stdout","time":3511.419482574,"data":"Creating model cache for 38 durations\n"}
,{"stream_name":"stdout","time":3511.434517507,"data":"Searching 3342 data points, 2552 periods from 0.568 to 13.156 days\n"}
,{"stream_name":"stdout","time":3511.434550773,"data":"Using 1 of 4 CPU threads\n"}
,{"stream_name":"stdout","time":3528.516511039,"data":"Searching for best T0 for period 4.94978 days\n"}
,{"stream_name":"stdout","time":3533.296069087,"data":"Transit Least Squares TLS 1.32 (5 Apr 2024)\n"}
,{"stream_name":"stdout","time":3533.297699744,"data":"Creating model cache for 42 durations\n"}
,{"stream_name":"stdout","time":3533.309873708,"data":"Searching 6519 data points, 3224 periods from 0.896 to 25.357 days\n"}
,{"stream_name":"stdout","time":3533.31008682,"data":"Using 1 of 4 CPU threads\n"}
,{"stream_name":"stdout","time":3596.397112085,"data":"Searching for best T0 for period 1.38421 days\n"}
,{"stream_name":"stdout","time":3603.604443582,"data":"Transit Least Squares TLS 1.32 (5 Apr 2024)\n"}
,{"stream_name":"stdout","time":3603.6057993,"data":"Creating model cache for 42 durations\n"}
,{"stream_name":"stdout","time":3603.618334535,"data":"Searching 6519 data points, 3224 periods from 0.896 to 25.357 days\n"}
,{"stream_name":"stdout","time":3603.618463045,"data":"Using 1 of 4 CPU threads\n"}
,{"stream_name":"stdout","time":3613.894524837,"data":"Searching for best T0 for period 0.69879 days\n"}
,{"stream_name":"stdout","time":3625.556919556,"data":"Transit Least Squares TLS 1.32 (5 Apr 2024)\n"}
,{"stream_name":"stdout","time":3625.560702397,"data":"Creating model cache for 43 durations\n"}
,{"stream_name":"stdout","time":3625.575214091,"data":"Searching 9462 data points, 9105 periods from 0.538 to 29.997 days\n"}
,{"stream_name":"stdout","time":3625.575408759,"data":"Using 1 of 4 CPU threads\n"}
,{"stream_name":"stdout","time":3637.161321102,"data":"Searching for best T0 for period 9.48125 days\n"}
,{"stream_name":"stdout","time":3643.988203584,"data":"Transit Least Squares TLS 1.32 (5 Apr 2024)\n"}
,{"stream_name":"stdout","time":3643.989812926,"data":"Creating model cache for 42 durations\n"}
,{"stream_name":"stdout","time":3644.001480717,"data":"Searching 6519 data points, 3224 periods from 0.896 to 25.357 days\n"}
,{"stream_name":"stdout","time":3644.001698314,"data":"Using 1 of 4 CPU threads\n"}
,{"stream_name":"stdout","time":3679.980376585,"data":"Searching for best T0 for period 5.84142 days\n"}
,{"stream_name":"stderr","time":3681.333841401,"data":"/usr/local/lib/python3.13/dist-packages/transitleastsquares/main.py:411: UserWarning: 52 of 60 transits without data. The true period may be twice the given period.\n"}
,{"stream_name":"stderr","time":3681.333876513,"data":"  warnings.warn(text)\n"}
,{"stream_name":"stdout","time":3686.758524904,"data":"Transit Least Squares TLS 1.32 (5 Apr 2024)\n"}
,{"stream_name":"stdout","time":3686.763019415,"data":"Creating model cache for 43 durations\n"}
,{"stream_name":"stdout","time":3686.780517585,"data":"Searching 6334 data points, 11413 periods from 1.083 to 29.993 days\n"}
,{"stream_name":"stdout","time":3686.780577683,"data":"Using 1 of 4 CPU threads\n"}
,{"stream_name":"stdout","time":3706.557673005,"data":"Searching for best T0 for period 1.13186 days\n"}
,{"stream_name":"stdout","time":3714.235245562,"data":"Transit Least Squares TLS 1.32 (5 Apr 2024)\n"}
,{"stream_name":"stdout","time":3714.236145868,"data":"Creating model cache for 38 durations\n"}
,{"stream_name":"stdout","time":3714.24602443,"data":"Searching 3564 data points, 1455 periods from 0.896 to 13.02 days\n"}
,{"stream_name":"stdout","time":3714.246207041,"data":"Using 1 of 4 CPU threads\n"}
,{"stream_name":"stdout","time":3726.734991981,"data":"Searching for best T0 for period 7.34977 days\n"}
,{"stream_name":"stdout","time":3733.553645098,"data":"Transit Least Squares TLS 1.32 (5 Apr 2024)\n"}
,{"stream_name":"stdout","time":3733.561454681,"data":"Creating model cache for 43 durations\n"}
,{"stream_name":"stdout","time":3733.582328225,"data":"Searching 17213 data points, 22261 periods from 0.669 to 29.992 days\n"}
,{"stream_name":"stdout","time":3733.58240633,"data":"Using 1 of 4 CPU threads\n"}
,{"stream_name":"stdout","time":3761.507219903,"data":"Searching for best T0 for period 3.95349 days\n"}
,{"stream_name":"stdout","time":3771.098913247,"data":"Transit Least Squares TLS 1.32 (5 Apr 2024)\n"}
,{"stream_name":"stdout","time":3771.09969675,"data":"Creating model cache for 37 durations\n"}
,{"stream_name":"stdout","time":3771.10957017,"data":"Searching 2618 data points, 1421 periods from 0.802 to 11.427 days\n"}
,{"stream_name":"stdout","time":3771.109659375,"data":"Using 1 of 4 CPU threads\n"}
,{"stream_name":"stdout","time":3781.506241739,"data":"Searching for best T0 for period 4.62204 days\n"}
,{"stream_name":"stdout","time":3786.938437356,"data":"Transit Least Squares TLS 1.32 (5 Apr 2024)\n"}
,{"stream_name":"stdout","time":3786.939287366,"data":"Creating model cache for 43 durations\n"}
,{"stream_name":"stdout","time":3786.952142889,"data":"Searching 8907 data points, 5687 periods from 0.802 to 29.969 days\n"}
,{"stream_name":"stdout","time":3786.952373212,"data":"Using 1 of 4 CPU threads\n"}
,{"stream_name":"stdout","time":3815.666140687,"data":"Searching for best T0 for period 3.38489 days\n"}
,{"stream_name":"stderr","time":3816.778490287,"data":"/usr/local/lib/python3.13/dist-packages/transitleastsquares/main.py:411: UserWarning: 51 of 65 transits without data. The true period may be twice the given period.\n"}
,{"stream_name":"stderr","time":3816.778769289,"data":"  warnings.warn(text)\n"}
,{"stream_name":"stdout","time":3822.925318003,"data":"Transit Least Squares TLS 1.32 (5 Apr 2024)\n"}
,{"stream_name":"stdout","time":3822.929556288,"data":"Creating model cache for 43 durations\n"}
,{"stream_name":"stdout","time":3822.943382553,"data":"Searching 6334 data points, 11413 periods from 1.083 to 29.993 days\n"}
,{"stream_name":"stdout","time":3822.943570154,"data":"Using 1 of 4 CPU threads\n"}
,{"stream_name":"stdout","time":3887.689953883,"data":"Searching for best T0 for period 24.57399 days\n"}
,{"stream_name":"stdout","time":3895.861855391,"data":"Transit Least Squares TLS 1.32 (5 Apr 2024)\n"}
,{"stream_name":"stdout","time":3895.866094666,"data":"Creating model cache for 43 durations\n"}
,{"stream_name":"stdout","time":3895.880351301,"data":"Searching 6404 data points, 11586 periods from 0.5 to 26.396 days\n"}
,{"stream_name":"stdout","time":3895.880513176,"data":"Using 1 of 4 CPU threads\n"}
,{"stream_name":"stdout","time":3951.047871456,"data":"Searching for best T0 for period 1.71267 days\n"}
,{"stream_name":"stderr","time":3951.852395828,"data":"/usr/local/lib/python3.13/dist-packages/transitleastsquares/main.py:411: UserWarning: 103 of 127 transits without data. The true period may be twice the given period.\n"}
,{"stream_name":"stderr","time":3951.852433428,"data":"  warnings.warn(text)\n"}
,{"stream_name":"stdout","time":3960.282756497,"data":"Transit Least Squares TLS 1.32 (5 Apr 2024)\n"}
,{"stream_name":"stdout","time":3960.284369834,"data":"Creating model cache for 38 durations\n"}
,{"stream_name":"stdout","time":3960.29446609,"data":"Searching 3227 data points, 3169 periods from 0.5 to 13.195 days\n"}
,{"stream_name":"stdout","time":3960.294614277,"data":"Using 1 of 4 CPU threads\n"}
,{"stream_name":"stdout","time":3990.423366058,"data":"Searching for best T0 for period 0.77941 days\n"}
,{"stream_name":"stdout","time":3994.389515951,"data":"Transit Least Squares TLS 1.32 (5 Apr 2024)\n"}
,{"stream_name":"stdout","time":3994.391037925,"data":"Creating model cache for 38 durations\n"}
,{"stream_name":"stdout","time":3994.401865892,"data":"Searching 3227 data points, 3169 periods from 0.5 to 13.195 days\n"}
,{"stream_name":"stdout","time":3994.401974384,"data":"Using 1 of 4 CPU threads\n"}
,{"stream_name":"stdout","time":4013.206909951,"data":"Searching for best T0 for period 4.43058 days\n"}
,{"stream_name":"stdout","time":4016.920834946,"data":"Transit Least Squares TLS 1.32 (5 Apr 2024)\n"}
,{"stream_name":"stdout","time":4016.921665197,"data":"Creating model cache for 37 durations\n"}
,{"stream_name":"stdout","time":4016.93104452,"data":"Searching 3092 data points, 1120 periods from 1.043 to 12.284 days\n"}
,{"stream_name":"stdout","time":4016.931222366,"data":"Using 1 of 4 CPU threads\n"}
,{"stream_name":"stdout","time":4023.882929125,"data":"Searching for best T0 for period 3.15350 days\n"}
,{"stream_name":"stdout","time":4025.430481428,"data":"Searching for best T0 for period 3.05413 days\n"}
,{"stream_name":"stderr","time":4025.499136215,"data":"/usr/local/lib/python3.13/dist-packages/transitleastsquares/stats.py:458: RuntimeWarning: divide by zero encountered in scalar divide\n"}
,{"stream_name":"stderr","time":4025.499176275,"data":"  snr_pink_per_transit[i] = (1 - mean_flux) / pinknoise\n"}
,{"stream_name":"stderr","time":4025.690943716,"data":"/usr/local/lib/python3.13/dist-packages/transitleastsquares/main.py:411: UserWarning: 47 of 69 transits without data. The true period may be twice the given period.\n"}
,{"stream_name":"stderr","time":4025.691018999,"data":"  warnings.warn(text)\n"}
,{"stream_name":"stdout","time":4029.197786944,"data":"Transit Least Squares TLS 1.32 (5 Apr 2024)\n"}
,{"stream_name":"stdout","time":4029.199020169,"data":"Creating model cache for 37 durations\n"}
,{"stream_name":"stdout","time":4029.208377344,"data":"Searching 3092 data points, 1120 periods from 1.043 to 12.284 days\n"}
,{"stream_name":"stdout","time":4029.208719851,"data":"Using 1 of 4 CPU threads\n"}
,{"stream_name":"stdout","time":4034.748102266,"data":"Transit Least Squares TLS 1.32 (5 Apr 2024)\n"}
,{"stream_name":"stdout","time":4034.764547943,"data":"Creating model cache for 43 durations\n"}
,{"stream_name":"stdout","time":4034.789428999,"data":"Searching 10199 data points, 43291 periods from 0.5 to 29.996 days\n"}
,{"stream_name":"stdout","time":4034.78948417,"data":"Using 1 of 4 CPU threads\n"}
,{"stream_name":"stdout","time":4035.768127433,"data":"Searching for best T0 for period 6.70920 days\n"}
,{"stream_name":"stdout","time":4039.891546813,"data":"Searching for best T0 for period 2.67228 days\n"}
,{"stream_name":"stdout","time":4040.087957765,"data":"Transit Least Squares TLS 1.32 (5 Apr 2024)\n"}
,{"stream_name":"stdout","time":4040.091329869,"data":"Creating model cache for 43 durations\n"}
,{"stream_name":"stdout","time":4040.105829095,"data":"Searching 6331 data points, 8730 periods from 0.5 to 26.051 days\n"}
,{"stream_name":"stdout","time":4040.105938948,"data":"Using 1 of 4 CPU threads\n"}
,{"stream_name":"stdout","time":4047.174796707,"data":"Transit Least Squares TLS 1.32 (5 Apr 2024)\n"}
,{"stream_name":"stdout","time":4047.176640496,"data":"Creating model cache for 43 durations\n"}
,{"stream_name":"stdout","time":4047.188502594,"data":"Searching 6878 data points, 4651 periods from 0.695 to 27.026 days\n"}
,{"stream_name":"stdout","time":4047.188602322,"data":"Using 1 of 4 CPU threads\n"}
,{"stream_name":"stdout","time":4092.070244474,"data":"Searching for best T0 for period 5.80061 days\n"}
,{"stream_name":"stdout","time":4099.948240379,"data":"Transit Least Squares TLS 1.32 (5 Apr 2024)\n"}
,{"stream_name":"stdout","time":4099.955300042,"data":"Creating model cache for 43 durations\n"}
,{"stream_name":"stdout","time":4099.97261266,"data":"Searching 10681 data points, 18711 periods from 0.695 to 29.997 days\n"}
,{"stream_name":"stdout","time":4099.972927308,"data":"Using 1 of 4 CPU threads\n"}
,{"stream_name":"stdout","time":4176.23386783,"data":"Searching for best T0 for period 1.00963 days\n"}
,{"stream_name":"stdout","time":4183.008562178,"data":"Transit Least Squares TLS 1.32 (5 Apr 2024)\n"}
,{"stream_name":"stdout","time":4183.011686253,"data":"Creating model cache for 43 durations\n"}
,{"stream_name":"stdout","time":4183.025231475,"data":"Searching 6331 data points, 8730 periods from 0.5 to 26.051 days\n"}
,{"stream_name":"stdout","time":4183.02535925,"data":"Using 1 of 4 CPU threads\n"}
,{"stream_name":"stdout","time":4310.269130051,"data":"Searching for best T0 for period 4.80101 days\n"}
,{"stream_name":"stdout","time":4316.088386327,"data":"Transit Least Squares TLS 1.32 (5 Apr 2024)\n"}
,{"stream_name":"stdout","time":4316.092295061,"data":"Creating model cache for 43 durations\n"}
,{"stream_name":"stdout","time":4316.105804689,"data":"Searching 6331 data points, 8730 periods from 0.5 to 26.051 days\n"}
,{"stream_name":"stdout","time":4316.106048221,"data":"Using 1 of 4 CPU threads\n"}
,{"stream_name":"stdout","time":4395.086957626,"data":"Searching for best T0 for period 16.25740 days\n"}
,{"stream_name":"stderr","time":4397.564291803,"data":"/usr/local/lib/python3.13/dist-packages/transitleastsquares/main.py:411: UserWarning: 8 of 14 transits without data. The true period may be twice the given period.\n"}
,{"stream_name":"stderr","time":4397.564349703,"data":"  warnings.warn(text)\n"}
,{"stream_name":"stdout","time":4405.064364029,"data":"Transit Least Squares TLS 1.32 (5 Apr 2024)\n"}
,{"stream_name":"stdout","time":4405.071292977,"data":"Creating model cache for 43 durations\n"}
,{"stream_name":"stdout","time":4405.088624225,"data":"Searching 10681 data points, 18711 periods from 0.695 to 29.997 days\n"}
,{"stream_name":"stdout","time":4405.088769409,"data":"Using 1 of 4 CPU threads\n"}
,{"stream_name":"stdout","time":4417.531316002,"data":"Searching for best T0 for period 3.45285 days\n"}
,{"stream_name":"stderr","time":4420.884302236,"data":"/usr/local/lib/python3.13/dist-packages/transitleastsquares/main.py:411: UserWarning: 38 of 71 transits without data. The true period may be twice the given period.\n"}
,{"stream_name":"stderr","time":4420.884340298,"data":"  warnings.warn(text)\n"}
,{"stream_name":"stdout","time":4435.040406642,"data":"Transit Least Squares TLS 1.32 (5 Apr 2024)\n"}
,{"stream_name":"stdout","time":4435.048090109,"data":"Creating model cache for 43 durations\n"}
,{"stream_name":"stdout","time":4435.066319335,"data":"Searching 17213 data points, 22261 periods from 0.669 to 29.992 days\n"}
,{"stream_name":"stdout","time":4435.066468722,"data":"Using 1 of 4 CPU threads\n"}
,{"stream_name":"stdout","time":4447.49503184,"data":"Searching for best T0 for period 8.33992 days\n"}
,{"stream_name":"stdout","time":4452.956361353,"data":"Transit Least Squares TLS 1.32 (5 Apr 2024)\n"}
,{"stream_name":"stdout","time":4452.957978735,"data":"Creating model cache for 38 durations\n"}
,{"stream_name":"stdout","time":4452.967703039,"data":"Searching 3212 data points, 1546 periods from 0.854 to 13.035 days\n"}
,{"stream_name":"stdout","time":4452.967970962,"data":"Using 1 of 4 CPU threads\n"}
,{"stream_name":"stdout","time":4468.896291142,"data":"Searching for best T0 for period 1.39404 days\n"}
,{"stream_name":"stdout","time":4472.555096853,"data":"Transit Least Squares TLS 1.32 (5 Apr 2024)\n"}
,{"stream_name":"stdout","time":4472.555857103,"data":"Creating model cache for 38 durations\n"}
,{"stream_name":"stdout","time":4472.565531275,"data":"Searching 3212 data points, 1546 periods from 0.854 to 13.035 days\n"}
,{"stream_name":"stdout","time":4472.565857968,"data":"Using 1 of 4 CPU threads\n"}
,{"stream_name":"stdout","time":4483.560731281,"data":"Searching for best T0 for period 3.18327 days\n"}
,{"stream_name":"stdout","time":4489.298747229,"data":"Transit Least Squares TLS 1.32 (5 Apr 2024)\n"}
,{"stream_name":"stdout","time":4489.307344966,"data":"Creating model cache for 43 durations\n"}
,{"stream_name":"stdout","time":4489.321454811,"data":"Searching 10955 data points, 16381 periods from 0.946 to 29.999 days\n"}
,{"stream_name":"stdout","time":4489.321619794,"data":"Using 1 of 4 CPU threads\n"}
,{"stream_name":"stdout","time":4587.867076568,"data":"Searching for best T0 for period 1.37073 days\n"}
,{"stream_name":"stderr","time":4591.950343969,"data":"/usr/local/lib/python3.13/dist-packages/transitleastsquares/main.py:411: UserWarning: 108 of 160 transits without data. The true period may be twice the given period.\n"}
,{"stream_name":"stderr","time":4591.950412174,"data":"  warnings.warn(text)\n"}
,{"stream_name":"stdout","time":4598.91757468,"data":"Transit Least Squares TLS 1.32 (5 Apr 2024)\n"}
,{"stream_name":"stdout","time":4598.932235162,"data":"Creating model cache for 43 durations\n"}
,{"stream_name":"stdout","time":4598.955424054,"data":"Searching 10199 data points, 43291 periods from 0.5 to 29.996 days\n"}
,{"stream_name":"stdout","time":4598.955615503,"data":"Using 1 of 4 CPU threads\n"}
,{"stream_name":"stdout","time":4828.098675301,"data":"Searching for best T0 for period 10.21470 days\n"}
,{"stream_name":"stderr","time":4830.212851913,"data":"/usr/local/lib/python3.13/dist-packages/transitleastsquares/main.py:411: UserWarning: 18 of 26 transits without data. The true period may be twice the given period.\n"}
,{"stream_name":"stderr","time":4830.212890169,"data":"  warnings.warn(text)\n"}
,{"stream_name":"stdout","time":4836.922803945,"data":"Transit Least Squares TLS 1.32 (5 Apr 2024)\n"}
,{"stream_name":"stdout","time":4836.924546743,"data":"Creating model cache for 42 durations\n"}
,{"stream_name":"stdout","time":4836.935766857,"data":"Searching 5472 data points, 3011 periods from 0.946 to 25.219 days\n"}
,{"stream_name":"stdout","time":4836.936073249,"data":"Using 1 of 4 CPU threads\n"}
,{"stream_name":"stdout","time":4871.793963933,"data":"Searching for best T0 for period 19.62597 days\n"}
,{"stream_name":"stdout","time":4878.376191522,"data":"Transit Least Squares TLS 1.32 (5 Apr 2024)\n"}
,{"stream_name":"stdout","time":4878.382026078,"data":"Creating model cache for 43 durations\n"}
,{"stream_name":"stdout","time":4878.39724981,"data":"Searching 10955 data points, 16381 periods from 0.946 to 29.999 days\n"}
,{"stream_name":"stdout","time":4878.397391952,"data":"Using 1 of 4 CPU threads\n"}
,{"stream_name":"stdout","time":4927.982012786,"data":"Searching for best T0 for period 0.95841 days\n"}
,{"stream_name":"stderr","time":4929.625602151,"data":"/usr/local/lib/python3.13/dist-packages/transitleastsquares/main.py:411: UserWarning: 145 of 224 transits without data. The true period may be twice the given period.\n"}
,{"stream_name":"stderr","time":4929.625660955,"data":"  warnings.warn(text)\n"}
,{"stream_name":"stdout","time":4940.340142296,"data":"Transit Least Squares TLS 1.32 (5 Apr 2024)\n"}
,{"stream_name":"stdout","time":4940.342955982,"data":"Creating model cache for 43 durations\n"}
,{"stream_name":"stdout","time":4940.356010861,"data":"Searching 6994 data points, 7620 periods from 0.5 to 26.67 days\n"}
,{"stream_name":"stdout","time":4940.356338306,"data":"Using 1 of 4 CPU threads\n"}
,{"stream_name":"stdout","time":5069.776215926,"data":"Searching for best T0 for period 4.49108 days\n"}
,{"stream_name":"stdout","time":5076.082020434,"data":"Transit Least Squares TLS 1.32 (5 Apr 2024)\n"}
,{"stream_name":"stdout","time":5076.08365077,"data":"Creating model cache for 38 durations\n"}
,{"stream_name":"stdout","time":5076.093940744,"data":"Searching 3497 data points, 3316 periods from 0.5 to 12.886 days\n"}
,{"stream_name":"stdout","time":5076.094032392,"data":"Using 1 of 4 CPU threads\n"}
,{"stream_name":"stdout","time":5099.49202276,"data":"Searching for best T0 for period 4.42181 days\n"}
,{"stream_name":"stdout","time":5104.616790234,"data":"Transit Least Squares TLS 1.32 (5 Apr 2024)\n"}
,{"stream_name":"stdout","time":5104.61950482,"data":"Creating model cache for 43 durations\n"}
,{"stream_name":"stdout","time":5104.631630783,"data":"Searching 6994 data points, 7620 periods from 0.5 to 26.67 days\n"}
,{"stream_name":"stdout","time":5104.631737051,"data":"Using 1 of 4 CPU threads\n"}
,{"stream_name":"stdout","time":5192.435814249,"data":"Searching for best T0 for period 8.30428 days\n"}
,{"stream_name":"stderr","time":5194.858328771,"data":"/usr/local/lib/python3.13/dist-packages/transitleastsquares/main.py:411: UserWarning: 24 of 32 transits without data. The true period may be twice the given period.\n"}
,{"stream_name":"stderr","time":5194.858367156,"data":"  warnings.warn(text)\n"}
,{"stream_name":"stdout","time":5202.265160976,"data":"Transit Least Squares TLS 1.32 (5 Apr 2024)\n"}
,{"stream_name":"stdout","time":5202.272722859,"data":"Creating model cache for 43 durations\n"}
,{"stream_name":"stdout","time":5202.28850498,"data":"Searching 6256 data points, 20371 periods from 0.649 to 29.999 days\n"}
,{"stream_name":"stdout","time":5202.288564602,"data":"Using 1 of 4 CPU threads\n"}
,{"stream_name":"stdout","time":5215.496005442,"data":"Searching for best T0 for period 4.51003 days\n"}
,{"stream_name":"stdout","time":5222.746456028,"data":"Transit Least Squares TLS 1.32 (5 Apr 2024)\n"}
,{"stream_name":"stdout","time":5222.749434995,"data":"Creating model cache for 43 durations\n"}
,{"stream_name":"stdout","time":5222.762177744,"data":"Searching 6994 data points, 7620 periods from 0.5 to 26.67 days\n"}
,{"stream_name":"stdout","time":5222.762296055,"data":"Using 1 of 4 CPU threads\n"}
,{"stream_name":"stdout","time":5349.582759764,"data":"Searching for best T0 for period 2.58248 days\n"}
,{"stream_name":"stdout","time":5355.899890337,"data":"Transit Least Squares TLS 1.32 (5 Apr 2024)\n"}
,{"stream_name":"stdout","time":5355.90079721,"data":"Creating model cache for 37 durations\n"}
,{"stream_name":"stdout","time":5355.910426271,"data":"Searching 3446 data points, 1174 periods from 1.017 to 12.431 days\n"}
,{"stream_name":"stdout","time":5355.910628434,"data":"Using 1 of 4 CPU threads\n"}
,{"stream_name":"stdout","time":5363.555186681,"data":"Searching for best T0 for period 1.85989 days\n"}
,{"stream_name":"stdout","time":5368.846655228,"data":"Transit Least Squares TLS 1.32 (5 Apr 2024)\n"}
,{"stream_name":"stdout","time":5368.849118988,"data":"Creating model cache for 43 durations\n"}
,{"stream_name":"stdout","time":5368.861382317,"data":"Searching 6939 data points, 6297 periods from 0.532 to 27.051 days\n"}
,{"stream_name":"stdout","time":5368.861625462,"data":"Using 1 of 4 CPU threads\n"}
,{"stream_name":"stdout","time":5429.969163945,"data":"Searching for best T0 for period 1.04265 days\n"}
,{"stream_name":"stdout","time":5432.766381995,"data":"Searching for best T0 for period 1.56199 days\n"}
,{"stream_name":"stderr","time":5433.259883887,"data":"/usr/local/lib/python3.13/dist-packages/transitleastsquares/main.py:411: UserWarning: 119 of 234 transits without data. The true period may be twice the given period.\n"}
,{"stream_name":"stderr","time":5433.259924666,"data":"  warnings.warn(text)\n"}
,{"stream_name":"stdout","time":5439.764454278,"data":"Transit Least Squares TLS 1.32 (5 Apr 2024)\n"}
,{"stream_name":"stdout","time":5439.76557907,"data":"Creating model cache for 36 durations\n"}
,{"stream_name":"stdout","time":5439.777081633,"data":"Searching 2590 data points, 2128 periods from 0.51 to 10.138 days\n"}
,{"stream_name":"stdout","time":5439.777282421,"data":"Using 1 of 4 CPU threads\n"}
,{"stream_name":"stdout","time":5447.097570515,"data":"Transit Least Squares TLS 1.32 (5 Apr 2024)\n"}
,{"stream_name":"stdout","time":5447.098650092,"data":"Creating model cache for 37 durations\n"}
,{"stream_name":"stdout","time":5447.108363208,"data":"Searching 3002 data points, 1835 periods from 0.669 to 11.756 days\n"}
,{"stream_name":"stdout","time":5447.108532335,"data":"Using 1 of 4 CPU threads\n"}
,{"stream_name":"stdout","time":5453.443430299,"data":"Searching for best T0 for period 5.81915 days\n"}
,{"stream_name":"stdout","time":5457.050933861,"data":"Transit Least Squares TLS 1.32 (5 Apr 2024)\n"}
,{"stream_name":"stdout","time":5457.053482895,"data":"Creating model cache for 42 durations\n"}
,{"stream_name":"stdout","time":5457.065887816,"data":"Searching 5582 data points, 6116 periods from 0.51 to 25.264 days\n"}
,{"stream_name":"stdout","time":5457.066079033,"data":"Using 1 of 4 CPU threads\n"}
,{"stream_name":"stdout","time":5460.693727911,"data":"Searching for best T0 for period 5.17106 days\n"}
,{"stream_name":"stdout","time":5465.925917996,"data":"Transit Least Squares TLS 1.32 (5 Apr 2024)\n"}
,{"stream_name":"stdout","time":5465.937467455,"data":"Creating model cache for 43 durations\n"}
,{"stream_name":"stdout","time":5465.956185267,"data":"Searching 12784 data points, 27639 periods from 0.55 to 29.994 days\n"}
,{"stream_name":"stdout","time":5465.956572795,"data":"Using 1 of 4 CPU threads\n"}
,{"stream_name":"stdout","time":5523.110301326,"data":"Searching for best T0 for period 6.05689 days\n"}
,{"stream_name":"stdout","time":5529.284713676,"data":"Transit Least Squares TLS 1.32 (5 Apr 2024)\n"}
,{"stream_name":"stdout","time":5529.287091682,"data":"Creating model cache for 42 durations\n"}
,{"stream_name":"stdout","time":5529.298723565,"data":"Searching 5582 data points, 6116 periods from 0.51 to 25.264 days\n"}
,{"stream_name":"stdout","time":5529.298869096,"data":"Using 1 of 4 CPU threads\n"}
,{"stream_name":"stdout","time":5553.460354502,"data":"Searching for best T0 for period 1.03067 days\n"}
,{"stream_name":"stderr","time":5554.722634916,"data":"/usr/local/lib/python3.13/dist-packages/transitleastsquares/main.py:411: UserWarning: 167 of 209 transits without data. The true period may be twice the given period.\n"}
,{"stream_name":"stderr","time":5554.722676122,"data":"  warnings.warn(text)\n"}
,{"stream_name":"stdout","time":5560.469903656,"data":"Transit Least Squares TLS 1.32 (5 Apr 2024)\n"}
,{"stream_name":"stdout","time":5560.476911702,"data":"Creating model cache for 43 durations\n"}
,{"stream_name":"stdout","time":5560.49261012,"data":"Searching 6256 data points, 20371 periods from 0.649 to 29.999 days\n"}
,{"stream_name":"stdout","time":5560.492804532,"data":"Using 1 of 4 CPU threads\n"}
,{"stream_name":"stdout","time":5605.757172884,"data":"Searching for best T0 for period 1.18735 days\n"}
,{"stream_name":"stdout","time":5611.937675173,"data":"Transit Least Squares TLS 1.32 (5 Apr 2024)\n"}
,{"stream_name":"stdout","time":5611.939993069,"data":"Creating model cache for 42 durations\n"}
,{"stream_name":"stdout","time":5611.951855829,"data":"Searching 5582 data points, 6116 periods from 0.51 to 25.264 days\n"}
,{"stream_name":"stdout","time":5611.952146357,"data":"Using 1 of 4 CPU threads\n"}
,{"stream_name":"stdout","time":5626.524427079,"data":"Searching for best T0 for period 0.80053 days\n"}
,{"stream_name":"stderr","time":5629.09474577,"data":"/usr/local/lib/python3.13/dist-packages/transitleastsquares/main.py:411: UserWarning: 185 of 273 transits without data. The true period may be twice the given period.\n"}
,{"stream_name":"stderr","time":5629.094804595,"data":"  warnings.warn(text)\n"}
,{"stream_name":"stdout","time":5637.546582119,"data":"Transit Least Squares TLS 1.32 (5 Apr 2024)\n"}
,{"stream_name":"stdout","time":5637.560388804,"data":"Creating model cache for 43 durations\n"}
,{"stream_name":"stdout","time":5637.581652286,"data":"Searching 6915 data points, 38186 periods from 0.5 to 30.0 days\n"}
,{"stream_name":"stdout","time":5637.581935419,"data":"Using 1 of 4 CPU threads\n"}
,{"stream_name":"stdout","time":5679.502388959,"data":"Searching for best T0 for period 24.10777 days\n"}
,{"stream_name":"stdout","time":5684.822255733,"data":"Transit Least Squares TLS 1.32 (5 Apr 2024)\n"}
,{"stream_name":"stdout","time":5684.825293852,"data":"Creating model cache for 42 durations\n"}
,{"stream_name":"stdout","time":5684.836775866,"data":"Searching 5582 data points, 6116 periods from 0.51 to 25.264 days\n"}
,{"stream_name":"stdout","time":5684.83694406,"data":"Using 1 of 4 CPU threads\n"}
,{"stream_name":"stdout","time":5749.428921811,"data":"Searching for best T0 for period 6.22267 days\n"}
,{"stream_name":"stdout","time":5755.317624517,"data":"Transit Least Squares TLS 1.32 (5 Apr 2024)\n"}
,{"stream_name":"stdout","time":5755.319880449,"data":"Creating model cache for 43 durations\n"}
,{"stream_name":"stdout","time":5755.331925333,"data":"Searching 7480 data points, 5420 periods from 0.632 to 28.107 days\n"}
,{"stream_name":"stdout","time":5755.332161912,"data":"Using 1 of 4 CPU threads\n"}
,{"stream_name":"stdout","time":5840.819892227,"data":"Searching for best T0 for period 14.46526 days\n"}
,{"stream_name":"stdout","time":5848.058363079,"data":"Transit Least Squares TLS 1.32 (5 Apr 2024)\n"}
,{"stream_name":"stdout","time":5848.060837337,"data":"Creating model cache for 43 durations\n"}
,{"stream_name":"stdout","time":5848.073375131,"data":"Searching 7480 data points, 5420 periods from 0.632 to 28.107 days\n"}
,{"stream_name":"stdout","time":5848.073708416,"data":"Using 1 of 4 CPU threads\n"}
,{"stream_name":"stdout","time":5919.80916076,"data":"Searching for best T0 for period 1.19392 days\n"}
,{"stream_name":"stderr","time":5921.995298222,"data":"/usr/local/lib/python3.13/dist-packages/transitleastsquares/main.py:411: UserWarning: 148 of 181 transits without data. The true period may be twice the given period.\n"}
,{"stream_name":"stderr","time":5921.995353745,"data":"  warnings.warn(text)\n"}
,{"stream_name":"stdout","time":5925.504519242,"data":"Searching for best T0 for period 1.90240 days\n"}
,{"stream_name":"stdout","time":5926.871291907,"data":"Transit Least Squares TLS 1.32 (5 Apr 2024)\n"}
,{"stream_name":"stdout","time":5926.871532837,"data":"Creating model cache for 37 durations\n"}
,{"stream_name":"stdout","time":5926.890258777,"data":"Searching 3333 data points, 2748 periods from 0.512 to 12.62 days\n"}
,{"stream_name":"stdout","time":5926.890421669,"data":"Using 1 of 4 CPU threads\n"}
,{"stream_name":"stdout","time":5934.259331542,"data":"Transit Least Squares TLS 1.32 (5 Apr 2024)\n"}
,{"stream_name":"stdout","time":5934.260944986,"data":"Creating model cache for 38 durations\n"}
,{"stream_name":"stdout","time":5934.277516464,"data":"Searching 3754 data points, 1901 periods from 0.77 to 13.937 days\n"}
,{"stream_name":"stdout","time":5934.277926531,"data":"Using 1 of 4 CPU threads\n"}
,{"stream_name":"stdout","time":5950.784561563,"data":"Searching for best T0 for period 8.50659 days\n"}
,{"stream_name":"stdout","time":5954.540434765,"data":"Transit Least Squares TLS 1.32 (5 Apr 2024)\n"}
,{"stream_name":"stdout","time":5954.540477189,"data":"Creating model cache for 38 durations\n"}
,{"stream_name":"stdout","time":5954.549820392,"data":"Searching 3926 data points, 2011 periods from 0.735 to 13.937 days\n"}
,{"stream_name":"stdout","time":5954.550034438,"data":"Using 1 of 4 CPU threads\n"}
,{"stream_name":"stdout","time":5956.947941325,"data":"Searching for best T0 for period 1.46153 days\n"}
,{"stream_name":"stdout","time":5963.869534515,"data":"Transit Least Squares TLS 1.32 (5 Apr 2024)\n"}
,{"stream_name":"stdout","time":5963.878506428,"data":"Creating model cache for 43 durations\n"}
,{"stream_name":"stdout","time":5963.899221346,"data":"Searching 13909 data points, 24257 periods from 0.562 to 29.992 days\n"}
,{"stream_name":"stdout","time":5963.899446908,"data":"Using 1 of 4 CPU threads\n"}
,{"stream_name":"stdout","time":5972.112677614,"data":"Searching for best T0 for period 2.30233 days\n"}
,{"stream_name":"stdout","time":5977.37435981,"data":"Transit Least Squares TLS 1.32 (5 Apr 2024)\n"}
,{"stream_name":"stdout","time":5977.376357323,"data":"Creating model cache for 38 durations\n"}
,{"stream_name":"stdout","time":5977.388037871,"data":"Searching 3926 data points, 2011 periods from 0.735 to 13.937 days\n"}
,{"stream_name":"stdout","time":5977.389433605,"data":"Using 1 of 4 CPU threads\n"}
,{"stream_name":"stdout","time":5994.86350261,"data":"Searching for best T0 for period 7.01677 days\n"}
,{"stream_name":"stdout","time":6000.352991262,"data":"Transit Least Squares TLS 1.32 (5 Apr 2024)\n"}
,{"stream_name":"stdout","time":6000.390442403,"data":"Creating model cache for 43 durations\n"}
,{"stream_name":"stdout","time":6000.427921841,"data":"Searching 6681 data points, 101715 periods from 0.5 to 29.999 days\n"}
,{"stream_name":"stdout","time":6000.42824952,"data":"Using 1 of 4 CPU threads\n"}
,{"stream_name":"stdout","time":6139.234020909,"data":"Searching for best T0 for period 8.67865 days\n"}
,{"stream_name":"stderr","time":6144.411883641,"data":"/usr/local/lib/python3.13/dist-packages/transitleastsquares/stats.py:458: RuntimeWarning: divide by zero encountered in scalar divide\n"}
,{"stream_name":"stderr","time":6144.411958953,"data":"  snr_pink_per_transit[i] = (1 - mean_flux) / pinknoise\n"}
,{"stream_name":"stderr","time":6144.51270021,"data":"/usr/local/lib/python3.13/dist-packages/transitleastsquares/main.py:411: UserWarning: 18 of 28 transits without data. The true period may be twice the given period.\n"}
,{"stream_name":"stderr","time":6144.512742945,"data":"  warnings.warn(text)\n"}
,{"stream_name":"stdout","time":6150.443424595,"data":"Transit Least Squares TLS 1.32 (5 Apr 2024)\n"}
,{"stream_name":"stdout","time":6150.445100114,"data":"Creating model cache for 37 durations\n"}
,{"stream_name":"stdout","time":6150.454967795,"data":"Searching 3092 data points, 2415 periods from 0.55 to 12.163 days\n"}
,{"stream_name":"stdout","time":6150.455336045,"data":"Using 1 of 4 CPU threads\n"}
,{"stream_name":"stdout","time":6174.035995398,"data":"Searching for best T0 for period 0.58310 days\n"}
,{"stream_name":"stdout","time":6179.983482375,"data":"Transit Least Squares TLS 1.32 (5 Apr 2024)\n"}
,{"stream_name":"stdout","time":6179.992623341,"data":"Creating model cache for 43 durations\n"}
,{"stream_name":"stdout","time":6180.011714977,"data":"Searching 9589 data points, 24418 periods from 0.55 to 29.996 days\n"}
,{"stream_name":"stdout","time":6180.011919002,"data":"Using 1 of 4 CPU threads\n"}
,{"stream_name":"stdout","time":6353.062226582,"data":"Searching for best T0 for period 0.73276 days\n"}
,{"stream_name":"stderr","time":6354.715779485,"data":"/usr/local/lib/python3.13/dist-packages/transitleastsquares/main.py:411: UserWarning: 199 of 264 transits without data. The true period may be twice the given period.\n"}
,{"stream_name":"stderr","time":6354.71582409,"data":"  warnings.warn(text)\n"}
,{"stream_name":"stdout","time":6357.698570307,"data":"Searching for best T0 for period 0.72543 days\n"}
,{"stream_name":"stderr","time":6360.402750549,"data":"/usr/local/lib/python3.13/dist-packages/transitleastsquares/main.py:411: UserWarning: 168 of 302 transits without data. The true period may be twice the given period.\n"}
,{"stream_name":"stderr","time":6360.402791627,"data":"  warnings.warn(text)\n"}
,{"stream_name":"stdout","time":6362.820853062,"data":"Transit Least Squares TLS 1.32 (5 Apr 2024)\n"}
,{"stream_name":"stdout","time":6362.831663367,"data":"Creating model cache for 43 durations\n"}
,{"stream_name":"stdout","time":6362.851382278,"data":"Searching 12804 data points, 28930 periods from 0.728 to 29.994 days\n"}
,{"stream_name":"stdout","time":6362.851772658,"data":"Using 1 of 4 CPU threads\n"}
,{"stream_name":"stdout","time":6376.223194524,"data":"Transit Least Squares TLS 1.32 (5 Apr 2024)\n"}
,{"stream_name":"stdout","time":6376.232568658,"data":"Creating model cache for 43 durations\n"}
,{"stream_name":"stdout","time":6376.253151476,"data":"Searching 13909 data points, 24257 periods from 0.562 to 29.992 days\n"}
,{"stream_name":"stdout","time":6376.253312808,"data":"Using 1 of 4 CPU threads\n"}
,{"stream_name":"stdout","time":6525.762641682,"data":"Searching for best T0 for period 11.83960 days\n"}
,{"stream_name":"stderr","time":6529.501718397,"data":"/usr/local/lib/python3.13/dist-packages/transitleastsquares/main.py:411: UserWarning: 12 of 18 transits without data. The true period may be twice the given period.\n"}
,{"stream_name":"stderr","time":6529.501754579,"data":"  warnings.warn(text)\n"}
,{"stream_name":"stdout","time":6535.960916157,"data":"Transit Least Squares TLS 1.32 (5 Apr 2024)\n"}
,{"stream_name":"stdout","time":6535.972826736,"data":"Creating model cache for 43 durations\n"}
,{"stream_name":"stdout","time":6535.993958684,"data":"Searching 10392 data points, 33072 periods from 0.5 to 29.995 days\n"}
,{"stream_name":"stdout","time":6535.994140206,"data":"Using 1 of 4 CPU threads\n"}
,{"stream_name":"stdout","time":6912.807639194,"data":"Searching for best T0 for period 4.79736 days\n"}
,{"stream_name":"stderr","time":6915.575819501,"data":"/usr/local/lib/python3.13/dist-packages/transitleastsquares/main.py:411: UserWarning: 54 of 73 transits without data. The true period may be twice the given period.\n"}
,{"stream_name":"stderr","time":6915.575862276,"data":"  warnings.warn(text)\n"}
,{"stream_name":"stdout","time":6924.36144276,"data":"Transit Least Squares TLS 1.32 (5 Apr 2024)\n"}
,{"stream_name":"stdout","time":6924.369980499,"data":"Creating model cache for 43 durations\n"}
,{"stream_name":"stdout","time":6924.388754106,"data":"Searching 6430 data points, 24440 periods from 0.728 to 29.992 days\n"}
,{"stream_name":"stdout","time":6924.388959318,"data":"Using 1 of 4 CPU threads\n"}
,{"stream_name":"stdout","time":6937.962732648,"data":"Searching for best T0 for period 22.28729 days\n"}
,{"stream_name":"stderr","time":6943.410400392,"data":"/usr/local/lib/python3.13/dist-packages/transitleastsquares/main.py:411: UserWarning: 6 of 10 transits without data. The true period may be twice the given period.\n"}
,{"stream_name":"stderr","time":6943.410598866,"data":"  warnings.warn(text)\n"}
,{"stream_name":"stdout","time":6951.120709998,"data":"Transit Least Squares TLS 1.32 (5 Apr 2024)\n"}
,{"stream_name":"stdout","time":6951.125227915,"data":"Creating model cache for 43 durations\n"}
,{"stream_name":"stdout","time":6951.141204518,"data":"Searching 10412 data points, 12012 periods from 1.042 to 29.988 days\n"}
,{"stream_name":"stdout","time":6951.14138078,"data":"Using 1 of 4 CPU threads\n"}
,{"stream_name":"stdout","time":7028.975784066,"data":"Searching for best T0 for period 7.38385 days\n"}
,{"stream_name":"stderr","time":7033.563257854,"data":"/usr/local/lib/python3.13/dist-packages/transitleastsquares/main.py:411: UserWarning: 21 of 30 transits without data. The true period may be twice the given period.\n"}
,{"stream_name":"stderr","time":7033.563322803,"data":"  warnings.warn(text)\n"}
,{"stream_name":"stdout","time":7041.972783419,"data":"Transit Least Squares TLS 1.32 (5 Apr 2024)\n"}
,{"stream_name":"stdout","time":7041.984151512,"data":"Creating model cache for 43 durations\n"}
,{"stream_name":"stdout","time":7042.004562109,"data":"Searching 17261 data points, 30747 periods from 0.5 to 29.992 days\n"}
,{"stream_name":"stdout","time":7042.004759937,"data":"Using 1 of 4 CPU threads\n"}
,{"stream_name":"stdout","time":7265.825206327,"data":"Searching for best T0 for period 4.88476 days\n"}
,{"stream_name":"stderr","time":7267.218866505,"data":"/usr/local/lib/python3.13/dist-packages/transitleastsquares/main.py:411: UserWarning: 30 of 45 transits without data. The true period may be twice the given period.\n"}
,{"stream_name":"stderr","time":7267.219087728,"data":"  warnings.warn(text)\n"}
,{"stream_name":"stdout","time":7274.073704456,"data":"Transit Least Squares TLS 1.32 (5 Apr 2024)\n"}
,{"stream_name":"stdout","time":7274.074489349,"data":"Creating model cache for 37 durations\n"}
,{"stream_name":"stdout","time":7274.084048717,"data":"Searching 3395 data points, 1142 periods from 1.041 to 12.454 days\n"}
,{"stream_name":"stdout","time":7274.084155052,"data":"Using 1 of 4 CPU threads\n"}
,{"stream_name":"stdout","time":7281.433468117,"data":"Searching for best T0 for period 1.13443 days\n"}
,{"stream_name":"stdout","time":7283.273019067,"data":"Searching for best T0 for period 5.58459 days\n"}
,{"stream_name":"stderr","time":7284.468439805,"data":"/usr/local/lib/python3.13/dist-packages/transitleastsquares/main.py:411: UserWarning: 44 of 53 transits without data. The true period may be twice the given period.\n"}
,{"stream_name":"stderr","time":7284.468501557,"data":"  warnings.warn(text)\n"}
,{"stream_name":"stdout","time":7286.378652346,"data":"Transit Least Squares TLS 1.32 (5 Apr 2024)\n"}
,{"stream_name":"stdout","time":7286.379483728,"data":"Creating model cache for 37 durations\n"}
,{"stream_name":"stdout","time":7286.388899216,"data":"Searching 3509 data points, 1208 periods from 1.012 to 12.666 days\n"}
,{"stream_name":"stdout","time":7286.389112709,"data":"Using 1 of 4 CPU threads\n"}
,{"stream_name":"stdout","time":7289.15593773,"data":"Transit Least Squares TLS 1.32 (5 Apr 2024)\n"}
,{"stream_name":"stdout","time":7289.157173732,"data":"Creating model cache for 37 durations\n"}
,{"stream_name":"stdout","time":7289.166536802,"data":"Searching 3379 data points, 1783 periods from 0.728 to 12.489 days\n"}
,{"stream_name":"stdout","time":7289.166699096,"data":"Using 1 of 4 CPU threads\n"}
,{"stream_name":"stdout","time":7298.297080292,"data":"Searching for best T0 for period 4.27978 days\n"}
,{"stream_name":"stdout","time":7301.183344613,"data":"Searching for best T0 for period 1.31496 days\n"}
,{"stream_name":"stdout","time":7302.4870294,"data":"Transit Least Squares TLS 1.32 (5 Apr 2024)\n"}
,{"stream_name":"stdout","time":7302.487799091,"data":"Creating model cache for 37 durations\n"}
,{"stream_name":"stdout","time":7302.497063886,"data":"Searching 3509 data points, 1208 periods from 1.012 to 12.666 days\n"}
,{"stream_name":"stdout","time":7302.497154101,"data":"Using 1 of 4 CPU threads\n"}
,{"stream_name":"stdout","time":7307.86536304,"data":"Transit Least Squares TLS 1.32 (5 Apr 2024)\n"}
,{"stream_name":"stdout","time":7307.873624699,"data":"Creating model cache for 43 durations\n"}
,{"stream_name":"stdout","time":7307.894430522,"data":"Searching 12804 data points, 28930 periods from 0.728 to 29.994 days\n"}
,{"stream_name":"stdout","time":7307.897427025,"data":"Using 1 of 4 CPU threads\n"}
,{"stream_name":"stdout","time":7310.9596694,"data":"Searching for best T0 for period 8.95242 days\n"}
,{"stream_name":"stdout","time":7314.435858009,"data":"Transit Least Squares TLS 1.32 (5 Apr 2024)\n"}
,{"stream_name":"stdout","time":7314.436608662,"data":"Creating model cache for 37 durations\n"}
,{"stream_name":"stdout","time":7314.445932809,"data":"Searching 3162 data points, 1222 periods from 0.954 to 12.045 days\n"}
,{"stream_name":"stdout","time":7314.446221071,"data":"Using 1 of 4 CPU threads\n"}
,{"stream_name":"stdout","time":7324.359336852,"data":"Searching for best T0 for period 3.93045 days\n"}
,{"stream_name":"stdout","time":7328.181906064,"data":"Transit Least Squares TLS 1.32 (5 Apr 2024)\n"}
,{"stream_name":"stdout","time":7328.18302081,"data":"Creating model cache for 37 durations\n"}
,{"stream_name":"stdout","time":7328.191914229,"data":"Searching 3162 data points, 1222 periods from 0.954 to 12.045 days\n"}
,{"stream_name":"stdout","time":7328.192122668,"data":"Using 1 of 4 CPU threads\n"}
,{"stream_name":"stdout","time":7337.100575964,"data":"Searching for best T0 for period 11.73606 days\n"}
,{"stream_name":"stdout","time":7340.078049307,"data":"Transit Least Squares TLS 1.32 (5 Apr 2024)\n"}
,{"stream_name":"stdout","time":7340.078969357,"data":"Creating model cache for 37 durations\n"}
,{"stream_name":"stdout","time":7340.087950494,"data":"Searching 3162 data points, 1222 periods from 0.954 to 12.045 days\n"}
,{"stream_name":"stdout","time":7340.088182772,"data":"Using 1 of 4 CPU threads\n"}
,{"stream_name":"stdout","time":7351.150439465,"data":"Searching for best T0 for period 1.35723 days\n"}
,{"stream_name":"stdout","time":7358.365452717,"data":"Transit Least Squares TLS 1.32 (5 Apr 2024)\n"}
,{"stream_name":"stdout","time":7358.374731887,"data":"Creating model cache for 43 durations\n"}
,{"stream_name":"stdout","time":7358.392794803,"data":"Searching 13883 data points, 25634 periods from 0.581 to 29.995 days\n"}
,{"stream_name":"stdout","time":7358.393039741,"data":"Using 1 of 4 CPU threads\n"}
,{"stream_name":"stdout","time":7466.455885582,"data":"Searching for best T0 for period 4.18437 days\n"}
,{"stream_name":"stderr","time":7468.71630178,"data":"/usr/local/lib/python3.13/dist-packages/transitleastsquares/main.py:411: UserWarning: 82 of 90 transits without data. The true period may be twice the given period.\n"}
,{"stream_name":"stderr","time":7468.716340896,"data":"  warnings.warn(text)\n"}
,{"stream_name":"stdout","time":7474.035826515,"data":"Transit Least Squares TLS 1.32 (5 Apr 2024)\n"}
,{"stream_name":"stdout","time":7474.073533647,"data":"Creating model cache for 43 durations\n"}
,{"stream_name":"stdout","time":7474.110656851,"data":"Searching 6681 data points, 101715 periods from 0.5 to 29.999 days\n"}
,{"stream_name":"stdout","time":7474.110834867,"data":"Using 1 of 4 CPU threads\n"}
,{"stream_name":"stdout","time":7947.39308064,"data":"Searching for best T0 for period 0.59510 days\n"}
,{"stream_name":"stderr","time":7951.516909204,"data":"/usr/local/lib/python3.13/dist-packages/transitleastsquares/main.py:411: UserWarning: 243 of 404 transits without data. The true period may be twice the given period.\n"}
,{"stream_name":"stderr","time":7951.516959313,"data":"  warnings.warn(text)\n"}
,{"stream_name":"stdout","time":7960.307652755,"data":"Transit Least Squares TLS 1.32 (5 Apr 2024)\n"}
,{"stream_name":"stdout","time":7960.308984089,"data":"Creating model cache for 37 durations\n"}
,{"stream_name":"stdout","time":7960.318832058,"data":"Searching 3220 data points, 2326 periods from 0.581 to 12.452 days\n"}
,{"stream_name":"stdout","time":7960.318977193,"data":"Using 1 of 4 CPU threads\n"}
,{"stream_name":"stdout","time":7977.406581926,"data":"Searching for best T0 for period 9.65063 days\n"}
,{"stream_name":"stdout","time":7981.058644387,"data":"Transit Least Squares TLS 1.32 (5 Apr 2024)\n"}
,{"stream_name":"stdout","time":7981.060352683,"data":"Creating model cache for 38 durations\n"}
,{"stream_name":"stdout","time":7981.070398862,"data":"Searching 3520 data points, 2966 periods from 0.519 to 13.67 days\n"}
,{"stream_name":"stdout","time":7981.070721389,"data":"Using 1 of 4 CPU threads\n"}
,{"stream_name":"stdout","time":8001.229619079,"data":"Searching for best T0 for period 1.84760 days\n"}
,{"stream_name":"stdout","time":8005.477441766,"data":"Transit Least Squares TLS 1.32 (5 Apr 2024)\n"}
,{"stream_name":"stdout","time":8005.477500909,"data":"Creating model cache for 38 durations\n"}
,{"stream_name":"stdout","time":8005.48653464,"data":"Searching 3520 data points, 2966 periods from 0.519 to 13.67 days\n"}
,{"stream_name":"stdout","time":8005.486661412,"data":"Using 1 of 4 CPU threads\n"}
,{"stream_name":"stdout","time":8029.210424846,"data":"Searching for best T0 for period 7.78352 days\n"}
,{"stream_name":"stdout","time":8032.673113516,"data":"Transit Least Squares TLS 1.32 (5 Apr 2024)\n"}
,{"stream_name":"stdout","time":8032.6743367,"data":"Creating model cache for 38 durations\n"}
,{"stream_name":"stdout","time":8032.684036982,"data":"Searching 3520 data points, 2966 periods from 0.519 to 13.67 days\n"}
,{"stream_name":"stdout","time":8032.684172536,"data":"Using 1 of 4 CPU threads\n"}
,{"stream_name":"stdout","time":8053.22723747,"data":"Searching for best T0 for period 3.53540 days\n"}
,{"stream_name":"stdout","time":8057.576882592,"data":"Transit Least Squares TLS 1.32 (5 Apr 2024)\n"}
,{"stream_name":"stdout","time":8057.578194634,"data":"Creating model cache for 38 durations\n"}
,{"stream_name":"stdout","time":8057.587940032,"data":"Searching 3257 data points, 2627 periods from 0.56 to 13.308 days\n"}
,{"stream_name":"stdout","time":8057.58812173,"data":"Using 1 of 4 CPU threads\n"}
,{"stream_name":"stdout","time":8082.832228613,"data":"Searching for best T0 for period 1.05917 days\n"}
,{"stream_name":"stdout","time":8087.049292953,"data":"Transit Least Squares TLS 1.32 (5 Apr 2024)\n"}
,{"stream_name":"stdout","time":8087.053353514,"data":"Creating model cache for 38 durations\n"}
,{"stream_name":"stdout","time":8087.06344236,"data":"Searching 3257 data points, 2627 periods from 0.56 to 13.308 days\n"}
,{"stream_name":"stdout","time":8087.063496369,"data":"Using 1 of 4 CPU threads\n"}
,{"stream_name":"stdout","time":8103.160754143,"data":"Searching for best T0 for period 1.06603 days\n"}
,{"stream_name":"stdout","time":8107.122449392,"data":"Transit Least Squares TLS 1.32 (5 Apr 2024)\n"}
,{"stream_name":"stdout","time":8107.126385544,"data":"Creating model cache for 38 durations\n"}
,{"stream_name":"stdout","time":8107.133963423,"data":"Searching 3257 data points, 2627 periods from 0.56 to 13.308 days\n"}
,{"stream_name":"stdout","time":8107.134065684,"data":"Using 1 of 4 CPU threads\n"}
,{"stream_name":"stdout","time":8126.389251473,"data":"Searching for best T0 for period 1.14644 days\n"}
,{"stream_name":"stderr","time":8129.136737106,"data":"/usr/local/lib/python3.13/dist-packages/transitleastsquares/main.py:411: UserWarning: 225 of 305 transits without data. The true period may be twice the given period.\n"}
,{"stream_name":"stderr","time":8129.136776088,"data":"  warnings.warn(text)\n"}
,{"stream_name":"stdout","time":8130.826936461,"data":"Searching for best T0 for period 1.60775 days\n"}
,{"stream_name":"stdout","time":8134.352423786,"data":"Transit Least Squares TLS 1.32 (5 Apr 2024)\n"}
,{"stream_name":"stdout","time":8134.352464299,"data":"Creating model cache for 38 durations\n"}
,{"stream_name":"stdout","time":8134.360675892,"data":"Searching 3370 data points, 1938 periods from 0.712 to 13.089 days\n"}
,{"stream_name":"stdout","time":8134.360853394,"data":"Using 1 of 4 CPU threads\n"}
,{"stream_name":"stdout","time":8141.193919614,"data":"Transit Least Squares TLS 1.32 (5 Apr 2024)\n"}
,{"stream_name":"stdout","time":8141.20435753,"data":"Creating model cache for 43 durations\n"}
,{"stream_name":"stdout","time":8141.223036228,"data":"Searching 12804 data points, 28930 periods from 0.728 to 29.994 days\n"}
,{"stream_name":"stdout","time":8141.22342515,"data":"Using 1 of 4 CPU threads\n"}
,{"stream_name":"stdout","time":8148.517442595,"data":"Searching for best T0 for period 8.78364 days\n"}
,{"stream_name":"stdout","time":8152.25729316,"data":"Transit Least Squares TLS 1.32 (5 Apr 2024)\n"}
,{"stream_name":"stdout","time":8152.258341499,"data":"Creating model cache for 38 durations\n"}
,{"stream_name":"stdout","time":8152.269470055,"data":"Searching 3370 data points, 1938 periods from 0.712 to 13.089 days\n"}
,{"stream_name":"stdout","time":8152.26975594,"data":"Using 1 of 4 CPU threads\n"}
,{"stream_name":"stdout","time":8166.370456688,"data":"Searching for best T0 for period 6.78868 days\n"}
,{"stream_name":"stdout","time":8173.718835357,"data":"Transit Least Squares TLS 1.32 (5 Apr 2024)\n"}
,{"stream_name":"stdout","time":8173.726094831,"data":"Creating model cache for 43 durations\n"}
,{"stream_name":"stdout","time":8173.743302719,"data":"Searching 18854 data points, 19311 periods from 0.832 to 29.99 days\n"}
,{"stream_name":"stdout","time":8173.743494438,"data":"Using 1 of 4 CPU threads\n"}
,{"stream_name":"stdout","time":8239.075562704,"data":"Searching for best T0 for period 3.22952 days\n"}
,{"stream_name":"stderr","time":8242.736590208,"data":"/usr/local/lib/python3.13/dist-packages/transitleastsquares/main.py:411: UserWarning: 38 of 76 transits without data. The true period may be twice the given period.\n"}
,{"stream_name":"stderr","time":8242.736646583,"data":"  warnings.warn(text)\n"}
,{"stream_name":"stdout","time":8252.931528147,"data":"Transit Least Squares TLS 1.32 (5 Apr 2024)\n"}
,{"stream_name":"stdout","time":8252.933840175,"data":"Creating model cache for 43 durations\n"}
,{"stream_name":"stdout","time":8252.945524349,"data":"Searching 6775 data points, 6506 periods from 0.5 to 26.141 days\n"}
,{"stream_name":"stdout","time":8252.945655963,"data":"Using 1 of 4 CPU threads\n"}
,{"stream_name":"stdout","time":8328.266778791,"data":"Searching for best T0 for period 9.60347 days\n"}
,{"stream_name":"stdout","time":8335.851152514,"data":"Transit Least Squares TLS 1.32 (5 Apr 2024)\n"}
,{"stream_name":"stdout","time":8335.859597052,"data":"Creating model cache for 43 durations\n"}
,{"stream_name":"stdout","time":8335.879422482,"data":"Searching 10340 data points, 23454 periods from 0.5 to 29.997 days\n"}
,{"stream_name":"stdout","time":8335.879456783,"data":"Using 1 of 4 CPU threads\n"}
,{"stream_name":"stdout","time":8705.917571978,"data":"Searching for best T0 for period 3.59775 days\n"}
,{"stream_name":"stderr","time":8711.20994911,"data":"/usr/local/lib/python3.13/dist-packages/transitleastsquares/main.py:411: UserWarning: 30 of 52 transits without data. The true period may be twice the given period.\n"}
,{"stream_name":"stderr","time":8711.210018805,"data":"  warnings.warn(text)\n"}
,{"stream_name":"stdout","time":8717.509211669,"data":"Transit Least Squares TLS 1.32 (5 Apr 2024)\n"}
,{"stream_name":"stdout","time":8717.511671073,"data":"Creating model cache for 43 durations\n"}
,{"stream_name":"stdout","time":8717.524714492,"data":"Searching 7505 data points, 6289 periods from 0.558 to 28.344 days\n"}
,{"stream_name":"stdout","time":8717.524882331,"data":"Using 1 of 4 CPU threads\n"}
,{"stream_name":"stdout","time":8764.4672295,"data":"Searching for best T0 for period 15.83042 days\n"}
,{"stream_name":"stderr","time":8766.340472724,"data":"/usr/local/lib/python3.13/dist-packages/transitleastsquares/main.py:411: UserWarning: 20 of 24 transits without data. The true period may be twice the given period.\n"}
,{"stream_name":"stderr","time":8766.340534168,"data":"  warnings.warn(text)\n"}
,{"stream_name":"stdout","time":8770.637799937,"data":"Transit Least Squares TLS 1.32 (5 Apr 2024)\n"}
,{"stream_name":"stdout","time":8770.640602466,"data":"Creating model cache for 38 durations\n"}
,{"stream_name":"stdout","time":8770.651845128,"data":"Searching 3926 data points, 6836 periods from 0.5 to 14.097 days\n"}
,{"stream_name":"stdout","time":8770.651936266,"data":"Using 1 of 4 CPU threads\n"}
,{"stream_name":"stdout","time":8795.819466853,"data":"Searching for best T0 for period 25.39345 days\n"}
,{"stream_name":"stderr","time":8801.454101048,"data":"/usr/local/lib/python3.13/dist-packages/transitleastsquares/main.py:411: UserWarning: 11 of 14 transits without data. The true period may be twice the given period.\n"}
,{"stream_name":"stderr","time":8801.454143443,"data":"  warnings.warn(text)\n"}
,{"stream_name":"stdout","time":8808.137436793,"data":"Transit Least Squares TLS 1.32 (5 Apr 2024)\n"}
,{"stream_name":"stdout","time":8808.141711989,"data":"Creating model cache for 43 durations\n"}
,{"stream_name":"stdout","time":8808.155283957,"data":"Searching 8840 data points, 11798 periods from 0.5 to 29.99 days\n"}
,{"stream_name":"stdout","time":8808.15543929,"data":"Using 1 of 4 CPU threads\n"}
,{"stream_name":"stdout","time":8842.650707691,"data":"Searching for best T0 for period 2.35211 days\n"}
,{"stream_name":"stdout","time":8847.633301465,"data":"Transit Least Squares TLS 1.32 (5 Apr 2024)\n"}
,{"stream_name":"stdout","time":8847.634765419,"data":"Creating model cache for 42 durations\n"}
,{"stream_name":"stdout","time":8847.647062538,"data":"Searching 5530 data points, 3220 periods from 0.908 to 25.66 days\n"}
,{"stream_name":"stdout","time":8847.649393546,"data":"Using 1 of 4 CPU threads\n"}
,{"stream_name":"stdout","time":8852.525767885,"data":"Searching for best T0 for period 0.60101 days\n"}
,{"stream_name":"stdout","time":8861.660004106,"data":"Transit Least Squares TLS 1.32 (5 Apr 2024)\n"}
,{"stream_name":"stdout","time":8861.662617956,"data":"Creating model cache for 43 durations\n"}
,{"stream_name":"stdout","time":8861.675149869,"data":"Searching 7505 data points, 6289 periods from 0.558 to 28.344 days\n"}
,{"stream_name":"stdout","time":8861.675298584,"data":"Using 1 of 4 CPU threads\n"}
,{"stream_name":"stdout","time":8886.030113275,"data":"Searching for best T0 for period 1.49747 days\n"}
,{"stream_name":"stdout","time":8892.541198586,"data":"Transit Least Squares TLS 1.32 (5 Apr 2024)\n"}
,{"stream_name":"stdout","time":8892.542548226,"data":"Creating model cache for 42 durations\n"}
,{"stream_name":"stdout","time":8892.55344682,"data":"Searching 5530 data points, 3220 periods from 0.908 to 25.66 days\n"}
,{"stream_name":"stdout","time":8892.553616807,"data":"Using 1 of 4 CPU threads\n"}
,{"stream_name":"stdout","time":8930.009818802,"data":"Searching for best T0 for period 22.97725 days\n"}
,{"stream_name":"stdout","time":8935.253789801,"data":"Transit Least Squares TLS 1.32 (5 Apr 2024)\n"}
,{"stream_name":"stdout","time":8935.257392771,"data":"Creating model cache for 42 durations\n"}
,{"stream_name":"stdout","time":8935.265493973,"data":"Searching 5530 data points, 3220 periods from 0.908 to 25.66 days\n"}
,{"stream_name":"stdout","time":8935.265680412,"data":"Using 1 of 4 CPU threads\n"}
,{"stream_name":"stdout","time":8972.285847186,"data":"Searching for best T0 for period 5.00863 days\n"}
,{"stream_name":"stdout","time":8978.226764368,"data":"Transit Least Squares TLS 1.32 (5 Apr 2024)\n"}
,{"stream_name":"stdout","time":8978.228023344,"data":"Creating model cache for 38 durations\n"}
,{"stream_name":"stdout","time":8978.238903132,"data":"Searching 3624 data points, 2264 periods from 0.654 to 13.701 days\n"}
,{"stream_name":"stdout","time":8978.239108962,"data":"Using 1 of 4 CPU threads\n"}
,{"stream_name":"stdout","time":8993.612384977,"data":"Searching for best T0 for period 10.37740 days\n"}
,{"stream_name":"stdout","time":8995.320654448,"data":"Searching for best T0 for period 1.76009 days\n"}
,{"stream_name":"stdout","time":8998.248847879,"data":"Searching for best T0 for period 0.61297 days\n"}
,{"stream_name":"stdout","time":9000.080546512,"data":"Transit Least Squares TLS 1.32 (5 Apr 2024)\n"}
,{"stream_name":"stdout","time":9000.081980541,"data":"Creating model cache for 38 durations\n"}
,{"stream_name":"stdout","time":9000.091186957,"data":"Searching 3624 data points, 2264 periods from 0.654 to 13.701 days\n"}
,{"stream_name":"stdout","time":9000.091335894,"data":"Using 1 of 4 CPU threads\n"}
,{"stream_name":"stdout","time":9002.909554675,"data":"Transit Least Squares TLS 1.32 (5 Apr 2024)\n"}
,{"stream_name":"stdout","time":9002.914002382,"data":"Creating model cache for 43 durations\n"}
,{"stream_name":"stdout","time":9002.930569897,"data":"Searching 8840 data points, 11798 periods from 0.5 to 29.99 days\n"}
,{"stream_name":"stdout","time":9002.930695532,"data":"Using 1 of 4 CPU threads\n"}
,{"stream_name":"stdout","time":9006.828505264,"data":"Transit Least Squares TLS 1.32 (5 Apr 2024)\n"}
,{"stream_name":"stdout","time":9006.829842309,"data":"Creating model cache for 38 durations\n"}
,{"stream_name":"stdout","time":9006.84110654,"data":"Searching 3602 data points, 2891 periods from 0.558 to 14.378 days\n"}
,{"stream_name":"stdout","time":9006.841224059,"data":"Using 1 of 4 CPU threads\n"}
,{"stream_name":"stdout","time":9021.198668711,"data":"Searching for best T0 for period 5.38937 days\n"}
,{"stream_name":"stdout","time":9024.900765751,"data":"Transit Least Squares TLS 1.32 (5 Apr 2024)\n"}
,{"stream_name":"stdout","time":9024.902561582,"data":"Creating model cache for 38 durations\n"}
,{"stream_name":"stdout","time":9024.912964504,"data":"Searching 3624 data points, 2264 periods from 0.654 to 13.701 days\n"}
,{"stream_name":"stdout","time":9024.913298147,"data":"Using 1 of 4 CPU threads\n"}
,{"stream_name":"stdout","time":9032.837209541,"data":"Searching for best T0 for period 4.93919 days\n"}
,{"stream_name":"stdout","time":9036.657968228,"data":"Transit Least Squares TLS 1.32 (5 Apr 2024)\n"}
,{"stream_name":"stdout","time":9036.659570218,"data":"Creating model cache for 38 durations\n"}
,{"stream_name":"stdout","time":9036.669798682,"data":"Searching 3602 data points, 2891 periods from 0.558 to 14.378 days\n"}
,{"stream_name":"stdout","time":9036.670159217,"data":"Using 1 of 4 CPU threads\n"}
,{"stream_name":"stdout","time":9041.9593074,"data":"Searching for best T0 for period 2.90192 days\n"}
,{"stream_name":"stdout","time":9046.563290311,"data":"Transit Least Squares TLS 1.32 (5 Apr 2024)\n"}
,{"stream_name":"stdout","time":9046.56465361,"data":"Creating model cache for 38 durations\n"}
,{"stream_name":"stdout","time":9046.574130413,"data":"Searching 3624 data points, 2264 periods from 0.654 to 13.701 days\n"}
,{"stream_name":"stdout","time":9046.574438979,"data":"Using 1 of 4 CPU threads\n"}
,{"stream_name":"stdout","time":9066.753425092,"data":"Searching for best T0 for period 0.68318 days\n"}
,{"stream_name":"stdout","time":9067.376721626,"data":"Searching for best T0 for period 0.65267 days\n"}
,{"stream_name":"stdout","time":9072.050324295,"data":"Transit Least Squares TLS 1.32 (5 Apr 2024)\n"}
,{"stream_name":"stdout","time":9072.051330713,"data":"Creating model cache for 37 durations\n"}
,{"stream_name":"stdout","time":9072.062170422,"data":"Searching 3171 data points, 1596 periods from 0.811 to 12.701 days\n"}
,{"stream_name":"stdout","time":9072.062309209,"data":"Using 1 of 4 CPU threads\n"}
,{"stream_name":"stdout","time":9072.735844597,"data":"Transit Least Squares TLS 1.32 (5 Apr 2024)\n"}
,{"stream_name":"stdout","time":9072.738089219,"data":"Creating model cache for 43 durations\n"}
,{"stream_name":"stdout","time":9072.750971942,"data":"Searching 7193 data points, 4412 periods from 0.72 to 26.753 days\n"}
,{"stream_name":"stdout","time":9072.75128691,"data":"Using 1 of 4 CPU threads\n"}
,{"stream_name":"stdout","time":9082.861959374,"data":"Searching for best T0 for period 2.68954 days\n"}
,{"stream_name":"stdout","time":9084.152154003,"data":"Searching for best T0 for period 1.42456 days\n"}
,{"stream_name":"stderr","time":9086.064180756,"data":"/usr/local/lib/python3.13/dist-packages/transitleastsquares/main.py:411: UserWarning: 51 of 101 transits without data. The true period may be twice the given period.\n"}
,{"stream_name":"stderr","time":9086.064258003,"data":"  warnings.warn(text)\n"}
,{"stream_name":"stdout","time":9088.370148795,"data":"Transit Least Squares TLS 1.32 (5 Apr 2024)\n"}
,{"stream_name":"stdout","time":9088.37107738,"data":"Creating model cache for 37 durations\n"}
,{"stream_name":"stdout","time":9088.381322008,"data":"Searching 3171 data points, 1596 periods from 0.811 to 12.701 days\n"}
,{"stream_name":"stdout","time":9088.381438742,"data":"Using 1 of 4 CPU threads\n"}
,{"stream_name":"stdout","time":9097.996404006,"data":"Searching for best T0 for period 4.60776 days\n"}
,{"stream_name":"stdout","time":9100.438247546,"data":"Transit Least Squares TLS 1.32 (5 Apr 2024)\n"}
,{"stream_name":"stdout","time":9100.446364234,"data":"Creating model cache for 43 durations\n"}
,{"stream_name":"stdout","time":9100.46356403,"data":"Searching 18854 data points, 19311 periods from 0.832 to 29.99 days\n"}
,{"stream_name":"stdout","time":9100.463755672,"data":"Using 1 of 4 CPU threads\n"}
,{"stream_name":"stdout","time":9101.87191406,"data":"Transit Least Squares TLS 1.32 (5 Apr 2024)\n"}
,{"stream_name":"stdout","time":9101.871982091,"data":"Creating model cache for 37 durations\n"}
,{"stream_name":"stdout","time":9101.882509752,"data":"Searching 3171 data points, 1596 periods from 0.811 to 12.701 days\n"}
,{"stream_name":"stdout","time":9101.882665338,"data":"Using 1 of 4 CPU threads\n"}
,{"stream_name":"stdout","time":9111.229744819,"data":"Searching for best T0 for period 3.94575 days\n"}
,{"stream_name":"stdout","time":9114.661100335,"data":"Transit Least Squares TLS 1.32 (5 Apr 2024)\n"}
,{"stream_name":"stdout","time":9114.662346032,"data":"Creating model cache for 37 durations\n"}
,{"stream_name":"stdout","time":9114.672461081,"data":"Searching 3171 data points, 1596 periods from 0.811 to 12.701 days\n"}
,{"stream_name":"stdout","time":9114.672708498,"data":"Using 1 of 4 CPU threads\n"}
,{"stream_name":"stdout","time":9120.739931782,"data":"Searching for best T0 for period 1.82007 days\n"}
,{"stream_name":"stdout","time":9124.683015495,"data":"Searching for best T0 for period 1.19166 days\n"}
,{"stream_name":"stdout","time":9129.044703836,"data":"Transit Least Squares TLS 1.32 (5 Apr 2024)\n"}
,{"stream_name":"stdout","time":9129.046971814,"data":"Creating model cache for 43 durations\n"}
,{"stream_name":"stdout","time":9129.05930696,"data":"Searching 7193 data points, 4412 periods from 0.72 to 26.753 days\n"}
,{"stream_name":"stdout","time":9129.059479466,"data":"Using 1 of 4 CPU threads\n"}
,{"stream_name":"stdout","time":9132.190894719,"data":"Transit Least Squares TLS 1.32 (5 Apr 2024)\n"}
,{"stream_name":"stdout","time":9132.195680538,"data":"Creating model cache for 43 durations\n"}
,{"stream_name":"stdout","time":9132.211592817,"data":"Searching 14116 data points, 13708 periods from 0.589 to 29.988 days\n"}
,{"stream_name":"stdout","time":9132.211727106,"data":"Using 1 of 4 CPU threads\n"}
,{"stream_name":"stdout","time":9177.00935215,"data":"Searching for best T0 for period 2.14435 days\n"}
,{"stream_name":"stdout","time":9186.446687847,"data":"Transit Least Squares TLS 1.32 (5 Apr 2024)\n"}
,{"stream_name":"stdout","time":9186.456473217,"data":"Creating model cache for 43 durations\n"}
,{"stream_name":"stdout","time":9186.476747989,"data":"Searching 14137 data points, 28071 periods from 0.752 to 29.999 days\n"}
,{"stream_name":"stdout","time":9186.476859165,"data":"Using 1 of 4 CPU threads\n"}
,{"stream_name":"stdout","time":9202.286073106,"data":"Searching for best T0 for period 27.67261 days\n"}
,{"stream_name":"stdout","time":9211.476605069,"data":"Transit Least Squares TLS 1.32 (5 Apr 2024)\n"}
,{"stream_name":"stdout","time":9211.481426335,"data":"Creating model cache for 43 durations\n"}
,{"stream_name":"stdout","time":9211.496778787,"data":"Searching 11921 data points, 10692 periods from 0.603 to 29.981 days\n"}
,{"stream_name":"stdout","time":9211.497005778,"data":"Using 1 of 4 CPU threads\n"}
,{"stream_name":"stdout","time":9394.988802713,"data":"Searching for best T0 for period 2.21677 days\n"}
,{"stream_name":"stdout","time":9407.85376115,"data":"Transit Least Squares TLS 1.32 (5 Apr 2024)\n"}
,{"stream_name":"stdout","time":9407.856142919,"data":"Creating model cache for 43 durations\n"}
,{"stream_name":"stdout","time":9407.868247199,"data":"Searching 6267 data points, 5614 periods from 0.589 to 27.027 days\n"}
,{"stream_name":"stdout","time":9407.868409283,"data":"Using 1 of 4 CPU threads\n"}
,{"stream_name":"stdout","time":9436.081771589,"data":"Searching for best T0 for period 16.92236 days\n"}
,{"stream_name":"stdout","time":9446.032917293,"data":"Transit Least Squares TLS 1.32 (5 Apr 2024)\n"}
,{"stream_name":"stdout","time":9446.034147196,"data":"Creating model cache for 38 durations\n"}
,{"stream_name":"stdout","time":9446.044720767,"data":"Searching 3731 data points, 2433 periods from 0.603 to 13.423 days\n"}
,{"stream_name":"stdout","time":9446.044890278,"data":"Using 1 of 4 CPU threads\n"}
,{"stream_name":"stdout","time":9464.499559223,"data":"Searching for best T0 for period 7.07872 days\n"}
,{"stream_name":"stdout","time":9470.64036705,"data":"Transit Least Squares TLS 1.32 (5 Apr 2024)\n"}
,{"stream_name":"stdout","time":9470.647839535,"data":"Creating model cache for 43 durations\n"}
,{"stream_name":"stdout","time":9470.66378384,"data":"Searching 9818 data points, 18795 periods from 0.5 to 29.993 days\n"}
,{"stream_name":"stdout","time":9470.664102551,"data":"Using 1 of 4 CPU threads\n"}
,{"stream_name":"stdout","time":9495.662103842,"data":"Searching for best T0 for period 3.86787 days\n"}
,{"stream_name":"stdout","time":9501.065768007,"data":"Transit Least Squares TLS 1.32 (5 Apr 2024)\n"}
,{"stream_name":"stdout","time":9501.066979483,"data":"Creating model cache for 38 durations\n"}
,{"stream_name":"stdout","time":9501.07721593,"data":"Searching 3879 data points, 1835 periods from 0.809 to 14.215 days\n"}
,{"stream_name":"stdout","time":9501.077389126,"data":"Using 1 of 4 CPU threads\n"}
,{"stream_name":"stdout","time":9518.880799044,"data":"Searching for best T0 for period 8.26721 days\n"}
,{"stream_name":"stdout","time":9523.771201521,"data":"Transit Least Squares TLS 1.32 (5 Apr 2024)\n"}
,{"stream_name":"stdout","time":9523.773297333,"data":"Creating model cache for 43 durations\n"}
,{"stream_name":"stdout","time":9523.78585233,"data":"Searching 8619 data points, 4714 periods from 0.93 to 29.998 days\n"}
,{"stream_name":"stdout","time":9523.785934609,"data":"Using 1 of 4 CPU threads\n"}
,{"stream_name":"stdout","time":9637.596254767,"data":"Searching for best T0 for period 1.37659 days\n"}
,{"stream_name":"stdout","time":9645.688040187,"data":"Transit Least Squares TLS 1.32 (5 Apr 2024)\n"}
,{"stream_name":"stdout","time":9645.689511531,"data":"Creating model cache for 42 durations\n"}
,{"stream_name":"stdout","time":9645.700622976,"data":"Searching 6058 data points, 3113 periods from 0.93 to 25.527 days\n"}
,{"stream_name":"stdout","time":9645.700784985,"data":"Using 1 of 4 CPU threads\n"}
,{"stream_name":"stdout","time":9699.97408883,"data":"Searching for best T0 for period 1.16119 days\n"}
,{"stream_name":"stdout","time":9706.652069585,"data":"Transit Least Squares TLS 1.32 (5 Apr 2024)\n"}
,{"stream_name":"stdout","time":9706.653810333,"data":"Creating model cache for 37 durations\n"}
,{"stream_name":"stdout","time":9706.663794269,"data":"Searching 2732 data points, 3488 periods from 0.5 to 11.775 days\n"}
,{"stream_name":"stdout","time":9706.666351697,"data":"Using 1 of 4 CPU threads\n"}
,{"stream_name":"stdout","time":9731.42861549,"data":"Searching for best T0 for period 4.93637 days\n"}
,{"stream_name":"stdout","time":9736.409441357,"data":"Transit Least Squares TLS 1.32 (5 Apr 2024)\n"}
,{"stream_name":"stdout","time":9736.427215969,"data":"Creating model cache for 43 durations\n"}
,{"stream_name":"stdout","time":9736.451753461,"data":"Searching 9342 data points, 51047 periods from 0.5 to 29.999 days\n"}
,{"stream_name":"stdout","time":9736.451945614,"data":"Using 1 of 4 CPU threads\n"}
,{"stream_name":"stdout","time":9776.577734249,"data":"Searching for best T0 for period 1.08370 days\n"}
,{"stream_name":"stderr","time":9778.839397581,"data":"/usr/local/lib/python3.13/dist-packages/transitleastsquares/main.py:411: UserWarning: 55 of 119 transits without data. The true period may be twice the given period.\n"}
,{"stream_name":"stderr","time":9778.839458533,"data":"  warnings.warn(text)\n"}
,{"stream_name":"stdout","time":9787.083927469,"data":"Transit Least Squares TLS 1.32 (5 Apr 2024)\n"}
,{"stream_name":"stdout","time":9787.09143577,"data":"Creating model cache for 43 durations\n"}
,{"stream_name":"stdout","time":9787.107307587,"data":"Searching 9818 data points, 18795 periods from 0.5 to 29.993 days\n"}
,{"stream_name":"stdout","time":9787.10775391,"data":"Using 1 of 4 CPU threads\n"}
,{"stream_name":"stdout","time":10003.150388968,"data":"Searching for best T0 for period 1.59150 days\n"}
,{"stream_name":"stderr","time":10010.19156658,"data":"/usr/local/lib/python3.13/dist-packages/transitleastsquares/main.py:411: UserWarning: 87 of 171 transits without data. The true period may be twice the given period.\n"}
,{"stream_name":"stderr","time":10010.191610879,"data":"  warnings.warn(text)\n"}
,{"stream_name":"stdout","time":10020.03885815,"data":"Transit Least Squares TLS 1.32 (5 Apr 2024)\n"}
,{"stream_name":"stdout","time":10020.04101235,"data":"Creating model cache for 43 durations\n"}
,{"stream_name":"stdout","time":10020.053254291,"data":"Searching 9224 data points, 5573 periods from 0.831 to 29.989 days\n"}
,{"stream_name":"stdout","time":10020.053356672,"data":"Using 1 of 4 CPU threads\n"}
,{"stream_name":"stdout","time":10068.191233663,"data":"Searching for best T0 for period 3.22812 days\n"}
,{"stream_name":"stderr","time":10070.482232678,"data":"/usr/local/lib/python3.13/dist-packages/transitleastsquares/main.py:411: UserWarning: 78 of 109 transits without data. The true period may be twice the given period.\n"}
,{"stream_name":"stderr","time":10070.482325465,"data":"  warnings.warn(text)\n"}
,{"stream_name":"stdout","time":10082.18335674,"data":"Transit Least Squares TLS 1.32 (5 Apr 2024)\n"}
,{"stream_name":"stdout","time":10082.193856831,"data":"Creating model cache for 43 durations\n"}
,{"stream_name":"stdout","time":10082.213321119,"data":"Searching 14137 data points, 28071 periods from 0.752 to 29.999 days\n"}
,{"stream_name":"stdout","time":10082.213625918,"data":"Using 1 of 4 CPU threads\n"}
,{"stream_name":"stdout","time":10089.032125896,"data":"Searching for best T0 for period 22.93773 days\n"}
,{"stream_name":"stderr","time":10092.152136978,"data":"/usr/local/lib/python3.13/dist-packages/transitleastsquares/main.py:411: UserWarning: 2 of 6 transits without data. The true period may be twice the given period.\n"}
,{"stream_name":"stderr","time":10092.152174926,"data":"  warnings.warn(text)\n"}
,{"stream_name":"stdout","time":10099.747160317,"data":"Transit Least Squares TLS 1.32 (5 Apr 2024)\n"}
,{"stream_name":"stdout","time":10099.753517477,"data":"Creating model cache for 43 durations\n"}
,{"stream_name":"stdout","time":10099.769428322,"data":"Searching 12615 data points, 17997 periods from 0.647 to 29.997 days\n"}
,{"stream_name":"stdout","time":10099.769470512,"data":"Using 1 of 4 CPU threads\n"}
,{"stream_name":"stdout","time":10163.749748121,"data":"Searching for best T0 for period 1.67369 days\n"}
,{"stream_name":"stdout","time":10171.369475724,"data":"200/408 9757s\n"}
,{"stream_name":"stdout","time":10173.452694054,"data":"Transit Least Squares TLS 1.32 (5 Apr 2024)\n"}
,{"stream_name":"stdout","time":10173.455876708,"data":"Creating model cache for 43 durations\n"}
,{"stream_name":"stdout","time":10173.469523732,"data":"Searching 9042 data points, 8186 periods from 0.588 to 29.979 days\n"}
,{"stream_name":"stdout","time":10173.469719691,"data":"Using 1 of 4 CPU threads\n"}
,{"stream_name":"stdout","time":10338.606150469,"data":"Searching for best T0 for period 6.15379 days\n"}
,{"stream_name":"stdout","time":10347.737201657,"data":"Transit Least Squares TLS 1.32 (5 Apr 2024)\n"}
,{"stream_name":"stdout","time":10347.743424888,"data":"Creating model cache for 43 durations\n"}
,{"stream_name":"stdout","time":10347.756087526,"data":"Searching 9042 data points, 8186 periods from 0.588 to 29.979 days\n"}
,{"stream_name":"stdout","time":10347.756390136,"data":"Using 1 of 4 CPU threads\n"}
,{"stream_name":"stdout","time":10458.941672314,"data":"Searching for best T0 for period 0.59880 days\n"}
,{"stream_name":"stdout","time":10469.542488724,"data":"Transit Least Squares TLS 1.32 (5 Apr 2024)\n"}
,{"stream_name":"stdout","time":10469.545591882,"data":"Creating model cache for 43 durations\n"}
,{"stream_name":"stdout","time":10469.558521989,"data":"Searching 9042 data points, 8186 periods from 0.588 to 29.979 days\n"}
,{"stream_name":"stdout","time":10469.558703035,"data":"Using 1 of 4 CPU threads\n"}
,{"stream_name":"stdout","time":10581.071354518,"data":"Searching for best T0 for period 19.23544 days\n"}
,{"stream_name":"stdout","time":10591.373403641,"data":"Transit Least Squares TLS 1.32 (5 Apr 2024)\n"}
,{"stream_name":"stdout","time":10591.386624382,"data":"Creating model cache for 43 durations\n"}
,{"stream_name":"stdout","time":10591.412623936,"data":"Searching 13157 data points, 31613 periods from 0.5 to 29.994 days\n"}
,{"stream_name":"stdout","time":10591.412860757,"data":"Using 1 of 4 CPU threads\n"}
,{"stream_name":"stdout","time":10601.736900163,"data":"Searching for best T0 for period 8.59138 days\n"}
,{"stream_name":"stderr","time":10604.683383933,"data":"/usr/local/lib/python3.13/dist-packages/transitleastsquares/main.py:411: UserWarning: 13 of 22 transits without data. The true period may be twice the given period.\n"}
,{"stream_name":"stderr","time":10604.683425444,"data":"  warnings.warn(text)\n"}
,{"stream_name":"stdout","time":10613.836184187,"data":"Transit Least Squares TLS 1.32 (5 Apr 2024)\n"}
,{"stream_name":"stdout","time":10613.842510252,"data":"Creating model cache for 43 durations\n"}
,{"stream_name":"stdout","time":10613.860528681,"data":"Searching 12615 data points, 17997 periods from 0.647 to 29.997 days\n"}
,{"stream_name":"stdout","time":10613.860645628,"data":"Using 1 of 4 CPU threads\n"}
,{"stream_name":"stdout","time":10637.503012129,"data":"Searching for best T0 for period 22.16840 days\n"}
,{"stream_name":"stderr","time":10640.83934651,"data":"/usr/local/lib/python3.13/dist-packages/transitleastsquares/main.py:411: UserWarning: 11 of 14 transits without data. The true period may be twice the given period.\n"}
,{"stream_name":"stderr","time":10640.839383218,"data":"  warnings.warn(text)\n"}
,{"stream_name":"stdout","time":10645.928807913,"data":"Transit Least Squares TLS 1.32 (5 Apr 2024)\n"}
,{"stream_name":"stdout","time":10645.930352367,"data":"Creating model cache for 37 durations\n"}
,{"stream_name":"stdout","time":10645.942113099,"data":"Searching 2732 data points, 3488 periods from 0.5 to 11.775 days\n"}
,{"stream_name":"stdout","time":10645.942250312,"data":"Using 1 of 4 CPU threads\n"}
,{"stream_name":"stdout","time":10670.616434238,"data":"Searching for best T0 for period 2.15971 days\n"}
,{"stream_name":"stdout","time":10674.979057875,"data":"Transit Least Squares TLS 1.32 (5 Apr 2024)\n"}
,{"stream_name":"stdout","time":10674.984426362,"data":"Creating model cache for 43 durations\n"}
,{"stream_name":"stdout","time":10674.995788717,"data":"Searching 7272 data points, 5134 periods from 0.651 to 27.636 days\n"}
,{"stream_name":"stdout","time":10674.996181698,"data":"Using 1 of 4 CPU threads\n"}
,{"stream_name":"stdout","time":10754.315836429,"data":"Searching for best T0 for period 9.79787 days\n"}
,{"stream_name":"stdout","time":10761.416674813,"data":"Transit Least Squares TLS 1.32 (5 Apr 2024)\n"}
,{"stream_name":"stdout","time":10761.418389579,"data":"Creating model cache for 43 durations\n"}
,{"stream_name":"stdout","time":10761.438575059,"data":"Searching 7272 data points, 5134 periods from 0.651 to 27.636 days\n"}
,{"stream_name":"stdout","time":10761.438615108,"data":"Using 1 of 4 CPU threads\n"}
,{"stream_name":"stdout","time":10871.911084146,"data":"Searching for best T0 for period 1.24475 days\n"}
,{"stream_name":"stdout","time":10879.553576878,"data":"Transit Least Squares TLS 1.32 (5 Apr 2024)\n"}
,{"stream_name":"stdout","time":10879.555935763,"data":"Creating model cache for 43 durations\n"}
,{"stream_name":"stdout","time":10879.56833022,"data":"Searching 7272 data points, 5134 periods from 0.651 to 27.636 days\n"}
,{"stream_name":"stdout","time":10879.568443295,"data":"Using 1 of 4 CPU threads\n"}
,{"stream_name":"stdout","time":10980.610583593,"data":"Searching for best T0 for period 1.64063 days\n"}
,{"stream_name":"stdout","time":10987.269638794,"data":"Transit Least Squares TLS 1.32 (5 Apr 2024)\n"}
,{"stream_name":"stdout","time":10987.271125743,"data":"Creating model cache for 38 durations\n"}
,{"stream_name":"stdout","time":10987.281881902,"data":"Searching 3727 data points, 1683 periods from 0.837 to 13.701 days\n"}
,{"stream_name":"stdout","time":10987.28220373,"data":"Using 1 of 4 CPU threads\n"}
,{"stream_name":"stdout","time":11002.518365344,"data":"Searching for best T0 for period 9.61408 days\n"}
,{"stream_name":"stdout","time":11005.966409322,"data":"Transit Least Squares TLS 1.32 (5 Apr 2024)\n"}
,{"stream_name":"stdout","time":11005.967476025,"data":"Creating model cache for 38 durations\n"}
,{"stream_name":"stdout","time":11005.977094204,"data":"Searching 3727 data points, 1683 periods from 0.837 to 13.701 days\n"}
,{"stream_name":"stdout","time":11005.97725006,"data":"Using 1 of 4 CPU threads\n"}
,{"stream_name":"stdout","time":11012.190475668,"data":"Searching for best T0 for period 28.14566 days\n"}
,{"stream_name":"stderr","time":11017.714362174,"data":"/usr/local/lib/python3.13/dist-packages/transitleastsquares/main.py:411: UserWarning: 4 of 7 transits without data. The true period may be twice the given period.\n"}
,{"stream_name":"stderr","time":11017.714413415,"data":"  warnings.warn(text)\n"}
,{"stream_name":"stdout","time":11018.3390144,"data":"Searching for best T0 for period 0.98133 days\n"}
,{"stream_name":"stdout","time":11023.324523092,"data":"Transit Least Squares TLS 1.32 (5 Apr 2024)\n"}
,{"stream_name":"stdout","time":11023.325904911,"data":"Creating model cache for 38 durations\n"}
,{"stream_name":"stdout","time":11023.335618012,"data":"Searching 3727 data points, 1683 periods from 0.837 to 13.701 days\n"}
,{"stream_name":"stdout","time":11023.335956442,"data":"Using 1 of 4 CPU threads\n"}
,{"stream_name":"stdout","time":11026.184844877,"data":"Transit Least Squares TLS 1.32 (5 Apr 2024)\n"}
,{"stream_name":"stdout","time":11026.193688653,"data":"Creating model cache for 43 durations\n"}
,{"stream_name":"stdout","time":11026.212692173,"data":"Searching 14826 data points, 24943 periods from 0.5 to 29.994 days\n"}
,{"stream_name":"stdout","time":11026.212967763,"data":"Using 1 of 4 CPU threads\n"}
,{"stream_name":"stdout","time":11036.247430168,"data":"Searching for best T0 for period 0.91208 days\n"}
,{"stream_name":"stdout","time":11043.979007302,"data":"Transit Least Squares TLS 1.32 (5 Apr 2024)\n"}
,{"stream_name":"stdout","time":11043.989595613,"data":"Creating model cache for 43 durations\n"}
,{"stream_name":"stdout","time":11044.008912831,"data":"Searching 13383 data points, 28499 periods from 0.588 to 29.993 days\n"}
,{"stream_name":"stdout","time":11044.009226056,"data":"Using 1 of 4 CPU threads\n"}
,{"stream_name":"stdout","time":11166.987446651,"data":"Searching for best T0 for period 1.04240 days\n"}
,{"stream_name":"stderr","time":11170.448827943,"data":"/usr/local/lib/python3.13/dist-packages/transitleastsquares/main.py:411: UserWarning: 243 of 337 transits without data. The true period may be twice the given period.\n"}
,{"stream_name":"stderr","time":11170.448868825,"data":"  warnings.warn(text)\n"}
,{"stream_name":"stdout","time":11176.318432724,"data":"Searching for best T0 for period 8.47454 days\n"}
,{"stream_name":"stderr","time":11181.144327774,"data":"/usr/local/lib/python3.13/dist-packages/transitleastsquares/main.py:411: UserWarning: 17 of 28 transits without data. The true period may be twice the given period.\n"}
,{"stream_name":"stderr","time":11181.144368977,"data":"  warnings.warn(text)\n"}
,{"stream_name":"stdout","time":11181.692367582,"data":"Transit Least Squares TLS 1.32 (5 Apr 2024)\n"}
,{"stream_name":"stdout","time":11181.698042366,"data":"Creating model cache for 43 durations\n"}
,{"stream_name":"stdout","time":11181.717356003,"data":"Searching 10687 data points, 14801 periods from 0.752 to 29.996 days\n"}
,{"stream_name":"stdout","time":11181.717650162,"data":"Using 1 of 4 CPU threads\n"}
,{"stream_name":"stdout","time":11188.396325477,"data":"Transit Least Squares TLS 1.32 (5 Apr 2024)\n"}
,{"stream_name":"stdout","time":11188.405396309,"data":"Creating model cache for 43 durations\n"}
,{"stream_name":"stdout","time":11188.422747065,"data":"Searching 6388 data points, 24375 periods from 0.5 to 29.999 days\n"}
,{"stream_name":"stdout","time":11188.422947758,"data":"Using 1 of 4 CPU threads\n"}
,{"stream_name":"stdout","time":11463.913337896,"data":"Searching for best T0 for period 3.40508 days\n"}
,{"stream_name":"stderr","time":11467.107473312,"data":"/usr/local/lib/python3.13/dist-packages/transitleastsquares/main.py:411: UserWarning: 32 of 55 transits without data. The true period may be twice the given period.\n"}
,{"stream_name":"stderr","time":11467.107509698,"data":"  warnings.warn(text)\n"}
,{"stream_name":"stdout","time":11474.988454239,"data":"Transit Least Squares TLS 1.32 (5 Apr 2024)\n"}
,{"stream_name":"stdout","time":11474.99351,"data":"Creating model cache for 43 durations\n"}
,{"stream_name":"stdout","time":11475.008430017,"data":"Searching 13227 data points, 13391 periods from 0.6 to 29.991 days\n"}
,{"stream_name":"stdout","time":11475.00853974,"data":"Using 1 of 4 CPU threads\n"}
,{"stream_name":"stdout","time":11478.37217759,"data":"Searching for best T0 for period 8.86974 days\n"}
,{"stream_name":"stderr","time":11480.259162652,"data":"/usr/local/lib/python3.13/dist-packages/transitleastsquares/main.py:411: UserWarning: 17 of 21 transits without data. The true period may be twice the given period.\n"}
,{"stream_name":"stderr","time":11480.259413688,"data":"  warnings.warn(text)\n"}
,{"stream_name":"stdout","time":11486.609317524,"data":"Transit Least Squares TLS 1.32 (5 Apr 2024)\n"}
,{"stream_name":"stdout","time":11486.622031673,"data":"Creating model cache for 43 durations\n"}
,{"stream_name":"stdout","time":11486.643346623,"data":"Searching 13157 data points, 31613 periods from 0.5 to 29.994 days\n"}
,{"stream_name":"stdout","time":11486.643583941,"data":"Using 1 of 4 CPU threads\n"}
,{"stream_name":"stdout","time":11747.451412328,"data":"Searching for best T0 for period 28.54274 days\n"}
,{"stream_name":"stderr","time":11753.417515733,"data":"/usr/local/lib/python3.13/dist-packages/transitleastsquares/main.py:411: UserWarning: 2 of 4 transits without data. The true period may be twice the given period.\n"}
,{"stream_name":"stderr","time":11753.417643628,"data":"  warnings.warn(text)\n"}
,{"stream_name":"stdout","time":11761.460510599,"data":"Transit Least Squares TLS 1.32 (5 Apr 2024)\n"}
,{"stream_name":"stdout","time":11761.465365474,"data":"Creating model cache for 43 durations\n"}
,{"stream_name":"stdout","time":11761.479922067,"data":"Searching 13227 data points, 13391 periods from 0.6 to 29.991 days\n"}
,{"stream_name":"stdout","time":11761.479998315,"data":"Using 1 of 4 CPU threads\n"}
,{"stream_name":"stdout","time":11872.764758528,"data":"Searching for best T0 for period 1.70419 days\n"}
,{"stream_name":"stderr","time":11875.134759206,"data":"/usr/local/lib/python3.13/dist-packages/transitleastsquares/main.py:411: UserWarning: 101 of 159 transits without data. The true period may be twice the given period.\n"}
,{"stream_name":"stderr","time":11875.134817614,"data":"  warnings.warn(text)\n"}
,{"stream_name":"stdout","time":11884.552916405,"data":"Transit Least Squares TLS 1.32 (5 Apr 2024)\n"}
,{"stream_name":"stdout","time":11884.554181281,"data":"Creating model cache for 37 durations\n"}
,{"stream_name":"stdout","time":11884.563514752,"data":"Searching 3018 data points, 2170 periods from 0.588 to 11.882 days\n"}
,{"stream_name":"stdout","time":11884.563613492,"data":"Using 1 of 4 CPU threads\n"}
,{"stream_name":"stdout","time":11896.858473855,"data":"Searching for best T0 for period 7.57027 days\n"}
,{"stream_name":"stdout","time":11902.053486548,"data":"Transit Least Squares TLS 1.32 (5 Apr 2024)\n"}
,{"stream_name":"stdout","time":11902.063607164,"data":"Creating model cache for 43 durations\n"}
,{"stream_name":"stdout","time":11902.082033868,"data":"Searching 9871 data points, 25654 periods from 0.588 to 29.998 days\n"}
,{"stream_name":"stdout","time":11902.082418341,"data":"Using 1 of 4 CPU threads\n"}
,{"stream_name":"stdout","time":11936.702826989,"data":"Searching for best T0 for period 0.58944 days\n"}
,{"stream_name":"stderr","time":11940.557285161,"data":"/usr/local/lib/python3.13/dist-packages/transitleastsquares/main.py:411: UserWarning: 140 of 313 transits without data. The true period may be twice the given period.\n"}
,{"stream_name":"stderr","time":11940.557344811,"data":"  warnings.warn(text)\n"}
,{"stream_name":"stdout","time":11950.40079119,"data":"Transit Least Squares TLS 1.32 (5 Apr 2024)\n"}
,{"stream_name":"stdout","time":11950.40262327,"data":"Creating model cache for 43 durations\n"}
,{"stream_name":"stdout","time":11950.414637825,"data":"Searching 5865 data points, 3990 periods from 0.794 to 27.024 days\n"}
,{"stream_name":"stdout","time":11950.417437979,"data":"Using 1 of 4 CPU threads\n"}
,{"stream_name":"stdout","time":11995.123834526,"data":"Searching for best T0 for period 18.14113 days\n"}
,{"stream_name":"stderr","time":11996.491389169,"data":"/usr/local/lib/python3.13/dist-packages/transitleastsquares/main.py:411: UserWarning: 1 of 3 transits without data. The true period may be twice the given period.\n"}
,{"stream_name":"stderr","time":11996.491444889,"data":"  warnings.warn(text)\n"}
,{"stream_name":"stdout","time":11999.846854237,"data":"Transit Least Squares TLS 1.32 (5 Apr 2024)\n"}
,{"stream_name":"stdout","time":11999.847816489,"data":"Creating model cache for 38 durations\n"}
,{"stream_name":"stdout","time":11999.857672326,"data":"Searching 2724 data points, 1750 periods from 0.794 to 13.423 days\n"}
,{"stream_name":"stdout","time":11999.857785172,"data":"Using 1 of 4 CPU threads\n"}
,{"stream_name":"stdout","time":12012.434454578,"data":"Searching for best T0 for period 3.21770 days\n"}
,{"stream_name":"stderr","time":12012.837196499,"data":"/usr/local/lib/python3.13/dist-packages/transitleastsquares/main.py:411: UserWarning: 3 of 9 transits without data. The true period may be twice the given period.\n"}
,{"stream_name":"stderr","time":12012.837240811,"data":"  warnings.warn(text)\n"}
,{"stream_name":"stdout","time":12018.516574023,"data":"Transit Least Squares TLS 1.32 (5 Apr 2024)\n"}
,{"stream_name":"stdout","time":12018.52025875,"data":"Creating model cache for 43 durations\n"}
,{"stream_name":"stdout","time":12018.534386219,"data":"Searching 14306 data points, 9763 periods from 0.795 to 29.988 days\n"}
,{"stream_name":"stdout","time":12018.534531223,"data":"Using 1 of 4 CPU threads\n"}
,{"stream_name":"stdout","time":12032.799376416,"data":"Searching for best T0 for period 28.54274 days\n"}
,{"stream_name":"stdout","time":12049.253188877,"data":"Transit Least Squares TLS 1.32 (5 Apr 2024)\n"}
,{"stream_name":"stdout","time":12049.261793029,"data":"Creating model cache for 43 durations\n"}
,{"stream_name":"stdout","time":12049.28068992,"data":"Searching 23239 data points, 25043 periods from 0.6 to 29.998 days\n"}
,{"stream_name":"stdout","time":12049.280787432,"data":"Using 1 of 4 CPU threads\n"}
,{"stream_name":"stdout","time":12300.252587709,"data":"Searching for best T0 for period 29.15778 days\n"}
,{"stream_name":"stdout","time":12310.225463481,"data":"Transit Least Squares TLS 1.32 (5 Apr 2024)\n"}
,{"stream_name":"stdout","time":12310.22648072,"data":"Creating model cache for 36 durations\n"}
,{"stream_name":"stdout","time":12310.235976495,"data":"Searching 2145 data points, 1244 periods from 0.818 to 10.471 days\n"}
,{"stream_name":"stdout","time":12310.236210942,"data":"Using 1 of 4 CPU threads\n"}
,{"stream_name":"stdout","time":12316.850101859,"data":"Searching for best T0 for period 5.66322 days\n"}
,{"stream_name":"stdout","time":12321.521348263,"data":"Transit Least Squares TLS 1.32 (5 Apr 2024)\n"}
,{"stream_name":"stdout","time":12321.524321782,"data":"Creating model cache for 43 durations\n"}
,{"stream_name":"stdout","time":12321.537242807,"data":"Searching 11327 data points, 7426 periods from 0.818 to 29.991 days\n"}
,{"stream_name":"stdout","time":12321.537445704,"data":"Using 1 of 4 CPU threads\n"}
,{"stream_name":"stdout","time":12479.283521592,"data":"Searching for best T0 for period 1.98505 days\n"}
,{"stream_name":"stdout","time":12492.850297457,"data":"Transit Least Squares TLS 1.32 (5 Apr 2024)\n"}
,{"stream_name":"stdout","time":12492.85934668,"data":"Creating model cache for 43 durations\n"}
,{"stream_name":"stdout","time":12492.873858032,"data":"Searching 15008 data points, 17649 periods from 0.818 to 29.994 days\n"}
,{"stream_name":"stdout","time":12492.874007636,"data":"Using 1 of 4 CPU threads\n"}
,{"stream_name":"stdout","time":12518.795187962,"data":"Searching for best T0 for period 2.15520 days\n"}
,{"stream_name":"stderr","time":12521.137611261,"data":"/usr/local/lib/python3.13/dist-packages/transitleastsquares/main.py:411: UserWarning: 80 of 113 transits without data. The true period may be twice the given period.\n"}
,{"stream_name":"stderr","time":12521.137678125,"data":"  warnings.warn(text)\n"}
,{"stream_name":"stdout","time":12529.401359964,"data":"Searching for best T0 for period 1.45389 days\n"}
,{"stream_name":"stdout","time":12529.647996402,"data":"Transit Least Squares TLS 1.32 (5 Apr 2024)\n"}
,{"stream_name":"stdout","time":12529.663790795,"data":"Creating model cache for 43 durations\n"}
,{"stream_name":"stdout","time":12529.688743023,"data":"Searching 14449 data points, 44620 periods from 0.5 to 29.997 days\n"}
,{"stream_name":"stdout","time":12529.68886761,"data":"Using 1 of 4 CPU threads\n"}
,{"stream_name":"stderr","time":12531.931664949,"data":"/usr/local/lib/python3.13/dist-packages/transitleastsquares/main.py:411: UserWarning: 105 of 168 transits without data. The true period may be twice the given period.\n"}
,{"stream_name":"stderr","time":12531.934352013,"data":"  warnings.warn(text)\n"}
,{"stream_name":"stdout","time":12543.825982908,"data":"Transit Least Squares TLS 1.32 (5 Apr 2024)\n"}
,{"stream_name":"stdout","time":12543.836295879,"data":"Creating model cache for 43 durations\n"}
,{"stream_name":"stdout","time":12543.857463232,"data":"Searching 13157 data points, 31613 periods from 0.5 to 29.994 days\n"}
,{"stream_name":"stdout","time":12543.857687764,"data":"Using 1 of 4 CPU threads\n"}
,{"stream_name":"stdout","time":12890.854650094,"data":"Searching for best T0 for period 12.11006 days\n"}
,{"stream_name":"stderr","time":12898.689753222,"data":"/usr/local/lib/python3.13/dist-packages/transitleastsquares/main.py:411: UserWarning: 7 of 20 transits without data. The true period may be twice the given period.\n"}
,{"stream_name":"stderr","time":12898.689799277,"data":"  warnings.warn(text)\n"}
,{"stream_name":"stdout","time":12914.519111168,"data":"Transit Least Squares TLS 1.32 (5 Apr 2024)\n"}
,{"stream_name":"stdout","time":12914.528442594,"data":"Creating model cache for 43 durations\n"}
,{"stream_name":"stdout","time":12914.548857205,"data":"Searching 26417 data points, 27966 periods from 0.6 to 29.999 days\n"}
,{"stream_name":"stdout","time":12914.549033292,"data":"Using 1 of 4 CPU threads\n"}
,{"stream_name":"stdout","time":13053.922013892,"data":"Searching for best T0 for period 27.60734 days\n"}
,{"stream_name":"stderr","time":13060.096030147,"data":"/usr/local/lib/python3.13/dist-packages/transitleastsquares/main.py:411: UserWarning: 7 of 9 transits without data. The true period may be twice the given period.\n"}
,{"stream_name":"stderr","time":13060.096075532,"data":"  warnings.warn(text)\n"}
,{"stream_name":"stdout","time":13068.047046073,"data":"Transit Least Squares TLS 1.32 (5 Apr 2024)\n"}
,{"stream_name":"stdout","time":13068.057588989,"data":"Creating model cache for 43 durations\n"}
,{"stream_name":"stdout","time":13068.078083904,"data":"Searching 13157 data points, 31613 periods from 0.5 to 29.994 days\n"}
,{"stream_name":"stdout","time":13068.078241751,"data":"Using 1 of 4 CPU threads\n"}
,{"stream_name":"stdout","time":13145.649591747,"data":"Searching for best T0 for period 3.47047 days\n"}
,{"stream_name":"stderr","time":13149.007138001,"data":"/usr/local/lib/python3.13/dist-packages/transitleastsquares/main.py:411: UserWarning: 42 of 70 transits without data. The true period may be twice the given period.\n"}
,{"stream_name":"stderr","time":13149.00717932,"data":"  warnings.warn(text)\n"}
,{"stream_name":"stdout","time":13157.292319043,"data":"Transit Least Squares TLS 1.32 (5 Apr 2024)\n"}
,{"stream_name":"stdout","time":13157.293818445,"data":"Creating model cache for 42 durations\n"}
,{"stream_name":"stdout","time":13157.304985447,"data":"Searching 4893 data points, 3428 periods from 0.818 to 24.399 days\n"}
,{"stream_name":"stdout","time":13157.305099728,"data":"Using 1 of 4 CPU threads\n"}
,{"stream_name":"stdout","time":13194.673550224,"data":"Searching for best T0 for period 16.80116 days\n"}
,{"stream_name":"stdout","time":13199.265886275,"data":"Transit Least Squares TLS 1.32 (5 Apr 2024)\n"}
,{"stream_name":"stdout","time":13199.266824278,"data":"Creating model cache for 38 durations\n"}
,{"stream_name":"stdout","time":13199.276645387,"data":"Searching 3731 data points, 2068 periods from 0.691 to 13.423 days\n"}
,{"stream_name":"stdout","time":13199.276963776,"data":"Using 1 of 4 CPU threads\n"}
,{"stream_name":"stdout","time":13215.01076629,"data":"Searching for best T0 for period 13.25998 days\n"}
,{"stream_name":"stderr","time":13215.716549279,"data":"/usr/local/lib/python3.13/dist-packages/transitleastsquares/main.py:411: UserWarning: 1 of 2 transits without data. The true period may be twice the given period.\n"}
,{"stream_name":"stderr","time":13215.716589629,"data":"  warnings.warn(text)\n"}
,{"stream_name":"stdout","time":13220.424991105,"data":"Transit Least Squares TLS 1.32 (5 Apr 2024)\n"}
,{"stream_name":"stdout","time":13220.428396633,"data":"Creating model cache for 43 durations\n"}
,{"stream_name":"stdout","time":13220.442279911,"data":"Searching 9471 data points, 9071 periods from 0.692 to 29.998 days\n"}
,{"stream_name":"stdout","time":13220.442466601,"data":"Using 1 of 4 CPU threads\n"}
,{"stream_name":"stdout","time":13392.347353059,"data":"Searching for best T0 for period 1.39055 days\n"}
,{"stream_name":"stderr","time":13395.714720553,"data":"/usr/local/lib/python3.13/dist-packages/transitleastsquares/main.py:411: UserWarning: 181 of 253 transits without data. The true period may be twice the given period.\n"}
,{"stream_name":"stderr","time":13395.714785067,"data":"  warnings.warn(text)\n"}
,{"stream_name":"stdout","time":13408.482908315,"data":"Transit Least Squares TLS 1.32 (5 Apr 2024)\n"}
,{"stream_name":"stdout","time":13408.497628839,"data":"Creating model cache for 43 durations\n"}
,{"stream_name":"stdout","time":13408.521004598,"data":"Searching 14449 data points, 44620 periods from 0.5 to 29.997 days\n"}
,{"stream_name":"stdout","time":13408.521112852,"data":"Using 1 of 4 CPU threads\n"}
,{"stream_name":"stdout","time":13438.440325163,"data":"Searching for best T0 for period 1.07928 days\n"}
,{"stream_name":"stderr","time":13439.963104589,"data":"/usr/local/lib/python3.13/dist-packages/transitleastsquares/main.py:411: UserWarning: 33 of 96 transits without data. The true period may be twice the given period.\n"}
,{"stream_name":"stderr","time":13439.963168593,"data":"  warnings.warn(text)\n"}
,{"stream_name":"stdout","time":13453.512604165,"data":"Transit Least Squares TLS 1.32 (5 Apr 2024)\n"}
,{"stream_name":"stdout","time":13453.520346534,"data":"Creating model cache for 43 durations\n"}
,{"stream_name":"stdout","time":13453.540059236,"data":"Searching 26093 data points, 21324 periods from 0.692 to 29.997 days\n"}
,{"stream_name":"stdout","time":13453.540220587,"data":"Using 1 of 4 CPU threads\n"}
,{"stream_name":"stdout","time":13937.527881652,"data":"Searching for best T0 for period 25.00484 days\n"}
,{"stream_name":"stderr","time":13955.070694432,"data":"/usr/local/lib/python3.13/dist-packages/transitleastsquares/main.py:411: UserWarning: 5 of 11 transits without data. The true period may be twice the given period.\n"}
,{"stream_name":"stderr","time":13955.070764515,"data":"  warnings.warn(text)\n"}
,{"stream_name":"stdout","time":13969.598391301,"data":"Transit Least Squares TLS 1.32 (5 Apr 2024)\n"}
,{"stream_name":"stdout","time":13969.605565392,"data":"Creating model cache for 43 durations\n"}
,{"stream_name":"stdout","time":13969.624681226,"data":"Searching 23239 data points, 25043 periods from 0.6 to 29.998 days\n"}
,{"stream_name":"stdout","time":13969.624992688,"data":"Using 1 of 4 CPU threads\n"}
,{"stream_name":"stdout","time":14085.612527862,"data":"Searching for best T0 for period 1.47477 days\n"}
,{"stream_name":"stderr","time":14088.537491066,"data":"/usr/local/lib/python3.13/dist-packages/transitleastsquares/main.py:411: UserWarning: 101 of 165 transits without data. The true period may be twice the given period.\n"}
,{"stream_name":"stderr","time":14088.537533714,"data":"  warnings.warn(text)\n"}
,{"stream_name":"stdout","time":14103.607365522,"data":"Transit Least Squares TLS 1.32 (5 Apr 2024)\n"}
,{"stream_name":"stdout","time":14103.619806148,"data":"Creating model cache for 43 durations\n"}
,{"stream_name":"stdout","time":14103.642339722,"data":"Searching 30190 data points, 34423 periods from 0.631 to 29.998 days\n"}
,{"stream_name":"stdout","time":14103.642553461,"data":"Using 1 of 4 CPU threads\n"}
,{"stream_name":"stdout","time":14155.834608394,"data":"Searching for best T0 for period 1.48518 days\n"}
,{"stream_name":"stderr","time":14159.765341362,"data":"/usr/local/lib/python3.13/dist-packages/transitleastsquares/main.py:411: UserWarning: 170 of 237 transits without data. The true period may be twice the given period.\n"}
,{"stream_name":"stderr","time":14159.765380882,"data":"  warnings.warn(text)\n"}
,{"stream_name":"stdout","time":14171.132598961,"data":"Transit Least Squares TLS 1.32 (5 Apr 2024)\n"}
,{"stream_name":"stdout","time":14171.147344052,"data":"Creating model cache for 43 durations\n"}
,{"stream_name":"stdout","time":14171.16971027,"data":"Searching 14449 data points, 44620 periods from 0.5 to 29.997 days\n"}
,{"stream_name":"stdout","time":14171.169880769,"data":"Using 1 of 4 CPU threads\n"}
,{"stream_name":"stdout","time":14421.557810606,"data":"Searching for best T0 for period 5.83020 days\n"}
,{"stream_name":"stdout","time":14443.264692563,"data":"Transit Least Squares TLS 1.32 (5 Apr 2024)\n"}
,{"stream_name":"stdout","time":14443.273605581,"data":"Creating model cache for 43 durations\n"}
,{"stream_name":"stdout","time":14443.291049277,"data":"Searching 11009 data points, 27288 periods from 0.5 to 29.995 days\n"}
,{"stream_name":"stdout","time":14443.291150745,"data":"Using 1 of 4 CPU threads\n"}
,{"stream_name":"stdout","time":14760.577410071,"data":"Searching for best T0 for period 6.02945 days\n"}
,{"stream_name":"stderr","time":14766.093793133,"data":"/usr/local/lib/python3.13/dist-packages/transitleastsquares/main.py:411: UserWarning: 23 of 36 transits without data. The true period may be twice the given period.\n"}
,{"stream_name":"stderr","time":14766.093837409,"data":"  warnings.warn(text)\n"}
,{"stream_name":"stdout","time":14773.644077832,"data":"Transit Least Squares TLS 1.32 (5 Apr 2024)\n"}
,{"stream_name":"stdout","time":14773.65078251,"data":"Creating model cache for 43 durations\n"}
,{"stream_name":"stdout","time":14773.667324469,"data":"Searching 12970 data points, 19230 periods from 0.515 to 29.991 days\n"}
,{"stream_name":"stdout","time":14773.667536442,"data":"Using 1 of 4 CPU threads\n"}
,{"stream_name":"stdout","time":14807.574172655,"data":"Searching for best T0 for period 1.06216 days\n"}
,{"stream_name":"stdout","time":14829.401328586,"data":"Transit Least Squares TLS 1.32 (5 Apr 2024)\n"}
,{"stream_name":"stdout","time":14829.412527134,"data":"Creating model cache for 43 durations\n"}
,{"stream_name":"stdout","time":14829.434514382,"data":"Searching 12843 data points, 34386 periods from 0.5 to 30.0 days\n"}
,{"stream_name":"stdout","time":14829.434625887,"data":"Using 1 of 4 CPU threads\n"}
,{"stream_name":"stdout","time":15304.454458572,"data":"Searching for best T0 for period 9.56855 days\n"}
,{"stream_name":"stderr","time":15308.088334834,"data":"/usr/local/lib/python3.13/dist-packages/transitleastsquares/main.py:411: UserWarning: 7 of 17 transits without data. The true period may be twice the given period.\n"}
,{"stream_name":"stderr","time":15308.088395126,"data":"  warnings.warn(text)\n"}
,{"stream_name":"stdout","time":15316.778744283,"data":"Transit Least Squares TLS 1.32 (5 Apr 2024)\n"}
,{"stream_name":"stdout","time":15316.790657828,"data":"Creating model cache for 43 durations\n"}
,{"stream_name":"stdout","time":15316.811312402,"data":"Searching 14475 data points, 36163 periods from 0.601 to 29.993 days\n"}
,{"stream_name":"stdout","time":15316.811622238,"data":"Using 1 of 4 CPU threads\n"}
,{"stream_name":"stdout","time":15788.11059802,"data":"Searching for best T0 for period 0.80278 days\n"}
,{"stream_name":"stderr","time":15791.443704894,"data":"/usr/local/lib/python3.13/dist-packages/transitleastsquares/main.py:411: UserWarning: 314 of 438 transits without data. The true period may be twice the given period.\n"}
,{"stream_name":"stderr","time":15791.443776255,"data":"  warnings.warn(text)\n"}
,{"stream_name":"stdout","time":15803.168120776,"data":"Transit Least Squares TLS 1.32 (5 Apr 2024)\n"}
,{"stream_name":"stdout","time":15803.168826258,"data":"Creating model cache for 37 durations\n"}
,{"stream_name":"stdout","time":15803.177907466,"data":"Searching 2745 data points, 1249 periods from 0.887 to 11.384 days\n"}
,{"stream_name":"stdout","time":15803.178114976,"data":"Using 1 of 4 CPU threads\n"}
,{"stream_name":"stdout","time":15810.101137436,"data":"Searching for best T0 for period 1.64622 days\n"}
,{"stream_name":"stdout","time":15815.813990778,"data":"Transit Least Squares TLS 1.32 (5 Apr 2024)\n"}
,{"stream_name":"stdout","time":15815.817343085,"data":"Creating model cache for 43 durations\n"}
,{"stream_name":"stdout","time":15815.832065895,"data":"Searching 12737 data points, 6882 periods from 0.887 to 29.973 days\n"}
,{"stream_name":"stdout","time":15815.832261151,"data":"Using 1 of 4 CPU threads\n"}
,{"stream_name":"stdout","time":15875.610348934,"data":"Searching for best T0 for period 3.16868 days\n"}
,{"stream_name":"stderr","time":15878.481391305,"data":"/usr/local/lib/python3.13/dist-packages/transitleastsquares/main.py:411: UserWarning: 57 of 86 transits without data. The true period may be twice the given period.\n"}
,{"stream_name":"stderr","time":15878.481454721,"data":"  warnings.warn(text)\n"}
,{"stream_name":"stdout","time":15888.429027815,"data":"Transit Least Squares TLS 1.32 (5 Apr 2024)\n"}
,{"stream_name":"stdout","time":15888.440512324,"data":"Creating model cache for 43 durations\n"}
,{"stream_name":"stdout","time":15888.460482725,"data":"Searching 12843 data points, 34386 periods from 0.5 to 30.0 days\n"}
,{"stream_name":"stdout","time":15888.460648528,"data":"Using 1 of 4 CPU threads\n"}
,{"stream_name":"stdout","time":15930.491930301,"data":"Searching for best T0 for period 10.31159 days\n"}
,{"stream_name":"stdout","time":15942.578246538,"data":"Transit Least Squares TLS 1.32 (5 Apr 2024)\n"}
,{"stream_name":"stdout","time":15942.5920769,"data":"Creating model cache for 43 durations\n"}
,{"stream_name":"stdout","time":15942.615165731,"data":"Searching 14245 data points, 40416 periods from 0.552 to 29.999 days\n"}
,{"stream_name":"stdout","time":15942.615537115,"data":"Using 1 of 4 CPU threads\n"}
,{"stream_name":"stdout","time":16421.13749115,"data":"Searching for best T0 for period 12.76804 days\n"}
,{"stream_name":"stderr","time":16425.311571563,"data":"/usr/local/lib/python3.13/dist-packages/transitleastsquares/main.py:411: UserWarning: 20 of 28 transits without data. The true period may be twice the given period.\n"}
,{"stream_name":"stderr","time":16425.311615467,"data":"  warnings.warn(text)\n"}
,{"stream_name":"stdout","time":16434.291164049,"data":"Transit Least Squares TLS 1.32 (5 Apr 2024)\n"}
,{"stream_name":"stdout","time":16434.303897525,"data":"Creating model cache for 43 durations\n"}
,{"stream_name":"stdout","time":16434.327167525,"data":"Searching 14475 data points, 36163 periods from 0.601 to 29.993 days\n"}
,{"stream_name":"stdout","time":16434.327468611,"data":"Using 1 of 4 CPU threads\n"}
,{"stream_name":"stdout","time":16443.525367057,"data":"Searching for best T0 for period 27.80209 days\n"}
,{"stream_name":"stderr","time":16449.05556236,"data":"/usr/local/lib/python3.13/dist-packages/transitleastsquares/main.py:411: UserWarning: 8 of 10 transits without data. The true period may be twice the given period.\n"}
,{"stream_name":"stderr","time":16449.055605514,"data":"  warnings.warn(text)\n"}
,{"stream_name":"stdout","time":16456.712626223,"data":"Transit Least Squares TLS 1.32 (5 Apr 2024)\n"}
,{"stream_name":"stdout","time":16456.724182009,"data":"Creating model cache for 43 durations\n"}
,{"stream_name":"stdout","time":16456.743795312,"data":"Searching 12843 data points, 34386 periods from 0.5 to 30.0 days\n"}
,{"stream_name":"stdout","time":16456.74394279,"data":"Using 1 of 4 CPU threads\n"}
,{"stream_name":"stdout","time":16660.14030372,"data":"Searching for best T0 for period 7.95618 days\n"}
,{"stream_name":"stderr","time":16664.458715629,"data":"/usr/local/lib/python3.13/dist-packages/transitleastsquares/main.py:411: UserWarning: 33 of 45 transits without data. The true period may be twice the given period.\n"}
,{"stream_name":"stderr","time":16664.458775817,"data":"  warnings.warn(text)\n"}
,{"stream_name":"stdout","time":16673.194645742,"data":"Transit Least Squares TLS 1.32 (5 Apr 2024)\n"}
,{"stream_name":"stdout","time":16673.207337276,"data":"Creating model cache for 43 durations\n"}
,{"stream_name":"stdout","time":16673.229325181,"data":"Searching 10297 data points, 37080 periods from 0.552 to 29.994 days\n"}
,{"stream_name":"stdout","time":16673.22949995,"data":"Using 1 of 4 CPU threads\n"}
,{"stream_name":"stdout","time":16683.954506743,"data":"Searching for best T0 for period 1.66317 days\n"}
,{"stream_name":"stderr","time":16689.926262639,"data":"/usr/local/lib/python3.13/dist-packages/transitleastsquares/main.py:411: UserWarning: 86 of 213 transits without data. The true period may be twice the given period.\n"}
,{"stream_name":"stderr","time":16689.926324244,"data":"  warnings.warn(text)\n"}
,{"stream_name":"stdout","time":16709.031217893,"data":"Transit Least Squares TLS 1.32 (5 Apr 2024)\n"}
,{"stream_name":"stdout","time":16709.032229281,"data":"Creating model cache for 37 durations\n"}
,{"stream_name":"stdout","time":16709.041674685,"data":"Searching 3080 data points, 1951 periods from 0.63 to 11.656 days\n"}
,{"stream_name":"stdout","time":16709.041773055,"data":"Using 1 of 4 CPU threads\n"}
,{"stream_name":"stdout","time":16727.04007095,"data":"Searching for best T0 for period 0.92285 days\n"}
,{"stream_name":"stdout","time":16731.044122869,"data":"Transit Least Squares TLS 1.32 (5 Apr 2024)\n"}
,{"stream_name":"stdout","time":16731.045818506,"data":"Creating model cache for 38 durations\n"}
,{"stream_name":"stdout","time":16731.057715766,"data":"Searching 3731 data points, 3445 periods from 0.5 to 13.423 days\n"}
,{"stream_name":"stdout","time":16731.058102648,"data":"Using 1 of 4 CPU threads\n"}
,{"stream_name":"stdout","time":16759.177336166,"data":"Searching for best T0 for period 1.39467 days\n"}
,{"stream_name":"stdout","time":16768.600238915,"data":"Transit Least Squares TLS 1.32 (5 Apr 2024)\n"}
,{"stream_name":"stdout","time":16768.617745888,"data":"Creating model cache for 43 durations\n"}
,{"stream_name":"stdout","time":16768.645913871,"data":"Searching 23516 data points, 50463 periods from 0.5 to 29.997 days\n"}
,{"stream_name":"stdout","time":16768.646102234,"data":"Using 1 of 4 CPU threads\n"}
,{"stream_name":"stderr","time":16967.948523022,"data":"/usr/local/lib/python3.13/dist-packages/transitleastsquares/main.py:205: UserWarning: No transit were fit. Try smaller \"transit_depth_min\"\n"}
,{"stream_name":"stderr","time":16967.948609104,"data":"  warnings.warn('No transit were fit. Try smaller \"transit_depth_min\"')\n"}
,{"stream_name":"stdout","time":16972.029497861,"data":"Transit Least Squares TLS 1.32 (5 Apr 2024)\n"}
,{"stream_name":"stdout","time":16972.030712703,"data":"Creating model cache for 38 durations\n"}
,{"stream_name":"stdout","time":16972.040679848,"data":"Searching 3731 data points, 2445 periods from 0.601 to 13.423 days\n"}
,{"stream_name":"stdout","time":16972.041016776,"data":"Using 1 of 4 CPU threads\n"}
,{"stream_name":"stdout","time":16998.404772792,"data":"Searching for best T0 for period 1.08422 days\n"}
,{"stream_name":"stdout","time":17005.833742952,"data":"Transit Least Squares TLS 1.32 (5 Apr 2024)\n"}
,{"stream_name":"stdout","time":17005.846513797,"data":"Creating model cache for 43 durations\n"}
,{"stream_name":"stdout","time":17005.867917199,"data":"Searching 14475 data points, 36163 periods from 0.601 to 29.993 days\n"}
,{"stream_name":"stdout","time":17005.86804739,"data":"Using 1 of 4 CPU threads\n"}
,{"stream_name":"stdout","time":17020.1206827,"data":"Searching for best T0 for period 27.80209 days\n"}
,{"stream_name":"stdout","time":17033.445702411,"data":"Transit Least Squares TLS 1.32 (5 Apr 2024)\n"}
,{"stream_name":"stdout","time":17033.456953634,"data":"Creating model cache for 43 durations\n"}
,{"stream_name":"stdout","time":17033.476754926,"data":"Searching 12843 data points, 34386 periods from 0.5 to 30.0 days\n"}
,{"stream_name":"stdout","time":17033.476792561,"data":"Using 1 of 4 CPU threads\n"}
,{"stream_name":"stdout","time":17248.603888592,"data":"Searching for best T0 for period 10.79756 days\n"}
,{"stream_name":"stderr","time":17253.085468678,"data":"/usr/local/lib/python3.13/dist-packages/transitleastsquares/main.py:411: UserWarning: 25 of 31 transits without data. The true period may be twice the given period.\n"}
,{"stream_name":"stderr","time":17253.085523743,"data":"  warnings.warn(text)\n"}
,{"stream_name":"stdout","time":17257.829550012,"data":"Transit Least Squares TLS 1.32 (5 Apr 2024)\n"}
,{"stream_name":"stdout","time":17257.831661851,"data":"Creating model cache for 38 durations\n"}
,{"stream_name":"stdout","time":17257.841254786,"data":"Searching 3756 data points, 2827 periods from 0.551 to 13.937 days\n"}
,{"stream_name":"stdout","time":17257.841488254,"data":"Using 1 of 4 CPU threads\n"}
,{"stream_name":"stdout","time":17282.660502565,"data":"Searching for best T0 for period 5.40791 days\n"}
,{"stream_name":"stdout","time":17291.632492999,"data":"Transit Least Squares TLS 1.32 (5 Apr 2024)\n"}
,{"stream_name":"stdout","time":17291.640585721,"data":"Creating model cache for 43 durations\n"}
,{"stream_name":"stdout","time":17291.661288816,"data":"Searching 28919 data points, 22979 periods from 0.842 to 29.993 days\n"}
,{"stream_name":"stdout","time":17291.661400606,"data":"Using 1 of 4 CPU threads\n"}
,{"stream_name":"stdout","time":17614.806279132,"data":"Searching for best T0 for period 3.47057 days\n"}
,{"stream_name":"stderr","time":17618.160214093,"data":"/usr/local/lib/python3.13/dist-packages/transitleastsquares/main.py:411: UserWarning: 73 of 101 transits without data. The true period may be twice the given period.\n"}
,{"stream_name":"stderr","time":17618.160252139,"data":"  warnings.warn(text)\n"}
,{"stream_name":"stdout","time":17627.85657637,"data":"Transit Least Squares TLS 1.32 (5 Apr 2024)\n"}
,{"stream_name":"stdout","time":17627.86056748,"data":"Creating model cache for 43 durations\n"}
,{"stream_name":"stdout","time":17627.875436162,"data":"Searching 8693 data points, 9298 periods from 0.537 to 29.985 days\n"}
,{"stream_name":"stdout","time":17627.875750577,"data":"Using 1 of 4 CPU threads\n"}
,{"stream_name":"stdout","time":17759.152580735,"data":"Searching for best T0 for period 0.55740 days\n"}
,{"stream_name":"stdout","time":17769.376955857,"data":"Transit Least Squares TLS 1.32 (5 Apr 2024)\n"}
,{"stream_name":"stdout","time":17769.380823996,"data":"Creating model cache for 43 durations\n"}
,{"stream_name":"stdout","time":17769.39458576,"data":"Searching 8693 data points, 9298 periods from 0.537 to 29.985 days\n"}
,{"stream_name":"stdout","time":17769.394686629,"data":"Using 1 of 4 CPU threads\n"}
,{"stream_name":"stdout","time":17787.01528675,"data":"Searching for best T0 for period 9.21179 days\n"}
,{"stream_name":"stderr","time":17791.279828475,"data":"/usr/local/lib/python3.13/dist-packages/transitleastsquares/main.py:411: UserWarning: 21 of 30 transits without data. The true period may be twice the given period.\n"}
,{"stream_name":"stderr","time":17791.279866422,"data":"  warnings.warn(text)\n"}
,{"stream_name":"stdout","time":17801.878783699,"data":"Transit Least Squares TLS 1.32 (5 Apr 2024)\n"}
,{"stream_name":"stdout","time":17801.890567668,"data":"Creating model cache for 43 durations\n"}
,{"stream_name":"stdout","time":17801.911465337,"data":"Searching 19061 data points, 32053 periods from 0.5 to 30.0 days\n"}
,{"stream_name":"stdout","time":17801.911544716,"data":"Using 1 of 4 CPU threads\n"}
,{"stream_name":"stdout","time":17905.602461916,"data":"Searching for best T0 for period 10.17575 days\n"}
,{"stream_name":"stdout","time":17915.596196079,"data":"Transit Least Squares TLS 1.32 (5 Apr 2024)\n"}
,{"stream_name":"stdout","time":17915.602769134,"data":"Creating model cache for 43 durations\n"}
,{"stream_name":"stdout","time":17915.618483878,"data":"Searching 12484 data points, 16144 periods from 0.5 to 29.991 days\n"}
,{"stream_name":"stdout","time":17915.618717024,"data":"Using 1 of 4 CPU threads\n"}
,{"stream_name":"stdout","time":18047.893427891,"data":"Searching for best T0 for period 17.73137 days\n"}
,{"stream_name":"stderr","time":18056.691675373,"data":"/usr/local/lib/python3.13/dist-packages/transitleastsquares/main.py:411: UserWarning: 7 of 19 transits without data. The true period may be twice the given period.\n"}
,{"stream_name":"stderr","time":18056.691716579,"data":"  warnings.warn(text)\n"}
,{"stream_name":"stdout","time":18072.849693845,"data":"Transit Least Squares TLS 1.32 (5 Apr 2024)\n"}
,{"stream_name":"stdout","time":18072.854005065,"data":"Creating model cache for 43 durations\n"}
,{"stream_name":"stdout","time":18072.869234145,"data":"Searching 19920 data points, 10184 periods from 1.194 to 29.991 days\n"}
,{"stream_name":"stdout","time":18072.869402294,"data":"Using 1 of 4 CPU threads\n"}
,{"stream_name":"stdout","time":18406.256084078,"data":"Searching for best T0 for period 7.63368 days\n"}
,{"stream_name":"stdout","time":18426.41190943,"data":"Transit Least Squares TLS 1.32 (5 Apr 2024)\n"}
,{"stream_name":"stdout","time":18426.420369491,"data":"Creating model cache for 43 durations\n"}
,{"stream_name":"stdout","time":18426.433677409,"data":"Searching 25617 data points, 15162 periods from 1.195 to 29.99 days\n"}
,{"stream_name":"stdout","time":18426.433842892,"data":"Using 1 of 4 CPU threads\n"}
,{"stream_name":"stdout","time":18465.013484044,"data":"Searching for best T0 for period 0.63666 days\n"}
,{"stream_name":"stdout","time":18477.198390434,"data":"Transit Least Squares TLS 1.32 (5 Apr 2024)\n"}
,{"stream_name":"stdout","time":18477.198432508,"data":"Creating model cache for 38 durations\n"}
,{"stream_name":"stdout","time":18477.206392589,"data":"Searching 3926 data points, 2410 periods from 0.639 to 14.097 days\n"}
,{"stream_name":"stdout","time":18477.206524752,"data":"Using 1 of 4 CPU threads\n"}
,{"stream_name":"stdout","time":18498.072489323,"data":"Searching for best T0 for period 1.06424 days\n"}
,{"stream_name":"stdout","time":18506.436389735,"data":"Transit Least Squares TLS 1.32 (5 Apr 2024)\n"}
,{"stream_name":"stdout","time":18506.447062257,"data":"Creating model cache for 43 durations\n"}
,{"stream_name":"stdout","time":18506.466407972,"data":"Searching 15611 data points, 28868 periods from 0.639 to 29.997 days\n"}
,{"stream_name":"stdout","time":18506.466542558,"data":"Using 1 of 4 CPU threads\n"}
,{"stream_name":"stdout","time":19018.164703824,"data":"Searching for best T0 for period 20.67085 days\n"}
,{"stream_name":"stdout","time":19023.524301006,"data":"Searching for best T0 for period 19.41737 days\n"}
,{"stream_name":"stderr","time":19038.08601247,"data":"/usr/local/lib/python3.13/dist-packages/transitleastsquares/main.py:411: UserWarning: 9 of 17 transits without data. The true period may be twice the given period.\n"}
,{"stream_name":"stderr","time":19038.086087602,"data":"  warnings.warn(text)\n"}
,{"stream_name":"stdout","time":19048.069906242,"data":"Transit Least Squares TLS 1.32 (5 Apr 2024)\n"}
,{"stream_name":"stdout","time":19048.071804409,"data":"Creating model cache for 38 durations\n"}
,{"stream_name":"stdout","time":19048.083315716,"data":"Searching 3731 data points, 3445 periods from 0.5 to 13.423 days\n"}
,{"stream_name":"stdout","time":19048.083431579,"data":"Using 1 of 4 CPU threads\n"}
,{"stream_name":"stderr","time":19048.864407886,"data":"/usr/local/lib/python3.13/dist-packages/transitleastsquares/main.py:411: UserWarning: 9 of 17 transits without data. The true period may be twice the given period.\n"}
,{"stream_name":"stderr","time":19048.864467652,"data":"  warnings.warn(text)\n"}
,{"stream_name":"stdout","time":19059.017669899,"data":"Transit Least Squares TLS 1.32 (5 Apr 2024)\n"}
,{"stream_name":"stdout","time":19059.018427906,"data":"Creating model cache for 37 durations\n"}
,{"stream_name":"stdout","time":19059.027786769,"data":"Searching 3334 data points, 933 periods from 1.194 to 12.179 days\n"}
,{"stream_name":"stdout","time":19059.027959102,"data":"Using 1 of 4 CPU threads\n"}
,{"stream_name":"stdout","time":19066.197106569,"data":"Searching for best T0 for period 2.29825 days\n"}
,{"stream_name":"stdout","time":19071.606220133,"data":"Transit Least Squares TLS 1.32 (5 Apr 2024)\n"}
,{"stream_name":"stdout","time":19071.609360864,"data":"Creating model cache for 42 durations\n"}
,{"stream_name":"stdout","time":19071.619080329,"data":"Searching 6217 data points, 2223 periods from 1.194 to 24.628 days\n"}
,{"stream_name":"stdout","time":19071.619223454,"data":"Using 1 of 4 CPU threads\n"}
,{"stream_name":"stdout","time":19076.081572488,"data":"Searching for best T0 for period 1.39467 days\n"}
,{"stream_name":"stdout","time":19085.306297772,"data":"Transit Least Squares TLS 1.32 (5 Apr 2024)\n"}
,{"stream_name":"stdout","time":19085.323502405,"data":"Creating model cache for 43 durations\n"}
,{"stream_name":"stdout","time":19085.349379706,"data":"Searching 23516 data points, 50463 periods from 0.5 to 29.997 days\n"}
,{"stream_name":"stdout","time":19085.34949668,"data":"Using 1 of 4 CPU threads\n"}
,{"stream_name":"stdout","time":19100.934425763,"data":"Searching for best T0 for period 12.46532 days\n"}
,{"stream_name":"stderr","time":19102.592254503,"data":"/usr/local/lib/python3.13/dist-packages/transitleastsquares/main.py:411: UserWarning: 3 of 4 transits without data. The true period may be twice the given period.\n"}
,{"stream_name":"stderr","time":19102.59231041,"data":"  warnings.warn(text)\n"}
,{"stream_name":"stdout","time":19108.473358251,"data":"Transit Least Squares TLS 1.32 (5 Apr 2024)\n"}
,{"stream_name":"stdout","time":19108.483368708,"data":"Creating model cache for 43 durations\n"}
,{"stream_name":"stdout","time":19108.503021985,"data":"Searching 10712 data points, 29729 periods from 0.715 to 29.993 days\n"}
,{"stream_name":"stdout","time":19108.503203602,"data":"Using 1 of 4 CPU threads\n"}
,{"stream_name":"stdout","time":19257.811880734,"data":"Searching for best T0 for period 9.85776 days\n"}
,{"stream_name":"stderr","time":19261.435894613,"data":"/usr/local/lib/python3.13/dist-packages/transitleastsquares/main.py:411: UserWarning: 19 of 30 transits without data. The true period may be twice the given period.\n"}
,{"stream_name":"stderr","time":19261.435930101,"data":"  warnings.warn(text)\n"}
,{"stream_name":"stdout","time":19271.008147356,"data":"Transit Least Squares TLS 1.32 (5 Apr 2024)\n"}
,{"stream_name":"stdout","time":19271.009315385,"data":"Creating model cache for 38 durations\n"}
,{"stream_name":"stdout","time":19271.01917812,"data":"Searching 3727 data points, 2233 periods from 0.662 to 13.701 days\n"}
,{"stream_name":"stdout","time":19271.019327123,"data":"Using 1 of 4 CPU threads\n"}
,{"stream_name":"stdout","time":19289.846615438,"data":"Searching for best T0 for period 7.53485 days\n"}
,{"stream_name":"stdout","time":19298.480657432,"data":"Transit Least Squares TLS 1.32 (5 Apr 2024)\n"}
,{"stream_name":"stdout","time":19298.493380544,"data":"Creating model cache for 43 durations\n"}
,{"stream_name":"stdout","time":19298.516710743,"data":"Searching 21407 data points, 36258 periods from 0.517 to 29.996 days\n"}
,{"stream_name":"stdout","time":19298.516951847,"data":"Using 1 of 4 CPU threads\n"}
,{"stream_name":"stdout","time":19350.074483316,"data":"Searching for best T0 for period 0.64142 days\n"}
,{"stream_name":"stderr","time":19355.060697787,"data":"/usr/local/lib/python3.13/dist-packages/transitleastsquares/main.py:411: UserWarning: 171 of 379 transits without data. The true period may be twice the given period.\n"}
,{"stream_name":"stderr","time":19355.060739845,"data":"  warnings.warn(text)\n"}
,{"stream_name":"stdout","time":19370.104045958,"data":"Transit Least Squares TLS 1.32 (5 Apr 2024)\n"}
,{"stream_name":"stdout","time":19370.111424591,"data":"Creating model cache for 43 durations\n"}
,{"stream_name":"stdout","time":19370.126000533,"data":"Searching 12466 data points, 17175 periods from 0.5 to 29.985 days\n"}
,{"stream_name":"stdout","time":19370.126167601,"data":"Using 1 of 4 CPU threads\n"}
,{"stream_name":"stdout","time":19572.78638321,"data":"Searching for best T0 for period 2.07557 days\n"}
,{"stream_name":"stderr","time":19576.023739377,"data":"/usr/local/lib/python3.13/dist-packages/transitleastsquares/main.py:411: UserWarning: 133 of 170 transits without data. The true period may be twice the given period.\n"}
,{"stream_name":"stderr","time":19576.023801875,"data":"  warnings.warn(text)\n"}
,{"stream_name":"stdout","time":19584.651457363,"data":"Transit Least Squares TLS 1.32 (5 Apr 2024)\n"}
,{"stream_name":"stdout","time":19584.662346344,"data":"Creating model cache for 43 durations\n"}
,{"stream_name":"stdout","time":19584.681799934,"data":"Searching 10712 data points, 29729 periods from 0.715 to 29.993 days\n"}
,{"stream_name":"stdout","time":19584.682151989,"data":"Using 1 of 4 CPU threads\n"}
,{"stream_name":"stdout","time":19680.203170142,"data":"Searching for best T0 for period 6.42740 days\n"}
,{"stream_name":"stderr","time":19687.020602481,"data":"/usr/local/lib/python3.13/dist-packages/transitleastsquares/main.py:411: UserWarning: 9 of 20 transits without data. The true period may be twice the given period.\n"}
,{"stream_name":"stderr","time":19687.020652759,"data":"  warnings.warn(text)\n"}
,{"stream_name":"stdout","time":19698.25162975,"data":"Transit Least Squares TLS 1.32 (5 Apr 2024)\n"}
,{"stream_name":"stdout","time":19698.263595725,"data":"Creating model cache for 43 durations\n"}
,{"stream_name":"stdout","time":19698.286955886,"data":"Searching 25000 data points, 33624 periods from 0.641 to 29.997 days\n"}
,{"stream_name":"stdout","time":19698.287153859,"data":"Using 1 of 4 CPU threads\n"}
,{"stream_name":"stdout","time":20045.95104599,"data":"Searching for best T0 for period 14.18346 days\n"}
,{"stream_name":"stderr","time":20050.328686392,"data":"/usr/local/lib/python3.13/dist-packages/transitleastsquares/main.py:411: UserWarning: 21 of 24 transits without data. The true period may be twice the given period.\n"}
,{"stream_name":"stderr","time":20050.328727728,"data":"  warnings.warn(text)\n"}
,{"stream_name":"stdout","time":20055.68311351,"data":"Transit Least Squares TLS 1.32 (5 Apr 2024)\n"}
,{"stream_name":"stdout","time":20055.68433278,"data":"Creating model cache for 38 durations\n"}
,{"stream_name":"stdout","time":20055.696159787,"data":"Searching 3730 data points, 1988 periods from 0.715 to 13.423 days\n"}
,{"stream_name":"stdout","time":20055.69634457,"data":"Using 1 of 4 CPU threads\n"}
,{"stream_name":"stdout","time":20072.533253992,"data":"Searching for best T0 for period 13.09211 days\n"}
,{"stream_name":"stdout","time":20077.679882141,"data":"Transit Least Squares TLS 1.32 (5 Apr 2024)\n"}
,{"stream_name":"stdout","time":20077.685942792,"data":"Creating model cache for 43 durations\n"}
,{"stream_name":"stdout","time":20077.705501027,"data":"Searching 10437 data points, 15253 periods from 0.5 to 29.987 days\n"}
,{"stream_name":"stdout","time":20077.705722718,"data":"Using 1 of 4 CPU threads\n"}
,{"stream_name":"stdout","time":20355.984445619,"data":"Searching for best T0 for period 2.48680 days\n"}
,{"stream_name":"stdout","time":20372.06699885,"data":"Transit Least Squares TLS 1.32 (5 Apr 2024)\n"}
,{"stream_name":"stdout","time":20372.080310187,"data":"Creating model cache for 43 durations\n"}
,{"stream_name":"stdout","time":20372.103466186,"data":"Searching 30351 data points, 39943 periods from 0.5 to 29.997 days\n"}
,{"stream_name":"stdout","time":20372.103556639,"data":"Using 1 of 4 CPU threads\n"}
,{"stream_name":"stdout","time":20396.175525463,"data":"Searching for best T0 for period 24.44140 days\n"}
,{"stream_name":"stderr","time":20412.455919925,"data":"/usr/local/lib/python3.13/dist-packages/transitleastsquares/main.py:411: UserWarning: 5 of 12 transits without data. The true period may be twice the given period.\n"}
,{"stream_name":"stderr","time":20412.455970036,"data":"  warnings.warn(text)\n"}
,{"stream_name":"stdout","time":20425.450214296,"data":"Transit Least Squares TLS 1.32 (5 Apr 2024)\n"}
,{"stream_name":"stdout","time":20425.463400682,"data":"Creating model cache for 43 durations\n"}
,{"stream_name":"stdout","time":20425.484291434,"data":"Searching 21407 data points, 36258 periods from 0.517 to 29.996 days\n"}
,{"stream_name":"stdout","time":20425.484420319,"data":"Using 1 of 4 CPU threads\n"}
,{"stream_name":"stdout","time":20798.324924464,"data":"Searching for best T0 for period 2.03671 days\n"}
,{"stream_name":"stderr","time":20804.599829677,"data":"/usr/local/lib/python3.13/dist-packages/transitleastsquares/main.py:411: UserWarning: 86 of 172 transits without data. The true period may be twice the given period.\n"}
,{"stream_name":"stderr","time":20804.599871241,"data":"  warnings.warn(text)\n"}
,{"stream_name":"stdout","time":20820.386482247,"data":"Transit Least Squares TLS 1.32 (5 Apr 2024)\n"}
,{"stream_name":"stdout","time":20820.388580329,"data":"Creating model cache for 42 durations\n"}
,{"stream_name":"stdout","time":20820.400585309,"data":"Searching 5168 data points, 4779 periods from 0.641 to 25.534 days\n"}
,{"stream_name":"stdout","time":20820.400861772,"data":"Using 1 of 4 CPU threads\n"}
,{"stream_name":"stdout","time":20845.898610812,"data":"Searching for best T0 for period 0.89539 days\n"}
,{"stream_name":"stderr","time":20858.145241485,"data":"/usr/local/lib/python3.13/dist-packages/transitleastsquares/main.py:411: UserWarning: 212 of 393 transits without data. The true period may be twice the given period.\n"}
,{"stream_name":"stderr","time":20858.14529948,"data":"  warnings.warn(text)\n"}
,{"stream_name":"stdout","time":20865.658159077,"data":"Searching for best T0 for period 1.90142 days\n"}
,{"stream_name":"stdout","time":20870.488587752,"data":"Transit Least Squares TLS 1.32 (5 Apr 2024)\n"}
,{"stream_name":"stdout","time":20870.490140831,"data":"Creating model cache for 38 durations\n"}
,{"stream_name":"stdout","time":20870.501037801,"data":"Searching 3731 data points, 3445 periods from 0.5 to 13.423 days\n"}
,{"stream_name":"stdout","time":20870.501174576,"data":"Using 1 of 4 CPU threads\n"}
,{"stream_name":"stdout","time":20873.362216304,"data":"Transit Least Squares TLS 1.32 (5 Apr 2024)\n"}
,{"stream_name":"stdout","time":20873.370402799,"data":"Creating model cache for 43 durations\n"}
,{"stream_name":"stdout","time":20873.385009169,"data":"Searching 11442 data points, 15057 periods from 0.641 to 30.0 days\n"}
,{"stream_name":"stdout","time":20873.385283195,"data":"Using 1 of 4 CPU threads\n"}
,{"stream_name":"stdout","time":20898.271714253,"data":"Searching for best T0 for period 1.39467 days\n"}
,{"stream_name":"stdout","time":20908.523303845,"data":"Transit Least Squares TLS 1.32 (5 Apr 2024)\n"}
,{"stream_name":"stdout","time":20908.534000901,"data":"Creating model cache for 43 durations\n"}
,{"stream_name":"stdout","time":20908.554893143,"data":"Searching 30036 data points, 30911 periods from 0.5 to 29.999 days\n"}
,{"stream_name":"stdout","time":20908.555097186,"data":"Using 1 of 4 CPU threads\n"}
,{"stream_name":"stdout","time":21154.855613177,"data":"Searching for best T0 for period 1.05904 days\n"}
,{"stream_name":"stderr","time":21156.443845695,"data":"/usr/local/lib/python3.13/dist-packages/transitleastsquares/main.py:411: UserWarning: 73 of 149 transits without data. The true period may be twice the given period.\n"}
,{"stream_name":"stderr","time":21156.443888634,"data":"  warnings.warn(text)\n"}
,{"stream_name":"stdout","time":21168.803177327,"data":"Transit Least Squares TLS 1.32 (5 Apr 2024)\n"}
,{"stream_name":"stdout","time":21168.811427089,"data":"Creating model cache for 43 durations\n"}
,{"stream_name":"stdout","time":21168.823038198,"data":"Searching 11442 data points, 15057 periods from 0.641 to 30.0 days\n"}
,{"stream_name":"stdout","time":21168.823238888,"data":"Using 1 of 4 CPU threads\n"}
,{"stream_name":"stdout","time":21531.275652708,"data":"Searching for best T0 for period 2.32640 days\n"}
,{"stream_name":"stderr","time":21536.408455812,"data":"/usr/local/lib/python3.13/dist-packages/transitleastsquares/main.py:411: UserWarning: 66 of 128 transits without data. The true period may be twice the given period.\n"}
,{"stream_name":"stderr","time":21536.40861168,"data":"  warnings.warn(text)\n"}
,{"stream_name":"stdout","time":21550.294040795,"data":"Transit Least Squares TLS 1.32 (5 Apr 2024)\n"}
,{"stream_name":"stdout","time":21550.303151891,"data":"Creating model cache for 43 durations\n"}
,{"stream_name":"stdout","time":21550.320578197,"data":"Searching 13689 data points, 26649 periods from 0.5 to 29.993 days\n"}
,{"stream_name":"stdout","time":21550.320712477,"data":"Using 1 of 4 CPU threads\n"}
,{"stream_name":"stdout","time":21645.237235365,"data":"Searching for best T0 for period 0.65892 days\n"}
,{"stream_name":"stderr","time":21647.447663499,"data":"/usr/local/lib/python3.13/dist-packages/transitleastsquares/main.py:411: UserWarning: 118 of 240 transits without data. The true period may be twice the given period.\n"}
,{"stream_name":"stderr","time":21647.44770492,"data":"  warnings.warn(text)\n"}
,{"stream_name":"stdout","time":21658.215362711,"data":"Transit Least Squares TLS 1.32 (5 Apr 2024)\n"}
,{"stream_name":"stdout","time":21658.218617996,"data":"Creating model cache for 43 durations\n"}
,{"stream_name":"stdout","time":21658.232616389,"data":"Searching 13008 data points, 7119 periods from 0.906 to 30.0 days\n"}
,{"stream_name":"stdout","time":21658.233023457,"data":"Using 1 of 4 CPU threads\n"}
,{"stream_name":"stdout","time":21928.213485333,"data":"Searching for best T0 for period 1.27203 days\n"}
,{"stream_name":"stdout","time":21939.205444675,"data":"Transit Least Squares TLS 1.32 (5 Apr 2024)\n"}
,{"stream_name":"stdout","time":21939.206483519,"data":"Creating model cache for 38 durations\n"}
,{"stream_name":"stdout","time":21939.216898504,"data":"Searching 3661 data points, 1515 periods from 0.907 to 13.608 days\n"}
,{"stream_name":"stdout","time":21939.216974252,"data":"Using 1 of 4 CPU threads\n"}
,{"stream_name":"stdout","time":21956.279171718,"data":"Searching for best T0 for period 1.00136 days\n"}
,{"stream_name":"stdout","time":21966.598617331,"data":"Transit Least Squares TLS 1.32 (5 Apr 2024)\n"}
,{"stream_name":"stdout","time":21966.604548822,"data":"Creating model cache for 43 durations\n"}
,{"stream_name":"stdout","time":21966.622518775,"data":"Searching 31311 data points, 17375 periods from 0.907 to 29.994 days\n"}
,{"stream_name":"stdout","time":21966.622673451,"data":"Using 1 of 4 CPU threads\n"}
,{"stream_name":"stdout","time":22141.674338699,"data":"Searching for best T0 for period 3.74571 days\n"}
,{"stream_name":"stdout","time":22170.378812006,"data":"Transit Least Squares TLS 1.32 (5 Apr 2024)\n"}
,{"stream_name":"stdout","time":22170.387368309,"data":"Creating model cache for 43 durations\n"}
,{"stream_name":"stdout","time":22170.403094499,"data":"Searching 13524 data points, 19256 periods from 0.5 to 29.994 days\n"}
,{"stream_name":"stdout","time":22170.403234415,"data":"Using 1 of 4 CPU threads\n"}
,{"stream_name":"stdout","time":22378.277396352,"data":"Searching for best T0 for period 5.46656 days\n"}
,{"stream_name":"stderr","time":22382.770936896,"data":"/usr/local/lib/python3.13/dist-packages/transitleastsquares/main.py:411: UserWarning: 16 of 34 transits without data. The true period may be twice the given period.\n"}
,{"stream_name":"stderr","time":22382.771000195,"data":"  warnings.warn(text)\n"}
,{"stream_name":"stdout","time":22390.440183661,"data":"Transit Least Squares TLS 1.32 (5 Apr 2024)\n"}
,{"stream_name":"stdout","time":22390.448028604,"data":"Creating model cache for 43 durations\n"}
,{"stream_name":"stdout","time":22390.464407055,"data":"Searching 10123 data points, 22650 periods from 0.5 to 29.991 days\n"}
,{"stream_name":"stdout","time":22390.464505037,"data":"Using 1 of 4 CPU threads\n"}
,{"stream_name":"stdout","time":22804.808123245,"data":"Searching for best T0 for period 4.26959 days\n"}
,{"stream_name":"stdout","time":22834.918140554,"data":"Transit Least Squares TLS 1.32 (5 Apr 2024)\n"}
,{"stream_name":"stdout","time":22834.927213751,"data":"Creating model cache for 43 durations\n"}
,{"stream_name":"stdout","time":22834.947593905,"data":"Searching 25617 data points, 26430 periods from 0.742 to 29.998 days\n"}
,{"stream_name":"stdout","time":22834.947761066,"data":"Using 1 of 4 CPU threads\n"}
,{"stream_name":"stdout","time":22854.556530684,"data":"Searching for best T0 for period 0.75222 days\n"}
,{"stream_name":"stdout","time":22870.174662637,"data":"Transit Least Squares TLS 1.32 (5 Apr 2024)\n"}
,{"stream_name":"stdout","time":22870.183154139,"data":"Creating model cache for 43 durations\n"}
,{"stream_name":"stdout","time":22870.20340291,"data":"Searching 16474 data points, 22933 periods from 0.5 to 30.0 days\n"}
,{"stream_name":"stdout","time":22870.203435636,"data":"Using 1 of 4 CPU threads\n"}
,{"stream_name":"stdout","time":22874.981860068,"data":"Searching for best T0 for period 6.02203 days\n"}
,{"stream_name":"stderr","time":22877.73645456,"data":"/usr/local/lib/python3.13/dist-packages/transitleastsquares/main.py:411: UserWarning: 15 of 26 transits without data. The true period may be twice the given period.\n"}
,{"stream_name":"stderr","time":22877.736508674,"data":"  warnings.warn(text)\n"}
,{"stream_name":"stdout","time":22888.205080689,"data":"Transit Least Squares TLS 1.32 (5 Apr 2024)\n"}
,{"stream_name":"stdout","time":22888.222004577,"data":"Creating model cache for 43 durations\n"}
,{"stream_name":"stdout","time":22888.247885336,"data":"Searching 28066 data points, 50546 periods from 0.5 to 30.0 days\n"}
,{"stream_name":"stdout","time":22888.248234906,"data":"Using 1 of 4 CPU threads\n"}
,{"stream_name":"stdout","time":23134.135516134,"data":"Searching for best T0 for period 0.92202 days\n"}
,{"stream_name":"stdout","time":23160.706476925,"data":"Transit Least Squares TLS 1.32 (5 Apr 2024)\n"}
,{"stream_name":"stdout","time":23160.708139503,"data":"Creating model cache for 38 durations\n"}
,{"stream_name":"stdout","time":23160.719082212,"data":"Searching 3731 data points, 3054 periods from 0.5 to 13.423 days\n"}
,{"stream_name":"stdout","time":23160.719261714,"data":"Using 1 of 4 CPU threads\n"}
,{"stream_name":"stdout","time":23180.67931656,"data":"Searching for best T0 for period 1.44268 days\n"}
,{"stream_name":"stdout","time":23188.537089986,"data":"Transit Least Squares TLS 1.32 (5 Apr 2024)\n"}
,{"stream_name":"stdout","time":23188.543017619,"data":"Creating model cache for 43 durations\n"}
,{"stream_name":"stdout","time":23188.558841843,"data":"Searching 16136 data points, 16611 periods from 0.5 to 30.0 days\n"}
,{"stream_name":"stdout","time":23188.559027131,"data":"Using 1 of 4 CPU threads\n"}
,{"stream_name":"stdout","time":23464.071939792,"data":"Searching for best T0 for period 0.57039 days\n"}
,{"stream_name":"stdout","time":23481.848051576,"data":"Transit Least Squares TLS 1.32 (5 Apr 2024)\n"}
,{"stream_name":"stdout","time":23481.854129031,"data":"Creating model cache for 43 durations\n"}
,{"stream_name":"stdout","time":23481.870218753,"data":"Searching 16136 data points, 16611 periods from 0.5 to 30.0 days\n"}
,{"stream_name":"stdout","time":23481.870349611,"data":"Using 1 of 4 CPU threads\n"}
,{"stream_name":"stdout","time":23851.415716549,"data":"Searching for best T0 for period 0.71883 days\n"}
,{"stream_name":"stdout","time":23867.194159535,"data":"Transit Least Squares TLS 1.32 (5 Apr 2024)\n"}
,{"stream_name":"stdout","time":23867.197404171,"data":"Creating model cache for 43 durations\n"}
,{"stream_name":"stdout","time":23867.211140971,"data":"Searching 9048 data points, 7540 periods from 0.62 to 29.995 days\n"}
,{"stream_name":"stdout","time":23867.211444672,"data":"Using 1 of 4 CPU threads\n"}
,{"stream_name":"stdout","time":23975.367626114,"data":"Searching for best T0 for period 27.04852 days\n"}
,{"stream_name":"stdout","time":23984.954938501,"data":"Transit Least Squares TLS 1.32 (5 Apr 2024)\n"}
,{"stream_name":"stdout","time":23984.960450901,"data":"Creating model cache for 43 durations\n"}
,{"stream_name":"stdout","time":23984.972111803,"data":"Searching 11969 data points, 10175 periods from 0.62 to 29.993 days\n"}
,{"stream_name":"stdout","time":23984.972306847,"data":"Using 1 of 4 CPU threads\n"}
,{"stream_name":"stdout","time":24149.496431146,"data":"Searching for best T0 for period 1.55928 days\n"}
,{"stream_name":"stdout","time":24152.080657773,"data":"Searching for best T0 for period 3.93188 days\n"}
,{"stream_name":"stdout","time":24154.943944749,"data":"Searching for best T0 for period 0.94838 days\n"}
,{"stream_name":"stdout","time":24163.725755902,"data":"Transit Least Squares TLS 1.32 (5 Apr 2024)\n"}
,{"stream_name":"stdout","time":24163.72782968,"data":"Creating model cache for 42 durations\n"}
,{"stream_name":"stdout","time":24163.740207991,"data":"Searching 6328 data points, 4962 periods from 0.62 to 25.53 days\n"}
,{"stream_name":"stdout","time":24163.740370545,"data":"Using 1 of 4 CPU threads\n"}
,{"stream_name":"stderr","time":24165.526940119,"data":"/usr/local/lib/python3.13/dist-packages/transitleastsquares/main.py:411: UserWarning: 166 of 371 transits without data. The true period may be twice the given period.\n"}
,{"stream_name":"stderr","time":24165.527017429,"data":"  warnings.warn(text)\n"}
,{"stream_name":"stdout","time":24166.933153661,"data":"Transit Least Squares TLS 1.32 (5 Apr 2024)\n"}
,{"stream_name":"stdout","time":24166.940683505,"data":"Creating model cache for 43 durations\n"}
,{"stream_name":"stdout","time":24166.958728578,"data":"Searching 16136 data points, 16611 periods from 0.5 to 30.0 days\n"}
,{"stream_name":"stdout","time":24166.959122821,"data":"Using 1 of 4 CPU threads\n"}
,{"stream_name":"stdout","time":24179.41661931,"data":"Transit Least Squares TLS 1.32 (5 Apr 2024)\n"}
,{"stream_name":"stdout","time":24179.423355894,"data":"Creating model cache for 43 durations\n"}
,{"stream_name":"stdout","time":24179.439693004,"data":"Searching 6734 data points, 18797 periods from 0.5 to 29.993 days\n"}
,{"stream_name":"stdout","time":24179.43985942,"data":"Using 1 of 4 CPU threads\n"}
,{"stream_name":"stdout","time":24216.43344573,"data":"Searching for best T0 for period 14.63768 days\n"}
,{"stream_name":"stdout","time":24229.363018381,"data":"Transit Least Squares TLS 1.32 (5 Apr 2024)\n"}
,{"stream_name":"stdout","time":24229.373143397,"data":"Creating model cache for 43 durations\n"}
,{"stream_name":"stdout","time":24229.392786196,"data":"Searching 31913 data points, 26879 periods from 0.62 to 29.992 days\n"}
,{"stream_name":"stdout","time":24229.392884039,"data":"Using 1 of 4 CPU threads\n"}
,{"stream_name":"stdout","time":24453.3979641,"data":"Searching for best T0 for period 4.73170 days\n"}
,{"stream_name":"stderr","time":24460.185446312,"data":"/usr/local/lib/python3.13/dist-packages/transitleastsquares/main.py:411: UserWarning: 33 of 69 transits without data. The true period may be twice the given period.\n"}
,{"stream_name":"stderr","time":24460.185533233,"data":"  warnings.warn(text)\n"}
,{"stream_name":"stdout","time":24466.021694711,"data":"Searching for best T0 for period 1.26769 days\n"}
,{"stream_name":"stderr","time":24467.281171,"data":"/usr/local/lib/python3.13/dist-packages/transitleastsquares/main.py:411: UserWarning: 66 of 104 transits without data. The true period may be twice the given period.\n"}
,{"stream_name":"stderr","time":24467.28123358,"data":"  warnings.warn(text)\n"}
,{"stream_name":"stdout","time":24475.15501832,"data":"Transit Least Squares TLS 1.32 (5 Apr 2024)\n"}
,{"stream_name":"stdout","time":24475.158956686,"data":"Creating model cache for 43 durations\n"}
,{"stream_name":"stdout","time":24475.172938088,"data":"Searching 13064 data points, 11235 periods from 1.325 to 29.992 days\n"}
,{"stream_name":"stdout","time":24475.173114828,"data":"Using 1 of 4 CPU threads\n"}
,{"stream_name":"stdout","time":24475.647667212,"data":"Transit Least Squares TLS 1.32 (5 Apr 2024)\n"}
,{"stream_name":"stdout","time":24475.656741821,"data":"Creating model cache for 43 durations\n"}
,{"stream_name":"stdout","time":24475.674498585,"data":"Searching 13689 data points, 26649 periods from 0.5 to 29.993 days\n"}
,{"stream_name":"stdout","time":24475.674707562,"data":"Using 1 of 4 CPU threads\n"}
,{"stream_name":"stdout","time":24844.354573712,"data":"Searching for best T0 for period 3.54591 days\n"}
,{"stream_name":"stderr","time":24846.309248622,"data":"/usr/local/lib/python3.13/dist-packages/transitleastsquares/main.py:411: UserWarning: 51 of 77 transits without data. The true period may be twice the given period.\n"}
,{"stream_name":"stderr","time":24846.309300735,"data":"  warnings.warn(text)\n"}
,{"stream_name":"stdout","time":24855.508968808,"data":"Transit Least Squares TLS 1.32 (5 Apr 2024)\n"}
,{"stream_name":"stdout","time":24855.514421129,"data":"Creating model cache for 43 durations\n"}
,{"stream_name":"stdout","time":24855.52488699,"data":"Searching 6024 data points, 8815 periods from 1.325 to 29.982 days\n"}
,{"stream_name":"stdout","time":24855.525013301,"data":"Using 1 of 4 CPU threads\n"}
,{"stream_name":"stdout","time":24859.072560757,"data":"Searching for best T0 for period 0.93147 days\n"}
,{"stream_name":"stdout","time":24874.306397516,"data":"Transit Least Squares TLS 1.32 (5 Apr 2024)\n"}
,{"stream_name":"stdout","time":24874.312181358,"data":"Creating model cache for 43 durations\n"}
,{"stream_name":"stdout","time":24874.328401139,"data":"Searching 12448 data points, 16509 periods from 0.5 to 29.996 days\n"}
,{"stream_name":"stdout","time":24874.328572755,"data":"Using 1 of 4 CPU threads\n"}
,{"stream_name":"stdout","time":24962.82337434,"data":"Searching for best T0 for period 2.09004 days\n"}
,{"stream_name":"stderr","time":24963.610873311,"data":"/usr/local/lib/python3.13/dist-packages/transitleastsquares/main.py:411: UserWarning: 81 of 101 transits without data. The true period may be twice the given period.\n"}
,{"stream_name":"stderr","time":24963.610913209,"data":"  warnings.warn(text)\n"}
,{"stream_name":"stdout","time":24971.728810441,"data":"Transit Least Squares TLS 1.32 (5 Apr 2024)\n"}
,{"stream_name":"stdout","time":24971.732783093,"data":"Creating model cache for 43 durations\n"}
,{"stream_name":"stdout","time":24971.747176531,"data":"Searching 13064 data points, 11235 periods from 1.325 to 29.992 days\n"}
,{"stream_name":"stdout","time":24971.747333802,"data":"Using 1 of 4 CPU threads\n"}
,{"stream_name":"stdout","time":25162.90981831,"data":"Searching for best T0 for period 2.28563 days\n"}
,{"stream_name":"stderr","time":25165.187466667,"data":"/usr/local/lib/python3.13/dist-packages/transitleastsquares/main.py:411: UserWarning: 79 of 119 transits without data. The true period may be twice the given period.\n"}
,{"stream_name":"stderr","time":25165.187506203,"data":"  warnings.warn(text)\n"}
,{"stream_name":"stdout","time":25178.828775159,"data":"Transit Least Squares TLS 1.32 (5 Apr 2024)\n"}
,{"stream_name":"stdout","time":25178.837512941,"data":"Creating model cache for 43 durations\n"}
,{"stream_name":"stdout","time":25178.857030854,"data":"Searching 18555 data points, 24564 periods from 0.5 to 29.992 days\n"}
,{"stream_name":"stdout","time":25178.857138673,"data":"Using 1 of 4 CPU threads\n"}
,{"stream_name":"stdout","time":25204.756133518,"data":"Searching for best T0 for period 4.79548 days\n"}
,{"stream_name":"stdout","time":25221.591258116,"data":"Transit Least Squares TLS 1.32 (5 Apr 2024)\n"}
,{"stream_name":"stdout","time":25221.604688143,"data":"Creating model cache for 43 durations\n"}
,{"stream_name":"stdout","time":25221.626988314,"data":"Searching 27660 data points, 36175 periods from 0.5 to 29.997 days\n"}
,{"stream_name":"stdout","time":25221.627095732,"data":"Using 1 of 4 CPU threads\n"}
,{"stream_name":"stdout","time":25445.086594716,"data":"Searching for best T0 for period 0.95897 days\n"}
,{"stream_name":"stderr","time":25448.545943506,"data":"/usr/local/lib/python3.13/dist-packages/transitleastsquares/main.py:411: UserWarning: 94 of 194 transits without data. The true period may be twice the given period.\n"}
,{"stream_name":"stderr","time":25448.546007014,"data":"  warnings.warn(text)\n"}
,{"stream_name":"stdout","time":25461.742352848,"data":"Transit Least Squares TLS 1.32 (5 Apr 2024)\n"}
,{"stream_name":"stdout","time":25461.751212099,"data":"Creating model cache for 43 durations\n"}
,{"stream_name":"stdout","time":25461.77172556,"data":"Searching 22702 data points, 23959 periods from 0.5 to 29.99 days\n"}
,{"stream_name":"stdout","time":25461.771926582,"data":"Using 1 of 4 CPU threads\n"}
,{"stream_name":"stdout","time":25857.930763634,"data":"Searching for best T0 for period 0.53162 days\n"}
,{"stream_name":"stderr","time":25884.675502292,"data":"/usr/local/lib/python3.13/dist-packages/transitleastsquares/main.py:411: UserWarning: 258 of 296 transits without data. The true period may be twice the given period.\n"}
,{"stream_name":"stderr","time":25884.675548479,"data":"  warnings.warn(text)\n"}
,{"stream_name":"stdout","time":25898.859453601,"data":"Transit Least Squares TLS 1.32 (5 Apr 2024)\n"}
,{"stream_name":"stdout","time":25898.861085501,"data":"Creating model cache for 38 durations\n"}
,{"stream_name":"stdout","time":25898.871232883,"data":"Searching 3731 data points, 3749 periods from 0.5 to 13.423 days\n"}
,{"stream_name":"stdout","time":25898.871461294,"data":"Using 1 of 4 CPU threads\n"}
,{"stream_name":"stdout","time":25928.433196544,"data":"Searching for best T0 for period 1.16249 days\n"}
,{"stream_name":"stdout","time":25935.152547706,"data":"Transit Least Squares TLS 1.32 (5 Apr 2024)\n"}
,{"stream_name":"stdout","time":25935.156317722,"data":"Creating model cache for 43 durations\n"}
,{"stream_name":"stdout","time":25935.170384961,"data":"Searching 11122 data points, 8720 periods from 0.722 to 29.977 days\n"}
,{"stream_name":"stdout","time":25935.170563454,"data":"Using 1 of 4 CPU threads\n"}
,{"stream_name":"stdout","time":26148.770928644,"data":"Searching for best T0 for period 2.95356 days\n"}
,{"stream_name":"stdout","time":26159.555734166,"data":"Transit Least Squares TLS 1.32 (5 Apr 2024)\n"}
,{"stream_name":"stdout","time":26159.559508015,"data":"Creating model cache for 43 durations\n"}
,{"stream_name":"stdout","time":26159.572862337,"data":"Searching 11122 data points, 8720 periods from 0.722 to 29.977 days\n"}
,{"stream_name":"stdout","time":26159.573217575,"data":"Using 1 of 4 CPU threads\n"}
,{"stream_name":"stdout","time":26292.918588414,"data":"Searching for best T0 for period 7.13483 days\n"}
,{"stream_name":"stderr","time":26296.059219214,"data":"/usr/local/lib/python3.13/dist-packages/transitleastsquares/main.py:411: UserWarning: 5 of 15 transits without data. The true period may be twice the given period.\n"}
,{"stream_name":"stderr","time":26296.059261395,"data":"  warnings.warn(text)\n"}
,{"stream_name":"stdout","time":26302.090755758,"data":"Transit Least Squares TLS 1.32 (5 Apr 2024)\n"}
,{"stream_name":"stdout","time":26302.091832224,"data":"Creating model cache for 38 durations\n"}
,{"stream_name":"stdout","time":26302.101462488,"data":"Searching 2812 data points, 1963 periods from 0.722 to 13.423 days\n"}
,{"stream_name":"stdout","time":26302.101583925,"data":"Using 1 of 4 CPU threads\n"}
,{"stream_name":"stdout","time":26315.750240801,"data":"Searching for best T0 for period 2.19542 days\n"}
,{"stream_name":"stdout","time":26323.095605521,"data":"Transit Least Squares TLS 1.32 (5 Apr 2024)\n"}
,{"stream_name":"stdout","time":26323.100609165,"data":"Creating model cache for 43 durations\n"}
,{"stream_name":"stdout","time":26323.116612932,"data":"Searching 17396 data points, 13154 periods from 0.722 to 29.987 days\n"}
,{"stream_name":"stdout","time":26323.116705917,"data":"Using 1 of 4 CPU threads\n"}
,{"stream_name":"stdout","time":26378.317900293,"data":"Searching for best T0 for period 3.63011 days\n"}
,{"stream_name":"stdout","time":26396.345400922,"data":"Transit Least Squares TLS 1.32 (5 Apr 2024)\n"}
,{"stream_name":"stdout","time":26396.34558368,"data":"Creating model cache for 38 durations\n"}
,{"stream_name":"stdout","time":26396.355959168,"data":"Searching 3731 data points, 3103 periods from 0.5 to 13.423 days\n"}
,{"stream_name":"stdout","time":26396.356132396,"data":"Using 1 of 4 CPU threads\n"}
,{"stream_name":"stdout","time":26419.573376271,"data":"Searching for best T0 for period 4.18250 days\n"}
,{"stream_name":"stdout","time":26426.168775731,"data":"Transit Least Squares TLS 1.32 (5 Apr 2024)\n"}
,{"stream_name":"stdout","time":26426.174191644,"data":"Creating model cache for 43 durations\n"}
,{"stream_name":"stdout","time":26426.188866117,"data":"Searching 12988 data points, 13356 periods from 0.5 to 29.999 days\n"}
,{"stream_name":"stdout","time":26426.189179113,"data":"Using 1 of 4 CPU threads\n"}
,{"stream_name":"stdout","time":26458.837438717,"data":"Searching for best T0 for period 1.08448 days\n"}
,{"stream_name":"stdout","time":26491.521521244,"data":"Transit Least Squares TLS 1.32 (5 Apr 2024)\n"}
,{"stream_name":"stdout","time":26491.526410667,"data":"Creating model cache for 43 durations\n"}
,{"stream_name":"stdout","time":26491.537198684,"data":"Searching 6751 data points, 5975 periods from 0.538 to 26.103 days\n"}
,{"stream_name":"stdout","time":26491.537447103,"data":"Using 1 of 4 CPU threads\n"}
,{"stream_name":"stdout","time":26562.471857186,"data":"Searching for best T0 for period 20.55734 days\n"}
,{"stream_name":"stdout","time":26570.76842975,"data":"Transit Least Squares TLS 1.32 (5 Apr 2024)\n"}
,{"stream_name":"stdout","time":26570.770149017,"data":"Creating model cache for 43 durations\n"}
,{"stream_name":"stdout","time":26570.785326539,"data":"Searching 12571 data points, 12224 periods from 0.687 to 29.989 days\n"}
,{"stream_name":"stdout","time":26570.785644968,"data":"Using 1 of 4 CPU threads\n"}
,{"stream_name":"stdout","time":26703.445158984,"data":"Searching for best T0 for period 9.06147 days\n"}
,{"stream_name":"stdout","time":26718.608569817,"data":"Transit Least Squares TLS 1.32 (5 Apr 2024)\n"}
,{"stream_name":"stdout","time":26718.616771216,"data":"Creating model cache for 43 durations\n"}
,{"stream_name":"stdout","time":26718.63522744,"data":"Searching 20459 data points, 24037 periods from 0.5 to 29.993 days\n"}
,{"stream_name":"stdout","time":26718.635401953,"data":"Using 1 of 4 CPU threads\n"}
,{"stream_name":"stdout","time":26861.044602222,"data":"Searching for best T0 for period 1.12041 days\n"}
,{"stream_name":"stdout","time":26880.434588185,"data":"Transit Least Squares TLS 1.32 (5 Apr 2024)\n"}
,{"stream_name":"stdout","time":26880.440536023,"data":"Creating model cache for 43 durations\n"}
,{"stream_name":"stdout","time":26880.456882876,"data":"Searching 19388 data points, 17494 periods from 0.982 to 29.998 days\n"}
,{"stream_name":"stdout","time":26880.45698403,"data":"Using 1 of 4 CPU threads\n"}
,{"stream_name":"stdout","time":27018.48102216,"data":"Searching for best T0 for period 0.82129 days\n"}
,{"stream_name":"stderr","time":27020.255724423,"data":"/usr/local/lib/python3.13/dist-packages/transitleastsquares/main.py:411: UserWarning: 61 of 169 transits without data. The true period may be twice the given period.\n"}
,{"stream_name":"stderr","time":27020.255782367,"data":"  warnings.warn(text)\n"}
,{"stream_name":"stdout","time":27035.973794908,"data":"Transit Least Squares TLS 1.32 (5 Apr 2024)\n"}
,{"stream_name":"stdout","time":27035.980362933,"data":"Creating model cache for 43 durations\n"}
,{"stream_name":"stdout","time":27036.00098912,"data":"Searching 18779 data points, 16868 periods from 0.687 to 29.991 days\n"}
,{"stream_name":"stdout","time":27036.001220424,"data":"Using 1 of 4 CPU threads\n"}
,{"stream_name":"stdout","time":27260.891457068,"data":"Searching for best T0 for period 2.37476 days\n"}
,{"stream_name":"stdout","time":27285.97134906,"data":"Transit Least Squares TLS 1.32 (5 Apr 2024)\n"}
,{"stream_name":"stdout","time":27285.978432306,"data":"Creating model cache for 43 durations\n"}
,{"stream_name":"stdout","time":27285.996394006,"data":"Searching 18792 data points, 24507 periods from 0.5 to 29.994 days\n"}
,{"stream_name":"stdout","time":27285.996588704,"data":"Using 1 of 4 CPU threads\n"}
,{"stream_name":"stdout","time":27526.082610571,"data":"Searching for best T0 for period 1.39491 days\n"}
,{"stream_name":"stderr","time":27529.975654199,"data":"/usr/local/lib/python3.13/dist-packages/transitleastsquares/main.py:411: UserWarning: 116 of 214 transits without data. The true period may be twice the given period.\n"}
,{"stream_name":"stderr","time":27529.975716226,"data":"  warnings.warn(text)\n"}
,{"stream_name":"stdout","time":27547.882428948,"data":"Transit Least Squares TLS 1.32 (5 Apr 2024)\n"}
,{"stream_name":"stdout","time":27547.889365939,"data":"Creating model cache for 43 durations\n"}
,{"stream_name":"stdout","time":27547.906926507,"data":"Searching 19388 data points, 17494 periods from 0.982 to 29.998 days\n"}
,{"stream_name":"stdout","time":27547.907237991,"data":"Using 1 of 4 CPU threads\n"}
,{"stream_name":"stdout","time":27869.444084045,"data":"Searching for best T0 for period 0.72344 days\n"}
,{"stream_name":"stdout","time":27889.628362803,"data":"Transit Least Squares TLS 1.32 (5 Apr 2024)\n"}
,{"stream_name":"stdout","time":27889.631715466,"data":"Creating model cache for 43 durations\n"}
,{"stream_name":"stdout","time":27889.646434066,"data":"Searching 6240 data points, 7154 periods from 0.687 to 29.974 days\n"}
,{"stream_name":"stdout","time":27889.646796424,"data":"Using 1 of 4 CPU threads\n"}
,{"stream_name":"stdout","time":27910.048160564,"data":"Searching for best T0 for period 2.88072 days\n"}
,{"stream_name":"stdout","time":27928.334472985,"data":"Transit Least Squares TLS 1.32 (5 Apr 2024)\n"}
,{"stream_name":"stdout","time":27928.337475984,"data":"Creating model cache for 43 durations\n"}
,{"stream_name":"stdout","time":27928.3543017,"data":"Searching 13591 data points, 16864 periods from 0.5 to 29.996 days\n"}
,{"stream_name":"stdout","time":27928.354448164,"data":"Using 1 of 4 CPU threads\n"}
,{"stream_name":"stdout","time":27985.730341004,"data":"Searching for best T0 for period 14.74589 days\n"}
,{"stream_name":"stderr","time":27987.319994899,"data":"/usr/local/lib/python3.13/dist-packages/transitleastsquares/main.py:411: UserWarning: 2 of 5 transits without data. The true period may be twice the given period.\n"}
,{"stream_name":"stderr","time":27987.320032594,"data":"  warnings.warn(text)\n"}
,{"stream_name":"stdout","time":27993.017738513,"data":"Transit Least Squares TLS 1.32 (5 Apr 2024)\n"}
,{"stream_name":"stdout","time":27993.021983617,"data":"Creating model cache for 43 durations\n"}
,{"stream_name":"stdout","time":27993.035953958,"data":"Searching 12571 data points, 12224 periods from 0.687 to 29.989 days\n"}
,{"stream_name":"stdout","time":27993.038436808,"data":"Using 1 of 4 CPU threads\n"}
,{"stream_name":"stdout","time":28149.056320779,"data":"Searching for best T0 for period 23.04581 days\n"}
,{"stream_name":"stderr","time":28159.73170157,"data":"/usr/local/lib/python3.13/dist-packages/transitleastsquares/main.py:411: UserWarning: 3 of 8 transits without data. The true period may be twice the given period.\n"}
,{"stream_name":"stderr","time":28159.731769336,"data":"  warnings.warn(text)\n"}
,{"stream_name":"stdout","time":28171.623916652,"data":"Transit Least Squares TLS 1.32 (5 Apr 2024)\n"}
,{"stream_name":"stdout","time":28171.63326039,"data":"Creating model cache for 43 durations\n"}
,{"stream_name":"stdout","time":28171.652536513,"data":"Searching 22016 data points, 28381 periods from 0.5 to 29.994 days\n"}
,{"stream_name":"stdout","time":28171.652655939,"data":"Using 1 of 4 CPU threads\n"}
,{"stream_name":"stdout","time":28287.398645031,"data":"Searching for best T0 for period 13.46258 days\n"}
,{"stream_name":"stderr","time":28294.63315774,"data":"/usr/local/lib/python3.13/dist-packages/transitleastsquares/main.py:411: UserWarning: 8 of 9 transits without data. The true period may be twice the given period.\n"}
,{"stream_name":"stderr","time":28294.633200836,"data":"  warnings.warn(text)\n"}
,{"stream_name":"stdout","time":28307.345416447,"data":"Transit Least Squares TLS 1.32 (5 Apr 2024)\n"}
,{"stream_name":"stdout","time":28307.354889398,"data":"Creating model cache for 43 durations\n"}
,{"stream_name":"stdout","time":28307.377253164,"data":"Searching 26787 data points, 35190 periods from 0.5 to 29.998 days\n"}
,{"stream_name":"stdout","time":28307.377392819,"data":"Using 1 of 4 CPU threads\n"}
,{"stream_name":"stdout","time":28325.551173932,"data":"Searching for best T0 for period 5.56628 days\n"}
,{"stream_name":"stdout","time":28342.855433723,"data":"Transit Least Squares TLS 1.32 (5 Apr 2024)\n"}
,{"stream_name":"stdout","time":28342.864791325,"data":"Creating model cache for 43 durations\n"}
,{"stream_name":"stdout","time":28342.884517185,"data":"Searching 27608 data points, 23336 periods from 0.702 to 29.999 days\n"}
,{"stream_name":"stdout","time":28342.884727557,"data":"Using 1 of 4 CPU threads\n"}
,{"stream_name":"stdout","time":28448.980675085,"data":"Searching for best T0 for period 1.76637 days\n"}
,{"stream_name":"stderr","time":28453.566684872,"data":"/usr/local/lib/python3.13/dist-packages/transitleastsquares/main.py:411: UserWarning: 89 of 168 transits without data. The true period may be twice the given period.\n"}
,{"stream_name":"stderr","time":28453.566741633,"data":"  warnings.warn(text)\n"}
,{"stream_name":"stdout","time":28466.196077925,"data":"Transit Least Squares TLS 1.32 (5 Apr 2024)\n"}
,{"stream_name":"stdout","time":28466.200424407,"data":"Creating model cache for 43 durations\n"}
,{"stream_name":"stdout","time":28466.21480749,"data":"Searching 6311 data points, 12167 periods from 0.536 to 29.98 days\n"}
,{"stream_name":"stdout","time":28466.21501636,"data":"Using 1 of 4 CPU threads\n"}
,{"stream_name":"stdout","time":28640.675480596,"data":"Searching for best T0 for period 4.07916 days\n"}
,{"stream_name":"stderr","time":28642.453765472,"data":"/usr/local/lib/python3.13/dist-packages/transitleastsquares/main.py:411: UserWarning: 15 of 26 transits without data. The true period may be twice the given period.\n"}
,{"stream_name":"stderr","time":28642.453813202,"data":"  warnings.warn(text)\n"}
,{"stream_name":"stdout","time":28649.756603767,"data":"Transit Least Squares TLS 1.32 (5 Apr 2024)\n"}
,{"stream_name":"stdout","time":28649.767690791,"data":"Creating model cache for 43 durations\n"}
,{"stream_name":"stdout","time":28649.787737721,"data":"Searching 19671 data points, 31601 periods from 0.536 to 29.996 days\n"}
,{"stream_name":"stdout","time":28649.788094162,"data":"Using 1 of 4 CPU threads\n"}
,{"stream_name":"stdout","time":29028.175152808,"data":"Searching for best T0 for period 16.89163 days\n"}
,{"stream_name":"stdout","time":29047.86218925,"data":"Transit Least Squares TLS 1.32 (5 Apr 2024)\n"}
,{"stream_name":"stdout","time":29047.862988987,"data":"Creating model cache for 37 durations\n"}
,{"stream_name":"stdout","time":29047.871655147,"data":"Searching 3185 data points, 840 periods from 1.253 to 11.788 days\n"}
,{"stream_name":"stdout","time":29047.871812855,"data":"Using 1 of 4 CPU threads\n"}
,{"stream_name":"stdout","time":29054.314504986,"data":"Searching for best T0 for period 3.80186 days\n"}
,{"stream_name":"stdout","time":29064.550349414,"data":"Transit Least Squares TLS 1.32 (5 Apr 2024)\n"}
,{"stream_name":"stdout","time":29064.555568338,"data":"Creating model cache for 43 durations\n"}
,{"stream_name":"stdout","time":29064.572190268,"data":"Searching 28461 data points, 11898 periods from 1.255 to 29.99 days\n"}
,{"stream_name":"stdout","time":29064.57238778,"data":"Using 1 of 4 CPU threads\n"}
,{"stream_name":"stdout","time":29568.718341793,"data":"Searching for best T0 for period 15.31114 days\n"}
,{"stream_name":"stdout","time":29594.718650045,"data":"Transit Least Squares TLS 1.32 (5 Apr 2024)\n"}
,{"stream_name":"stdout","time":29594.72503534,"data":"Creating model cache for 43 durations\n"}
,{"stream_name":"stdout","time":29594.740742044,"data":"Searching 18886 data points, 16466 periods from 0.702 to 29.988 days\n"}
,{"stream_name":"stdout","time":29594.740896151,"data":"Using 1 of 4 CPU threads\n"}
,{"stream_name":"stdout","time":29638.73575519,"data":"Searching for best T0 for period 1.83199 days\n"}
,{"stream_name":"stdout","time":29668.72074565,"data":"Transit Least Squares TLS 1.32 (5 Apr 2024)\n"}
,{"stream_name":"stdout","time":29668.731062419,"data":"Creating model cache for 43 durations\n"}
,{"stream_name":"stdout","time":29668.753219547,"data":"Searching 23741 data points, 31511 periods from 0.5 to 29.997 days\n"}
,{"stream_name":"stdout","time":29668.753364396,"data":"Using 1 of 4 CPU threads\n"}
,{"stream_name":"stdout","time":29778.070043074,"data":"Searching for best T0 for period 1.76175 days\n"}
,{"stream_name":"stdout","time":29808.933452053,"data":"Transit Least Squares TLS 1.32 (5 Apr 2024)\n"}
,{"stream_name":"stdout","time":29808.940710064,"data":"Creating model cache for 43 durations\n"}
,{"stream_name":"stdout","time":29808.958478124,"data":"Searching 17067 data points, 20040 periods from 0.5 to 29.993 days\n"}
,{"stream_name":"stdout","time":29808.958807596,"data":"Using 1 of 4 CPU threads\n"}
,{"stream_name":"stdout","time":29854.092964896,"data":"Searching for best T0 for period 8.18731 days\n"}
,{"stream_name":"stderr","time":29865.31057468,"data":"/usr/local/lib/python3.13/dist-packages/transitleastsquares/main.py:411: UserWarning: 16 of 33 transits without data. The true period may be twice the given period.\n"}
,{"stream_name":"stderr","time":29865.310620709,"data":"  warnings.warn(text)\n"}
,{"stream_name":"stdout","time":29872.920521521,"data":"Transit Least Squares TLS 1.32 (5 Apr 2024)\n"}
,{"stream_name":"stdout","time":29872.921621678,"data":"Creating model cache for 37 durations\n"}
,{"stream_name":"stdout","time":29872.931787219,"data":"Searching 2745 data points, 2302 periods from 0.536 to 11.381 days\n"}
,{"stream_name":"stdout","time":29872.931822265,"data":"Using 1 of 4 CPU threads\n"}
,{"stream_name":"stdout","time":29885.301555385,"data":"Searching for best T0 for period 4.73192 days\n"}
,{"stream_name":"stdout","time":29892.518257122,"data":"Transit Least Squares TLS 1.32 (5 Apr 2024)\n"}
,{"stream_name":"stdout","time":29892.530625069,"data":"Creating model cache for 43 durations\n"}
,{"stream_name":"stdout","time":29892.552283871,"data":"Searching 19671 data points, 31601 periods from 0.536 to 29.996 days\n"}
,{"stream_name":"stdout","time":29892.552323607,"data":"Using 1 of 4 CPU threads\n"}
,{"stream_name":"stdout","time":30324.33219948,"data":"Searching for best T0 for period 18.44199 days\n"}
,{"stream_name":"stdout","time":30342.067349945,"data":"Transit Least Squares TLS 1.32 (5 Apr 2024)\n"}
,{"stream_name":"stdout","time":30342.077825267,"data":"Creating model cache for 43 durations\n"}
,{"stream_name":"stdout","time":30342.097073767,"data":"Searching 9742 data points, 29329 periods from 0.5 to 29.995 days\n"}
,{"stream_name":"stdout","time":30342.097415526,"data":"Using 1 of 4 CPU threads\n"}
,{"stream_name":"stdout","time":30416.739579636,"data":"Searching for best T0 for period 2.55901 days\n"}
,{"stream_name":"stdout","time":30432.95668912,"data":"Transit Least Squares TLS 1.32 (5 Apr 2024)\n"}
,{"stream_name":"stdout","time":30432.961626093,"data":"Creating model cache for 43 durations\n"}
,{"stream_name":"stdout","time":30432.976292354,"data":"Searching 12700 data points, 11937 periods from 0.702 to 29.995 days\n"}
,{"stream_name":"stdout","time":30432.97662243,"data":"Using 1 of 4 CPU threads\n"}
,{"stream_name":"stdout","time":30710.676729692,"data":"Searching for best T0 for period 21.93097 days\n"}
,{"stream_name":"stderr","time":30716.583055779,"data":"/usr/local/lib/python3.13/dist-packages/transitleastsquares/main.py:411: UserWarning: 3 of 6 transits without data. The true period may be twice the given period.\n"}
,{"stream_name":"stderr","time":30716.583099258,"data":"  warnings.warn(text)\n"}
,{"stream_name":"stdout","time":30723.394071215,"data":"Transit Least Squares TLS 1.32 (5 Apr 2024)\n"}
,{"stream_name":"stdout","time":30723.397910448,"data":"Creating model cache for 43 durations\n"}
,{"stream_name":"stdout","time":30723.412936747,"data":"Searching 9265 data points, 9586 periods from 0.702 to 29.985 days\n"}
,{"stream_name":"stdout","time":30723.41325296,"data":"Using 1 of 4 CPU threads\n"}
,{"stream_name":"stdout","time":30869.183218478,"data":"Searching for best T0 for period 1.98012 days\n"}
,{"stream_name":"stderr","time":30871.175207899,"data":"/usr/local/lib/python3.13/dist-packages/transitleastsquares/main.py:411: UserWarning: 44 of 79 transits without data. The true period may be twice the given period.\n"}
,{"stream_name":"stderr","time":30871.175248141,"data":"  warnings.warn(text)\n"}
,{"stream_name":"stdout","time":30880.432045668,"data":"Transit Least Squares TLS 1.32 (5 Apr 2024)\n"}
,{"stream_name":"stdout","time":30880.435892786,"data":"Creating model cache for 42 durations\n"}
,{"stream_name":"stdout","time":30880.448350762,"data":"Searching 6415 data points, 9334 periods from 0.5 to 25.532 days\n"}
,{"stream_name":"stdout","time":30880.448451602,"data":"Using 1 of 4 CPU threads\n"}
,{"stream_name":"stdout","time":30950.771964515,"data":"Searching for best T0 for period 1.01047 days\n"}
,{"stream_name":"stderr","time":30952.711235655,"data":"/usr/local/lib/python3.13/dist-packages/transitleastsquares/main.py:411: UserWarning: 45 of 110 transits without data. The true period may be twice the given period.\n"}
,{"stream_name":"stderr","time":30952.711292168,"data":"  warnings.warn(text)\n"}
,{"stream_name":"stdout","time":30962.178681284,"data":"Transit Least Squares TLS 1.32 (5 Apr 2024)\n"}
,{"stream_name":"stdout","time":30962.183455278,"data":"Creating model cache for 43 durations\n"}
,{"stream_name":"stdout","time":30962.198285481,"data":"Searching 15642 data points, 14219 periods from 0.702 to 29.999 days\n"}
,{"stream_name":"stdout","time":30962.198396012,"data":"Using 1 of 4 CPU threads\n"}
,{"stream_name":"stdout","time":31021.945988745,"data":"Searching for best T0 for period 0.98328 days\n"}
,{"stream_name":"stdout","time":31030.06199925,"data":"Transit Least Squares TLS 1.32 (5 Apr 2024)\n"}
,{"stream_name":"stdout","time":31030.072673993,"data":"Creating model cache for 43 durations\n"}
,{"stream_name":"stdout","time":31030.090652551,"data":"Searching 9742 data points, 29329 periods from 0.5 to 29.995 days\n"}
,{"stream_name":"stdout","time":31030.090825956,"data":"Using 1 of 4 CPU threads\n"}
,{"stream_name":"stdout","time":31222.565560294,"data":"Searching for best T0 for period 13.60013 days\n"}
,{"stream_name":"stderr","time":31228.608151016,"data":"/usr/local/lib/python3.13/dist-packages/transitleastsquares/main.py:411: UserWarning: 8 of 20 transits without data. The true period may be twice the given period.\n"}
,{"stream_name":"stderr","time":31228.608219287,"data":"  warnings.warn(text)\n"}
,{"stream_name":"stdout","time":31239.891643373,"data":"Transit Least Squares TLS 1.32 (5 Apr 2024)\n"}
,{"stream_name":"stdout","time":31239.899441937,"data":"Creating model cache for 43 durations\n"}
,{"stream_name":"stdout","time":31239.912764143,"data":"Searching 16106 data points, 15772 periods from 0.519 to 29.996 days\n"}
,{"stream_name":"stdout","time":31239.912891217,"data":"Using 1 of 4 CPU threads\n"}
,{"stream_name":"stdout","time":31377.606248457,"data":"Searching for best T0 for period 14.03469 days\n"}
,{"stream_name":"stderr","time":31386.120150972,"data":"/usr/local/lib/python3.13/dist-packages/transitleastsquares/main.py:411: UserWarning: 6 of 11 transits without data. The true period may be twice the given period.\n"}
,{"stream_name":"stderr","time":31386.120197972,"data":"  warnings.warn(text)\n"}
,{"stream_name":"stdout","time":31398.326427892,"data":"Transit Least Squares TLS 1.32 (5 Apr 2024)\n"}
,{"stream_name":"stdout","time":31398.327896513,"data":"Creating model cache for 43 durations\n"}
,{"stream_name":"stdout","time":31398.347022065,"data":"Searching 29077 data points, 12203 periods from 1.236 to 29.991 days\n"}
,{"stream_name":"stdout","time":31398.347190317,"data":"Using 1 of 4 CPU threads\n"}
,{"stream_name":"stdout","time":31552.842651543,"data":"Searching for best T0 for period 2.67597 days\n"}
,{"stream_name":"stderr","time":31555.70317664,"data":"/usr/local/lib/python3.13/dist-packages/transitleastsquares/main.py:411: UserWarning: 31 of 59 transits without data. The true period may be twice the given period.\n"}
,{"stream_name":"stderr","time":31555.703216815,"data":"  warnings.warn(text)\n"}
,{"stream_name":"stdout","time":31563.602365004,"data":"Transit Least Squares TLS 1.32 (5 Apr 2024)\n"}
,{"stream_name":"stdout","time":31563.612306953,"data":"Creating model cache for 43 durations\n"}
,{"stream_name":"stdout","time":31563.631300996,"data":"Searching 9742 data points, 29329 periods from 0.5 to 29.995 days\n"}
,{"stream_name":"stdout","time":31563.631464035,"data":"Using 1 of 4 CPU threads\n"}
,{"stream_name":"stdout","time":31636.318712836,"data":"Searching for best T0 for period 0.87587 days\n"}
,{"stream_name":"stderr","time":31642.368976995,"data":"/usr/local/lib/python3.13/dist-packages/transitleastsquares/main.py:411: UserWarning: 92 of 277 transits without data. The true period may be twice the given period.\n"}
,{"stream_name":"stderr","time":31642.369022163,"data":"  warnings.warn(text)\n"}
,{"stream_name":"stdout","time":31661.581685066,"data":"Transit Least Squares TLS 1.32 (5 Apr 2024)\n"}
,{"stream_name":"stdout","time":31661.582916907,"data":"Creating model cache for 38 durations\n"}
,{"stream_name":"stdout","time":31661.594028832,"data":"Searching 2837 data points, 3113 periods from 0.5 to 13.423 days\n"}
,{"stream_name":"stdout","time":31661.594068178,"data":"Using 1 of 4 CPU threads\n"}
,{"stream_name":"stdout","time":31684.435558152,"data":"Searching for best T0 for period 2.26875 days\n"}
,{"stream_name":"stdout","time":31690.937115914,"data":"Transit Least Squares TLS 1.32 (5 Apr 2024)\n"}
,{"stream_name":"stdout","time":31690.942867709,"data":"Creating model cache for 43 durations\n"}
,{"stream_name":"stdout","time":31690.958301711,"data":"Searching 10781 data points, 13435 periods from 0.5 to 29.981 days\n"}
,{"stream_name":"stdout","time":31690.958617662,"data":"Using 1 of 4 CPU threads\n"}
,{"stream_name":"stdout","time":31777.264984702,"data":"Searching for best T0 for period 9.59177 days\n"}
,{"stream_name":"stdout","time":31795.723932269,"data":"Transit Least Squares TLS 1.32 (5 Apr 2024)\n"}
,{"stream_name":"stdout","time":31795.733646308,"data":"Creating model cache for 43 durations\n"}
,{"stream_name":"stdout","time":31795.755974184,"data":"Searching 30047 data points, 29429 periods from 0.519 to 29.995 days\n"}
,{"stream_name":"stdout","time":31795.756120802,"data":"Using 1 of 4 CPU threads\n"}
,{"stream_name":"stdout","time":31801.192804054,"data":"Searching for best T0 for period 1.37987 days\n"}
,{"stream_name":"stdout","time":31831.904891961,"data":"Transit Least Squares TLS 1.32 (5 Apr 2024)\n"}
,{"stream_name":"stdout","time":31831.909986776,"data":"Creating model cache for 43 durations\n"}
,{"stream_name":"stdout","time":31831.926971407,"data":"Searching 12514 data points, 14788 periods from 0.5 to 29.991 days\n"}
,{"stream_name":"stdout","time":31831.927107797,"data":"Using 1 of 4 CPU threads\n"}
,{"stream_name":"stdout","time":31946.503525802,"data":"Searching for best T0 for period 10.68650 days\n"}
,{"stream_name":"stdout","time":31959.385742068,"data":"Transit Least Squares TLS 1.32 (5 Apr 2024)\n"}
,{"stream_name":"stdout","time":31959.3896319,"data":"Creating model cache for 43 durations\n"}
,{"stream_name":"stdout","time":31959.40678107,"data":"Searching 18439 data points, 9354 periods from 0.973 to 29.996 days\n"}
,{"stream_name":"stdout","time":31959.407389304,"data":"Using 1 of 4 CPU threads\n"}
,{"stream_name":"stdout","time":32097.352343406,"data":"Searching for best T0 for period 23.38853 days\n"}
,{"stream_name":"stderr","time":32100.805019188,"data":"/usr/local/lib/python3.13/dist-packages/transitleastsquares/main.py:411: UserWarning: 3 of 6 transits without data. The true period may be twice the given period.\n"}
,{"stream_name":"stderr","time":32100.805077757,"data":"  warnings.warn(text)\n"}
,{"stream_name":"stdout","time":32108.095569278,"data":"Transit Least Squares TLS 1.32 (5 Apr 2024)\n"}
,{"stream_name":"stdout","time":32108.10653095,"data":"Creating model cache for 43 durations\n"}
,{"stream_name":"stdout","time":32108.125528223,"data":"Searching 9742 data points, 29329 periods from 0.5 to 29.995 days\n"}
,{"stream_name":"stdout","time":32108.127360041,"data":"Using 1 of 4 CPU threads\n"}
,{"stream_name":"stdout","time":32332.710696839,"data":"Searching for best T0 for period 0.82756 days\n"}
,{"stream_name":"stdout","time":32346.040767963,"data":"Transit Least Squares TLS 1.32 (5 Apr 2024)\n"}
,{"stream_name":"stdout","time":32346.044301071,"data":"Creating model cache for 43 durations\n"}
,{"stream_name":"stdout","time":32346.060420718,"data":"Searching 10420 data points, 10149 periods from 0.5 to 29.989 days\n"}
,{"stream_name":"stdout","time":32346.06047049,"data":"Using 1 of 4 CPU threads\n"}
,{"stream_name":"stdout","time":32370.271604231,"data":"Searching for best T0 for period 5.68014 days\n"}
,{"stream_name":"stdout","time":32388.281951838,"data":"Transit Least Squares TLS 1.32 (5 Apr 2024)\n"}
,{"stream_name":"stdout","time":32388.28662592,"data":"Creating model cache for 43 durations\n"}
,{"stream_name":"stdout","time":32388.305042339,"data":"Searching 25708 data points, 12731 periods from 0.973 to 29.986 days\n"}
,{"stream_name":"stdout","time":32388.305137091,"data":"Using 1 of 4 CPU threads\n"}
,{"stream_name":"stdout","time":32595.774209959,"data":"Searching for best T0 for period 6.15787 days\n"}
,{"stream_name":"stdout","time":32623.693857223,"data":"Transit Least Squares TLS 1.32 (5 Apr 2024)\n"}
,{"stream_name":"stdout","time":32623.698716533,"data":"Creating model cache for 43 durations\n"}
,{"stream_name":"stdout","time":32623.713773809,"data":"Searching 11088 data points, 14044 periods from 0.5 to 29.993 days\n"}
,{"stream_name":"stdout","time":32623.716374301,"data":"Using 1 of 4 CPU threads\n"}
,{"stream_name":"stdout","time":32641.626918457,"data":"Searching for best T0 for period 0.72566 days\n"}
,{"stream_name":"stdout","time":32657.131938341,"data":"Transit Least Squares TLS 1.32 (5 Apr 2024)\n"}
,{"stream_name":"stdout","time":32657.145457613,"data":"Creating model cache for 43 durations\n"}
,{"stream_name":"stdout","time":32657.166802266,"data":"Searching 29841 data points, 31104 periods from 0.5 to 29.997 days\n"}
,{"stream_name":"stdout","time":32657.167172011,"data":"Using 1 of 4 CPU threads\n"}
,{"stream_name":"stdout","time":32882.946864418,"data":"Searching for best T0 for period 13.09533 days\n"}
,{"stream_name":"stderr","time":32887.606694132,"data":"/usr/local/lib/python3.13/dist-packages/transitleastsquares/main.py:411: UserWarning: 6 of 8 transits without data. The true period may be twice the given period.\n"}
,{"stream_name":"stderr","time":32887.606759348,"data":"  warnings.warn(text)\n"}
,{"stream_name":"stdout","time":32889.592306997,"data":"Searching for best T0 for period 0.60876 days\n"}
,{"stream_name":"stderr","time":32891.764331527,"data":"/usr/local/lib/python3.13/dist-packages/transitleastsquares/main.py:411: UserWarning: 147 of 259 transits without data. The true period may be twice the given period.\n"}
,{"stream_name":"stderr","time":32891.764370598,"data":"  warnings.warn(text)\n"}
,{"stream_name":"stdout","time":32899.199436221,"data":"Transit Least Squares TLS 1.32 (5 Apr 2024)\n"}
,{"stream_name":"stdout","time":32899.205585595,"data":"Creating model cache for 43 durations\n"}
,{"stream_name":"stdout","time":32899.228401246,"data":"Searching 24495 data points, 29138 periods from 0.5 to 30.0 days\n"}
,{"stream_name":"stdout","time":32899.22843846,"data":"Using 1 of 4 CPU threads\n"}
,{"stream_name":"stdout","time":32900.06162054,"data":"Transit Least Squares TLS 1.32 (5 Apr 2024)\n"}
,{"stream_name":"stdout","time":32900.063578681,"data":"Creating model cache for 37 durations\n"}
,{"stream_name":"stdout","time":32900.075067907,"data":"Searching 3035 data points, 2863 periods from 0.5 to 12.024 days\n"}
,{"stream_name":"stdout","time":32900.075470793,"data":"Using 1 of 4 CPU threads\n"}
,{"stream_name":"stdout","time":32921.047432043,"data":"Searching for best T0 for period 3.72634 days\n"}
,{"stream_name":"stdout","time":32925.64893313,"data":"Transit Least Squares TLS 1.32 (5 Apr 2024)\n"}
,{"stream_name":"stdout","time":32925.650396768,"data":"Creating model cache for 37 durations\n"}
,{"stream_name":"stdout","time":32925.6603651,"data":"Searching 3035 data points, 2863 periods from 0.5 to 12.024 days\n"}
,{"stream_name":"stdout","time":32925.660481899,"data":"Using 1 of 4 CPU threads\n"}
,{"stream_name":"stdout","time":32945.292201548,"data":"Searching for best T0 for period 3.72634 days\n"}
,{"stream_name":"stdout","time":32955.399257838,"data":"Transit Least Squares TLS 1.32 (5 Apr 2024)\n"}
,{"stream_name":"stdout","time":32955.407514677,"data":"Creating model cache for 43 durations\n"}
,{"stream_name":"stdout","time":32955.426656704,"data":"Searching 27965 data points, 24253 periods from 0.617 to 29.994 days\n"}
,{"stream_name":"stdout","time":32955.426805649,"data":"Using 1 of 4 CPU threads\n"}
,{"stream_name":"stdout","time":33252.762615563,"data":"Searching for best T0 for period 1.64583 days\n"}
,{"stream_name":"stdout","time":33281.531923559,"data":"Transit Least Squares TLS 1.32 (5 Apr 2024)\n"}
,{"stream_name":"stdout","time":33281.53616071,"data":"Creating model cache for 43 durations\n"}
,{"stream_name":"stdout","time":33281.553519454,"data":"Searching 25708 data points, 12731 periods from 0.973 to 29.986 days\n"}
,{"stream_name":"stdout","time":33281.553621893,"data":"Using 1 of 4 CPU threads\n"}
,{"stream_name":"stdout","time":33680.394257264,"data":"Searching for best T0 for period 25.75705 days\n"}
,{"stream_name":"stderr","time":33713.876442718,"data":"/usr/local/lib/python3.13/dist-packages/transitleastsquares/main.py:411: UserWarning: 5 of 10 transits without data. The true period may be twice the given period.\n"}
,{"stream_name":"stderr","time":33713.876490407,"data":"  warnings.warn(text)\n"}
,{"stream_name":"stdout","time":33728.099892628,"data":"Transit Least Squares TLS 1.32 (5 Apr 2024)\n"}
,{"stream_name":"stdout","time":33728.107104589,"data":"Creating model cache for 43 durations\n"}
,{"stream_name":"stdout","time":33728.126433069,"data":"Searching 19344 data points, 20131 periods from 0.5 to 29.993 days\n"}
,{"stream_name":"stdout","time":33728.126761973,"data":"Using 1 of 4 CPU threads\n"}
,{"stream_name":"stdout","time":33927.465740202,"data":"Searching for best T0 for period 0.64936 days\n"}
,{"stream_name":"stdout","time":33928.327305428,"data":"Searching for best T0 for period 11.79718 days\n"}
,{"stream_name":"stdout","time":33953.936211191,"data":"Transit Least Squares TLS 1.32 (5 Apr 2024)\n"}
,{"stream_name":"stdout","time":33953.947166101,"data":"Creating model cache for 43 durations\n"}
,{"stream_name":"stdout","time":33953.968293631,"data":"Searching 27725 data points, 33039 periods from 0.5 to 29.993 days\n"}
,{"stream_name":"stdout","time":33953.968447959,"data":"Using 1 of 4 CPU threads\n"}
,{"stream_name":"stdout","time":33964.106898472,"data":"Transit Least Squares TLS 1.32 (5 Apr 2024)\n"}
,{"stream_name":"stdout","time":33964.116484775,"data":"Creating model cache for 43 durations\n"}
,{"stream_name":"stdout","time":33964.136398341,"data":"Searching 31057 data points, 27084 periods from 0.617 to 29.995 days\n"}
,{"stream_name":"stdout","time":33964.136594716,"data":"Using 1 of 4 CPU threads\n"}
,{"stream_name":"stdout","time":34053.862974557,"data":"Searching for best T0 for period 11.65264 days\n"}
,{"stream_name":"stdout","time":34076.187814154,"data":"Transit Least Squares TLS 1.32 (5 Apr 2024)\n"}
,{"stream_name":"stdout","time":34076.191795108,"data":"Creating model cache for 43 durations\n"}
,{"stream_name":"stdout","time":34076.206766834,"data":"Searching 22007 data points, 11012 periods from 0.973 to 29.991 days\n"}
,{"stream_name":"stdout","time":34076.20693054,"data":"Using 1 of 4 CPU threads\n"}
,{"stream_name":"stdout","time":34568.934619644,"data":"Searching for best T0 for period 11.12520 days\n"}
,{"stream_name":"stdout","time":34589.679384542,"data":"Transit Least Squares TLS 1.32 (5 Apr 2024)\n"}
,{"stream_name":"stdout","time":34589.688386018,"data":"Creating model cache for 43 durations\n"}
,{"stream_name":"stdout","time":34589.707884495,"data":"Searching 26641 data points, 27430 periods from 0.5 to 29.994 days\n"}
,{"stream_name":"stdout","time":34589.708048772,"data":"Using 1 of 4 CPU threads\n"}
,{"stream_name":"stdout","time":34766.770302438,"data":"Searching for best T0 for period 1.11769 days\n"}
,{"stream_name":"stdout","time":34794.69819487,"data":"Transit Least Squares TLS 1.32 (5 Apr 2024)\n"}
,{"stream_name":"stdout","time":34794.704151896,"data":"Creating model cache for 43 durations\n"}
,{"stream_name":"stdout","time":34794.719657924,"data":"Searching 15083 data points, 16540 periods from 0.501 to 29.998 days\n"}
,{"stream_name":"stdout","time":34794.71984899,"data":"Using 1 of 4 CPU threads\n"}
,{"stream_name":"stdout","time":35217.949150352,"data":"Searching for best T0 for period 11.64212 days\n"}
,{"stream_name":"stdout","time":35246.392557061,"data":"Transit Least Squares TLS 1.32 (5 Apr 2024)\n"}
,{"stream_name":"stdout","time":35246.393863836,"data":"Creating model cache for 38 durations\n"}
,{"stream_name":"stdout","time":35246.403766496,"data":"Searching 2642 data points, 3264 periods from 0.5 to 13.423 days\n"}
,{"stream_name":"stdout","time":35246.403946603,"data":"Using 1 of 4 CPU threads\n"}
,{"stream_name":"stdout","time":35268.057354043,"data":"Searching for best T0 for period 0.77960 days\n"}
,{"stream_name":"stdout","time":35273.832706085,"data":"Transit Least Squares TLS 1.32 (5 Apr 2024)\n"}
,{"stream_name":"stdout","time":35273.838444495,"data":"Creating model cache for 43 durations\n"}
,{"stream_name":"stdout","time":35273.849101731,"data":"Searching 10058 data points, 8204 periods from 0.596 to 29.992 days\n"}
,{"stream_name":"stdout","time":35273.849426306,"data":"Using 1 of 4 CPU threads\n"}
,{"stream_name":"stdout","time":35406.384120072,"data":"Searching for best T0 for period 2.81911 days\n"}
,{"stream_name":"stdout","time":35418.36001921,"data":"Transit Least Squares TLS 1.32 (5 Apr 2024)\n"}
,{"stream_name":"stdout","time":35418.364938644,"data":"Creating model cache for 43 durations\n"}
,{"stream_name":"stdout","time":35418.380892838,"data":"Searching 12795 data points, 10798 periods from 0.596 to 29.99 days\n"}
,{"stream_name":"stdout","time":35418.381061222,"data":"Using 1 of 4 CPU threads\n"}
,{"stream_name":"stdout","time":35435.415064815,"data":"Searching for best T0 for period 1.91023 days\n"}
,{"stream_name":"stdout","time":35453.415520238,"data":"Transit Least Squares TLS 1.32 (5 Apr 2024)\n"}
,{"stream_name":"stdout","time":35453.426214035,"data":"Creating model cache for 43 durations\n"}
,{"stream_name":"stdout","time":35453.449255725,"data":"Searching 23697 data points, 30531 periods from 0.501 to 29.997 days\n"}
,{"stream_name":"stdout","time":35453.449382809,"data":"Using 1 of 4 CPU threads\n"}
,{"stream_name":"stdout","time":35538.195620787,"data":"Searching for best T0 for period 28.96611 days\n"}
,{"stream_name":"stdout","time":35576.345427022,"data":"Transit Least Squares TLS 1.32 (5 Apr 2024)\n"}
,{"stream_name":"stdout","time":35576.355578033,"data":"Creating model cache for 43 durations\n"}
,{"stream_name":"stdout","time":35576.374900052,"data":"Searching 14746 data points, 27458 periods from 0.5 to 29.991 days\n"}
,{"stream_name":"stdout","time":35576.375072443,"data":"Using 1 of 4 CPU threads\n"}
,{"stream_name":"stdout","time":35627.509783805,"data":"Searching for best T0 for period 0.88583 days\n"}
,{"stream_name":"stdout","time":35646.230312259,"data":"Transit Least Squares TLS 1.32 (5 Apr 2024)\n"}
,{"stream_name":"stdout","time":35646.238638979,"data":"Creating model cache for 43 durations\n"}
,{"stream_name":"stdout","time":35646.25687068,"data":"Searching 26230 data points, 22249 periods from 0.596 to 29.998 days\n"}
,{"stream_name":"stdout","time":35646.257234794,"data":"Using 1 of 4 CPU threads\n"}
,{"stream_name":"stdout","time":35952.69141147,"data":"Searching for best T0 for period 7.36774 days\n"}
,{"stream_name":"stdout","time":35979.633628365,"data":"Transit Least Squares TLS 1.32 (5 Apr 2024)\n"}
,{"stream_name":"stdout","time":35979.63509617,"data":"Creating model cache for 37 durations\n"}
,{"stream_name":"stdout","time":35979.64538782,"data":"Searching 3074 data points, 2119 periods from 0.617 to 12.225 days\n"}
,{"stream_name":"stdout","time":35979.645675759,"data":"Using 1 of 4 CPU threads\n"}
,{"stream_name":"stdout","time":35993.941520238,"data":"Searching for best T0 for period 5.02757 days\n"}
,{"stream_name":"stdout","time":36003.385436354,"data":"Transit Least Squares TLS 1.32 (5 Apr 2024)\n"}
,{"stream_name":"stdout","time":36003.399101946,"data":"Creating model cache for 43 durations\n"}
,{"stream_name":"stdout","time":36003.421773601,"data":"Searching 25340 data points, 39823 periods from 0.5 to 29.995 days\n"}
,{"stream_name":"stdout","time":36003.421940735,"data":"Using 1 of 4 CPU threads\n"}
,{"stream_name":"stdout","time":36281.995437703,"data":"Searching for best T0 for period 0.62500 days\n"}
,{"stream_name":"stdout","time":36299.380005464,"data":"Transit Least Squares TLS 1.32 (5 Apr 2024)\n"}
,{"stream_name":"stdout","time":36299.390369302,"data":"Creating model cache for 43 durations\n"}
,{"stream_name":"stdout","time":36299.408907419,"data":"Searching 14746 data points, 27458 periods from 0.5 to 29.991 days\n"}
,{"stream_name":"stdout","time":36299.409109194,"data":"Using 1 of 4 CPU threads\n"}
,{"stream_name":"stdout","time":36355.093408141,"data":"Searching for best T0 for period 8.05628 days\n"}
,{"stream_name":"stdout","time":36391.85895123,"data":"Transit Least Squares TLS 1.32 (5 Apr 2024)\n"}
,{"stream_name":"stdout","time":36391.868352543,"data":"Creating model cache for 43 durations\n"}
,{"stream_name":"stdout","time":36391.889764892,"data":"Searching 29594 data points, 25227 periods from 0.596 to 29.991 days\n"}
,{"stream_name":"stdout","time":36391.890032712,"data":"Using 1 of 4 CPU threads\n"}
,{"stream_name":"stdout","time":36490.990460238,"data":"Searching for best T0 for period 5.34172 days\n"}
,{"stream_name":"stdout","time":36517.278119993,"data":"Transit Least Squares TLS 1.32 (5 Apr 2024)\n"}
,{"stream_name":"stdout","time":36517.292768512,"data":"Creating model cache for 43 durations\n"}
,{"stream_name":"stdout","time":36517.315230315,"data":"Searching 27019 data points, 34248 periods from 0.501 to 29.996 days\n"}
,{"stream_name":"stdout","time":36517.315351769,"data":"Using 1 of 4 CPU threads\n"}
,{"stream_name":"stdout","time":37175.205584639,"data":"Searching for best T0 for period 12.02532 days\n"}
,{"stream_name":"stdout","time":37192.269607321,"data":"Transit Least Squares TLS 1.32 (5 Apr 2024)\n"}
,{"stream_name":"stdout","time":37192.275904922,"data":"Creating model cache for 43 durations\n"}
,{"stream_name":"stdout","time":37192.292117319,"data":"Searching 9186 data points, 16257 periods from 0.5 to 29.991 days\n"}
,{"stream_name":"stdout","time":37192.292503703,"data":"Using 1 of 4 CPU threads\n"}
,{"stream_name":"stdout","time":37471.355373584,"data":"Searching for best T0 for period 1.16820 days\n"}
,{"stream_name":"stdout","time":37486.475749138,"data":"Transit Least Squares TLS 1.32 (5 Apr 2024)\n"}
,{"stream_name":"stdout","time":37486.486053245,"data":"Creating model cache for 43 durations\n"}
,{"stream_name":"stdout","time":37486.508830671,"data":"Searching 23585 data points, 31335 periods from 0.5 to 29.997 days\n"}
,{"stream_name":"stdout","time":37486.508866656,"data":"Using 1 of 4 CPU threads\n"}
,{"stream_name":"stdout","time":37546.33838964,"data":"Searching for best T0 for period 29.69543 days\n"}
,{"stream_name":"stdout","time":37582.473682867,"data":"Transit Least Squares TLS 1.32 (5 Apr 2024)\n"}
,{"stream_name":"stdout","time":37582.476931086,"data":"Creating model cache for 43 durations\n"}
,{"stream_name":"stdout","time":37582.49080055,"data":"Searching 9573 data points, 7750 periods from 0.624 to 29.973 days\n"}
,{"stream_name":"stdout","time":37582.491151453,"data":"Using 1 of 4 CPU threads\n"}
,{"stream_name":"stdout","time":37681.853974719,"data":"Searching for best T0 for period 0.84134 days\n"}
,{"stream_name":"stdout","time":37693.833193325,"data":"Transit Least Squares TLS 1.32 (5 Apr 2024)\n"}
,{"stream_name":"stdout","time":37693.838774021,"data":"Creating model cache for 43 durations\n"}
,{"stream_name":"stdout","time":37693.854663966,"data":"Searching 18291 data points, 15499 periods from 0.624 to 29.992 days\n"}
,{"stream_name":"stdout","time":37693.854973771,"data":"Using 1 of 4 CPU threads\n"}
,{"stream_name":"stdout","time":38112.997129816,"data":"Searching for best T0 for period 23.36966 days\n"}
,{"stream_name":"stdout","time":38135.296438744,"data":"Transit Least Squares TLS 1.32 (5 Apr 2024)\n"}
,{"stream_name":"stdout","time":38135.302617523,"data":"Creating model cache for 43 durations\n"}
,{"stream_name":"stdout","time":38135.322472133,"data":"Searching 21287 data points, 25314 periods from 0.5 to 29.997 days\n"}
,{"stream_name":"stdout","time":38135.322663901,"data":"Using 1 of 4 CPU threads\n"}
,{"stream_name":"stdout","time":38250.928931995,"data":"Searching for best T0 for period 9.32741 days\n"}
,{"stream_name":"stdout","time":38278.395348207,"data":"Transit Least Squares TLS 1.32 (5 Apr 2024)\n"}
,{"stream_name":"stdout","time":38278.40418164,"data":"Creating model cache for 43 durations\n"}
,{"stream_name":"stdout","time":38278.424434372,"data":"Searching 27865 data points, 26389 periods from 0.632 to 29.998 days\n"}
,{"stream_name":"stdout","time":38278.424520823,"data":"Using 1 of 4 CPU threads\n"}
,{"stream_name":"stdout","time":38829.419080666,"data":"Searching for best T0 for period 1.81075 days\n"}
,{"stream_name":"stdout","time":38835.750411938,"data":"Searching for best T0 for period 26.59970 days\n"}
,{"stream_name":"stdout","time":38853.572622684,"data":"Transit Least Squares TLS 1.32 (5 Apr 2024)\n"}
,{"stream_name":"stdout","time":38853.578535779,"data":"Creating model cache for 43 durations\n"}
,{"stream_name":"stdout","time":38853.593666285,"data":"Searching 12512 data points, 17043 periods from 0.5 to 29.992 days\n"}
,{"stream_name":"stdout","time":38853.593827661,"data":"Using 1 of 4 CPU threads\n"}
,{"stream_name":"stdout","time":38858.078364689,"data":"Transit Least Squares TLS 1.32 (5 Apr 2024)\n"}
,{"stream_name":"stdout","time":38858.082545789,"data":"Creating model cache for 43 durations\n"}
,{"stream_name":"stdout","time":38858.095793375,"data":"Searching 8600 data points, 10552 periods from 0.5 to 29.984 days\n"}
,{"stream_name":"stdout","time":38858.096016133,"data":"Using 1 of 4 CPU threads\n"}
,{"stream_name":"stdout","time":39009.465208188,"data":"Searching for best T0 for period 0.90139 days\n"}
,{"stream_name":"stdout","time":39023.603072817,"data":"Transit Least Squares TLS 1.32 (5 Apr 2024)\n"}
,{"stream_name":"stdout","time":39023.614052031,"data":"Creating model cache for 43 durations\n"}
,{"stream_name":"stdout","time":39023.635468349,"data":"Searching 28145 data points, 33185 periods from 0.5 to 29.998 days\n"}
,{"stream_name":"stdout","time":39023.635651072,"data":"Using 1 of 4 CPU threads\n"}
,{"stream_name":"stdout","time":39165.686863486,"data":"Searching for best T0 for period 14.53919 days\n"}
,{"stream_name":"stderr","time":39177.639736598,"data":"/usr/local/lib/python3.13/dist-packages/transitleastsquares/main.py:411: UserWarning: 7 of 18 transits without data. The true period may be twice the given period.\n"}
,{"stream_name":"stderr","time":39177.639799813,"data":"  warnings.warn(text)\n"}
,{"stream_name":"stdout","time":39195.135538855,"data":"Transit Least Squares TLS 1.32 (5 Apr 2024)\n"}
,{"stream_name":"stdout","time":39195.145103843,"data":"Creating model cache for 43 durations\n"}
,{"stream_name":"stdout","time":39195.164368559,"data":"Searching 27865 data points, 26389 periods from 0.632 to 29.998 days\n"}
,{"stream_name":"stdout","time":39195.164404774,"data":"Using 1 of 4 CPU threads\n"}
,{"stream_name":"stdout","time":39328.178258336,"data":"Searching for best T0 for period 1.45598 days\n"}
,{"stream_name":"stdout","time":39350.586995307,"data":"Transit Least Squares TLS 1.32 (5 Apr 2024)\n"}
,{"stream_name":"stdout","time":39350.596508591,"data":"Creating model cache for 43 durations\n"}
,{"stream_name":"stdout","time":39350.611544472,"data":"Searching 14678 data points, 20552 periods from 0.5 to 29.997 days\n"}
,{"stream_name":"stdout","time":39350.611964796,"data":"Using 1 of 4 CPU threads\n"}
,{"stream_name":"stdout","time":39414.693231121,"data":"Searching for best T0 for period 1.41347 days\n"}
,{"stream_name":"stdout","time":39945.241017274,"data":"Searching for best T0 for period 13.64125 days\n"}
,{"stream_name":"stdout","time":39955.475323778,"data":"401/408 39541s\n"}
,{"stream_name":"stdout","time":40362.790868833,"data":"Searching for best T0 for period 0.51352 days\n"}
,{"stream_name":"stdout","time":40383.073916805,"data":"Transit Least Squares TLS 1.32 (5 Apr 2024)\n"}
,{"stream_name":"stdout","time":40383.076697273,"data":"Creating model cache for 43 durations\n"}
,{"stream_name":"stdout","time":40383.085731189,"data":"Searching 11466 data points, 14247 periods from 0.5 to 29.995 days\n"}
,{"stream_name":"stdout","time":40383.085766568,"data":"Using 1 of 4 CPU threads\n"}
,{"stream_name":"stdout","time":40585.456254934,"data":"Searching for best T0 for period 1.36378 days\n"}
,{"stream_name":"stdout","time":40596.987353046,"data":"Searching for best T0 for period 3.30867 days\n"}
,{"stream_name":"stderr","time":40606.303030244,"data":"/usr/local/lib/python3.13/dist-packages/mistune.py:435: SyntaxWarning: invalid escape sequence '\\|'\n"}
,{"stream_name":"stderr","time":40606.303073412,"data":"  cells[i][c] = re.sub('\\\\\\\\\\|', '|', cell)\n"}
,{"stream_name":"stderr","time":40606.766923063,"data":"/usr/local/lib/python3.13/dist-packages/nbconvert/filters/filter_links.py:36: SyntaxWarning: invalid escape sequence '\\_'\n"}
,{"stream_name":"stderr","time":40606.766971564,"data":"  text = re.sub(r'_', '\\_', text) # Escape underscores in display text\n"}
,{"stream_name":"stderr","time":40607.930370375,"data":"[NbConvertApp] Converting notebook __script__.ipynb to html\n"}
,{"stream_name":"stderr","time":40609.255253391,"data":"[NbConvertApp] Writing 276119 bytes to __results__.html\n"}
]