[{"stream_name":"stdout","time":20.500656932,"data":"     ━━━━━━━━━━━━━━━━━━━━━━━━━━━━━━━━━━━━━━━━ 18.9/18.9 MB 62.2 MB/s eta 0:00:00\n"}
,{"stream_name":"stdout","time":374.001958002,"data":"     ━━━━━━━━━━━━━━━━━━━━━━━━━━━━━━━━━━━━━━━━ 62.1/62.1 kB 1.5 MB/s eta 0:00:00\n"}
,{"stream_name":"stdout","time":376.357893949,"data":"     ━━━━━━━━━━━━━━━━━━━━━━━━━━━━━━━━━━━━━━━━ 80.3/80.3 kB 2.4 MB/s eta 0:00:00\n"}
,{"stream_name":"stdout","time":378.882478407,"data":"     ━━━━━━━━━━━━━━━━━━━━━━━━━━━━━━━━━━━━━━━━ 41.2/41.2 kB 1.2 MB/s eta 0:00:00\n"}
,{"stream_name":"stdout","time":380.910905335,"data":"   ━━━━━━━━━━━━━━━━━━━━━━━━━━━━━━━━━━━━━━━━ 10.5/10.5 MB 81.3 MB/s eta 0:00:00\n"}
,{"stream_name":"stdout","time":381.041399468,"data":"   ━━━━━━━━━━━━━━━━━━━━━━━━━━━━━━━━━━━━━━━━ 11.1/11.1 MB 91.3 MB/s eta 0:00:00\n"}
,{"stream_name":"stdout","time":381.091048301,"data":"   ━━━━━━━━━━━━━━━━━━━━━━━━━━━━━━━━━━━━━━━━ 243.4/243.4 kB 6.5 MB/s eta 0:00:00\n"}
,{"stream_name":"stdout","time":381.141857997,"data":"   ━━━━━━━━━━━━━━━━━━━━━━━━━━━━━━━━━━━━━━━━ 377.7/377.7 kB 9.4 MB/s eta 0:00:00\n"}
,{"stream_name":"stdout","time":381.186921988,"data":"   ━━━━━━━━━━━━━━━━━━━━━━━━━━━━━━━━━━━━━━━━ 261.1/261.1 kB 7.7 MB/s eta 0:00:00\n"}
,{"stream_name":"stdout","time":381.314032015,"data":"   ━━━━━━━━━━━━━━━━━━━━━━━━━━━━━━━━━━━━━━━━ 9.9/9.9 MB 86.1 MB/s eta 0:00:00\n"}
,{"stream_name":"stdout","time":381.373815711,"data":"   ━━━━━━━━━━━━━━━━━━━━━━━━━━━━━━━━━━━━━━━━ 155.6/155.6 kB 3.0 MB/s eta 0:00:00\n"}
,{"stream_name":"stdout","time":381.486817841,"data":"   ━━━━━━━━━━━━━━━━━━━━━━━━━━━━━━━━━━━━━━━━ 9.1/9.1 MB 89.9 MB/s eta 0:00:00\n"}
,{"stream_name":"stdout","time":381.806897616,"data":"   ━━━━━━━━━━━━━━━━━━━━━━━━━━━━━━━━━━━━━━━━ 35.2/35.2 MB 54.6 MB/s eta 0:00:00\n"}
,{"stream_name":"stdout","time":381.844473881,"data":"   ━━━━━━━━━━━━━━━━━━━━━━━━━━━━━━━━━━━━━━━━ 47.5/47.5 kB 1.5 MB/s eta 0:00:00\n"}
,{"stream_name":"stdout","time":381.933501488,"data":"   ━━━━━━━━━━━━━━━━━━━━━━━━━━━━━━━━━━━━━━━━ 1.2/1.2 MB 31.1 MB/s eta 0:00:00\n"}
,{"stream_name":"stdout","time":381.980028166,"data":"   ━━━━━━━━━━━━━━━━━━━━━━━━━━━━━━━━━━━━━━━━ 60.1/60.1 kB 1.5 MB/s eta 0:00:00\n"}
,{"stream_name":"stderr","time":444.388916864,"data":"ERROR: pip's dependency resolver does not currently take into account all the packages that are installed. This behaviour is the source of the following dependency conflicts.\n"}
,{"stream_name":"stderr","time":444.389012433,"data":"bigframes 2.48.0 requires google-cloud-bigquery-storage\u003c3.0.0,\u003e=2.30.0, which is not installed.\n"}
,{"stream_name":"stderr","time":444.389018525,"data":"ydata-profiling 4.18.4 requires matplotlib\u003c=3.10,\u003e=3.5, but you have matplotlib 3.11.2 which is incompatible.\n"}
,{"stream_name":"stderr","time":444.389036647,"data":"ydata-profiling 4.18.4 requires scipy\u003c1.17,\u003e=1.8, but you have scipy 1.17.1 which is incompatible.\n"}
,{"stream_name":"stderr","time":444.389040594,"data":"mne 1.13.2 requires numpy\u003c3,\u003e=2.1, but you have numpy 2.0.2 which is incompatible.\n"}
,{"stream_name":"stderr","time":444.389044089,"data":"bayesian-optimization 3.3.0 requires numpy\u003e=2.1.3; python_full_version \u003e= \"3.13\", but you have numpy 2.0.2 which is incompatible.\n"}
,{"stream_name":"stderr","time":444.389047699,"data":"google-colab 1.0.0 requires jupyter-server==2.20.0, but you have jupyter-server 2.12.5 which is incompatible.\n"}
,{"stream_name":"stderr","time":444.389051048,"data":"google-colab 1.0.0 requires pandas==2.2.3, but you have pandas 2.3.3 which is incompatible.\n"}
,{"stream_name":"stderr","time":444.389054259,"data":"google-colab 1.0.0 requires requests==2.32.4, but you have requests 2.34.2 which is incompatible.\n"}
,{"stream_name":"stderr","time":444.389057589,"data":"dopamine-rl 4.1.2 requires gym\u003c=0.25.2, but you have gym 0.26.2 which is incompatible.\n"}
,{"stream_name":"stderr","time":444.3890609,"data":"moviepy 1.0.3 requires decorator\u003c5.0,\u003e=4.0.2, but you have decorator 5.3.1 which is incompatible.\n"}
,{"stream_name":"stderr","time":444.389064553,"data":"ml-dtypes 0.6.0 requires numpy\u003e=2.1.0; python_version \u003e= \"3.13\", but you have numpy 2.0.2 which is incompatible.\n"}
,{"stream_name":"stderr","time":444.389067977,"data":"jax 0.11.1 requires numpy\u003e=2.1, but you have numpy 2.0.2 which is incompatible.\n"}
,{"stream_name":"stderr","time":444.389071277,"data":"dm-tree 0.1.10 requires numpy\u003e=2.1.0; python_version \u003e= \"3.13\", but you have numpy 2.0.2 which is incompatible.\n"}
,{"stream_name":"stderr","time":444.389074689,"data":"tifffile 2026.8.23 requires numpy\u003e=2.1, but you have numpy 2.0.2 which is incompatible.\n"}
,{"stream_name":"stdout","time":447.416814998,"data":"search_tls_1of5: 406 injections on 159 hosts, cache /kaggle/input/datasets/srijeetbanerjee/exog-lc-cache-v1/cache\n"}
,{"stream_name":"stdout","time":469.321387372,"data":"Transit Least Squares TLS 1.32 (5 Apr 2024)\n"}
,{"stream_name":"stdout","time":469.480761849,"data":"Creating model cache for 38 durations\n"}
,{"stream_name":"stdout","time":469.493409953,"data":"Searching 2709 data points, 1912 periods from 0.716 to 13.02 days\n"}
,{"stream_name":"stdout","time":469.493595285,"data":"Using 1 of 4 CPU threads\n"}
,{"stream_name":"stdout","time":469.600540911,"data":"Transit Least Squares TLS 1.32 (5 Apr 2024)\n"}
,{"stream_name":"stdout","time":469.762820413,"data":"Creating model cache for 38 durations\n"}
,{"stream_name":"stdout","time":469.766418505,"data":"Transit Least Squares TLS 1.32 (5 Apr 2024)\n"}
,{"stream_name":"stdout","time":469.77613737,"data":"Searching 3402 data points, 3149 periods from 0.5 to 13.121 days\n"}
,{"stream_name":"stdout","time":469.776441333,"data":"Using 1 of 4 CPU threads\n"}
,{"stream_name":"stdout","time":469.850442896,"data":"Transit Least Squares TLS 1.32 (5 Apr 2024)\n"}
,{"stream_name":"stdout","time":469.924662022,"data":"Creating model cache for 38 durations\n"}
,{"stream_name":"stdout","time":469.940431049,"data":"Searching 3455 data points, 3118 periods from 0.5 to 12.767 days\n"}
,{"stream_name":"stdout","time":469.940468876,"data":"Using 1 of 4 CPU threads\n"}
,{"stream_name":"stdout","time":470.005991495,"data":"Creating model cache for 37 durations\n"}
,{"stream_name":"stdout","time":470.019663424,"data":"Searching 3426 data points, 2422 periods from 0.573 to 12.698 days\n"}
,{"stream_name":"stdout","time":470.019783599,"data":"Using 1 of 4 CPU threads\n"}
,{"stream_name":"stdout","time":488.618156762,"data":"Searching for best T0 for period 4.52662 days\n"}
,{"stream_name":"stderr","time":489.386795492,"data":"/usr/local/lib/python3.13/dist-packages/transitleastsquares/main.py:411: UserWarning: 2 of 6 transits without data. The true period may be twice the given period.\n"}
,{"stream_name":"stderr","time":489.386835503,"data":"  warnings.warn(text)\n"}
,{"stream_name":"stdout","time":493.023745918,"data":"Transit Least Squares TLS 1.32 (5 Apr 2024)\n"}
,{"stream_name":"stdout","time":493.024728923,"data":"Creating model cache for 38 durations\n"}
,{"stream_name":"stdout","time":493.036976476,"data":"Searching 2709 data points, 1912 periods from 0.716 to 13.02 days\n"}
,{"stream_name":"stdout","time":493.037089187,"data":"Using 1 of 4 CPU threads\n"}
,{"stream_name":"stdout","time":502.071474182,"data":"Searching for best T0 for period 0.72585 days\n"}
,{"stream_name":"stderr","time":503.258245013,"data":"/usr/local/lib/python3.13/dist-packages/transitleastsquares/stats.py:458: RuntimeWarning: divide by zero encountered in scalar divide\n"}
,{"stream_name":"stderr","time":503.258301393,"data":"  snr_pink_per_transit[i] = (1 - mean_flux) / pinknoise\n"}
,{"stream_name":"stdout","time":503.519052762,"data":"Searching for best T0 for period 0.86540 days\n"}
,{"stream_name":"stdout","time":507.196811199,"data":"Searching for best T0 for period 5.78728 days\n"}
,{"stream_name":"stdout","time":508.58559715,"data":"Searching for best T0 for period 8.95111 days\n"}
,{"stream_name":"stderr","time":509.064313915,"data":"/usr/local/lib/python3.13/dist-packages/transitleastsquares/main.py:411: UserWarning: 1 of 3 transits without data. The true period may be twice the given period.\n"}
,{"stream_name":"stderr","time":509.064353252,"data":"  warnings.warn(text)\n"}
,{"stream_name":"stdout","time":509.083862138,"data":"Transit Least Squares TLS 1.32 (5 Apr 2024)\n"}
,{"stream_name":"stdout","time":509.084977206,"data":"Creating model cache for 37 durations\n"}
,{"stream_name":"stdout","time":509.095647954,"data":"Searching 3426 data points, 2422 periods from 0.573 to 12.698 days\n"}
,{"stream_name":"stdout","time":509.09568775,"data":"Using 1 of 4 CPU threads\n"}
,{"stream_name":"stdout","time":510.089233662,"data":"Transit Least Squares TLS 1.32 (5 Apr 2024)\n"}
,{"stream_name":"stdout","time":510.093421716,"data":"Creating model cache for 43 durations\n"}
,{"stream_name":"stdout","time":510.112434776,"data":"Searching 9971 data points, 8083 periods from 1.276 to 29.988 days\n"}
,{"stream_name":"stdout","time":510.112474553,"data":"Using 1 of 4 CPU threads\n"}
,{"stream_name":"stdout","time":512.054421581,"data":"Transit Least Squares TLS 1.32 (5 Apr 2024)\n"}
,{"stream_name":"stdout","time":512.056387111,"data":"Creating model cache for 38 durations\n"}
,{"stream_name":"stdout","time":512.074538387,"data":"Searching 3402 data points, 3149 periods from 0.5 to 13.121 days\n"}
,{"stream_name":"stdout","time":512.074920036,"data":"Using 1 of 4 CPU threads\n"}
,{"stream_name":"stdout","time":513.987392608,"data":"Transit Least Squares TLS 1.32 (5 Apr 2024)\n"}
,{"stream_name":"stdout","time":513.990405291,"data":"Creating model cache for 43 durations\n"}
,{"stream_name":"stdout","time":514.004549255,"data":"Searching 7193 data points, 3515 periods from 0.878 to 26.752 days\n"}
,{"stream_name":"stdout","time":514.004697867,"data":"Using 1 of 4 CPU threads\n"}
,{"stream_name":"stdout","time":534.403217823,"data":"Searching for best T0 for period 9.01263 days\n"}
,{"stream_name":"stdout","time":540.736588507,"data":"Transit Least Squares TLS 1.32 (5 Apr 2024)\n"}
,{"stream_name":"stdout","time":540.739273106,"data":"Creating model cache for 43 durations\n"}
,{"stream_name":"stdout","time":540.754026522,"data":"Searching 9505 data points, 5864 periods from 0.795 to 29.985 days\n"}
,{"stream_name":"stdout","time":540.754258454,"data":"Using 1 of 4 CPU threads\n"}
,{"stream_name":"stdout","time":542.998793782,"data":"Searching for best T0 for period 12.18292 days\n"}
,{"stream_name":"stderr","time":543.682971181,"data":"/usr/local/lib/python3.13/dist-packages/transitleastsquares/main.py:411: UserWarning: 1 of 2 transits without data. The true period may be twice the given period.\n"}
,{"stream_name":"stderr","time":543.683028419,"data":"  warnings.warn(text)\n"}
,{"stream_name":"stdout","time":547.911076132,"data":"Transit Least Squares TLS 1.32 (5 Apr 2024)\n"}
,{"stream_name":"stdout","time":547.913910447,"data":"Creating model cache for 42 durations\n"}
,{"stream_name":"stdout","time":547.928034691,"data":"Searching 5891 data points, 5999 periods from 0.517 to 25.183 days\n"}
,{"stream_name":"stdout","time":547.928204533,"data":"Using 1 of 4 CPU threads\n"}
,{"stream_name":"stdout","time":603.191044667,"data":"Searching for best T0 for period 2.06604 days\n"}
,{"stream_name":"stdout","time":611.988755183,"data":"Transit Least Squares TLS 1.32 (5 Apr 2024)\n"}
,{"stream_name":"stdout","time":611.990174746,"data":"Creating model cache for 42 durations\n"}
,{"stream_name":"stdout","time":612.004321985,"data":"Searching 5928 data points, 2963 periods from 0.949 to 24.961 days\n"}
,{"stream_name":"stdout","time":612.00450501,"data":"Using 1 of 4 CPU threads\n"}
,{"stream_name":"stdout","time":637.13149163,"data":"Searching for best T0 for period 0.54434 days\n"}
,{"stream_name":"stderr","time":639.419115513,"data":"/usr/local/lib/python3.13/dist-packages/numpy/_core/_methods.py:218: RuntimeWarning: Degrees of freedom \u003c= 0 for slice\n"}
,{"stream_name":"stderr","time":639.419155066,"data":"  ret = _var(a, axis=axis, dtype=dtype, out=out, ddof=ddof,\n"}
,{"stream_name":"stderr","time":639.419350926,"data":"/usr/local/lib/python3.13/dist-packages/numpy/_core/_methods.py:175: RuntimeWarning: invalid value encountered in divide\n"}
,{"stream_name":"stderr","time":639.419381978,"data":"  arrmean = um.true_divide(arrmean, div, out=arrmean,\n"}
,{"stream_name":"stderr","time":639.419632958,"data":"/usr/local/lib/python3.13/dist-packages/numpy/_core/_methods.py:210: RuntimeWarning: invalid value encountered in scalar divide\n"}
,{"stream_name":"stderr","time":639.419648428,"data":"  ret = ret.dtype.type(ret / rcount)\n"}
,{"stream_name":"stderr","time":639.91949797,"data":"/usr/local/lib/python3.13/dist-packages/transitleastsquares/main.py:411: UserWarning: 66 of 92 transits without data. The true period may be twice the given period.\n"}
,{"stream_name":"stderr","time":639.919565823,"data":"  warnings.warn(text)\n"}
,{"stream_name":"stdout","time":647.133583572,"data":"Transit Least Squares TLS 1.32 (5 Apr 2024)\n"}
,{"stream_name":"stdout","time":647.136580025,"data":"Creating model cache for 42 durations\n"}
,{"stream_name":"stdout","time":647.15131009,"data":"Searching 5891 data points, 5999 periods from 0.517 to 25.183 days\n"}
,{"stream_name":"stdout","time":647.151479195,"data":"Using 1 of 4 CPU threads\n"}
,{"stream_name":"stdout","time":654.304382523,"data":"Searching for best T0 for period 1.11163 days\n"}
,{"stream_name":"stdout","time":661.412814025,"data":"Searching for best T0 for period 21.93648 days\n"}
,{"stream_name":"stderr","time":663.130238444,"data":"/usr/local/lib/python3.13/dist-packages/transitleastsquares/main.py:411: UserWarning: 1 of 2 transits without data. The true period may be twice the given period.\n"}
,{"stream_name":"stderr","time":663.130315962,"data":"  warnings.warn(text)\n"}
,{"stream_name":"stdout","time":668.823598645,"data":"Transit Least Squares TLS 1.32 (5 Apr 2024)\n"}
,{"stream_name":"stdout","time":668.826647652,"data":"Creating model cache for 43 durations\n"}
,{"stream_name":"stdout","time":668.844443949,"data":"Searching 9505 data points, 5864 periods from 0.795 to 29.985 days\n"}
,{"stream_name":"stdout","time":668.844500402,"data":"Using 1 of 4 CPU threads\n"}
,{"stream_name":"stdout","time":668.891820552,"data":"Transit Least Squares TLS 1.32 (5 Apr 2024)\n"}
,{"stream_name":"stdout","time":668.89343641,"data":"Creating model cache for 42 durations\n"}
,{"stream_name":"stdout","time":668.906414316,"data":"Searching 5928 data points, 2963 periods from 0.949 to 24.961 days\n"}
,{"stream_name":"stdout","time":668.906566414,"data":"Using 1 of 4 CPU threads\n"}
,{"stream_name":"stdout","time":702.442056753,"data":"Searching for best T0 for period 18.29834 days\n"}
,{"stream_name":"stderr","time":706.754420995,"data":"/usr/local/lib/python3.13/dist-packages/transitleastsquares/main.py:411: UserWarning: 6 of 10 transits without data. The true period may be twice the given period.\n"}
,{"stream_name":"stderr","time":706.754490648,"data":"  warnings.warn(text)\n"}
,{"stream_name":"stdout","time":715.05958382,"data":"Transit Least Squares TLS 1.32 (5 Apr 2024)\n"}
,{"stream_name":"stdout","time":715.065372198,"data":"Creating model cache for 43 durations\n"}
,{"stream_name":"stdout","time":715.080167384,"data":"Searching 9971 data points, 8083 periods from 1.276 to 29.988 days\n"}
,{"stream_name":"stdout","time":715.080318456,"data":"Using 1 of 4 CPU threads\n"}
,{"stream_name":"stdout","time":718.304827358,"data":"Searching for best T0 for period 1.54444 days\n"}
,{"stream_name":"stdout","time":728.304918793,"data":"Transit Least Squares TLS 1.32 (5 Apr 2024)\n"}
,{"stream_name":"stdout","time":728.308374194,"data":"Creating model cache for 42 durations\n"}
,{"stream_name":"stdout","time":728.320709562,"data":"Searching 5928 data points, 2963 periods from 0.949 to 24.961 days\n"}
,{"stream_name":"stdout","time":728.321083895,"data":"Using 1 of 4 CPU threads\n"}
,{"stream_name":"stdout","time":768.954899556,"data":"Searching for best T0 for period 2.31067 days\n"}
,{"stream_name":"stdout","time":776.790374703,"data":"Transit Least Squares TLS 1.32 (5 Apr 2024)\n"}
,{"stream_name":"stdout","time":776.793408157,"data":"Creating model cache for 42 durations\n"}
,{"stream_name":"stdout","time":776.808172973,"data":"Searching 5891 data points, 5999 periods from 0.517 to 25.183 days\n"}
,{"stream_name":"stdout","time":776.808372467,"data":"Using 1 of 4 CPU threads\n"}
,{"stream_name":"stdout","time":777.987437987,"data":"Searching for best T0 for period 21.93648 days\n"}
,{"stream_name":"stdout","time":782.845756815,"data":"Searching for best T0 for period 5.33167 days\n"}
,{"stream_name":"stdout","time":786.081360599,"data":"Transit Least Squares TLS 1.32 (5 Apr 2024)\n"}
,{"stream_name":"stdout","time":786.106089567,"data":"Creating model cache for 43 durations\n"}
,{"stream_name":"stdout","time":786.138453302,"data":"Searching 7843 data points, 60105 periods from 0.5 to 29.998 days\n"}
,{"stream_name":"stdout","time":786.138822277,"data":"Using 1 of 4 CPU threads\n"}
,{"stream_name":"stdout","time":793.388990817,"data":"Transit Least Squares TLS 1.32 (5 Apr 2024)\n"}
,{"stream_name":"stdout","time":793.391013782,"data":"Creating model cache for 43 durations\n"}
,{"stream_name":"stdout","time":793.404918103,"data":"Searching 6459 data points, 2879 periods from 1.028 to 26.396 days\n"}
,{"stream_name":"stdout","time":793.405258564,"data":"Using 1 of 4 CPU threads\n"}
,{"stream_name":"stdout","time":846.320668718,"data":"Searching for best T0 for period 6.68445 days\n"}
,{"stream_name":"stdout","time":853.71546806,"data":"Transit Least Squares TLS 1.32 (5 Apr 2024)\n"}
,{"stream_name":"stdout","time":853.717648633,"data":"Creating model cache for 37 durations\n"}
,{"stream_name":"stdout","time":853.729648828,"data":"Searching 3119 data points, 4172 periods from 0.5 to 12.008 days\n"}
,{"stream_name":"stdout","time":853.729751696,"data":"Using 1 of 4 CPU threads\n"}
,{"stream_name":"stdout","time":872.18621079,"data":"Searching for best T0 for period 3.63512 days\n"}
,{"stream_name":"stdout","time":880.491939306,"data":"Transit Least Squares TLS 1.32 (5 Apr 2024)\n"}
,{"stream_name":"stdout","time":880.494646146,"data":"Creating model cache for 42 durations\n"}
,{"stream_name":"stdout","time":880.509230313,"data":"Searching 5891 data points, 5999 periods from 0.517 to 25.183 days\n"}
,{"stream_name":"stdout","time":880.509437257,"data":"Using 1 of 4 CPU threads\n"}
,{"stream_name":"stdout","time":891.587216916,"data":"Searching for best T0 for period 0.55795 days\n"}
,{"stream_name":"stdout","time":898.15741508,"data":"Transit Least Squares TLS 1.32 (5 Apr 2024)\n"}
,{"stream_name":"stdout","time":898.160442105,"data":"Creating model cache for 42 durations\n"}
,{"stream_name":"stdout","time":898.174984862,"data":"Searching 5726 data points, 6486 periods from 0.5 to 25.399 days\n"}
,{"stream_name":"stdout","time":898.175180686,"data":"Using 1 of 4 CPU threads\n"}
,{"stream_name":"stdout","time":908.463382738,"data":"Searching for best T0 for period 5.33089 days\n"}
,{"stream_name":"stderr","time":910.632361066,"data":"/usr/local/lib/python3.13/dist-packages/transitleastsquares/main.py:411: UserWarning: 22 of 35 transits without data. The true period may be twice the given period.\n"}
,{"stream_name":"stderr","time":910.632433192,"data":"  warnings.warn(text)\n"}
,{"stream_name":"stdout","time":921.335514457,"data":"Transit Least Squares TLS 1.32 (5 Apr 2024)\n"}
,{"stream_name":"stdout","time":921.336950613,"data":"Creating model cache for 43 durations\n"}
,{"stream_name":"stdout","time":921.350164077,"data":"Searching 6912 data points, 2229 periods from 1.276 to 26.37 days\n"}
,{"stream_name":"stdout","time":921.350340243,"data":"Using 1 of 4 CPU threads\n"}
,{"stream_name":"stdout","time":966.147429482,"data":"Searching for best T0 for period 1.60475 days\n"}
,{"stream_name":"stdout","time":976.215915456,"data":"Transit Least Squares TLS 1.32 (5 Apr 2024)\n"}
,{"stream_name":"stdout","time":976.219571769,"data":"Creating model cache for 43 durations\n"}
,{"stream_name":"stdout","time":976.23547864,"data":"Searching 6022 data points, 7456 periods from 0.5 to 26.417 days\n"}
,{"stream_name":"stdout","time":976.235687552,"data":"Using 1 of 4 CPU threads\n"}
,{"stream_name":"stdout","time":988.628405026,"data":"Searching for best T0 for period 0.52201 days\n"}
,{"stream_name":"stdout","time":997.022762728,"data":"Transit Least Squares TLS 1.32 (5 Apr 2024)\n"}
,{"stream_name":"stdout","time":997.02576647,"data":"Creating model cache for 37 durations\n"}
,{"stream_name":"stdout","time":997.037954761,"data":"Searching 3237 data points, 2864 periods from 0.5 to 12.451 days\n"}
,{"stream_name":"stdout","time":997.038353052,"data":"Using 1 of 4 CPU threads\n"}
,{"stream_name":"stdout","time":1003.88674313,"data":"Searching for best T0 for period 0.97684 days\n"}
,{"stream_name":"stdout","time":1013.63303197,"data":"Transit Least Squares TLS 1.32 (5 Apr 2024)\n"}
,{"stream_name":"stdout","time":1013.634686359,"data":"Creating model cache for 43 durations\n"}
,{"stream_name":"stdout","time":1013.649630663,"data":"Searching 5700 data points, 2912 periods from 1.024 to 26.552 days\n"}
,{"stream_name":"stdout","time":1013.649798868,"data":"Using 1 of 4 CPU threads\n"}
,{"stream_name":"stdout","time":1024.945435898,"data":"Searching for best T0 for period 1.25071 days\n"}
,{"stream_name":"stdout","time":1030.586906546,"data":"Transit Least Squares TLS 1.32 (5 Apr 2024)\n"}
,{"stream_name":"stdout","time":1030.589055258,"data":"Creating model cache for 38 durations\n"}
,{"stream_name":"stdout","time":1030.601622526,"data":"Searching 2975 data points, 3064 periods from 0.5 to 12.756 days\n"}
,{"stream_name":"stdout","time":1030.601952645,"data":"Using 1 of 4 CPU threads\n"}
,{"stream_name":"stdout","time":1057.762838233,"data":"Searching for best T0 for period 0.82690 days\n"}
,{"stream_name":"stdout","time":1062.999012918,"data":"Transit Least Squares TLS 1.32 (5 Apr 2024)\n"}
,{"stream_name":"stdout","time":1063.000989921,"data":"Creating model cache for 38 durations\n"}
,{"stream_name":"stdout","time":1063.013505604,"data":"Searching 2975 data points, 3064 periods from 0.5 to 12.756 days\n"}
,{"stream_name":"stdout","time":1063.013743264,"data":"Using 1 of 4 CPU threads\n"}
,{"stream_name":"stdout","time":1077.018988592,"data":"Searching for best T0 for period 1.39999 days\n"}
,{"stream_name":"stdout","time":1084.92211423,"data":"Transit Least Squares TLS 1.32 (5 Apr 2024)\n"}
,{"stream_name":"stdout","time":1084.924231883,"data":"Creating model cache for 42 durations\n"}
,{"stream_name":"stdout","time":1084.938745958,"data":"Searching 6256 data points, 3340 periods from 0.864 to 25.181 days\n"}
,{"stream_name":"stdout","time":1084.938920814,"data":"Using 1 of 4 CPU threads\n"}
,{"stream_name":"stdout","time":1089.215203737,"data":"Searching for best T0 for period 5.80399 days\n"}
,{"stream_name":"stdout","time":1093.571746919,"data":"Transit Least Squares TLS 1.32 (5 Apr 2024)\n"}
,{"stream_name":"stdout","time":1093.573360451,"data":"Creating model cache for 38 durations\n"}
,{"stream_name":"stdout","time":1093.586165582,"data":"Searching 2975 data points, 3064 periods from 0.5 to 12.756 days\n"}
,{"stream_name":"stdout","time":1093.586440637,"data":"Using 1 of 4 CPU threads\n"}
,{"stream_name":"stdout","time":1095.041830115,"data":"Searching for best T0 for period 13.81938 days\n"}
,{"stream_name":"stderr","time":1096.899803482,"data":"/usr/local/lib/python3.13/dist-packages/transitleastsquares/main.py:411: UserWarning: 3 of 4 transits without data. The true period may be twice the given period.\n"}
,{"stream_name":"stderr","time":1096.899865359,"data":"  warnings.warn(text)\n"}
,{"stream_name":"stdout","time":1102.262974532,"data":"Transit Least Squares TLS 1.32 (5 Apr 2024)\n"}
,{"stream_name":"stdout","time":1102.266058821,"data":"Creating model cache for 43 durations\n"}
,{"stream_name":"stdout","time":1102.281151799,"data":"Searching 6022 data points, 7456 periods from 0.5 to 26.417 days\n"}
,{"stream_name":"stdout","time":1102.281494166,"data":"Using 1 of 4 CPU threads\n"}
,{"stream_name":"stdout","time":1119.475775783,"data":"Searching for best T0 for period 9.47812 days\n"}
,{"stream_name":"stderr","time":1120.070257829,"data":"/usr/local/lib/python3.13/dist-packages/transitleastsquares/main.py:411: UserWarning: 1 of 3 transits without data. The true period may be twice the given period.\n"}
,{"stream_name":"stderr","time":1120.070317865,"data":"  warnings.warn(text)\n"}
,{"stream_name":"stdout","time":1123.246461352,"data":"Transit Least Squares TLS 1.32 (5 Apr 2024)\n"}
,{"stream_name":"stdout","time":1123.247813891,"data":"Creating model cache for 38 durations\n"}
,{"stream_name":"stdout","time":1123.259891621,"data":"Searching 2998 data points, 2231 periods from 0.619 to 12.792 days\n"}
,{"stream_name":"stdout","time":1123.260252244,"data":"Using 1 of 4 CPU threads\n"}
,{"stream_name":"stdout","time":1138.074846533,"data":"Searching for best T0 for period 3.66490 days\n"}
,{"stream_name":"stdout","time":1144.761013011,"data":"Searching for best T0 for period 6.24579 days\n"}
,{"stream_name":"stdout","time":1147.231507572,"data":"Transit Least Squares TLS 1.32 (5 Apr 2024)\n"}
,{"stream_name":"stdout","time":1147.233489385,"data":"Creating model cache for 42 durations\n"}
,{"stream_name":"stdout","time":1147.247429343,"data":"Searching 6256 data points, 3340 periods from 0.864 to 25.181 days\n"}
,{"stream_name":"stdout","time":1147.247650034,"data":"Using 1 of 4 CPU threads\n"}
,{"stream_name":"stdout","time":1149.209077863,"data":"Transit Least Squares TLS 1.32 (5 Apr 2024)\n"}
,{"stream_name":"stdout","time":1149.210451056,"data":"Creating model cache for 37 durations\n"}
,{"stream_name":"stdout","time":1149.225611103,"data":"Searching 3401 data points, 1050 periods from 1.114 to 12.472 days\n"}
,{"stream_name":"stdout","time":1149.226131296,"data":"Using 1 of 4 CPU threads\n"}
,{"stream_name":"stdout","time":1162.79567753,"data":"Searching for best T0 for period 3.75757 days\n"}
,{"stream_name":"stdout","time":1168.603037242,"data":"Transit Least Squares TLS 1.32 (5 Apr 2024)\n"}
,{"stream_name":"stdout","time":1168.604663285,"data":"Creating model cache for 43 durations\n"}
,{"stream_name":"stdout","time":1168.618198752,"data":"Searching 6969 data points, 2613 periods from 1.116 to 26.367 days\n"}
,{"stream_name":"stdout","time":1168.61838177,"data":"Using 1 of 4 CPU threads\n"}
,{"stream_name":"stdout","time":1198.265183461,"data":"Searching for best T0 for period 9.21072 days\n"}
,{"stream_name":"stdout","time":1205.949913722,"data":"Transit Least Squares TLS 1.32 (5 Apr 2024)\n"}
,{"stream_name":"stdout","time":1205.951766953,"data":"Creating model cache for 42 durations\n"}
,{"stream_name":"stdout","time":1205.965413298,"data":"Searching 6256 data points, 3340 periods from 0.864 to 25.181 days\n"}
,{"stream_name":"stdout","time":1205.965552023,"data":"Using 1 of 4 CPU threads\n"}
,{"stream_name":"stdout","time":1209.845909882,"data":"Searching for best T0 for period 5.32554 days\n"}
,{"stream_name":"stdout","time":1218.88169633,"data":"Transit Least Squares TLS 1.32 (5 Apr 2024)\n"}
,{"stream_name":"stdout","time":1218.884447209,"data":"Creating model cache for 43 durations\n"}
,{"stream_name":"stdout","time":1218.89715282,"data":"Searching 6969 data points, 2613 periods from 1.116 to 26.367 days\n"}
,{"stream_name":"stdout","time":1218.89757685,"data":"Using 1 of 4 CPU threads\n"}
,{"stream_name":"stdout","time":1255.412657761,"data":"Searching for best T0 for period 2.39012 days\n"}
,{"stream_name":"stdout","time":1262.712678876,"data":"Transit Least Squares TLS 1.32 (5 Apr 2024)\n"}
,{"stream_name":"stdout","time":1262.715364755,"data":"Creating model cache for 38 durations\n"}
,{"stream_name":"stdout","time":1262.726618814,"data":"Searching 3295 data points, 3243 periods from 0.5 to 12.906 days\n"}
,{"stream_name":"stdout","time":1262.726801707,"data":"Using 1 of 4 CPU threads\n"}
,{"stream_name":"stdout","time":1264.249625527,"data":"Searching for best T0 for period 11.31588 days\n"}
,{"stream_name":"stdout","time":1273.381304118,"data":"Transit Least Squares TLS 1.32 (5 Apr 2024)\n"}
,{"stream_name":"stdout","time":1273.384998546,"data":"Creating model cache for 43 durations\n"}
,{"stream_name":"stdout","time":1273.400841597,"data":"Searching 9218 data points, 7633 periods from 0.63 to 29.982 days\n"}
,{"stream_name":"stdout","time":1273.400978298,"data":"Using 1 of 4 CPU threads\n"}
,{"stream_name":"stdout","time":1274.962188269,"data":"Searching for best T0 for period 2.01860 days\n"}
,{"stream_name":"stdout","time":1283.754310712,"data":"Transit Least Squares TLS 1.32 (5 Apr 2024)\n"}
,{"stream_name":"stdout","time":1283.756041258,"data":"Creating model cache for 38 durations\n"}
,{"stream_name":"stdout","time":1283.767832399,"data":"Searching 3127 data points, 3206 periods from 0.5 to 12.777 days\n"}
,{"stream_name":"stdout","time":1283.768043409,"data":"Using 1 of 4 CPU threads\n"}
,{"stream_name":"stdout","time":1290.730040367,"data":"Searching for best T0 for period 2.24777 days\n"}
,{"stream_name":"stdout","time":1296.319369117,"data":"Transit Least Squares TLS 1.32 (5 Apr 2024)\n"}
,{"stream_name":"stdout","time":1296.322490357,"data":"Creating model cache for 42 durations\n"}
,{"stream_name":"stdout","time":1296.337651487,"data":"Searching 6595 data points, 6310 periods from 0.505 to 25.711 days\n"}
,{"stream_name":"stdout","time":1296.337829079,"data":"Using 1 of 4 CPU threads\n"}
,{"stream_name":"stdout","time":1310.300260754,"data":"Searching for best T0 for period 3.62453 days\n"}
,{"stream_name":"stdout","time":1314.319111017,"data":"Transit Least Squares TLS 1.32 (5 Apr 2024)\n"}
,{"stream_name":"stdout","time":1314.321473267,"data":"Creating model cache for 38 durations\n"}
,{"stream_name":"stdout","time":1314.336444047,"data":"Searching 3127 data points, 3206 periods from 0.5 to 12.777 days\n"}
,{"stream_name":"stdout","time":1314.336501221,"data":"Using 1 of 4 CPU threads\n"}
,{"stream_name":"stdout","time":1341.095599596,"data":"Searching for best T0 for period 0.70471 days\n"}
,{"stream_name":"stdout","time":1346.459112892,"data":"Transit Least Squares TLS 1.32 (5 Apr 2024)\n"}
,{"stream_name":"stdout","time":1346.46246524,"data":"Creating model cache for 38 durations\n"}
,{"stream_name":"stdout","time":1346.4740959,"data":"Searching 3127 data points, 3206 periods from 0.5 to 12.777 days\n"}
,{"stream_name":"stdout","time":1346.47423855,"data":"Using 1 of 4 CPU threads\n"}
,{"stream_name":"stdout","time":1381.089563918,"data":"Searching for best T0 for period 0.97879 days\n"}
,{"stream_name":"stdout","time":1386.956428127,"data":"Transit Least Squares TLS 1.32 (5 Apr 2024)\n"}
,{"stream_name":"stdout","time":1386.959083422,"data":"Creating model cache for 42 durations\n"}
,{"stream_name":"stdout","time":1386.973600968,"data":"Searching 5540 data points, 5204 periods from 0.588 to 25.239 days\n"}
,{"stream_name":"stdout","time":1386.973962945,"data":"Using 1 of 4 CPU threads\n"}
,{"stream_name":"stdout","time":1422.708376793,"data":"Searching for best T0 for period 1.30397 days\n"}
,{"stream_name":"stdout","time":1431.64232379,"data":"Transit Least Squares TLS 1.32 (5 Apr 2024)\n"}
,{"stream_name":"stdout","time":1431.645572608,"data":"Creating model cache for 42 durations\n"}
,{"stream_name":"stdout","time":1431.659703687,"data":"Searching 6595 data points, 6310 periods from 0.505 to 25.711 days\n"}
,{"stream_name":"stdout","time":1431.65983562,"data":"Using 1 of 4 CPU threads\n"}
,{"stream_name":"stdout","time":1441.060821447,"data":"Searching for best T0 for period 13.07168 days\n"}
,{"stream_name":"stderr","time":1442.671785183,"data":"/usr/local/lib/python3.13/dist-packages/transitleastsquares/main.py:411: UserWarning: 2 of 3 transits without data. The true period may be twice the given period.\n"}
,{"stream_name":"stderr","time":1442.67182698,"data":"  warnings.warn(text)\n"}
,{"stream_name":"stdout","time":1447.425079455,"data":"Transit Least Squares TLS 1.32 (5 Apr 2024)\n"}
,{"stream_name":"stdout","time":1447.427324167,"data":"Creating model cache for 38 durations\n"}
,{"stream_name":"stdout","time":1447.439077869,"data":"Searching 2647 data points, 2420 periods from 0.588 to 13.02 days\n"}
,{"stream_name":"stdout","time":1447.441438917,"data":"Using 1 of 4 CPU threads\n"}
,{"stream_name":"stdout","time":1463.545221215,"data":"Searching for best T0 for period 7.71448 days\n"}
,{"stream_name":"stdout","time":1468.053436527,"data":"Transit Least Squares TLS 1.32 (5 Apr 2024)\n"}
,{"stream_name":"stdout","time":1468.056010952,"data":"Creating model cache for 42 durations\n"}
,{"stream_name":"stdout","time":1468.069469718,"data":"Searching 5540 data points, 5204 periods from 0.588 to 25.239 days\n"}
,{"stream_name":"stdout","time":1468.069641835,"data":"Using 1 of 4 CPU threads\n"}
,{"stream_name":"stdout","time":1521.076299326,"data":"Searching for best T0 for period 0.89391 days\n"}
,{"stream_name":"stdout","time":1527.135135488,"data":"Searching for best T0 for period 2.52209 days\n"}
,{"stream_name":"stdout","time":1534.794572853,"data":"Transit Least Squares TLS 1.32 (5 Apr 2024)\n"}
,{"stream_name":"stdout","time":1534.798231297,"data":"Creating model cache for 43 durations\n"}
,{"stream_name":"stdout","time":1534.816144338,"data":"Searching 9218 data points, 7633 periods from 0.63 to 29.982 days\n"}
,{"stream_name":"stdout","time":1534.816330053,"data":"Using 1 of 4 CPU threads\n"}
,{"stream_name":"stdout","time":1534.931403624,"data":"Transit Least Squares TLS 1.32 (5 Apr 2024)\n"}
,{"stream_name":"stdout","time":1534.934050524,"data":"Creating model cache for 42 durations\n"}
,{"stream_name":"stdout","time":1534.947845453,"data":"Searching 5540 data points, 5204 periods from 0.588 to 25.239 days\n"}
,{"stream_name":"stdout","time":1534.948221703,"data":"Using 1 of 4 CPU threads\n"}
,{"stream_name":"stdout","time":1581.70739014,"data":"Searching for best T0 for period 0.51709 days\n"}
,{"stream_name":"stdout","time":1588.932452789,"data":"Searching for best T0 for period 12.84715 days\n"}
,{"stream_name":"stdout","time":1592.531941879,"data":"Transit Least Squares TLS 1.32 (5 Apr 2024)\n"}
,{"stream_name":"stdout","time":1592.533073558,"data":"Creating model cache for 42 durations\n"}
,{"stream_name":"stdout","time":1592.547888184,"data":"Searching 6137 data points, 2150 periods from 1.281 to 25.678 days\n"}
,{"stream_name":"stdout","time":1592.547949584,"data":"Using 1 of 4 CPU threads\n"}
,{"stream_name":"stdout","time":1596.060172131,"data":"Transit Least Squares TLS 1.32 (5 Apr 2024)\n"}
,{"stream_name":"stdout","time":1596.062142883,"data":"Creating model cache for 42 durations\n"}
,{"stream_name":"stdout","time":1596.075445144,"data":"Searching 6413 data points, 2259 periods from 1.181 to 24.677 days\n"}
,{"stream_name":"stdout","time":1596.075792614,"data":"Using 1 of 4 CPU threads\n"}
,{"stream_name":"stdout","time":1635.93578978,"data":"Searching for best T0 for period 8.69622 days\n"}
,{"stream_name":"stdout","time":1644.928399623,"data":"Transit Least Squares TLS 1.32 (5 Apr 2024)\n"}
,{"stream_name":"stdout","time":1644.929941864,"data":"Creating model cache for 42 durations\n"}
,{"stream_name":"stdout","time":1644.943200872,"data":"Searching 6413 data points, 2259 periods from 1.181 to 24.677 days\n"}
,{"stream_name":"stdout","time":1644.943574187,"data":"Using 1 of 4 CPU threads\n"}
,{"stream_name":"stderr","time":1646.04203251,"data":"/usr/local/lib/python3.13/dist-packages/transitleastsquares/main.py:205: UserWarning: No transit were fit. Try smaller \"transit_depth_min\"\n"}
,{"stream_name":"stderr","time":1646.042096756,"data":"  warnings.warn('No transit were fit. Try smaller \"transit_depth_min\"')\n"}
,{"stream_name":"stdout","time":1649.616419389,"data":"Transit Least Squares TLS 1.32 (5 Apr 2024)\n"}
,{"stream_name":"stdout","time":1649.61646032,"data":"Creating model cache for 42 durations\n"}
,{"stream_name":"stdout","time":1649.627826069,"data":"Searching 6137 data points, 2150 periods from 1.281 to 25.678 days\n"}
,{"stream_name":"stdout","time":1649.627949718,"data":"Using 1 of 4 CPU threads\n"}
,{"stream_name":"stdout","time":1675.025186524,"data":"Searching for best T0 for period 1.68623 days\n"}
,{"stream_name":"stdout","time":1684.567304331,"data":"Searching for best T0 for period 11.25324 days\n"}
,{"stream_name":"stdout","time":1685.912432126,"data":"Transit Least Squares TLS 1.32 (5 Apr 2024)\n"}
,{"stream_name":"stdout","time":1685.921539407,"data":"Creating model cache for 43 durations\n"}
,{"stream_name":"stdout","time":1685.942689771,"data":"Searching 10503 data points, 20922 periods from 0.984 to 29.999 days\n"}
,{"stream_name":"stdout","time":1685.942980424,"data":"Using 1 of 4 CPU threads\n"}
,{"stream_name":"stdout","time":1693.878343199,"data":"Transit Least Squares TLS 1.32 (5 Apr 2024)\n"}
,{"stream_name":"stdout","time":1693.885462883,"data":"Creating model cache for 43 durations\n"}
,{"stream_name":"stdout","time":1693.904860217,"data":"Searching 6636 data points, 13338 periods from 0.5 to 26.1 days\n"}
,{"stream_name":"stdout","time":1693.905021782,"data":"Using 1 of 4 CPU threads\n"}
,{"stream_name":"stdout","time":1715.579693447,"data":"Searching for best T0 for period 23.59148 days\n"}
,{"stream_name":"stderr","time":1719.19734066,"data":"/usr/local/lib/python3.13/dist-packages/transitleastsquares/main.py:411: UserWarning: 1 of 3 transits without data. The true period may be twice the given period.\n"}
,{"stream_name":"stderr","time":1719.19738296,"data":"  warnings.warn(text)\n"}
,{"stream_name":"stdout","time":1727.051813821,"data":"Transit Least Squares TLS 1.32 (5 Apr 2024)\n"}
,{"stream_name":"stdout","time":1727.057425415,"data":"Creating model cache for 43 durations\n"}
,{"stream_name":"stdout","time":1727.071526862,"data":"Searching 9218 data points, 7633 periods from 0.63 to 29.982 days\n"}
,{"stream_name":"stdout","time":1727.072002454,"data":"Using 1 of 4 CPU threads\n"}
,{"stream_name":"stdout","time":1829.905604661,"data":"Searching for best T0 for period 17.74673 days\n"}
,{"stream_name":"stderr","time":1832.435330444,"data":"/usr/local/lib/python3.13/dist-packages/numpy/_core/_methods.py:218: RuntimeWarning: Degrees of freedom \u003c= 0 for slice\n"}
,{"stream_name":"stderr","time":1832.435373048,"data":"  ret = _var(a, axis=axis, dtype=dtype, out=out, ddof=ddof,\n"}
,{"stream_name":"stderr","time":1832.435379928,"data":"/usr/local/lib/python3.13/dist-packages/numpy/_core/_methods.py:175: RuntimeWarning: invalid value encountered in divide\n"}
,{"stream_name":"stderr","time":1832.435386236,"data":"  arrmean = um.true_divide(arrmean, div, out=arrmean,\n"}
,{"stream_name":"stderr","time":1832.435475729,"data":"/usr/local/lib/python3.13/dist-packages/numpy/_core/_methods.py:210: RuntimeWarning: invalid value encountered in scalar divide\n"}
,{"stream_name":"stderr","time":1832.43550777,"data":"  ret = ret.dtype.type(ret / rcount)\n"}
,{"stream_name":"stderr","time":1832.904635231,"data":"/usr/local/lib/python3.13/dist-packages/transitleastsquares/main.py:411: UserWarning: 19 of 21 transits without data. The true period may be twice the given period.\n"}
,{"stream_name":"stderr","time":1832.90473307,"data":"  warnings.warn(text)\n"}
,{"stream_name":"stdout","time":1840.598883753,"data":"Transit Least Squares TLS 1.32 (5 Apr 2024)\n"}
,{"stream_name":"stdout","time":1840.603438786,"data":"Creating model cache for 43 durations\n"}
,{"stream_name":"stdout","time":1840.622436191,"data":"Searching 9491 data points, 9829 periods from 0.503 to 29.974 days\n"}
,{"stream_name":"stdout","time":1840.622472604,"data":"Using 1 of 4 CPU threads\n"}
,{"stream_name":"stdout","time":1909.391037114,"data":"Searching for best T0 for period 17.14142 days\n"}
,{"stream_name":"stdout","time":1916.046038981,"data":"Transit Least Squares TLS 1.32 (5 Apr 2024)\n"}
,{"stream_name":"stdout","time":1916.047626707,"data":"Creating model cache for 38 durations\n"}
,{"stream_name":"stdout","time":1916.058894033,"data":"Searching 2979 data points, 3040 periods from 0.5 to 12.761 days\n"}
,{"stream_name":"stdout","time":1916.058987829,"data":"Using 1 of 4 CPU threads\n"}
,{"stream_name":"stdout","time":1947.495389324,"data":"Searching for best T0 for period 1.08768 days\n"}
,{"stream_name":"stdout","time":1952.797000529,"data":"Transit Least Squares TLS 1.32 (5 Apr 2024)\n"}
,{"stream_name":"stdout","time":1952.7990645,"data":"Creating model cache for 38 durations\n"}
,{"stream_name":"stdout","time":1952.811112205,"data":"Searching 2979 data points, 3040 periods from 0.5 to 12.761 days\n"}
,{"stream_name":"stdout","time":1952.811147388,"data":"Using 1 of 4 CPU threads\n"}
,{"stream_name":"stdout","time":1972.21335441,"data":"Searching for best T0 for period 1.43264 days\n"}
,{"stream_name":"stdout","time":1983.348165572,"data":"Transit Least Squares TLS 1.32 (5 Apr 2024)\n"}
,{"stream_name":"stdout","time":1983.349853437,"data":"Creating model cache for 38 durations\n"}
,{"stream_name":"stdout","time":1983.362053345,"data":"Searching 3781 data points, 3055 periods from 0.506 to 13.67 days\n"}
,{"stream_name":"stdout","time":1983.362215423,"data":"Using 1 of 4 CPU threads\n"}
,{"stream_name":"stdout","time":1988.146567759,"data":"Searching for best T0 for period 0.79394 days\n"}
,{"stream_name":"stdout","time":1992.848659307,"data":"Transit Least Squares TLS 1.32 (5 Apr 2024)\n"}
,{"stream_name":"stdout","time":1992.849815354,"data":"Creating model cache for 38 durations\n"}
,{"stream_name":"stdout","time":1992.861693639,"data":"Searching 3727 data points, 1880 periods from 0.764 to 13.701 days\n"}
,{"stream_name":"stdout","time":1992.861800002,"data":"Using 1 of 4 CPU threads\n"}
,{"stream_name":"stdout","time":2013.923829738,"data":"Searching for best T0 for period 12.43418 days\n"}
,{"stream_name":"stdout","time":2018.251767286,"data":"Transit Least Squares TLS 1.32 (5 Apr 2024)\n"}
,{"stream_name":"stdout","time":2018.254126348,"data":"Creating model cache for 38 durations\n"}
,{"stream_name":"stdout","time":2018.265934472,"data":"Searching 3781 data points, 3055 periods from 0.506 to 13.67 days\n"}
,{"stream_name":"stdout","time":2018.266265339,"data":"Using 1 of 4 CPU threads\n"}
,{"stream_name":"stdout","time":2019.739654636,"data":"Searching for best T0 for period 0.94593 days\n"}
,{"stream_name":"stdout","time":2026.105178194,"data":"Transit Least Squares TLS 1.32 (5 Apr 2024)\n"}
,{"stream_name":"stdout","time":2026.106640684,"data":"Creating model cache for 38 durations\n"}
,{"stream_name":"stdout","time":2026.118018536,"data":"Searching 3727 data points, 1880 periods from 0.764 to 13.701 days\n"}
,{"stream_name":"stdout","time":2026.118419616,"data":"Using 1 of 4 CPU threads\n"}
,{"stream_name":"stdout","time":2040.777542193,"data":"Searching for best T0 for period 3.43791 days\n"}
,{"stream_name":"stdout","time":2046.449092841,"data":"Searching for best T0 for period 9.89748 days\n"}
,{"stream_name":"stdout","time":2046.836578589,"data":"Transit Least Squares TLS 1.32 (5 Apr 2024)\n"}
,{"stream_name":"stdout","time":2046.838786213,"data":"Creating model cache for 38 durations\n"}
,{"stream_name":"stdout","time":2046.854333448,"data":"Searching 3781 data points, 3055 periods from 0.506 to 13.67 days\n"}
,{"stream_name":"stdout","time":2046.854637049,"data":"Using 1 of 4 CPU threads\n"}
,{"stream_name":"stdout","time":2050.645167297,"data":"Transit Least Squares TLS 1.32 (5 Apr 2024)\n"}
,{"stream_name":"stdout","time":2050.646428973,"data":"Creating model cache for 38 durations\n"}
,{"stream_name":"stdout","time":2050.657600378,"data":"Searching 3727 data points, 1880 periods from 0.764 to 13.701 days\n"}
,{"stream_name":"stdout","time":2050.657860842,"data":"Using 1 of 4 CPU threads\n"}
,{"stream_name":"stdout","time":2069.810455668,"data":"Searching for best T0 for period 8.56365 days\n"}
,{"stream_name":"stdout","time":2076.194828808,"data":"Searching for best T0 for period 9.88907 days\n"}
,{"stream_name":"stdout","time":2076.415376618,"data":"Transit Least Squares TLS 1.32 (5 Apr 2024)\n"}
,{"stream_name":"stdout","time":2076.416614999,"data":"Creating model cache for 38 durations\n"}
,{"stream_name":"stdout","time":2076.430423262,"data":"Searching 3727 data points, 1880 periods from 0.764 to 13.701 days\n"}
,{"stream_name":"stdout","time":2076.430463113,"data":"Using 1 of 4 CPU threads\n"}
,{"stream_name":"stdout","time":2080.919177482,"data":"Transit Least Squares TLS 1.32 (5 Apr 2024)\n"}
,{"stream_name":"stdout","time":2080.921198376,"data":"Creating model cache for 38 durations\n"}
,{"stream_name":"stdout","time":2080.933120646,"data":"Searching 3781 data points, 3055 periods from 0.506 to 13.67 days\n"}
,{"stream_name":"stdout","time":2080.933407279,"data":"Using 1 of 4 CPU threads\n"}
,{"stream_name":"stdout","time":2095.131941463,"data":"Searching for best T0 for period 15.48190 days\n"}
,{"stream_name":"stdout","time":2100.455433586,"data":"Searching for best T0 for period 2.25201 days\n"}
,{"stream_name":"stdout","time":2105.630134291,"data":"Transit Least Squares TLS 1.32 (5 Apr 2024)\n"}
,{"stream_name":"stdout","time":2105.631302243,"data":"Creating model cache for 37 durations\n"}
,{"stream_name":"stdout","time":2105.642486764,"data":"Searching 3320 data points, 2010 periods from 0.671 to 12.712 days\n"}
,{"stream_name":"stdout","time":2105.642589103,"data":"Using 1 of 4 CPU threads\n"}
,{"stream_name":"stdout","time":2107.078626357,"data":"Transit Least Squares TLS 1.32 (5 Apr 2024)\n"}
,{"stream_name":"stdout","time":2107.083207364,"data":"Creating model cache for 43 durations\n"}
,{"stream_name":"stdout","time":2107.106529061,"data":"Searching 9491 data points, 9829 periods from 0.503 to 29.974 days\n"}
,{"stream_name":"stdout","time":2107.106589795,"data":"Using 1 of 4 CPU threads\n"}
,{"stream_name":"stdout","time":2123.677536817,"data":"Searching for best T0 for period 1.04464 days\n"}
,{"stream_name":"stdout","time":2126.470364354,"data":"Searching for best T0 for period 0.68457 days\n"}
,{"stream_name":"stdout","time":2130.179237371,"data":"Transit Least Squares TLS 1.32 (5 Apr 2024)\n"}
,{"stream_name":"stdout","time":2130.181318731,"data":"Creating model cache for 43 durations\n"}
,{"stream_name":"stdout","time":2130.200498569,"data":"Searching 6042 data points, 2506 periods from 1.153 to 26.302 days\n"}
,{"stream_name":"stdout","time":2130.200922328,"data":"Using 1 of 4 CPU threads\n"}
,{"stream_name":"stdout","time":2132.559218159,"data":"Transit Least Squares TLS 1.32 (5 Apr 2024)\n"}
,{"stream_name":"stdout","time":2132.560525232,"data":"Creating model cache for 37 durations\n"}
,{"stream_name":"stdout","time":2132.571771763,"data":"Searching 3320 data points, 2010 periods from 0.671 to 12.712 days\n"}
,{"stream_name":"stdout","time":2132.571942288,"data":"Using 1 of 4 CPU threads\n"}
,{"stream_name":"stdout","time":2150.324443903,"data":"Searching for best T0 for period 0.82210 days\n"}
,{"stream_name":"stdout","time":2156.749156763,"data":"Transit Least Squares TLS 1.32 (5 Apr 2024)\n"}
,{"stream_name":"stdout","time":2156.750372676,"data":"Creating model cache for 37 durations\n"}
,{"stream_name":"stdout","time":2156.762347736,"data":"Searching 3320 data points, 2010 periods from 0.671 to 12.712 days\n"}
,{"stream_name":"stdout","time":2156.762411956,"data":"Using 1 of 4 CPU threads\n"}
,{"stream_name":"stdout","time":2176.647778438,"data":"Searching for best T0 for period 0.86193 days\n"}
,{"stream_name":"stdout","time":2182.84691625,"data":"Transit Least Squares TLS 1.32 (5 Apr 2024)\n"}
,{"stream_name":"stdout","time":2182.848256225,"data":"Creating model cache for 37 durations\n"}
,{"stream_name":"stdout","time":2182.859115142,"data":"Searching 3320 data points, 2010 periods from 0.671 to 12.712 days\n"}
,{"stream_name":"stdout","time":2182.859304298,"data":"Using 1 of 4 CPU threads\n"}
,{"stream_name":"stdout","time":2183.839890019,"data":"Searching for best T0 for period 2.50542 days\n"}
,{"stream_name":"stdout","time":2192.472443213,"data":"Transit Least Squares TLS 1.32 (5 Apr 2024)\n"}
,{"stream_name":"stdout","time":2192.476415714,"data":"Creating model cache for 43 durations\n"}
,{"stream_name":"stdout","time":2192.48711799,"data":"Searching 6042 data points, 2506 periods from 1.153 to 26.302 days\n"}
,{"stream_name":"stdout","time":2192.487318136,"data":"Using 1 of 4 CPU threads\n"}
,{"stream_name":"stdout","time":2209.823395129,"data":"Searching for best T0 for period 1.19083 days\n"}
,{"stream_name":"stdout","time":2215.009744083,"data":"Transit Least Squares TLS 1.32 (5 Apr 2024)\n"}
,{"stream_name":"stdout","time":2215.011712915,"data":"Creating model cache for 38 durations\n"}
,{"stream_name":"stdout","time":2215.024395172,"data":"Searching 3476 data points, 3559 periods from 0.5 to 13.67 days\n"}
,{"stream_name":"stdout","time":2215.024596155,"data":"Using 1 of 4 CPU threads\n"}
,{"stream_name":"stdout","time":2230.614520527,"data":"Searching for best T0 for period 3.53555 days\n"}
,{"stream_name":"stderr","time":2232.770632763,"data":"/usr/local/lib/python3.13/dist-packages/transitleastsquares/stats.py:458: RuntimeWarning: divide by zero encountered in scalar divide\n"}
,{"stream_name":"stderr","time":2232.770677326,"data":"  snr_pink_per_transit[i] = (1 - mean_flux) / pinknoise\n"}
,{"stream_name":"stdout","time":2239.734797335,"data":"Transit Least Squares TLS 1.32 (5 Apr 2024)\n"}
,{"stream_name":"stdout","time":2239.737703287,"data":"Creating model cache for 43 durations\n"}
,{"stream_name":"stdout","time":2239.752372448,"data":"Searching 6735 data points, 5968 periods from 0.541 to 26.207 days\n"}
,{"stream_name":"stdout","time":2239.752542099,"data":"Using 1 of 4 CPU threads\n"}
,{"stream_name":"stdout","time":2259.41410162,"data":"Searching for best T0 for period 0.87201 days\n"}
,{"stream_name":"stdout","time":2264.926035821,"data":"Transit Least Squares TLS 1.32 (5 Apr 2024)\n"}
,{"stream_name":"stdout","time":2264.929117267,"data":"Creating model cache for 38 durations\n"}
,{"stream_name":"stdout","time":2264.948729571,"data":"Searching 3515 data points, 3170 periods from 0.5 to 13.67 days\n"}
,{"stream_name":"stdout","time":2264.949089688,"data":"Using 1 of 4 CPU threads\n"}
,{"stream_name":"stdout","time":2298.391365863,"data":"Searching for best T0 for period 2.33852 days\n"}
,{"stream_name":"stdout","time":2305.565789052,"data":"Transit Least Squares TLS 1.32 (5 Apr 2024)\n"}
,{"stream_name":"stdout","time":2305.56818179,"data":"Creating model cache for 38 durations\n"}
,{"stream_name":"stdout","time":2305.588664605,"data":"Searching 3515 data points, 3170 periods from 0.5 to 13.67 days\n"}
,{"stream_name":"stdout","time":2305.588967205,"data":"Using 1 of 4 CPU threads\n"}
,{"stream_name":"stdout","time":2312.647603186,"data":"Searching for best T0 for period 1.46498 days\n"}
,{"stream_name":"stderr","time":2314.690878712,"data":"/usr/local/lib/python3.13/dist-packages/numpy/_core/_methods.py:218: RuntimeWarning: Degrees of freedom \u003c= 0 for slice\n"}
,{"stream_name":"stderr","time":2314.69094255,"data":"  ret = _var(a, axis=axis, dtype=dtype, out=out, ddof=ddof,\n"}
,{"stream_name":"stderr","time":2314.691113192,"data":"/usr/local/lib/python3.13/dist-packages/numpy/_core/_methods.py:175: RuntimeWarning: invalid value encountered in divide\n"}
,{"stream_name":"stderr","time":2314.691121707,"data":"  arrmean = um.true_divide(arrmean, div, out=arrmean,\n"}
,{"stream_name":"stderr","time":2314.691340751,"data":"/usr/local/lib/python3.13/dist-packages/numpy/_core/_methods.py:210: RuntimeWarning: invalid value encountered in scalar divide\n"}
,{"stream_name":"stderr","time":2314.691357702,"data":"  ret = ret.dtype.type(ret / rcount)\n"}
,{"stream_name":"stderr","time":2316.460649883,"data":"/usr/local/lib/python3.13/dist-packages/transitleastsquares/main.py:411: UserWarning: 194 of 244 transits without data. The true period may be twice the given period.\n"}
,{"stream_name":"stderr","time":2316.460697295,"data":"  warnings.warn(text)\n"}
,{"stream_name":"stdout","time":2327.174916088,"data":"Transit Least Squares TLS 1.32 (5 Apr 2024)\n"}
,{"stream_name":"stdout","time":2327.177446145,"data":"Creating model cache for 38 durations\n"}
,{"stream_name":"stdout","time":2327.190577231,"data":"Searching 3565 data points, 2641 periods from 0.552 to 13.156 days\n"}
,{"stream_name":"stdout","time":2327.190772331,"data":"Using 1 of 4 CPU threads\n"}
,{"stream_name":"stdout","time":2327.946357101,"data":"Searching for best T0 for period 0.92137 days\n"}
,{"stream_name":"stdout","time":2338.287321585,"data":"Searching for best T0 for period 9.03646 days\n"}
,{"stream_name":"stdout","time":2342.841426875,"data":"Transit Least Squares TLS 1.32 (5 Apr 2024)\n"}
,{"stream_name":"stdout","time":2342.846323215,"data":"Creating model cache for 43 durations\n"}
,{"stream_name":"stdout","time":2342.864404029,"data":"Searching 9491 data points, 9829 periods from 0.503 to 29.974 days\n"}
,{"stream_name":"stdout","time":2342.864597379,"data":"Using 1 of 4 CPU threads\n"}
,{"stream_name":"stdout","time":2343.867676498,"data":"Transit Least Squares TLS 1.32 (5 Apr 2024)\n"}
,{"stream_name":"stdout","time":2343.870473853,"data":"Creating model cache for 38 durations\n"}
,{"stream_name":"stdout","time":2343.889565547,"data":"Searching 3515 data points, 3170 periods from 0.5 to 13.67 days\n"}
,{"stream_name":"stdout","time":2343.890330089,"data":"Using 1 of 4 CPU threads\n"}
,{"stream_name":"stdout","time":2355.053414722,"data":"Searching for best T0 for period 6.70539 days\n"}
,{"stream_name":"stderr","time":2356.077040767,"data":"/usr/local/lib/python3.13/dist-packages/transitleastsquares/main.py:411: UserWarning: 1 of 3 transits without data. The true period may be twice the given period.\n"}
,{"stream_name":"stderr","time":2356.077085601,"data":"  warnings.warn(text)\n"}
,{"stream_name":"stdout","time":2359.430023055,"data":"Transit Least Squares TLS 1.32 (5 Apr 2024)\n"}
,{"stream_name":"stdout","time":2359.431796099,"data":"Creating model cache for 38 durations\n"}
,{"stream_name":"stdout","time":2359.444361092,"data":"Searching 3565 data points, 2641 periods from 0.552 to 13.156 days\n"}
,{"stream_name":"stdout","time":2359.444453904,"data":"Using 1 of 4 CPU threads\n"}
,{"stream_name":"stdout","time":2365.552367885,"data":"Searching for best T0 for period 13.05028 days\n"}
,{"stream_name":"stdout","time":2373.739449821,"data":"Transit Least Squares TLS 1.32 (5 Apr 2024)\n"}
,{"stream_name":"stdout","time":2373.739504877,"data":"Creating model cache for 37 durations\n"}
,{"stream_name":"stdout","time":2373.752634543,"data":"Searching 3304 data points, 2466 periods from 0.541 to 12.167 days\n"}
,{"stream_name":"stdout","time":2373.752827565,"data":"Using 1 of 4 CPU threads\n"}
,{"stream_name":"stdout","time":2378.377086027,"data":"Searching for best T0 for period 11.14386 days\n"}
,{"stream_name":"stdout","time":2383.114514234,"data":"Transit Least Squares TLS 1.32 (5 Apr 2024)\n"}
,{"stream_name":"stdout","time":2383.115889101,"data":"Creating model cache for 37 durations\n"}
,{"stream_name":"stdout","time":2383.128549413,"data":"Searching 3037 data points, 1578 periods from 0.789 to 12.253 days\n"}
,{"stream_name":"stdout","time":2383.128727348,"data":"Using 1 of 4 CPU threads\n"}
,{"stream_name":"stdout","time":2386.787407654,"data":"Searching for best T0 for period 11.14298 days\n"}
,{"stream_name":"stdout","time":2391.387464351,"data":"Transit Least Squares TLS 1.32 (5 Apr 2024)\n"}
,{"stream_name":"stdout","time":2391.389632956,"data":"Creating model cache for 38 durations\n"}
,{"stream_name":"stdout","time":2391.407606692,"data":"Searching 3565 data points, 2641 periods from 0.552 to 13.156 days\n"}
,{"stream_name":"stdout","time":2391.407935451,"data":"Using 1 of 4 CPU threads\n"}
,{"stream_name":"stdout","time":2398.644606774,"data":"Searching for best T0 for period 11.04923 days\n"}
,{"stream_name":"stdout","time":2399.147946863,"data":"Searching for best T0 for period 1.76938 days\n"}
,{"stream_name":"stdout","time":2403.513737322,"data":"Transit Least Squares TLS 1.32 (5 Apr 2024)\n"}
,{"stream_name":"stdout","time":2403.515585389,"data":"Creating model cache for 42 durations\n"}
,{"stream_name":"stdout","time":2403.529327463,"data":"Searching 5998 data points, 3798 periods from 0.79 to 25.739 days\n"}
,{"stream_name":"stdout","time":2403.529417428,"data":"Using 1 of 4 CPU threads\n"}
,{"stream_name":"stdout","time":2405.072599046,"data":"Transit Least Squares TLS 1.32 (5 Apr 2024)\n"}
,{"stream_name":"stdout","time":2405.075443766,"data":"Creating model cache for 42 durations\n"}
,{"stream_name":"stdout","time":2405.093096356,"data":"Searching 6133 data points, 4737 periods from 0.645 to 25.495 days\n"}
,{"stream_name":"stdout","time":2405.093220558,"data":"Using 1 of 4 CPU threads\n"}
,{"stream_name":"stdout","time":2423.257787807,"data":"Searching for best T0 for period 3.62160 days\n"}
,{"stream_name":"stdout","time":2428.096435523,"data":"Transit Least Squares TLS 1.32 (5 Apr 2024)\n"}
,{"stream_name":"stdout","time":2428.096477304,"data":"Creating model cache for 38 durations\n"}
,{"stream_name":"stdout","time":2428.107550281,"data":"Searching 3565 data points, 2641 periods from 0.552 to 13.156 days\n"}
,{"stream_name":"stdout","time":2428.10770172,"data":"Using 1 of 4 CPU threads\n"}
,{"stream_name":"stdout","time":2450.516430132,"data":"Searching for best T0 for period 0.58828 days\n"}
,{"stream_name":"stdout","time":2456.914633185,"data":"Transit Least Squares TLS 1.32 (5 Apr 2024)\n"}
,{"stream_name":"stdout","time":2456.917008795,"data":"Creating model cache for 38 durations\n"}
,{"stream_name":"stdout","time":2456.929850703,"data":"Searching 3781 data points, 3513 periods from 0.5 to 13.67 days\n"}
,{"stream_name":"stdout","time":2456.93010002,"data":"Using 1 of 4 CPU threads\n"}
,{"stream_name":"stdout","time":2460.931469555,"data":"Searching for best T0 for period 4.17378 days\n"}
,{"stream_name":"stdout","time":2469.283838757,"data":"Transit Least Squares TLS 1.32 (5 Apr 2024)\n"}
,{"stream_name":"stdout","time":2469.286036849,"data":"Creating model cache for 42 durations\n"}
,{"stream_name":"stdout","time":2469.300807321,"data":"Searching 5998 data points, 3798 periods from 0.79 to 25.739 days\n"}
,{"stream_name":"stdout","time":2469.303430972,"data":"Using 1 of 4 CPU threads\n"}
,{"stream_name":"stdout","time":2470.99639763,"data":"Searching for best T0 for period 1.18755 days\n"}
,{"stream_name":"stdout","time":2478.582681068,"data":"Transit Least Squares TLS 1.32 (5 Apr 2024)\n"}
,{"stream_name":"stdout","time":2478.58451777,"data":"Creating model cache for 37 durations\n"}
,{"stream_name":"stdout","time":2478.595993731,"data":"Searching 3053 data points, 1946 periods from 0.645 to 11.9 days\n"}
,{"stream_name":"stdout","time":2478.596363337,"data":"Using 1 of 4 CPU threads\n"}
,{"stream_name":"stdout","time":2497.959778732,"data":"Searching for best T0 for period 3.34132 days\n"}
,{"stream_name":"stdout","time":2499.71639364,"data":"Searching for best T0 for period 2.91692 days\n"}
,{"stream_name":"stdout","time":2503.680193293,"data":"Transit Least Squares TLS 1.32 (5 Apr 2024)\n"}
,{"stream_name":"stdout","time":2503.681930138,"data":"Creating model cache for 38 durations\n"}
,{"stream_name":"stdout","time":2503.694788071,"data":"Searching 3781 data points, 3513 periods from 0.5 to 13.67 days\n"}
,{"stream_name":"stdout","time":2503.694919576,"data":"Using 1 of 4 CPU threads\n"}
,{"stream_name":"stdout","time":2505.917398797,"data":"Transit Least Squares TLS 1.32 (5 Apr 2024)\n"}
,{"stream_name":"stdout","time":2505.919740334,"data":"Creating model cache for 42 durations\n"}
,{"stream_name":"stdout","time":2505.936451594,"data":"Searching 6133 data points, 4737 periods from 0.645 to 25.495 days\n"}
,{"stream_name":"stdout","time":2505.936526336,"data":"Using 1 of 4 CPU threads\n"}
,{"stream_name":"stdout","time":2539.357025303,"data":"Searching for best T0 for period 3.35389 days\n"}
,{"stream_name":"stdout","time":2539.757362799,"data":"Searching for best T0 for period 0.84187 days\n"}
,{"stream_name":"stdout","time":2545.581273339,"data":"Transit Least Squares TLS 1.32 (5 Apr 2024)\n"}
,{"stream_name":"stdout","time":2545.584368331,"data":"Creating model cache for 37 durations\n"}
,{"stream_name":"stdout","time":2545.595429681,"data":"Searching 2788 data points, 1949 periods from 0.639 to 11.799 days\n"}
,{"stream_name":"stdout","time":2545.595579365,"data":"Using 1 of 4 CPU threads\n"}
,{"stream_name":"stdout","time":2547.891448876,"data":"Transit Least Squares TLS 1.32 (5 Apr 2024)\n"}
,{"stream_name":"stdout","time":2547.891509283,"data":"Creating model cache for 42 durations\n"}
,{"stream_name":"stdout","time":2547.907729704,"data":"Searching 5998 data points, 3798 periods from 0.79 to 25.739 days\n"}
,{"stream_name":"stdout","time":2547.907915053,"data":"Using 1 of 4 CPU threads\n"}
,{"stream_name":"stdout","time":2557.147490151,"data":"Searching for best T0 for period 27.99168 days\n"}
,{"stream_name":"stdout","time":2565.180599275,"data":"Searching for best T0 for period 5.46128 days\n"}
,{"stream_name":"stdout","time":2569.255451577,"data":"Transit Least Squares TLS 1.32 (5 Apr 2024)\n"}
,{"stream_name":"stdout","time":2569.259482452,"data":"Creating model cache for 37 durations\n"}
,{"stream_name":"stdout","time":2569.269998577,"data":"Searching 2788 data points, 1949 periods from 0.639 to 11.799 days\n"}
,{"stream_name":"stdout","time":2569.270415233,"data":"Using 1 of 4 CPU threads\n"}
,{"stream_name":"stdout","time":2569.741091764,"data":"Transit Least Squares TLS 1.32 (5 Apr 2024)\n"}
,{"stream_name":"stdout","time":2569.75252127,"data":"Creating model cache for 43 durations\n"}
,{"stream_name":"stdout","time":2569.775436645,"data":"Searching 9912 data points, 25341 periods from 0.541 to 29.993 days\n"}
,{"stream_name":"stdout","time":2569.775912281,"data":"Using 1 of 4 CPU threads\n"}
,{"stream_name":"stdout","time":2577.659325048,"data":"Searching for best T0 for period 4.82463 days\n"}
,{"stream_name":"stdout","time":2585.120065581,"data":"Transit Least Squares TLS 1.32 (5 Apr 2024)\n"}
,{"stream_name":"stdout","time":2585.121561082,"data":"Creating model cache for 37 durations\n"}
,{"stream_name":"stdout","time":2585.132886765,"data":"Searching 2576 data points, 2555 periods from 0.514 to 11.909 days\n"}
,{"stream_name":"stdout","time":2585.133055773,"data":"Using 1 of 4 CPU threads\n"}
,{"stream_name":"stdout","time":2591.440730071,"data":"Searching for best T0 for period 0.71389 days\n"}
,{"stream_name":"stdout","time":2597.098765102,"data":"Transit Least Squares TLS 1.32 (5 Apr 2024)\n"}
,{"stream_name":"stdout","time":2597.100361416,"data":"Creating model cache for 38 durations\n"}
,{"stream_name":"stdout","time":2597.112417386,"data":"Searching 3458 data points, 2390 periods from 0.603 to 13.221 days\n"}
,{"stream_name":"stdout","time":2597.112603113,"data":"Using 1 of 4 CPU threads\n"}
,{"stream_name":"stdout","time":2605.399318762,"data":"Searching for best T0 for period 11.60336 days\n"}
,{"stream_name":"stdout","time":2608.747535454,"data":"Transit Least Squares TLS 1.32 (5 Apr 2024)\n"}
,{"stream_name":"stdout","time":2608.749368434,"data":"Creating model cache for 37 durations\n"}
,{"stream_name":"stdout","time":2608.761496587,"data":"Searching 2576 data points, 2555 periods from 0.514 to 11.909 days\n"}
,{"stream_name":"stdout","time":2608.761873795,"data":"Using 1 of 4 CPU threads\n"}
,{"stream_name":"stdout","time":2623.314263581,"data":"Searching for best T0 for period 3.23027 days\n"}
,{"stream_name":"stdout","time":2629.29646707,"data":"Searching for best T0 for period 1.75318 days\n"}
,{"stream_name":"stdout","time":2630.94278385,"data":"Searching for best T0 for period 0.86888 days\n"}
,{"stream_name":"stdout","time":2631.423821164,"data":"Transit Least Squares TLS 1.32 (5 Apr 2024)\n"}
,{"stream_name":"stdout","time":2631.42665373,"data":"Creating model cache for 42 durations\n"}
,{"stream_name":"stdout","time":2631.440779258,"data":"Searching 6388 data points, 4130 periods from 0.741 to 25.958 days\n"}
,{"stream_name":"stdout","time":2631.443362866,"data":"Using 1 of 4 CPU threads\n"}
,{"stream_name":"stdout","time":2634.505662557,"data":"Transit Least Squares TLS 1.32 (5 Apr 2024)\n"}
,{"stream_name":"stdout","time":2634.507877927,"data":"Creating model cache for 38 durations\n"}
,{"stream_name":"stdout","time":2634.519744321,"data":"Searching 3247 data points, 2644 periods from 0.554 to 13.24 days\n"}
,{"stream_name":"stdout","time":2634.520129124,"data":"Using 1 of 4 CPU threads\n"}
,{"stream_name":"stdout","time":2635.786433645,"data":"Transit Least Squares TLS 1.32 (5 Apr 2024)\n"}
,{"stream_name":"stdout","time":2635.787807154,"data":"Creating model cache for 38 durations\n"}
,{"stream_name":"stdout","time":2635.799356264,"data":"Searching 3458 data points, 2390 periods from 0.603 to 13.221 days\n"}
,{"stream_name":"stdout","time":2635.79952827,"data":"Using 1 of 4 CPU threads\n"}
,{"stream_name":"stdout","time":2655.536537656,"data":"Searching for best T0 for period 9.24867 days\n"}
,{"stream_name":"stdout","time":2656.693715832,"data":"Searching for best T0 for period 5.15120 days\n"}
,{"stream_name":"stdout","time":2662.249944403,"data":"Transit Least Squares TLS 1.32 (5 Apr 2024)\n"}
,{"stream_name":"stdout","time":2662.266514175,"data":"Creating model cache for 43 durations\n"}
,{"stream_name":"stdout","time":2662.292947796,"data":"Searching 9827 data points, 39164 periods from 0.5 to 29.998 days\n"}
,{"stream_name":"stdout","time":2662.293126308,"data":"Using 1 of 4 CPU threads\n"}
,{"stream_name":"stdout","time":2663.73743509,"data":"Transit Least Squares TLS 1.32 (5 Apr 2024)\n"}
,{"stream_name":"stdout","time":2663.745425305,"data":"Creating model cache for 43 durations\n"}
,{"stream_name":"stdout","time":2663.761707139,"data":"Searching 9346 data points, 13438 periods from 0.5 to 29.988 days\n"}
,{"stream_name":"stdout","time":2663.76188644,"data":"Using 1 of 4 CPU threads\n"}
,{"stream_name":"stdout","time":2704.461039005,"data":"Searching for best T0 for period 12.98313 days\n"}
,{"stream_name":"stdout","time":2711.811919915,"data":"Transit Least Squares TLS 1.32 (5 Apr 2024)\n"}
,{"stream_name":"stdout","time":2711.816310356,"data":"Creating model cache for 42 durations\n"}
,{"stream_name":"stdout","time":2711.830004474,"data":"Searching 6388 data points, 4130 periods from 0.741 to 25.958 days\n"}
,{"stream_name":"stdout","time":2711.830336821,"data":"Using 1 of 4 CPU threads\n"}
,{"stream_name":"stdout","time":2797.504442857,"data":"Searching for best T0 for period 2.10299 days\n"}
,{"stream_name":"stdout","time":2806.707562796,"data":"Transit Least Squares TLS 1.32 (5 Apr 2024)\n"}
,{"stream_name":"stdout","time":2806.710191471,"data":"Creating model cache for 42 durations\n"}
,{"stream_name":"stdout","time":2806.723843397,"data":"Searching 6388 data points, 4130 periods from 0.741 to 25.958 days\n"}
,{"stream_name":"stdout","time":2806.72401925,"data":"Using 1 of 4 CPU threads\n"}
,{"stream_name":"stdout","time":2899.530085146,"data":"Searching for best T0 for period 1.72808 days\n"}
,{"stream_name":"stdout","time":2908.456186835,"data":"Transit Least Squares TLS 1.32 (5 Apr 2024)\n"}
,{"stream_name":"stdout","time":2908.458912487,"data":"Creating model cache for 43 durations\n"}
,{"stream_name":"stdout","time":2908.47604876,"data":"Searching 7302 data points, 5316 periods from 0.618 to 27.027 days\n"}
,{"stream_name":"stdout","time":2908.476683142,"data":"Using 1 of 4 CPU threads\n"}
,{"stream_name":"stdout","time":2983.367083139,"data":"Searching for best T0 for period 2.13789 days\n"}
,{"stream_name":"stdout","time":2992.474793272,"data":"Transit Least Squares TLS 1.32 (5 Apr 2024)\n"}
,{"stream_name":"stdout","time":2992.508087216,"data":"Creating model cache for 43 durations\n"}
,{"stream_name":"stdout","time":2992.545795978,"data":"Searching 7147 data points, 75258 periods from 0.5 to 29.998 days\n"}
,{"stream_name":"stdout","time":2992.545845607,"data":"Using 1 of 4 CPU threads\n"}
,{"stream_name":"stdout","time":3019.415805932,"data":"Searching for best T0 for period 6.83819 days\n"}
,{"stream_name":"stderr","time":3021.872365773,"data":"/usr/local/lib/python3.13/dist-packages/transitleastsquares/stats.py:458: RuntimeWarning: divide by zero encountered in scalar divide\n"}
,{"stream_name":"stderr","time":3021.872442433,"data":"  snr_pink_per_transit[i] = (1 - mean_flux) / pinknoise\n"}
,{"stream_name":"stderr","time":3022.01630948,"data":"/usr/local/lib/python3.13/dist-packages/transitleastsquares/main.py:411: UserWarning: 23 of 32 transits without data. The true period may be twice the given period.\n"}
,{"stream_name":"stderr","time":3022.016350037,"data":"  warnings.warn(text)\n"}
,{"stream_name":"stdout","time":3030.641260861,"data":"Searching for best T0 for period 2.99321 days\n"}
,{"stream_name":"stdout","time":3031.806233388,"data":"Transit Least Squares TLS 1.32 (5 Apr 2024)\n"}
,{"stream_name":"stdout","time":3031.818667266,"data":"Creating model cache for 43 durations\n"}
,{"stream_name":"stdout","time":3031.840361337,"data":"Searching 9912 data points, 25341 periods from 0.541 to 29.993 days\n"}
,{"stream_name":"stdout","time":3031.840795555,"data":"Using 1 of 4 CPU threads\n"}
,{"stream_name":"stdout","time":3042.616212159,"data":"Transit Least Squares TLS 1.32 (5 Apr 2024)\n"}
,{"stream_name":"stdout","time":3042.619298083,"data":"Creating model cache for 43 durations\n"}
,{"stream_name":"stdout","time":3042.634384922,"data":"Searching 9334 data points, 6158 periods from 0.808 to 29.988 days\n"}
,{"stream_name":"stdout","time":3042.634505873,"data":"Using 1 of 4 CPU threads\n"}
,{"stream_name":"stdout","time":3169.366418696,"data":"Searching for best T0 for period 6.70624 days\n"}
,{"stream_name":"stdout","time":3183.300165908,"data":"Transit Least Squares TLS 1.32 (5 Apr 2024)\n"}
,{"stream_name":"stdout","time":3183.305924441,"data":"Creating model cache for 43 durations\n"}
,{"stream_name":"stdout","time":3183.323042527,"data":"Searching 12691 data points, 11946 periods from 0.808 to 29.991 days\n"}
,{"stream_name":"stdout","time":3183.323403298,"data":"Using 1 of 4 CPU threads\n"}
,{"stream_name":"stdout","time":3509.969458337,"data":"Searching for best T0 for period 22.25213 days\n"}
,{"stream_name":"stdout","time":3510.896915384,"data":"Searching for best T0 for period 22.26357 days\n"}
,{"stream_name":"stderr","time":3515.060107038,"data":"/usr/local/lib/python3.13/dist-packages/transitleastsquares/main.py:411: UserWarning: 7 of 10 transits without data. The true period may be twice the given period.\n"}
,{"stream_name":"stderr","time":3515.060337282,"data":"  warnings.warn(text)\n"}
,{"stream_name":"stderr","time":3516.671521518,"data":"/usr/local/lib/python3.13/dist-packages/transitleastsquares/main.py:411: UserWarning: 3 of 7 transits without data. The true period may be twice the given period.\n"}
,{"stream_name":"stderr","time":3516.671566631,"data":"  warnings.warn(text)\n"}
,{"stream_name":"stdout","time":3523.482544698,"data":"Transit Least Squares TLS 1.32 (5 Apr 2024)\n"}
,{"stream_name":"stdout","time":3523.499457059,"data":"Creating model cache for 43 durations\n"}
,{"stream_name":"stdout","time":3523.526564817,"data":"Searching 9827 data points, 39164 periods from 0.5 to 29.998 days\n"}
,{"stream_name":"stdout","time":3523.526890935,"data":"Using 1 of 4 CPU threads\n"}
,{"stream_name":"stdout","time":3524.180764208,"data":"Transit Least Squares TLS 1.32 (5 Apr 2024)\n"}
,{"stream_name":"stdout","time":3524.181834607,"data":"Creating model cache for 38 durations\n"}
,{"stream_name":"stdout","time":3524.193180027,"data":"Searching 3454 data points, 1681 periods from 0.808 to 13.205 days\n"}
,{"stream_name":"stdout","time":3524.193340779,"data":"Using 1 of 4 CPU threads\n"}
,{"stream_name":"stdout","time":3545.288454525,"data":"Searching for best T0 for period 4.10600 days\n"}
,{"stream_name":"stdout","time":3551.432304675,"data":"Transit Least Squares TLS 1.32 (5 Apr 2024)\n"}
,{"stream_name":"stdout","time":3551.434355678,"data":"Creating model cache for 43 durations\n"}
,{"stream_name":"stdout","time":3551.44813122,"data":"Searching 6593 data points, 4030 periods from 0.808 to 27.729 days\n"}
,{"stream_name":"stdout","time":3551.448266549,"data":"Using 1 of 4 CPU threads\n"}
,{"stream_name":"stdout","time":3655.338810052,"data":"Searching for best T0 for period 0.87918 days\n"}
,{"stream_name":"stdout","time":3664.160307248,"data":"Transit Least Squares TLS 1.32 (5 Apr 2024)\n"}
,{"stream_name":"stdout","time":3664.161911349,"data":"Creating model cache for 37 durations\n"}
,{"stream_name":"stdout","time":3664.173777165,"data":"Searching 3402 data points, 3407 periods from 0.5 to 12.475 days\n"}
,{"stream_name":"stdout","time":3664.173808647,"data":"Using 1 of 4 CPU threads\n"}
,{"stream_name":"stdout","time":3695.199437056,"data":"Searching for best T0 for period 6.11048 days\n"}
,{"stream_name":"stdout","time":3701.799013336,"data":"Transit Least Squares TLS 1.32 (5 Apr 2024)\n"}
,{"stream_name":"stdout","time":3701.813765757,"data":"Creating model cache for 43 durations\n"}
,{"stream_name":"stdout","time":3701.839638797,"data":"Searching 10088 data points, 33850 periods from 0.5 to 29.992 days\n"}
,{"stream_name":"stdout","time":3701.840119283,"data":"Using 1 of 4 CPU threads\n"}
,{"stream_name":"stdout","time":3766.134594969,"data":"Searching for best T0 for period 3.57050 days\n"}
,{"stream_name":"stderr","time":3768.631650227,"data":"/usr/local/lib/python3.13/dist-packages/transitleastsquares/main.py:411: UserWarning: 44 of 61 transits without data. The true period may be twice the given period.\n"}
,{"stream_name":"stderr","time":3768.631694384,"data":"  warnings.warn(text)\n"}
,{"stream_name":"stdout","time":3779.181032819,"data":"Transit Least Squares TLS 1.32 (5 Apr 2024)\n"}
,{"stream_name":"stdout","time":3779.192543213,"data":"Creating model cache for 43 durations\n"}
,{"stream_name":"stdout","time":3779.21408422,"data":"Searching 9912 data points, 25341 periods from 0.541 to 29.993 days\n"}
,{"stream_name":"stdout","time":3779.214523363,"data":"Using 1 of 4 CPU threads\n"}
,{"stream_name":"stdout","time":3973.626123655,"data":"Searching for best T0 for period 7.46080 days\n"}
,{"stream_name":"stderr","time":3975.929470664,"data":"/usr/local/lib/python3.13/dist-packages/numpy/_core/_methods.py:218: RuntimeWarning: Degrees of freedom \u003c= 0 for slice\n"}
,{"stream_name":"stderr","time":3975.929513767,"data":"  ret = _var(a, axis=axis, dtype=dtype, out=out, ddof=ddof,\n"}
,{"stream_name":"stderr","time":3975.929689812,"data":"/usr/local/lib/python3.13/dist-packages/numpy/_core/_methods.py:175: RuntimeWarning: invalid value encountered in divide\n"}
,{"stream_name":"stderr","time":3975.92972137,"data":"  arrmean = um.true_divide(arrmean, div, out=arrmean,\n"}
,{"stream_name":"stderr","time":3975.929831986,"data":"/usr/local/lib/python3.13/dist-packages/numpy/_core/_methods.py:210: RuntimeWarning: invalid value encountered in scalar divide\n"}
,{"stream_name":"stderr","time":3975.929846599,"data":"  ret = ret.dtype.type(ret / rcount)\n"}
,{"stream_name":"stderr","time":3976.434644585,"data":"/usr/local/lib/python3.13/dist-packages/transitleastsquares/main.py:411: UserWarning: 41 of 47 transits without data. The true period may be twice the given period.\n"}
,{"stream_name":"stderr","time":3976.434687182,"data":"  warnings.warn(text)\n"}
,{"stream_name":"stdout","time":3982.613232465,"data":"Transit Least Squares TLS 1.32 (5 Apr 2024)\n"}
,{"stream_name":"stdout","time":3982.64569735,"data":"Creating model cache for 43 durations\n"}
,{"stream_name":"stdout","time":3982.684708452,"data":"Searching 7147 data points, 75258 periods from 0.5 to 29.998 days\n"}
,{"stream_name":"stdout","time":3982.684773258,"data":"Using 1 of 4 CPU threads\n"}
,{"stream_name":"stdout","time":4663.962887896,"data":"Searching for best T0 for period 1.02602 days\n"}
,{"stream_name":"stderr","time":4666.304936241,"data":"/usr/local/lib/python3.13/dist-packages/transitleastsquares/main.py:411: UserWarning: 146 of 213 transits without data. The true period may be twice the given period.\n"}
,{"stream_name":"stderr","time":4666.304982735,"data":"  warnings.warn(text)\n"}
,{"stream_name":"stdout","time":4677.077779874,"data":"Transit Least Squares TLS 1.32 (5 Apr 2024)\n"}
,{"stream_name":"stdout","time":4677.087791298,"data":"Creating model cache for 43 durations\n"}
,{"stream_name":"stdout","time":4677.108382023,"data":"Searching 6887 data points, 22353 periods from 0.541 to 29.996 days\n"}
,{"stream_name":"stdout","time":4677.108745526,"data":"Using 1 of 4 CPU threads\n"}
,{"stream_name":"stdout","time":4721.619533244,"data":"Searching for best T0 for period 5.34276 days\n"}
,{"stream_name":"stderr","time":4724.602969163,"data":"/usr/local/lib/python3.13/dist-packages/transitleastsquares/main.py:411: UserWarning: 27 of 41 transits without data. The true period may be twice the given period.\n"}
,{"stream_name":"stderr","time":4724.603015477,"data":"  warnings.warn(text)\n"}
,{"stream_name":"stdout","time":4734.025526175,"data":"Transit Least Squares TLS 1.32 (5 Apr 2024)\n"}
,{"stream_name":"stdout","time":4734.039671643,"data":"Creating model cache for 43 durations\n"}
,{"stream_name":"stdout","time":4734.063868247,"data":"Searching 10088 data points, 33850 periods from 0.5 to 29.992 days\n"}
,{"stream_name":"stdout","time":4734.063981426,"data":"Using 1 of 4 CPU threads\n"}
,{"stream_name":"stdout","time":4774.403270615,"data":"Searching for best T0 for period 4.36037 days\n"}
,{"stream_name":"stderr","time":4776.325705004,"data":"/usr/local/lib/python3.13/dist-packages/transitleastsquares/main.py:411: UserWarning: 34 of 51 transits without data. The true period may be twice the given period.\n"}
,{"stream_name":"stderr","time":4776.325751917,"data":"  warnings.warn(text)\n"}
,{"stream_name":"stdout","time":4784.381564012,"data":"Transit Least Squares TLS 1.32 (5 Apr 2024)\n"}
,{"stream_name":"stdout","time":4784.382978099,"data":"Creating model cache for 38 durations\n"}
,{"stream_name":"stdout","time":4784.397438438,"data":"Searching 3727 data points, 1105 periods from 1.176 to 13.701 days\n"}
,{"stream_name":"stdout","time":4784.397476619,"data":"Using 1 of 4 CPU threads\n"}
,{"stream_name":"stdout","time":4794.362243868,"data":"Searching for best T0 for period 2.25350 days\n"}
,{"stream_name":"stdout","time":4800.304154166,"data":"Transit Least Squares TLS 1.32 (5 Apr 2024)\n"}
,{"stream_name":"stdout","time":4800.30523617,"data":"Creating model cache for 38 durations\n"}
,{"stream_name":"stdout","time":4800.317620293,"data":"Searching 3727 data points, 1105 periods from 1.176 to 13.701 days\n"}
,{"stream_name":"stdout","time":4800.317913749,"data":"Using 1 of 4 CPU threads\n"}
,{"stream_name":"stdout","time":4812.726024023,"data":"Searching for best T0 for period 9.50352 days\n"}
,{"stream_name":"stdout","time":4817.056020045,"data":"Transit Least Squares TLS 1.32 (5 Apr 2024)\n"}
,{"stream_name":"stdout","time":4817.057542581,"data":"Creating model cache for 38 durations\n"}
,{"stream_name":"stdout","time":4817.069185174,"data":"Searching 3727 data points, 1105 periods from 1.176 to 13.701 days\n"}
,{"stream_name":"stdout","time":4817.069589288,"data":"Using 1 of 4 CPU threads\n"}
,{"stream_name":"stdout","time":4828.055867677,"data":"Searching for best T0 for period 1.33128 days\n"}
,{"stream_name":"stdout","time":4834.681825355,"data":"Transit Least Squares TLS 1.32 (5 Apr 2024)\n"}
,{"stream_name":"stdout","time":4834.682684577,"data":"Creating model cache for 38 durations\n"}
,{"stream_name":"stdout","time":4834.69370922,"data":"Searching 3727 data points, 1105 periods from 1.176 to 13.701 days\n"}
,{"stream_name":"stdout","time":4834.693827648,"data":"Using 1 of 4 CPU threads\n"}
,{"stream_name":"stdout","time":4850.546423434,"data":"Searching for best T0 for period 1.41467 days\n"}
,{"stream_name":"stdout","time":4858.714298971,"data":"Transit Least Squares TLS 1.32 (5 Apr 2024)\n"}
,{"stream_name":"stdout","time":4858.717730179,"data":"Creating model cache for 43 durations\n"}
,{"stream_name":"stdout","time":4858.733007657,"data":"Searching 8521 data points, 7575 periods from 0.654 to 29.971 days\n"}
,{"stream_name":"stdout","time":4858.733194275,"data":"Using 1 of 4 CPU threads\n"}
,{"stream_name":"stdout","time":4972.194406478,"data":"Searching for best T0 for period 6.14546 days\n"}
,{"stream_name":"stderr","time":4974.010415328,"data":"/usr/local/lib/python3.13/dist-packages/transitleastsquares/main.py:411: UserWarning: 24 of 32 transits without data. The true period may be twice the given period.\n"}
,{"stream_name":"stderr","time":4974.010459217,"data":"  warnings.warn(text)\n"}
,{"stream_name":"stdout","time":4980.528086508,"data":"Transit Least Squares TLS 1.32 (5 Apr 2024)\n"}
,{"stream_name":"stdout","time":4980.531023497,"data":"Creating model cache for 42 durations\n"}
,{"stream_name":"stdout","time":4980.544962549,"data":"Searching 5768 data points, 6354 periods from 0.5 to 25.32 days\n"}
,{"stream_name":"stdout","time":4980.545074282,"data":"Using 1 of 4 CPU threads\n"}
,{"stream_name":"stdout","time":5008.378977304,"data":"Searching for best T0 for period 2.37401 days\n"}
,{"stream_name":"stdout","time":5020.019959212,"data":"Transit Least Squares TLS 1.32 (5 Apr 2024)\n"}
,{"stream_name":"stdout","time":5020.022513015,"data":"Creating model cache for 43 durations\n"}
,{"stream_name":"stdout","time":5020.036766174,"data":"Searching 5880 data points, 4963 periods from 0.654 to 26.927 days\n"}
,{"stream_name":"stdout","time":5020.036881001,"data":"Using 1 of 4 CPU threads\n"}
,{"stream_name":"stdout","time":5083.235468069,"data":"Searching for best T0 for period 6.99493 days\n"}
,{"stream_name":"stdout","time":5089.970214321,"data":"Transit Least Squares TLS 1.32 (5 Apr 2024)\n"}
,{"stream_name":"stdout","time":5089.973537928,"data":"Creating model cache for 42 durations\n"}
,{"stream_name":"stdout","time":5089.9903559,"data":"Searching 5768 data points, 6354 periods from 0.5 to 25.32 days\n"}
,{"stream_name":"stdout","time":5089.990416567,"data":"Using 1 of 4 CPU threads\n"}
,{"stream_name":"stdout","time":5093.721362831,"data":"Searching for best T0 for period 1.24743 days\n"}
,{"stream_name":"stderr","time":5096.053306915,"data":"/usr/local/lib/python3.13/dist-packages/transitleastsquares/main.py:411: UserWarning: 30 of 43 transits without data. The true period may be twice the given period.\n"}
,{"stream_name":"stderr","time":5096.053352888,"data":"  warnings.warn(text)\n"}
,{"stream_name":"stdout","time":5101.355377058,"data":"Transit Least Squares TLS 1.32 (5 Apr 2024)\n"}
,{"stream_name":"stdout","time":5101.357460077,"data":"Creating model cache for 38 durations\n"}
,{"stream_name":"stdout","time":5101.370076375,"data":"Searching 2976 data points, 3180 periods from 0.5 to 12.753 days\n"}
,{"stream_name":"stdout","time":5101.370324034,"data":"Using 1 of 4 CPU threads\n"}
,{"stream_name":"stdout","time":5129.823170546,"data":"Searching for best T0 for period 3.89181 days\n"}
,{"stream_name":"stdout","time":5141.113163036,"data":"Transit Least Squares TLS 1.32 (5 Apr 2024)\n"}
,{"stream_name":"stdout","time":5141.125814394,"data":"Creating model cache for 43 durations\n"}
,{"stream_name":"stdout","time":5141.150559339,"data":"Searching 20687 data points, 30709 periods from 0.695 to 29.993 days\n"}
,{"stream_name":"stdout","time":5141.150795298,"data":"Using 1 of 4 CPU threads\n"}
,{"stream_name":"stdout","time":5209.319427393,"data":"Searching for best T0 for period 1.40538 days\n"}
,{"stream_name":"stdout","time":5220.06213137,"data":"Transit Least Squares TLS 1.32 (5 Apr 2024)\n"}
,{"stream_name":"stdout","time":5220.072406639,"data":"Creating model cache for 43 durations\n"}
,{"stream_name":"stdout","time":5220.093760685,"data":"Searching 14518 data points, 24010 periods from 0.862 to 29.992 days\n"}
,{"stream_name":"stdout","time":5220.093935692,"data":"Using 1 of 4 CPU threads\n"}
,{"stream_name":"stdout","time":5406.846417808,"data":"Searching for best T0 for period 5.86630 days\n"}
,{"stream_name":"stderr","time":5409.602821422,"data":"/usr/local/lib/python3.13/dist-packages/transitleastsquares/main.py:411: UserWarning: 52 of 60 transits without data. The true period may be twice the given period.\n"}
,{"stream_name":"stderr","time":5409.602869448,"data":"  warnings.warn(text)\n"}
,{"stream_name":"stdout","time":5415.696833076,"data":"Transit Least Squares TLS 1.32 (5 Apr 2024)\n"}
,{"stream_name":"stdout","time":5415.729780309,"data":"Creating model cache for 43 durations\n"}
,{"stream_name":"stdout","time":5415.767510128,"data":"Searching 7147 data points, 75258 periods from 0.5 to 29.998 days\n"}
,{"stream_name":"stdout","time":5415.767752211,"data":"Using 1 of 4 CPU threads\n"}
,{"stream_name":"stdout","time":5743.992951231,"data":"Searching for best T0 for period 2.00109 days\n"}
,{"stream_name":"stderr","time":5746.232159272,"data":"/usr/local/lib/python3.13/dist-packages/transitleastsquares/main.py:411: UserWarning: 75 of 110 transits without data. The true period may be twice the given period.\n"}
,{"stream_name":"stderr","time":5746.232228852,"data":"  warnings.warn(text)\n"}
,{"stream_name":"stdout","time":5758.845375541,"data":"Transit Least Squares TLS 1.32 (5 Apr 2024)\n"}
,{"stream_name":"stdout","time":5758.859371731,"data":"Creating model cache for 43 durations\n"}
,{"stream_name":"stdout","time":5758.884431888,"data":"Searching 12959 data points, 36040 periods from 0.6 to 29.998 days\n"}
,{"stream_name":"stdout","time":5758.884730666,"data":"Using 1 of 4 CPU threads\n"}
,{"stream_name":"stdout","time":5866.974740396,"data":"Searching for best T0 for period 7.80665 days\n"}
,{"stream_name":"stderr","time":5870.577236201,"data":"/usr/local/lib/python3.13/dist-packages/transitleastsquares/main.py:411: UserWarning: 32 of 45 transits without data. The true period may be twice the given period.\n"}
,{"stream_name":"stderr","time":5870.577322491,"data":"  warnings.warn(text)\n"}
,{"stream_name":"stdout","time":5885.050725513,"data":"Transit Least Squares TLS 1.32 (5 Apr 2024)\n"}
,{"stream_name":"stdout","time":5885.061696003,"data":"Creating model cache for 43 durations\n"}
,{"stream_name":"stdout","time":5885.084530994,"data":"Searching 14518 data points, 24010 periods from 0.862 to 29.992 days\n"}
,{"stream_name":"stdout","time":5885.084985478,"data":"Using 1 of 4 CPU threads\n"}
,{"stream_name":"stdout","time":6452.096826995,"data":"Searching for best T0 for period 3.54702 days\n"}
,{"stream_name":"stderr","time":6455.130419726,"data":"/usr/local/lib/python3.13/dist-packages/transitleastsquares/main.py:411: UserWarning: 87 of 100 transits without data. The true period may be twice the given period.\n"}
,{"stream_name":"stderr","time":6455.130467369,"data":"  warnings.warn(text)\n"}
,{"stream_name":"stdout","time":6460.884609133,"data":"Transit Least Squares TLS 1.32 (5 Apr 2024)\n"}
,{"stream_name":"stdout","time":6460.886446588,"data":"Creating model cache for 38 durations\n"}
,{"stream_name":"stdout","time":6460.897948133,"data":"Searching 3257 data points, 3326 periods from 0.5 to 13.297 days\n"}
,{"stream_name":"stdout","time":6460.898059217,"data":"Using 1 of 4 CPU threads\n"}
,{"stream_name":"stdout","time":6499.879053359,"data":"Searching for best T0 for period 1.39866 days\n"}
,{"stream_name":"stdout","time":6505.084237999,"data":"Transit Least Squares TLS 1.32 (5 Apr 2024)\n"}
,{"stream_name":"stdout","time":6505.086213802,"data":"Creating model cache for 38 durations\n"}
,{"stream_name":"stdout","time":6505.098297892,"data":"Searching 3257 data points, 3326 periods from 0.5 to 13.297 days\n"}
,{"stream_name":"stdout","time":6505.098470017,"data":"Using 1 of 4 CPU threads\n"}
,{"stream_name":"stdout","time":6527.938654354,"data":"Searching for best T0 for period 0.90508 days\n"}
,{"stream_name":"stdout","time":6531.368118874,"data":"Searching for best T0 for period 7.05677 days\n"}
,{"stream_name":"stderr","time":6533.987302268,"data":"/usr/local/lib/python3.13/dist-packages/transitleastsquares/main.py:411: UserWarning: 278 of 388 transits without data. The true period may be twice the given period.\n"}
,{"stream_name":"stderr","time":6533.987348174,"data":"  warnings.warn(text)\n"}
,{"stream_name":"stdout","time":6535.897181867,"data":"Transit Least Squares TLS 1.32 (5 Apr 2024)\n"}
,{"stream_name":"stdout","time":6535.898974005,"data":"Creating model cache for 38 durations\n"}
,{"stream_name":"stdout","time":6535.910050469,"data":"Searching 3257 data points, 3326 periods from 0.5 to 13.297 days\n"}
,{"stream_name":"stdout","time":6535.910274666,"data":"Using 1 of 4 CPU threads\n"}
,{"stream_name":"stdout","time":6548.47658994,"data":"Transit Least Squares TLS 1.32 (5 Apr 2024)\n"}
,{"stream_name":"stdout","time":6548.481328104,"data":"Creating model cache for 43 durations\n"}
,{"stream_name":"stdout","time":6548.498747432,"data":"Searching 12862 data points, 10159 periods from 0.643 to 29.984 days\n"}
,{"stream_name":"stdout","time":6548.498886618,"data":"Using 1 of 4 CPU threads\n"}
,{"stream_name":"stdout","time":6574.874365515,"data":"Searching for best T0 for period 2.89712 days\n"}
,{"stream_name":"stdout","time":6579.27687907,"data":"Transit Least Squares TLS 1.32 (5 Apr 2024)\n"}
,{"stream_name":"stdout","time":6579.279517,"data":"Creating model cache for 38 durations\n"}
,{"stream_name":"stdout","time":6579.294378202,"data":"Searching 3257 data points, 3326 periods from 0.5 to 13.297 days\n"}
,{"stream_name":"stdout","time":6579.294499766,"data":"Using 1 of 4 CPU threads\n"}
,{"stream_name":"stdout","time":6606.040920904,"data":"Searching for best T0 for period 1.77657 days\n"}
,{"stream_name":"stdout","time":6612.034006302,"data":"Transit Least Squares TLS 1.32 (5 Apr 2024)\n"}
,{"stream_name":"stdout","time":6612.038060049,"data":"Creating model cache for 43 durations\n"}
,{"stream_name":"stdout","time":6612.058762051,"data":"Searching 7081 data points, 7606 periods from 0.656 to 29.971 days\n"}
,{"stream_name":"stdout","time":6612.059109603,"data":"Using 1 of 4 CPU threads\n"}
,{"stream_name":"stdout","time":6796.948388084,"data":"Searching for best T0 for period 0.90115 days\n"}
,{"stream_name":"stderr","time":6798.334742196,"data":"/usr/local/lib/python3.13/dist-packages/transitleastsquares/stats.py:458: RuntimeWarning: divide by zero encountered in scalar divide\n"}
,{"stream_name":"stderr","time":6798.334813345,"data":"  snr_pink_per_transit[i] = (1 - mean_flux) / pinknoise\n"}
,{"stream_name":"stderr","time":6798.55619505,"data":"/usr/local/lib/python3.13/dist-packages/transitleastsquares/main.py:411: UserWarning: 37 of 91 transits without data. The true period may be twice the given period.\n"}
,{"stream_name":"stderr","time":6798.556235866,"data":"  warnings.warn(text)\n"}
,{"stream_name":"stdout","time":6808.368267545,"data":"Transit Least Squares TLS 1.32 (5 Apr 2024)\n"}
,{"stream_name":"stdout","time":6808.387583173,"data":"Creating model cache for 43 durations\n"}
,{"stream_name":"stdout","time":6808.417194444,"data":"Searching 12656 data points, 42348 periods from 0.554 to 29.998 days\n"}
,{"stream_name":"stdout","time":6808.417622426,"data":"Using 1 of 4 CPU threads\n"}
,{"stream_name":"stdout","time":6814.296456126,"data":"Searching for best T0 for period 13.40813 days\n"}
,{"stream_name":"stdout","time":6832.486571914,"data":"Transit Least Squares TLS 1.32 (5 Apr 2024)\n"}
,{"stream_name":"stdout","time":6832.491780427,"data":"Creating model cache for 43 durations\n"}
,{"stream_name":"stdout","time":6832.508129378,"data":"Searching 12862 data points, 10159 periods from 0.643 to 29.984 days\n"}
,{"stream_name":"stdout","time":6832.508523898,"data":"Using 1 of 4 CPU threads\n"}
,{"stream_name":"stdout","time":7133.570164928,"data":"Searching for best T0 for period 1.15786 days\n"}
,{"stream_name":"stdout","time":7149.0214485,"data":"Transit Least Squares TLS 1.32 (5 Apr 2024)\n"}
,{"stream_name":"stdout","time":7149.02268203,"data":"Creating model cache for 37 durations\n"}
,{"stream_name":"stdout","time":7149.033623774,"data":"Searching 2611 data points, 1139 periods from 1.008 to 12.031 days\n"}
,{"stream_name":"stdout","time":7149.033960212,"data":"Using 1 of 4 CPU threads\n"}
,{"stream_name":"stdout","time":7160.15788704,"data":"Searching for best T0 for period 2.26736 days\n"}
,{"stream_name":"stdout","time":7164.119541563,"data":"Transit Least Squares TLS 1.32 (5 Apr 2024)\n"}
,{"stream_name":"stdout","time":7164.120086894,"data":"Creating model cache for 37 durations\n"}
,{"stream_name":"stdout","time":7164.130411088,"data":"Searching 2611 data points, 1139 periods from 1.008 to 12.031 days\n"}
,{"stream_name":"stdout","time":7164.130502832,"data":"Using 1 of 4 CPU threads\n"}
,{"stream_name":"stdout","time":7172.898311928,"data":"Searching for best T0 for period 5.82799 days\n"}
,{"stream_name":"stdout","time":7177.02618253,"data":"Transit Least Squares TLS 1.32 (5 Apr 2024)\n"}
,{"stream_name":"stdout","time":7177.027348466,"data":"Creating model cache for 37 durations\n"}
,{"stream_name":"stdout","time":7177.037558949,"data":"Searching 2611 data points, 1139 periods from 1.008 to 12.031 days\n"}
,{"stream_name":"stdout","time":7177.037760103,"data":"Using 1 of 4 CPU threads\n"}
,{"stream_name":"stdout","time":7185.737438073,"data":"Searching for best T0 for period 5.85911 days\n"}
,{"stream_name":"stdout","time":7189.732700872,"data":"Transit Least Squares TLS 1.32 (5 Apr 2024)\n"}
,{"stream_name":"stdout","time":7189.733843305,"data":"Creating model cache for 37 durations\n"}
,{"stream_name":"stdout","time":7189.74433537,"data":"Searching 2611 data points, 1139 periods from 1.008 to 12.031 days\n"}
,{"stream_name":"stdout","time":7189.744490496,"data":"Using 1 of 4 CPU threads\n"}
,{"stream_name":"stderr","time":7202.699266316,"data":"/usr/local/lib/python3.13/dist-packages/transitleastsquares/main.py:205: UserWarning: No transit were fit. Try smaller \"transit_depth_min\"\n"}
,{"stream_name":"stderr","time":7202.699334429,"data":"  warnings.warn('No transit were fit. Try smaller \"transit_depth_min\"')\n"}
,{"stream_name":"stdout","time":7205.551461199,"data":"Transit Least Squares TLS 1.32 (5 Apr 2024)\n"}
,{"stream_name":"stdout","time":7205.554308657,"data":"Creating model cache for 43 durations\n"}
,{"stream_name":"stdout","time":7205.56914738,"data":"Searching 6054 data points, 6453 periods from 0.52 to 27.025 days\n"}
,{"stream_name":"stdout","time":7205.571421976,"data":"Using 1 of 4 CPU threads\n"}
,{"stream_name":"stdout","time":7244.76350375,"data":"Searching for best T0 for period 1.67872 days\n"}
,{"stream_name":"stderr","time":7249.969727242,"data":"/usr/local/lib/python3.13/dist-packages/transitleastsquares/main.py:411: UserWarning: 124 of 209 transits without data. The true period may be twice the given period.\n"}
,{"stream_name":"stderr","time":7249.97002155,"data":"  warnings.warn(text)\n"}
,{"stream_name":"stdout","time":7271.089698878,"data":"Transit Least Squares TLS 1.32 (5 Apr 2024)\n"}
,{"stream_name":"stdout","time":7271.096671815,"data":"Creating model cache for 43 durations\n"}
,{"stream_name":"stdout","time":7271.11515006,"data":"Searching 13970 data points, 16191 periods from 0.695 to 29.995 days\n"}
,{"stream_name":"stdout","time":7271.115258021,"data":"Using 1 of 4 CPU threads\n"}
,{"stream_name":"stdout","time":7349.850246364,"data":"Searching for best T0 for period 0.98873 days\n"}
,{"stream_name":"stdout","time":7356.218848667,"data":"Searching for best T0 for period 0.77105 days\n"}
,{"stream_name":"stderr","time":7360.378173177,"data":"/usr/local/lib/python3.13/dist-packages/transitleastsquares/main.py:411: UserWarning: 336 of 454 transits without data. The true period may be twice the given period.\n"}
,{"stream_name":"stderr","time":7360.378242877,"data":"  warnings.warn(text)\n"}
,{"stream_name":"stdout","time":7361.526254283,"data":"Transit Least Squares TLS 1.32 (5 Apr 2024)\n"}
,{"stream_name":"stdout","time":7361.540450191,"data":"Creating model cache for 43 durations\n"}
,{"stream_name":"stdout","time":7361.562993982,"data":"Searching 15969 data points, 29386 periods from 0.52 to 29.993 days\n"}
,{"stream_name":"stdout","time":7361.563186001,"data":"Using 1 of 4 CPU threads\n"}
,{"stream_name":"stdout","time":7375.71201726,"data":"Transit Least Squares TLS 1.32 (5 Apr 2024)\n"}
,{"stream_name":"stdout","time":7375.727508256,"data":"Creating model cache for 43 durations\n"}
,{"stream_name":"stdout","time":7375.752870339,"data":"Searching 12959 data points, 36040 periods from 0.6 to 29.998 days\n"}
,{"stream_name":"stdout","time":7375.752918021,"data":"Using 1 of 4 CPU threads\n"}
,{"stream_name":"stdout","time":7746.498810582,"data":"Searching for best T0 for period 1.23664 days\n"}
,{"stream_name":"stderr","time":7749.829179311,"data":"/usr/local/lib/python3.13/dist-packages/transitleastsquares/main.py:411: UserWarning: 71 of 150 transits without data. The true period may be twice the given period.\n"}
,{"stream_name":"stderr","time":7749.829243527,"data":"  warnings.warn(text)\n"}
,{"stream_name":"stdout","time":7766.984809183,"data":"Transit Least Squares TLS 1.32 (5 Apr 2024)\n"}
,{"stream_name":"stdout","time":7766.997666425,"data":"Creating model cache for 43 durations\n"}
,{"stream_name":"stdout","time":7767.023580221,"data":"Searching 20687 data points, 30709 periods from 0.695 to 29.993 days\n"}
,{"stream_name":"stdout","time":7767.023746825,"data":"Using 1 of 4 CPU threads\n"}
,{"stream_name":"stdout","time":8118.523082351,"data":"Searching for best T0 for period 3.64743 days\n"}
,{"stream_name":"stderr","time":8122.090487029,"data":"/usr/local/lib/python3.13/dist-packages/transitleastsquares/main.py:411: UserWarning: 80 of 103 transits without data. The true period may be twice the given period.\n"}
,{"stream_name":"stderr","time":8122.090532079,"data":"  warnings.warn(text)\n"}
,{"stream_name":"stdout","time":8134.699140932,"data":"Transit Least Squares TLS 1.32 (5 Apr 2024)\n"}
,{"stream_name":"stdout","time":8134.717338446,"data":"Creating model cache for 43 durations\n"}
,{"stream_name":"stdout","time":8134.745232252,"data":"Searching 12656 data points, 42348 periods from 0.554 to 29.998 days\n"}
,{"stream_name":"stdout","time":8134.745564508,"data":"Using 1 of 4 CPU threads\n"}
,{"stream_name":"stdout","time":8272.242727377,"data":"Searching for best T0 for period 23.94126 days\n"}
,{"stream_name":"stderr","time":8279.290479853,"data":"/usr/local/lib/python3.13/dist-packages/transitleastsquares/main.py:411: UserWarning: 10 of 15 transits without data. The true period may be twice the given period.\n"}
,{"stream_name":"stderr","time":8279.290550915,"data":"  warnings.warn(text)\n"}
,{"stream_name":"stdout","time":8289.082647514,"data":"Transit Least Squares TLS 1.32 (5 Apr 2024)\n"}
,{"stream_name":"stdout","time":8289.099194634,"data":"Creating model cache for 43 durations\n"}
,{"stream_name":"stdout","time":8289.127953739,"data":"Searching 9690 data points, 33146 periods from 0.6 to 29.997 days\n"}
,{"stream_name":"stdout","time":8289.130447378,"data":"Using 1 of 4 CPU threads\n"}
,{"stream_name":"stdout","time":8630.265463878,"data":"Searching for best T0 for period 7.02897 days\n"}
,{"stream_name":"stderr","time":8634.855993258,"data":"/usr/local/lib/python3.13/dist-packages/transitleastsquares/main.py:411: UserWarning: 19 of 35 transits without data. The true period may be twice the given period.\n"}
,{"stream_name":"stderr","time":8634.856037937,"data":"  warnings.warn(text)\n"}
,{"stream_name":"stdout","time":8649.288255652,"data":"Transit Least Squares TLS 1.32 (5 Apr 2024)\n"}
,{"stream_name":"stdout","time":8649.300955098,"data":"Creating model cache for 43 durations\n"}
,{"stream_name":"stdout","time":8649.324034187,"data":"Searching 15969 data points, 29386 periods from 0.52 to 29.993 days\n"}
,{"stream_name":"stdout","time":8649.324152098,"data":"Using 1 of 4 CPU threads\n"}
,{"stream_name":"stdout","time":8777.677523546,"data":"Searching for best T0 for period 18.05846 days\n"}
,{"stream_name":"stderr","time":8784.826723683,"data":"/usr/local/lib/python3.13/dist-packages/transitleastsquares/main.py:411: UserWarning: 10 of 19 transits without data. The true period may be twice the given period.\n"}
,{"stream_name":"stderr","time":8784.826772026,"data":"  warnings.warn(text)\n"}
,{"stream_name":"stdout","time":8798.143685649,"data":"Transit Least Squares TLS 1.32 (5 Apr 2024)\n"}
,{"stream_name":"stdout","time":8798.1461086,"data":"Creating model cache for 43 durations\n"}
,{"stream_name":"stdout","time":8798.160139575,"data":"Searching 7094 data points, 4653 periods from 0.695 to 27.026 days\n"}
,{"stream_name":"stdout","time":8798.160291049,"data":"Using 1 of 4 CPU threads\n"}
,{"stream_name":"stdout","time":8869.103020365,"data":"Searching for best T0 for period 2.45692 days\n"}
,{"stream_name":"stdout","time":8877.91283013,"data":"Transit Least Squares TLS 1.32 (5 Apr 2024)\n"}
,{"stream_name":"stdout","time":8877.914839437,"data":"Creating model cache for 38 durations\n"}
,{"stream_name":"stdout","time":8877.926197689,"data":"Searching 3003 data points, 2558 periods from 0.552 to 12.802 days\n"}
,{"stream_name":"stdout","time":8877.926577557,"data":"Using 1 of 4 CPU threads\n"}
,{"stream_name":"stdout","time":8900.95814358,"data":"Searching for best T0 for period 9.39447 days\n"}
,{"stream_name":"stdout","time":8904.859990279,"data":"Transit Least Squares TLS 1.32 (5 Apr 2024)\n"}
,{"stream_name":"stdout","time":8904.861540387,"data":"Creating model cache for 38 durations\n"}
,{"stream_name":"stdout","time":8904.874053151,"data":"Searching 3003 data points, 2558 periods from 0.552 to 12.802 days\n"}
,{"stream_name":"stdout","time":8904.874333135,"data":"Using 1 of 4 CPU threads\n"}
,{"stream_name":"stdout","time":8925.943311049,"data":"Searching for best T0 for period 11.60311 days\n"}
,{"stream_name":"stdout","time":8935.129631139,"data":"Transit Least Squares TLS 1.32 (5 Apr 2024)\n"}
,{"stream_name":"stdout","time":8935.141060569,"data":"Creating model cache for 43 durations\n"}
,{"stream_name":"stdout","time":8935.164340814,"data":"Searching 16751 data points, 27275 periods from 0.618 to 29.996 days\n"}
,{"stream_name":"stdout","time":8935.164530936,"data":"Using 1 of 4 CPU threads\n"}
,{"stream_name":"stdout","time":8939.050689302,"data":"Searching for best T0 for period 13.57627 days\n"}
,{"stream_name":"stderr","time":8943.488452954,"data":"/usr/local/lib/python3.13/dist-packages/transitleastsquares/main.py:396: RuntimeWarning: divide by zero encountered in scalar divide\n"}
,{"stream_name":"stderr","time":8943.48853326,"data":"  odd_even_mismatch = odd_even_difference / odd_even_std_sum\n"}
,{"stream_name":"stderr","time":8943.488774166,"data":"/usr/local/lib/python3.13/dist-packages/transitleastsquares/main.py:411: UserWarning: 21 of 23 transits without data. The true period may be twice the given period.\n"}
,{"stream_name":"stderr","time":8943.488787249,"data":"  warnings.warn(text)\n"}
,{"stream_name":"stdout","time":8952.871616239,"data":"Transit Least Squares TLS 1.32 (5 Apr 2024)\n"}
,{"stream_name":"stdout","time":8952.887740447,"data":"Creating model cache for 43 durations\n"}
,{"stream_name":"stdout","time":8952.913487677,"data":"Searching 12959 data points, 36040 periods from 0.6 to 29.998 days\n"}
,{"stream_name":"stdout","time":8952.913529749,"data":"Using 1 of 4 CPU threads\n"}
,{"stream_name":"stdout","time":9306.028194545,"data":"Searching for best T0 for period 25.32334 days\n"}
,{"stream_name":"stderr","time":9312.734328431,"data":"/usr/local/lib/python3.13/dist-packages/transitleastsquares/main.py:411: UserWarning: 11 of 15 transits without data. The true period may be twice the given period.\n"}
,{"stream_name":"stderr","time":9312.734391043,"data":"  warnings.warn(text)\n"}
,{"stream_name":"stdout","time":9322.777476359,"data":"Transit Least Squares TLS 1.32 (5 Apr 2024)\n"}
,{"stream_name":"stdout","time":9322.794748006,"data":"Creating model cache for 43 durations\n"}
,{"stream_name":"stdout","time":9322.82202412,"data":"Searching 12656 data points, 42348 periods from 0.554 to 29.998 days\n"}
,{"stream_name":"stdout","time":9322.82216146,"data":"Using 1 of 4 CPU threads\n"}
,{"stream_name":"stdout","time":9854.968017593,"data":"Searching for best T0 for period 24.22641 days\n"}
,{"stream_name":"stderr","time":9861.87824718,"data":"/usr/local/lib/python3.13/dist-packages/transitleastsquares/main.py:411: UserWarning: 11 of 14 transits without data. The true period may be twice the given period.\n"}
,{"stream_name":"stderr","time":9861.87831242,"data":"  warnings.warn(text)\n"}
,{"stream_name":"stdout","time":9872.889244533,"data":"Transit Least Squares TLS 1.32 (5 Apr 2024)\n"}
,{"stream_name":"stdout","time":9872.904530005,"data":"Creating model cache for 43 durations\n"}
,{"stream_name":"stdout","time":9872.929692725,"data":"Searching 12959 data points, 36040 periods from 0.6 to 29.998 days\n"}
,{"stream_name":"stdout","time":9872.929896036,"data":"Using 1 of 4 CPU threads\n"}
,{"stream_name":"stdout","time":9901.275014322,"data":"Searching for best T0 for period 2.13256 days\n"}
,{"stream_name":"stderr","time":9917.212912524,"data":"/usr/local/lib/python3.13/dist-packages/transitleastsquares/main.py:411: UserWarning: 82 of 128 transits without data. The true period may be twice the given period.\n"}
,{"stream_name":"stderr","time":9917.212977981,"data":"  warnings.warn(text)\n"}
,{"stream_name":"stdout","time":9929.302265715,"data":"Transit Least Squares TLS 1.32 (5 Apr 2024)\n"}
,{"stream_name":"stdout","time":9929.30517089,"data":"Creating model cache for 43 durations\n"}
,{"stream_name":"stdout","time":9929.31953423,"data":"Searching 7594 data points, 5525 periods from 0.618 to 27.961 days\n"}
,{"stream_name":"stdout","time":9929.319672454,"data":"Using 1 of 4 CPU threads\n"}
,{"stream_name":"stdout","time":10035.072584731,"data":"Searching for best T0 for period 2.28253 days\n"}
,{"stream_name":"stdout","time":10046.337533722,"data":"Transit Least Squares TLS 1.32 (5 Apr 2024)\n"}
,{"stream_name":"stdout","time":10046.34213217,"data":"Creating model cache for 43 durations\n"}
,{"stream_name":"stdout","time":10046.3587592,"data":"Searching 7151 data points, 8782 periods from 0.5 to 27.961 days\n"}
,{"stream_name":"stdout","time":10046.359110615,"data":"Using 1 of 4 CPU threads\n"}
,{"stream_name":"stdout","time":10152.083887726,"data":"Searching for best T0 for period 0.52444 days\n"}
,{"stream_name":"stderr","time":10156.285969748,"data":"/usr/local/lib/python3.13/dist-packages/transitleastsquares/main.py:411: UserWarning: 254 of 464 transits without data. The true period may be twice the given period.\n"}
,{"stream_name":"stderr","time":10156.286017176,"data":"  warnings.warn(text)\n"}
,{"stream_name":"stdout","time":10177.333193845,"data":"Transit Least Squares TLS 1.32 (5 Apr 2024)\n"}
,{"stream_name":"stdout","time":10177.334979918,"data":"Creating model cache for 42 durations\n"}
,{"stream_name":"stdout","time":10177.348809389,"data":"Searching 6117 data points, 3309 periods from 0.843 to 24.382 days\n"}
,{"stream_name":"stdout","time":10177.348928,"data":"Using 1 of 4 CPU threads\n"}
,{"stream_name":"stdout","time":10226.279896545,"data":"Searching for best T0 for period 6.79212 days\n"}
,{"stream_name":"stdout","time":10237.905362925,"data":"Transit Least Squares TLS 1.32 (5 Apr 2024)\n"}
,{"stream_name":"stdout","time":10237.920108294,"data":"Creating model cache for 43 durations\n"}
,{"stream_name":"stdout","time":10237.944717154,"data":"Searching 10440 data points, 34243 periods from 0.5 to 30.0 days\n"}
,{"stream_name":"stdout","time":10237.944800839,"data":"Using 1 of 4 CPU threads\n"}
,{"stream_name":"stdout","time":10256.423663118,"data":"Searching for best T0 for period 1.13769 days\n"}
,{"stream_name":"stdout","time":10265.777977678,"data":"Transit Least Squares TLS 1.32 (5 Apr 2024)\n"}
,{"stream_name":"stdout","time":10265.780224279,"data":"Creating model cache for 42 durations\n"}
,{"stream_name":"stdout","time":10265.794138066,"data":"Searching 6117 data points, 3309 periods from 0.843 to 24.382 days\n"}
,{"stream_name":"stdout","time":10265.79451726,"data":"Using 1 of 4 CPU threads\n"}
,{"stream_name":"stdout","time":10332.145601357,"data":"Searching for best T0 for period 5.17522 days\n"}
,{"stream_name":"stdout","time":10339.189853296,"data":"Transit Least Squares TLS 1.32 (5 Apr 2024)\n"}
,{"stream_name":"stdout","time":10339.191749861,"data":"Creating model cache for 38 durations\n"}
,{"stream_name":"stdout","time":10339.205128212,"data":"Searching 3518 data points, 2431 periods from 0.615 to 13.67 days\n"}
,{"stream_name":"stdout","time":10339.205481123,"data":"Using 1 of 4 CPU threads\n"}
,{"stream_name":"stdout","time":10343.257079185,"data":"Searching for best T0 for period 1.11463 days\n"}
,{"stream_name":"stderr","time":10346.68643297,"data":"/usr/local/lib/python3.13/dist-packages/transitleastsquares/main.py:411: UserWarning: 258 of 337 transits without data. The true period may be twice the given period.\n"}
,{"stream_name":"stderr","time":10346.68650776,"data":"  warnings.warn(text)\n"}
,{"stream_name":"stdout","time":10361.650599596,"data":"Transit Least Squares TLS 1.32 (5 Apr 2024)\n"}
,{"stream_name":"stdout","time":10361.664328226,"data":"Creating model cache for 43 durations\n"}
,{"stream_name":"stdout","time":10361.688482367,"data":"Searching 9065 data points, 33500 periods from 0.554 to 29.998 days\n"}
,{"stream_name":"stdout","time":10361.688555071,"data":"Using 1 of 4 CPU threads\n"}
,{"stream_name":"stdout","time":10370.622054173,"data":"Searching for best T0 for period 2.36153 days\n"}
,{"stream_name":"stdout","time":10376.155750383,"data":"Transit Least Squares TLS 1.32 (5 Apr 2024)\n"}
,{"stream_name":"stdout","time":10376.15749224,"data":"Creating model cache for 38 durations\n"}
,{"stream_name":"stdout","time":10376.169074601,"data":"Searching 3518 data points, 2431 periods from 0.615 to 13.67 days\n"}
,{"stream_name":"stdout","time":10376.169358786,"data":"Using 1 of 4 CPU threads\n"}
,{"stream_name":"stdout","time":10398.559114285,"data":"Searching for best T0 for period 13.60941 days\n"}
,{"stream_name":"stdout","time":10402.444485713,"data":"Transit Least Squares TLS 1.32 (5 Apr 2024)\n"}
,{"stream_name":"stdout","time":10402.444530867,"data":"Creating model cache for 37 durations\n"}
,{"stream_name":"stdout","time":10402.453201262,"data":"Searching 2810 data points, 920 periods from 1.232 to 12.431 days\n"}
,{"stream_name":"stdout","time":10402.453553737,"data":"Using 1 of 4 CPU threads\n"}
,{"stream_name":"stdout","time":10409.793473367,"data":"Searching for best T0 for period 1.34692 days\n"}
,{"stream_name":"stdout","time":10415.696835045,"data":"Transit Least Squares TLS 1.32 (5 Apr 2024)\n"}
,{"stream_name":"stdout","time":10415.698399435,"data":"Creating model cache for 43 durations\n"}
,{"stream_name":"stdout","time":10415.711879967,"data":"Searching 6527 data points, 2859 periods from 1.035 to 26.42 days\n"}
,{"stream_name":"stdout","time":10415.712205382,"data":"Using 1 of 4 CPU threads\n"}
,{"stream_name":"stdout","time":10453.110405226,"data":"Searching for best T0 for period 14.36681 days\n"}
,{"stream_name":"stderr","time":10455.216873207,"data":"/usr/local/lib/python3.13/dist-packages/transitleastsquares/main.py:411: UserWarning: 2 of 3 transits without data. The true period may be twice the given period.\n"}
,{"stream_name":"stderr","time":10455.216920097,"data":"  warnings.warn(text)\n"}
,{"stream_name":"stdout","time":10459.747510847,"data":"Transit Least Squares TLS 1.32 (5 Apr 2024)\n"}
,{"stream_name":"stdout","time":10459.749068214,"data":"Creating model cache for 38 durations\n"}
,{"stream_name":"stdout","time":10459.760810884,"data":"Searching 3343 data points, 2871 periods from 0.514 to 13.157 days\n"}
,{"stream_name":"stdout","time":10459.760942581,"data":"Using 1 of 4 CPU threads\n"}
,{"stream_name":"stdout","time":10487.120049243,"data":"Searching for best T0 for period 4.70819 days\n"}
,{"stream_name":"stdout","time":10497.329353102,"data":"Transit Least Squares TLS 1.32 (5 Apr 2024)\n"}
,{"stream_name":"stdout","time":10497.341188049,"data":"Creating model cache for 43 durations\n"}
,{"stream_name":"stdout","time":10497.363795447,"data":"Searching 16200 data points, 26779 periods from 0.505 to 29.995 days\n"}
,{"stream_name":"stdout","time":10497.364351458,"data":"Using 1 of 4 CPU threads\n"}
,{"stream_name":"stdout","time":11160.672496875,"data":"Searching for best T0 for period 23.84191 days\n"}
,{"stream_name":"stderr","time":11165.309685382,"data":"/usr/local/lib/python3.13/dist-packages/transitleastsquares/main.py:411: UserWarning: 6 of 9 transits without data. The true period may be twice the given period.\n"}
,{"stream_name":"stderr","time":11165.30973681,"data":"  warnings.warn(text)\n"}
,{"stream_name":"stdout","time":11174.699000344,"data":"Transit Least Squares TLS 1.32 (5 Apr 2024)\n"}
,{"stream_name":"stdout","time":11174.713745205,"data":"Creating model cache for 43 durations\n"}
,{"stream_name":"stdout","time":11174.74091318,"data":"Searching 10440 data points, 34243 periods from 0.5 to 30.0 days\n"}
,{"stream_name":"stdout","time":11174.741029081,"data":"Using 1 of 4 CPU threads\n"}
,{"stream_name":"stdout","time":11327.098408821,"data":"Searching for best T0 for period 18.38853 days\n"}
,{"stream_name":"stderr","time":11336.416790703,"data":"/usr/local/lib/python3.13/dist-packages/transitleastsquares/main.py:411: UserWarning: 5 of 12 transits without data. The true period may be twice the given period.\n"}
,{"stream_name":"stderr","time":11336.416836572,"data":"  warnings.warn(text)\n"}
,{"stream_name":"stdout","time":11350.577917945,"data":"Transit Least Squares TLS 1.32 (5 Apr 2024)\n"}
,{"stream_name":"stdout","time":11350.589548841,"data":"Creating model cache for 43 durations\n"}
,{"stream_name":"stdout","time":11350.612506567,"data":"Searching 16200 data points, 26779 periods from 0.505 to 29.995 days\n"}
,{"stream_name":"stdout","time":11350.612761182,"data":"Using 1 of 4 CPU threads\n"}
,{"stream_name":"stdout","time":11355.293683518,"data":"Searching for best T0 for period 3.25980 days\n"}
,{"stream_name":"stderr","time":11358.177105196,"data":"/usr/local/lib/python3.13/dist-packages/transitleastsquares/main.py:411: UserWarning: 81 of 107 transits without data. The true period may be twice the given period.\n"}
,{"stream_name":"stderr","time":11358.1771715,"data":"  warnings.warn(text)\n"}
,{"stream_name":"stdout","time":11371.591710695,"data":"Transit Least Squares TLS 1.32 (5 Apr 2024)\n"}
,{"stream_name":"stdout","time":11371.606186934,"data":"Creating model cache for 43 durations\n"}
,{"stream_name":"stdout","time":11371.633215944,"data":"Searching 12959 data points, 36040 periods from 0.6 to 29.998 days\n"}
,{"stream_name":"stdout","time":11371.633599682,"data":"Using 1 of 4 CPU threads\n"}
,{"stream_name":"stdout","time":11404.167363653,"data":"Searching for best T0 for period 1.23141 days\n"}
,{"stream_name":"stderr","time":11406.472340956,"data":"/usr/local/lib/python3.13/dist-packages/transitleastsquares/main.py:411: UserWarning: 189 of 242 transits without data. The true period may be twice the given period.\n"}
,{"stream_name":"stderr","time":11406.472384685,"data":"  warnings.warn(text)\n"}
,{"stream_name":"stdout","time":11418.389528979,"data":"Transit Least Squares TLS 1.32 (5 Apr 2024)\n"}
,{"stream_name":"stdout","time":11418.40545433,"data":"Creating model cache for 43 durations\n"}
,{"stream_name":"stdout","time":11418.432651925,"data":"Searching 12656 data points, 42348 periods from 0.554 to 29.998 days\n"}
,{"stream_name":"stdout","time":11418.432917169,"data":"Using 1 of 4 CPU threads\n"}
,{"stream_name":"stdout","time":11938.972260952,"data":"Searching for best T0 for period 1.91675 days\n"}
,{"stream_name":"stderr","time":11945.555693629,"data":"/usr/local/lib/python3.13/dist-packages/transitleastsquares/main.py:411: UserWarning: 99 of 113 transits without data. The true period may be twice the given period.\n"}
,{"stream_name":"stderr","time":11945.555776405,"data":"  warnings.warn(text)\n"}
,{"stream_name":"stdout","time":11952.719169684,"data":"Transit Least Squares TLS 1.32 (5 Apr 2024)\n"}
,{"stream_name":"stdout","time":11952.721475166,"data":"Creating model cache for 38 durations\n"}
,{"stream_name":"stdout","time":11952.733481411,"data":"Searching 3263 data points, 3690 periods from 0.5 to 13.322 days\n"}
,{"stream_name":"stdout","time":11952.733718875,"data":"Using 1 of 4 CPU threads\n"}
,{"stream_name":"stdout","time":11983.356101895,"data":"Searching for best T0 for period 1.29582 days\n"}
,{"stream_name":"stdout","time":11989.400033515,"data":"Transit Least Squares TLS 1.32 (5 Apr 2024)\n"}
,{"stream_name":"stdout","time":11989.402742041,"data":"Creating model cache for 38 durations\n"}
,{"stream_name":"stdout","time":11989.416970844,"data":"Searching 3263 data points, 3690 periods from 0.5 to 13.322 days\n"}
,{"stream_name":"stdout","time":11989.417253862,"data":"Using 1 of 4 CPU threads\n"}
,{"stream_name":"stdout","time":12028.989273509,"data":"Searching for best T0 for period 3.19487 days\n"}
,{"stream_name":"stdout","time":12033.733505503,"data":"Transit Least Squares TLS 1.32 (5 Apr 2024)\n"}
,{"stream_name":"stdout","time":12033.735350828,"data":"Creating model cache for 38 durations\n"}
,{"stream_name":"stdout","time":12033.747357789,"data":"Searching 3263 data points, 3690 periods from 0.5 to 13.322 days\n"}
,{"stream_name":"stdout","time":12033.747511161,"data":"Using 1 of 4 CPU threads\n"}
,{"stream_name":"stdout","time":12064.212555101,"data":"Searching for best T0 for period 10.55266 days\n"}
,{"stream_name":"stdout","time":12068.979306269,"data":"Transit Least Squares TLS 1.32 (5 Apr 2024)\n"}
,{"stream_name":"stdout","time":12068.981507055,"data":"Creating model cache for 42 durations\n"}
,{"stream_name":"stdout","time":12068.995385543,"data":"Searching 6393 data points, 4863 periods from 0.623 to 25.191 days\n"}
,{"stream_name":"stdout","time":12068.995447656,"data":"Using 1 of 4 CPU threads\n"}
,{"stream_name":"stdout","time":12127.637543113,"data":"Searching for best T0 for period 3.25189 days\n"}
,{"stream_name":"stdout","time":12135.788155272,"data":"Transit Least Squares TLS 1.32 (5 Apr 2024)\n"}
,{"stream_name":"stdout","time":12135.79083107,"data":"Creating model cache for 42 durations\n"}
,{"stream_name":"stdout","time":12135.804516743,"data":"Searching 6393 data points, 4863 periods from 0.623 to 25.191 days\n"}
,{"stream_name":"stdout","time":12135.804624656,"data":"Using 1 of 4 CPU threads\n"}
,{"stream_name":"stdout","time":12193.641733534,"data":"Searching for best T0 for period 1.31883 days\n"}
,{"stream_name":"stdout","time":12202.215498761,"data":"Transit Least Squares TLS 1.32 (5 Apr 2024)\n"}
,{"stream_name":"stdout","time":12202.217623234,"data":"Creating model cache for 42 durations\n"}
,{"stream_name":"stdout","time":12202.230920268,"data":"Searching 6393 data points, 4863 periods from 0.623 to 25.191 days\n"}
,{"stream_name":"stdout","time":12202.230955556,"data":"Using 1 of 4 CPU threads\n"}
,{"stream_name":"stdout","time":12273.14973121,"data":"Searching for best T0 for period 10.53499 days\n"}
,{"stream_name":"stdout","time":12274.399361352,"data":"Searching for best T0 for period 3.21673 days\n"}
,{"stream_name":"stderr","time":12277.274782704,"data":"/usr/local/lib/python3.13/dist-packages/transitleastsquares/main.py:411: UserWarning: 79 of 109 transits without data. The true period may be twice the given period.\n"}
,{"stream_name":"stderr","time":12277.274825001,"data":"  warnings.warn(text)\n"}
,{"stream_name":"stdout","time":12279.664933217,"data":"Transit Least Squares TLS 1.32 (5 Apr 2024)\n"}
,{"stream_name":"stdout","time":12279.665893767,"data":"Creating model cache for 37 durations\n"}
,{"stream_name":"stdout","time":12279.679342018,"data":"Searching 2945 data points, 1311 periods from 0.904 to 12.069 days\n"}
,{"stream_name":"stdout","time":12279.67941449,"data":"Using 1 of 4 CPU threads\n"}
,{"stream_name":"stdout","time":12290.705335304,"data":"Transit Least Squares TLS 1.32 (5 Apr 2024)\n"}
,{"stream_name":"stdout","time":12290.721933127,"data":"Creating model cache for 43 durations\n"}
,{"stream_name":"stdout","time":12290.746795632,"data":"Searching 12959 data points, 36040 periods from 0.6 to 29.998 days\n"}
,{"stream_name":"stdout","time":12290.746836902,"data":"Using 1 of 4 CPU threads\n"}
,{"stream_name":"stdout","time":12291.524875267,"data":"Searching for best T0 for period 5.85897 days\n"}
,{"stream_name":"stdout","time":12295.961140758,"data":"Transit Least Squares TLS 1.32 (5 Apr 2024)\n"}
,{"stream_name":"stdout","time":12295.962360847,"data":"Creating model cache for 37 durations\n"}
,{"stream_name":"stdout","time":12295.97378054,"data":"Searching 2945 data points, 1311 periods from 0.904 to 12.069 days\n"}
,{"stream_name":"stdout","time":12295.97391316,"data":"Using 1 of 4 CPU threads\n"}
,{"stream_name":"stdout","time":12307.081584903,"data":"Searching for best T0 for period 3.53349 days\n"}
,{"stream_name":"stdout","time":12311.451537749,"data":"Transit Least Squares TLS 1.32 (5 Apr 2024)\n"}
,{"stream_name":"stdout","time":12311.452551589,"data":"Creating model cache for 37 durations\n"}
,{"stream_name":"stdout","time":12311.464007563,"data":"Searching 2945 data points, 1311 periods from 0.904 to 12.069 days\n"}
,{"stream_name":"stdout","time":12311.464161888,"data":"Using 1 of 4 CPU threads\n"}
,{"stream_name":"stdout","time":12321.299400215,"data":"Searching for best T0 for period 9.64684 days\n"}
,{"stream_name":"stdout","time":12326.007414806,"data":"Transit Least Squares TLS 1.32 (5 Apr 2024)\n"}
,{"stream_name":"stdout","time":12326.00920231,"data":"Creating model cache for 43 durations\n"}
,{"stream_name":"stdout","time":12326.023477931,"data":"Searching 5966 data points, 3850 periods from 0.831 to 27.402 days\n"}
,{"stream_name":"stdout","time":12326.023690351,"data":"Using 1 of 4 CPU threads\n"}
,{"stream_name":"stdout","time":12412.224784361,"data":"Searching for best T0 for period 1.03385 days\n"}
,{"stream_name":"stdout","time":12420.581854935,"data":"Transit Least Squares TLS 1.32 (5 Apr 2024)\n"}
,{"stream_name":"stdout","time":12420.58404549,"data":"Creating model cache for 43 durations\n"}
,{"stream_name":"stdout","time":12420.597942904,"data":"Searching 5966 data points, 3850 periods from 0.831 to 27.402 days\n"}
,{"stream_name":"stdout","time":12420.598348077,"data":"Using 1 of 4 CPU threads\n"}
,{"stream_name":"stdout","time":12434.814792838,"data":"Searching for best T0 for period 2.54306 days\n"}
,{"stream_name":"stderr","time":12439.409784297,"data":"/usr/local/lib/python3.13/dist-packages/transitleastsquares/main.py:411: UserWarning: 112 of 148 transits without data. The true period may be twice the given period.\n"}
,{"stream_name":"stderr","time":12439.409842522,"data":"  warnings.warn(text)\n"}
,{"stream_name":"stdout","time":12452.396560759,"data":"Transit Least Squares TLS 1.32 (5 Apr 2024)\n"}
,{"stream_name":"stdout","time":12452.417433252,"data":"Creating model cache for 43 durations\n"}
,{"stream_name":"stdout","time":12452.442943232,"data":"Searching 12656 data points, 42348 periods from 0.554 to 29.998 days\n"}
,{"stream_name":"stdout","time":12452.443148939,"data":"Using 1 of 4 CPU threads\n"}
,{"stream_name":"stdout","time":12472.666191146,"data":"Searching for best T0 for period 7.15216 days\n"}
,{"stream_name":"stdout","time":12479.967835077,"data":"Transit Least Squares TLS 1.32 (5 Apr 2024)\n"}
,{"stream_name":"stdout","time":12479.969252208,"data":"Creating model cache for 38 durations\n"}
,{"stream_name":"stdout","time":12479.982386755,"data":"Searching 3451 data points, 1625 periods from 0.831 to 13.211 days\n"}
,{"stream_name":"stdout","time":12479.982784251,"data":"Using 1 of 4 CPU threads\n"}
,{"stream_name":"stdout","time":12499.698170525,"data":"Searching for best T0 for period 1.83577 days\n"}
,{"stream_name":"stdout","time":12506.885394735,"data":"Transit Least Squares TLS 1.32 (5 Apr 2024)\n"}
,{"stream_name":"stdout","time":12506.887389975,"data":"Creating model cache for 43 durations\n"}
,{"stream_name":"stdout","time":12506.902692883,"data":"Searching 5966 data points, 3850 periods from 0.831 to 27.402 days\n"}
,{"stream_name":"stdout","time":12506.902864049,"data":"Using 1 of 4 CPU threads\n"}
,{"stream_name":"stdout","time":12606.022527683,"data":"Searching for best T0 for period 1.07173 days\n"}
,{"stream_name":"stdout","time":12616.782026507,"data":"Transit Least Squares TLS 1.32 (5 Apr 2024)\n"}
,{"stream_name":"stdout","time":12616.784609718,"data":"Creating model cache for 43 durations\n"}
,{"stream_name":"stdout","time":12616.798633903,"data":"Searching 5966 data points, 3850 periods from 0.831 to 27.402 days\n"}
,{"stream_name":"stdout","time":12616.801341928,"data":"Using 1 of 4 CPU threads\n"}
,{"stream_name":"stdout","time":12641.790942641,"data":"Searching for best T0 for period 5.58629 days\n"}
,{"stream_name":"stderr","time":12646.521813591,"data":"/usr/local/lib/python3.13/dist-packages/transitleastsquares/main.py:411: UserWarning: 15 of 38 transits without data. The true period may be twice the given period.\n"}
,{"stream_name":"stderr","time":12646.521883523,"data":"  warnings.warn(text)\n"}
,{"stream_name":"stdout","time":12663.847347483,"data":"Transit Least Squares TLS 1.32 (5 Apr 2024)\n"}
,{"stream_name":"stdout","time":12663.859644581,"data":"Creating model cache for 43 durations\n"}
,{"stream_name":"stdout","time":12663.885359921,"data":"Searching 16200 data points, 26779 periods from 0.505 to 29.995 days\n"}
,{"stream_name":"stdout","time":12663.885485352,"data":"Using 1 of 4 CPU threads\n"}
,{"stream_name":"stdout","time":12683.788920702,"data":"Searching for best T0 for period 2.38939 days\n"}
,{"stream_name":"stdout","time":12698.443236667,"data":"Transit Least Squares TLS 1.32 (5 Apr 2024)\n"}
,{"stream_name":"stdout","time":12698.451025601,"data":"Creating model cache for 43 durations\n"}
,{"stream_name":"stdout","time":12698.472521955,"data":"Searching 15837 data points, 16176 periods from 0.872 to 29.992 days\n"}
,{"stream_name":"stdout","time":12698.47285016,"data":"Using 1 of 4 CPU threads\n"}
,{"stream_name":"stdout","time":13261.834373946,"data":"Searching for best T0 for period 1.37737 days\n"}
,{"stream_name":"stderr","time":13264.686758336,"data":"/usr/local/lib/python3.13/dist-packages/transitleastsquares/main.py:411: UserWarning: 190 of 254 transits without data. The true period may be twice the given period.\n"}
,{"stream_name":"stderr","time":13264.686827384,"data":"  warnings.warn(text)\n"}
,{"stream_name":"stdout","time":13280.766185847,"data":"Transit Least Squares TLS 1.32 (5 Apr 2024)\n"}
,{"stream_name":"stdout","time":13280.768828357,"data":"Creating model cache for 43 durations\n"}
,{"stream_name":"stdout","time":13280.783192251,"data":"Searching 6363 data points, 5926 periods from 0.541 to 26.052 days\n"}
,{"stream_name":"stdout","time":13280.783350513,"data":"Using 1 of 4 CPU threads\n"}
,{"stream_name":"stdout","time":13318.419498701,"data":"Searching for best T0 for period 3.92525 days\n"}
,{"stream_name":"stderr","time":13321.530855865,"data":"/usr/local/lib/python3.13/dist-packages/transitleastsquares/main.py:411: UserWarning: 32 of 61 transits without data. The true period may be twice the given period.\n"}
,{"stream_name":"stderr","time":13321.530901585,"data":"  warnings.warn(text)\n"}
,{"stream_name":"stdout","time":13335.859943806,"data":"Transit Least Squares TLS 1.32 (5 Apr 2024)\n"}
,{"stream_name":"stdout","time":13335.862720978,"data":"Creating model cache for 42 durations\n"}
,{"stream_name":"stdout","time":13335.877593164,"data":"Searching 6963 data points, 4466 periods from 0.686 to 25.749 days\n"}
,{"stream_name":"stdout","time":13335.877944289,"data":"Using 1 of 4 CPU threads\n"}
,{"stream_name":"stdout","time":13391.74916637,"data":"Searching for best T0 for period 1.11582 days\n"}
,{"stream_name":"stdout","time":13398.900494097,"data":"Searching for best T0 for period 1.62744 days\n"}
,{"stream_name":"stdout","time":13402.563530935,"data":"Transit Least Squares TLS 1.32 (5 Apr 2024)\n"}
,{"stream_name":"stdout","time":13402.565923779,"data":"Creating model cache for 42 durations\n"}
,{"stream_name":"stdout","time":13402.579411374,"data":"Searching 6963 data points, 4466 periods from 0.686 to 25.749 days\n"}
,{"stream_name":"stdout","time":13402.579631253,"data":"Using 1 of 4 CPU threads\n"}
,{"stream_name":"stdout","time":13407.538456448,"data":"Transit Least Squares TLS 1.32 (5 Apr 2024)\n"}
,{"stream_name":"stdout","time":13407.541374143,"data":"Creating model cache for 43 durations\n"}
,{"stream_name":"stdout","time":13407.558530635,"data":"Searching 6363 data points, 5926 periods from 0.541 to 26.052 days\n"}
,{"stream_name":"stdout","time":13407.558901628,"data":"Using 1 of 4 CPU threads\n"}
,{"stream_name":"stdout","time":13496.913224363,"data":"Searching for best T0 for period 4.51222 days\n"}
,{"stream_name":"stdout","time":13504.572847627,"data":"Transit Least Squares TLS 1.32 (5 Apr 2024)\n"}
,{"stream_name":"stdout","time":13504.57469651,"data":"Creating model cache for 38 durations\n"}
,{"stream_name":"stdout","time":13504.586462709,"data":"Searching 3492 data points, 3013 periods from 0.5 to 12.809 days\n"}
,{"stream_name":"stdout","time":13504.58683008,"data":"Using 1 of 4 CPU threads\n"}
,{"stream_name":"stdout","time":13520.728395745,"data":"Searching for best T0 for period 0.77665 days\n"}
,{"stream_name":"stdout","time":13531.496074697,"data":"Transit Least Squares TLS 1.32 (5 Apr 2024)\n"}
,{"stream_name":"stdout","time":13531.498235521,"data":"Creating model cache for 42 durations\n"}
,{"stream_name":"stdout","time":13531.513404709,"data":"Searching 6963 data points, 4466 periods from 0.686 to 25.749 days\n"}
,{"stream_name":"stdout","time":13531.513496608,"data":"Using 1 of 4 CPU threads\n"}
,{"stream_name":"stdout","time":13546.605481727,"data":"Searching for best T0 for period 0.60315 days\n"}
,{"stream_name":"stdout","time":13551.912063933,"data":"Transit Least Squares TLS 1.32 (5 Apr 2024)\n"}
,{"stream_name":"stdout","time":13551.913804245,"data":"Creating model cache for 38 durations\n"}
,{"stream_name":"stdout","time":13551.927064775,"data":"Searching 3492 data points, 3013 periods from 0.5 to 12.809 days\n"}
,{"stream_name":"stdout","time":13551.927268674,"data":"Using 1 of 4 CPU threads\n"}
,{"stream_name":"stdout","time":13588.631154214,"data":"Searching for best T0 for period 2.73143 days\n"}
,{"stream_name":"stdout","time":13593.344366936,"data":"Transit Least Squares TLS 1.32 (5 Apr 2024)\n"}
,{"stream_name":"stdout","time":13593.345050451,"data":"Creating model cache for 38 durations\n"}
,{"stream_name":"stdout","time":13593.356995011,"data":"Searching 3492 data points, 3013 periods from 0.5 to 12.809 days\n"}
,{"stream_name":"stdout","time":13593.357210461,"data":"Using 1 of 4 CPU threads\n"}
,{"stream_name":"stdout","time":13611.689961011,"data":"Searching for best T0 for period 2.90424 days\n"}
,{"stream_name":"stdout","time":13622.551367706,"data":"Transit Least Squares TLS 1.32 (5 Apr 2024)\n"}
,{"stream_name":"stdout","time":13622.570794539,"data":"Creating model cache for 43 durations\n"}
,{"stream_name":"stdout","time":13622.600270678,"data":"Searching 10796 data points, 47262 periods from 0.5 to 29.998 days\n"}
,{"stream_name":"stdout","time":13622.600446393,"data":"Using 1 of 4 CPU threads\n"}
,{"stream_name":"stdout","time":13629.990891704,"data":"Searching for best T0 for period 2.05832 days\n"}
,{"stream_name":"stdout","time":13638.550660526,"data":"Transit Least Squares TLS 1.32 (5 Apr 2024)\n"}
,{"stream_name":"stdout","time":13638.561217754,"data":"Creating model cache for 43 durations\n"}
,{"stream_name":"stdout","time":13638.583778701,"data":"Searching 13161 data points, 24911 periods from 0.537 to 29.994 days\n"}
,{"stream_name":"stdout","time":13638.583959632,"data":"Using 1 of 4 CPU threads\n"}
,{"stream_name":"stdout","time":13721.115785907,"data":"Searching for best T0 for period 10.96339 days\n"}
,{"stream_name":"stderr","time":13728.096696364,"data":"/usr/local/lib/python3.13/dist-packages/transitleastsquares/main.py:411: UserWarning: 10 of 20 transits without data. The true period may be twice the given period.\n"}
,{"stream_name":"stderr","time":13728.096744196,"data":"  warnings.warn(text)\n"}
,{"stream_name":"stdout","time":13740.105341294,"data":"Transit Least Squares TLS 1.32 (5 Apr 2024)\n"}
,{"stream_name":"stdout","time":13740.111935744,"data":"Creating model cache for 43 durations\n"}
,{"stream_name":"stdout","time":13740.1294048,"data":"Searching 8901 data points, 12747 periods from 0.505 to 29.998 days\n"}
,{"stream_name":"stdout","time":13740.12976226,"data":"Using 1 of 4 CPU threads\n"}
,{"stream_name":"stdout","time":13810.047478911,"data":"Searching for best T0 for period 10.31202 days\n"}
,{"stream_name":"stderr","time":13817.802782791,"data":"/usr/local/lib/python3.13/dist-packages/transitleastsquares/main.py:411: UserWarning: 28 of 37 transits without data. The true period may be twice the given period.\n"}
,{"stream_name":"stderr","time":13817.802829076,"data":"  warnings.warn(text)\n"}
,{"stream_name":"stdout","time":13827.312910576,"data":"Transit Least Squares TLS 1.32 (5 Apr 2024)\n"}
,{"stream_name":"stdout","time":13827.3285422,"data":"Creating model cache for 43 durations\n"}
,{"stream_name":"stdout","time":13827.352982848999,"data":"Searching 9065 data points, 33500 periods from 0.554 to 29.998 days\n"}
,{"stream_name":"stdout","time":13827.353172448,"data":"Using 1 of 4 CPU threads\n"}
,{"stream_name":"stdout","time":14150.271190802,"data":"Searching for best T0 for period 0.54590 days\n"}
,{"stream_name":"stderr","time":14151.680412744,"data":"/usr/local/lib/python3.13/dist-packages/transitleastsquares/main.py:411: UserWarning: 73 of 186 transits without data. The true period may be twice the given period.\n"}
,{"stream_name":"stderr","time":14151.680457848,"data":"  warnings.warn(text)\n"}
,{"stream_name":"stdout","time":14165.704695254,"data":"Transit Least Squares TLS 1.32 (5 Apr 2024)\n"}
,{"stream_name":"stdout","time":14165.706727706,"data":"Creating model cache for 43 durations\n"}
,{"stream_name":"stdout","time":14165.722441285,"data":"Searching 7598 data points, 3731 periods from 0.871 to 27.961 days\n"}
,{"stream_name":"stdout","time":14165.722478646,"data":"Using 1 of 4 CPU threads\n"}
,{"stream_name":"stdout","time":14218.633790877,"data":"Searching for best T0 for period 6.99920 days\n"}
,{"stream_name":"stderr","time":14221.568441186,"data":"/usr/local/lib/python3.13/dist-packages/transitleastsquares/main.py:411: UserWarning: 3 of 8 transits without data. The true period may be twice the given period.\n"}
,{"stream_name":"stderr","time":14221.568482548,"data":"  warnings.warn(text)\n"}
,{"stream_name":"stdout","time":14228.172521687,"data":"Transit Least Squares TLS 1.32 (5 Apr 2024)\n"}
,{"stream_name":"stdout","time":14228.174493776,"data":"Creating model cache for 43 durations\n"}
,{"stream_name":"stdout","time":14228.188567731,"data":"Searching 7598 data points, 3731 periods from 0.871 to 27.961 days\n"}
,{"stream_name":"stdout","time":14228.188881453,"data":"Using 1 of 4 CPU threads\n"}
,{"stream_name":"stdout","time":14299.23713089,"data":"Searching for best T0 for period 1.00004 days\n"}
,{"stream_name":"stdout","time":14311.146769571,"data":"Transit Least Squares TLS 1.32 (5 Apr 2024)\n"}
,{"stream_name":"stdout","time":14311.148819042,"data":"Creating model cache for 43 durations\n"}
,{"stream_name":"stdout","time":14311.166466291,"data":"Searching 7598 data points, 3731 periods from 0.871 to 27.961 days\n"}
,{"stream_name":"stdout","time":14311.166542386,"data":"Using 1 of 4 CPU threads\n"}
,{"stream_name":"stdout","time":14404.786498759,"data":"Searching for best T0 for period 3.10699 days\n"}
,{"stream_name":"stdout","time":14414.692025404,"data":"Transit Least Squares TLS 1.32 (5 Apr 2024)\n"}
,{"stream_name":"stdout","time":14414.694123697,"data":"Creating model cache for 43 durations\n"}
,{"stream_name":"stdout","time":14414.707864039,"data":"Searching 7598 data points, 3731 periods from 0.871 to 27.961 days\n"}
,{"stream_name":"stdout","time":14414.710443316,"data":"Using 1 of 4 CPU threads\n"}
,{"stream_name":"stdout","time":14469.093871207,"data":"Searching for best T0 for period 1.66334 days\n"}
,{"stream_name":"stdout","time":14479.643336767,"data":"Transit Least Squares TLS 1.32 (5 Apr 2024)\n"}
,{"stream_name":"stdout","time":14479.644991255,"data":"Creating model cache for 37 durations\n"}
,{"stream_name":"stdout","time":14479.656336505,"data":"Searching 3361 data points, 2659 periods from 0.508 to 12.18 days\n"}
,{"stream_name":"stdout","time":14479.656553753,"data":"Using 1 of 4 CPU threads\n"}
,{"stream_name":"stdout","time":14490.969477406,"data":"Searching for best T0 for period 0.75770 days\n"}
,{"stream_name":"stderr","time":14493.756018654,"data":"/usr/local/lib/python3.13/dist-packages/transitleastsquares/main.py:411: UserWarning: 308 of 393 transits without data. The true period may be twice the given period.\n"}
,{"stream_name":"stderr","time":14493.756060843,"data":"  warnings.warn(text)\n"}
,{"stream_name":"stdout","time":14501.492804428,"data":"201/406 14054s\n"}
,{"stream_name":"stdout","time":14502.356018545,"data":"Transit Least Squares TLS 1.32 (5 Apr 2024)\n"}
,{"stream_name":"stdout","time":14502.357227999,"data":"Creating model cache for 37 durations\n"}
,{"stream_name":"stdout","time":14502.368737993,"data":"Searching 2835 data points, 1981 periods from 0.644 to 12.065 days\n"}
,{"stream_name":"stdout","time":14502.368868475,"data":"Using 1 of 4 CPU threads\n"}
,{"stream_name":"stdout","time":14510.881888938,"data":"Searching for best T0 for period 1.27074 days\n"}
,{"stream_name":"stdout","time":14516.056311765,"data":"Transit Least Squares TLS 1.32 (5 Apr 2024)\n"}
,{"stream_name":"stdout","time":14516.057942798,"data":"Creating model cache for 37 durations\n"}
,{"stream_name":"stdout","time":14516.069568396,"data":"Searching 3361 data points, 2659 periods from 0.508 to 12.18 days\n"}
,{"stream_name":"stdout","time":14516.069738771,"data":"Using 1 of 4 CPU threads\n"}
,{"stream_name":"stdout","time":14523.823369114,"data":"Searching for best T0 for period 1.94379 days\n"}
,{"stream_name":"stdout","time":14527.867260981,"data":"Transit Least Squares TLS 1.32 (5 Apr 2024)\n"}
,{"stream_name":"stdout","time":14527.869094682,"data":"Creating model cache for 37 durations\n"}
,{"stream_name":"stdout","time":14527.880369211,"data":"Searching 2835 data points, 1981 periods from 0.644 to 12.065 days\n"}
,{"stream_name":"stdout","time":14527.880740331,"data":"Using 1 of 4 CPU threads\n"}
,{"stream_name":"stdout","time":14542.287669564,"data":"Searching for best T0 for period 1.48082 days\n"}
,{"stream_name":"stdout","time":14546.048248953,"data":"Searching for best T0 for period 4.81027 days\n"}
,{"stream_name":"stdout","time":14550.228027585,"data":"Transit Least Squares TLS 1.32 (5 Apr 2024)\n"}
,{"stream_name":"stdout","time":14550.238442778,"data":"Creating model cache for 43 durations\n"}
,{"stream_name":"stdout","time":14550.25964355,"data":"Searching 11039 data points, 20310 periods from 0.5 to 29.993 days\n"}
,{"stream_name":"stdout","time":14550.259811236,"data":"Using 1 of 4 CPU threads\n"}
,{"stream_name":"stdout","time":14554.67026313,"data":"Transit Least Squares TLS 1.32 (5 Apr 2024)\n"}
,{"stream_name":"stdout","time":14554.678603641,"data":"Creating model cache for 43 durations\n"}
,{"stream_name":"stdout","time":14554.698996706,"data":"Searching 17486 data points, 19489 periods from 0.509 to 29.996 days\n"}
,{"stream_name":"stdout","time":14554.699101648,"data":"Using 1 of 4 CPU threads\n"}
,{"stream_name":"stdout","time":14740.986954402,"data":"Searching for best T0 for period 0.60469 days\n"}
,{"stream_name":"stderr","time":14743.880345386,"data":"/usr/local/lib/python3.13/dist-packages/transitleastsquares/main.py:411: UserWarning: 203 of 354 transits without data. The true period may be twice the given period.\n"}
,{"stream_name":"stderr","time":14743.880390502,"data":"  warnings.warn(text)\n"}
,{"stream_name":"stdout","time":14760.259749134,"data":"Transit Least Squares TLS 1.32 (5 Apr 2024)\n"}
,{"stream_name":"stdout","time":14760.265082284,"data":"Creating model cache for 43 durations\n"}
,{"stream_name":"stdout","time":14760.291358915,"data":"Searching 9783 data points, 10715 periods from 0.5 to 29.992 days\n"}
,{"stream_name":"stdout","time":14760.291420969,"data":"Using 1 of 4 CPU threads\n"}
,{"stream_name":"stdout","time":14951.330054172,"data":"Searching for best T0 for period 1.88083 days\n"}
,{"stream_name":"stdout","time":14963.845054414,"data":"Transit Least Squares TLS 1.32 (5 Apr 2024)\n"}
,{"stream_name":"stdout","time":14963.849868119,"data":"Creating model cache for 43 durations\n"}
,{"stream_name":"stdout","time":14963.86676609,"data":"Searching 9783 data points, 10715 periods from 0.5 to 29.992 days\n"}
,{"stream_name":"stdout","time":14963.866919489,"data":"Using 1 of 4 CPU threads\n"}
,{"stream_name":"stdout","time":15134.735349992,"data":"Searching for best T0 for period 11.91438 days\n"}
,{"stream_name":"stderr","time":15140.356297394,"data":"/usr/local/lib/python3.13/dist-packages/transitleastsquares/main.py:411: UserWarning: 3 of 9 transits without data. The true period may be twice the given period.\n"}
,{"stream_name":"stderr","time":15140.356345528,"data":"  warnings.warn(text)\n"}
,{"stream_name":"stdout","time":15142.818700903,"data":"Searching for best T0 for period 2.98350 days\n"}
,{"stream_name":"stderr","time":15146.518156601,"data":"/usr/local/lib/python3.13/dist-packages/transitleastsquares/main.py:411: UserWarning: 94 of 120 transits without data. The true period may be twice the given period.\n"}
,{"stream_name":"stderr","time":15146.518200365,"data":"  warnings.warn(text)\n"}
,{"stream_name":"stdout","time":15149.569583541,"data":"Searching for best T0 for period 2.09870 days\n"}
,{"stream_name":"stdout","time":15151.097597564,"data":"Transit Least Squares TLS 1.32 (5 Apr 2024)\n"}
,{"stream_name":"stdout","time":15151.109298971,"data":"Creating model cache for 43 durations\n"}
,{"stream_name":"stdout","time":15151.132819565,"data":"Searching 14361 data points, 25538 periods from 0.5 to 29.997 days\n"}
,{"stream_name":"stdout","time":15151.133159219,"data":"Using 1 of 4 CPU threads\n"}
,{"stream_name":"stdout","time":15154.898060146,"data":"Transit Least Squares TLS 1.32 (5 Apr 2024)\n"}
,{"stream_name":"stdout","time":15154.915311908,"data":"Creating model cache for 43 durations\n"}
,{"stream_name":"stdout","time":15154.941470993,"data":"Searching 6848 data points, 43362 periods from 0.5 to 29.999 days\n"}
,{"stream_name":"stdout","time":15154.941662886,"data":"Using 1 of 4 CPU threads\n"}
,{"stream_name":"stdout","time":15167.222574366,"data":"Transit Least Squares TLS 1.32 (5 Apr 2024)\n"}
,{"stream_name":"stdout","time":15167.223956848,"data":"Creating model cache for 37 durations\n"}
,{"stream_name":"stdout","time":15167.235087657,"data":"Searching 2978 data points, 2491 periods from 0.522 to 11.854 days\n"}
,{"stream_name":"stdout","time":15167.235198016,"data":"Using 1 of 4 CPU threads\n"}
,{"stream_name":"stdout","time":15187.563026893,"data":"Searching for best T0 for period 6.14345 days\n"}
,{"stream_name":"stdout","time":15191.568529016,"data":"Transit Least Squares TLS 1.32 (5 Apr 2024)\n"}
,{"stream_name":"stdout","time":15191.570323574,"data":"Creating model cache for 37 durations\n"}
,{"stream_name":"stdout","time":15191.581920781,"data":"Searching 2978 data points, 2491 periods from 0.522 to 11.854 days\n"}
,{"stream_name":"stdout","time":15191.582110711,"data":"Using 1 of 4 CPU threads\n"}
,{"stream_name":"stdout","time":15208.818602177,"data":"Searching for best T0 for period 3.32660 days\n"}
,{"stream_name":"stdout","time":15213.62434336,"data":"Transit Least Squares TLS 1.32 (5 Apr 2024)\n"}
,{"stream_name":"stdout","time":15213.625196099,"data":"Creating model cache for 37 durations\n"}
,{"stream_name":"stdout","time":15213.637388879,"data":"Searching 2978 data points, 2491 periods from 0.522 to 11.854 days\n"}
,{"stream_name":"stdout","time":15213.63742451,"data":"Using 1 of 4 CPU threads\n"}
,{"stream_name":"stdout","time":15235.018019194,"data":"Searching for best T0 for period 6.82094 days\n"}
,{"stream_name":"stdout","time":15238.762815126,"data":"Transit Least Squares TLS 1.32 (5 Apr 2024)\n"}
,{"stream_name":"stdout","time":15238.764239302,"data":"Creating model cache for 37 durations\n"}
,{"stream_name":"stdout","time":15238.775363809,"data":"Searching 2978 data points, 2491 periods from 0.522 to 11.854 days\n"}
,{"stream_name":"stdout","time":15238.775542415,"data":"Using 1 of 4 CPU threads\n"}
,{"stream_name":"stdout","time":15261.156272844,"data":"Searching for best T0 for period 6.83348 days\n"}
,{"stream_name":"stdout","time":15266.734916867,"data":"Transit Least Squares TLS 1.32 (5 Apr 2024)\n"}
,{"stream_name":"stdout","time":15266.736480782,"data":"Creating model cache for 37 durations\n"}
,{"stream_name":"stdout","time":15266.747994817,"data":"Searching 2978 data points, 2491 periods from 0.522 to 11.854 days\n"}
,{"stream_name":"stdout","time":15266.748167175,"data":"Using 1 of 4 CPU threads\n"}
,{"stream_name":"stdout","time":15283.243309019,"data":"Searching for best T0 for period 11.57082 days\n"}
,{"stream_name":"stdout","time":15287.197684976,"data":"Searching for best T0 for period 1.33002 days\n"}
,{"stream_name":"stdout","time":15289.601527214,"data":"Transit Least Squares TLS 1.32 (5 Apr 2024)\n"}
,{"stream_name":"stdout","time":15289.604062914,"data":"Creating model cache for 42 durations\n"}
,{"stream_name":"stdout","time":15289.618321285,"data":"Searching 5574 data points, 5580 periods from 0.553 to 25.253 days\n"}
,{"stream_name":"stdout","time":15289.618488045,"data":"Using 1 of 4 CPU threads\n"}
,{"stream_name":"stdout","time":15297.390984868,"data":"Transit Least Squares TLS 1.32 (5 Apr 2024)\n"}
,{"stream_name":"stdout","time":15297.392672504,"data":"Creating model cache for 38 durations\n"}
,{"stream_name":"stdout","time":15297.404622082,"data":"Searching 3784 data points, 3114 periods from 0.5 to 13.67 days\n"}
,{"stream_name":"stdout","time":15297.404745405,"data":"Using 1 of 4 CPU threads\n"}
,{"stream_name":"stdout","time":15327.061065115,"data":"Searching for best T0 for period 5.78059 days\n"}
,{"stream_name":"stdout","time":15334.64790282,"data":"Transit Least Squares TLS 1.32 (5 Apr 2024)\n"}
,{"stream_name":"stdout","time":15334.653042538,"data":"Creating model cache for 43 durations\n"}
,{"stream_name":"stdout","time":15334.670501175,"data":"Searching 9783 data points, 10715 periods from 0.5 to 29.992 days\n"}
,{"stream_name":"stdout","time":15334.67089268,"data":"Using 1 of 4 CPU threads\n"}
,{"stream_name":"stdout","time":15382.563113593,"data":"Searching for best T0 for period 9.79973 days\n"}
,{"stream_name":"stdout","time":15389.107869158,"data":"Transit Least Squares TLS 1.32 (5 Apr 2024)\n"}
,{"stream_name":"stdout","time":15389.110591201,"data":"Creating model cache for 42 durations\n"}
,{"stream_name":"stdout","time":15389.124135388,"data":"Searching 5574 data points, 5580 periods from 0.553 to 25.253 days\n"}
,{"stream_name":"stdout","time":15389.124340984,"data":"Using 1 of 4 CPU threads\n"}
,{"stream_name":"stdout","time":15467.109753655,"data":"Searching for best T0 for period 0.58970 days\n"}
,{"stream_name":"stderr","time":15469.607012748,"data":"/usr/local/lib/python3.13/dist-packages/transitleastsquares/main.py:411: UserWarning: 65 of 85 transits without data. The true period may be twice the given period.\n"}
,{"stream_name":"stderr","time":15469.607056228,"data":"  warnings.warn(text)\n"}
,{"stream_name":"stdout","time":15476.909017414,"data":"Transit Least Squares TLS 1.32 (5 Apr 2024)\n"}
,{"stream_name":"stdout","time":15476.911840703,"data":"Creating model cache for 42 durations\n"}
,{"stream_name":"stdout","time":15476.925664272,"data":"Searching 5574 data points, 5580 periods from 0.553 to 25.253 days\n"}
,{"stream_name":"stdout","time":15476.925873922,"data":"Using 1 of 4 CPU threads\n"}
,{"stream_name":"stdout","time":15552.951520953,"data":"Searching for best T0 for period 25.13523 days\n"}
,{"stream_name":"stdout","time":15565.87831654,"data":"Transit Least Squares TLS 1.32 (5 Apr 2024)\n"}
,{"stream_name":"stdout","time":15565.901449926,"data":"Creating model cache for 43 durations\n"}
,{"stream_name":"stdout","time":15565.928941375,"data":"Searching 14009 data points, 49172 periods from 0.5 to 29.999 days\n"}
,{"stream_name":"stdout","time":15565.929165539,"data":"Using 1 of 4 CPU threads\n"}
,{"stream_name":"stdout","time":15574.692513987,"data":"Searching for best T0 for period 6.53304 days\n"}
,{"stream_name":"stdout","time":15581.638428645,"data":"Transit Least Squares TLS 1.32 (5 Apr 2024)\n"}
,{"stream_name":"stdout","time":15581.643451526,"data":"Creating model cache for 42 durations\n"}
,{"stream_name":"stdout","time":15581.655486742,"data":"Searching 5574 data points, 5580 periods from 0.553 to 25.253 days\n"}
,{"stream_name":"stdout","time":15581.655811288,"data":"Using 1 of 4 CPU threads\n"}
,{"stream_name":"stdout","time":15660.139341632,"data":"Searching for best T0 for period 10.35407 days\n"}
,{"stream_name":"stdout","time":15676.033157116,"data":"Transit Least Squares TLS 1.32 (5 Apr 2024)\n"}
,{"stream_name":"stdout","time":15676.043938237,"data":"Creating model cache for 43 durations\n"}
,{"stream_name":"stdout","time":15676.067768348,"data":"Searching 31853 data points, 25612 periods from 0.706 to 29.998 days\n"}
,{"stream_name":"stdout","time":15676.068007794,"data":"Using 1 of 4 CPU threads\n"}
,{"stream_name":"stdout","time":15946.273716321,"data":"Searching for best T0 for period 0.59399 days\n"}
,{"stream_name":"stdout","time":15963.428012633,"data":"Transit Least Squares TLS 1.32 (5 Apr 2024)\n"}
,{"stream_name":"stdout","time":15963.43046315,"data":"Creating model cache for 38 durations\n"}
,{"stream_name":"stdout","time":15963.444820921,"data":"Searching 2699 data points, 4575 periods from 0.5 to 13.02 days\n"}
,{"stream_name":"stdout","time":15963.444958117,"data":"Using 1 of 4 CPU threads\n"}
,{"stream_name":"stdout","time":15969.887354876,"data":"Searching for best T0 for period 0.64787 days\n"}
,{"stream_name":"stderr","time":15972.109353014,"data":"/usr/local/lib/python3.13/dist-packages/transitleastsquares/main.py:411: UserWarning: 432 of 505 transits without data. The true period may be twice the given period.\n"}
,{"stream_name":"stderr","time":15972.109412813,"data":"  warnings.warn(text)\n"}
,{"stream_name":"stdout","time":15983.946934442,"data":"Transit Least Squares TLS 1.32 (5 Apr 2024)\n"}
,{"stream_name":"stdout","time":15983.966916951,"data":"Creating model cache for 43 durations\n"}
,{"stream_name":"stdout","time":15983.995883345,"data":"Searching 10796 data points, 47262 periods from 0.5 to 29.998 days\n"}
,{"stream_name":"stdout","time":15983.996025965,"data":"Using 1 of 4 CPU threads\n"}
,{"stream_name":"stdout","time":16014.10444154,"data":"Searching for best T0 for period 0.68563 days\n"}
,{"stream_name":"stdout","time":16020.986214113,"data":"Transit Least Squares TLS 1.32 (5 Apr 2024)\n"}
,{"stream_name":"stdout","time":16020.992907262,"data":"Creating model cache for 43 durations\n"}
,{"stream_name":"stdout","time":16021.012620255,"data":"Searching 10526 data points, 14568 periods from 0.788 to 29.988 days\n"}
,{"stream_name":"stdout","time":16021.01281298,"data":"Using 1 of 4 CPU threads\n"}
,{"stream_name":"stdout","time":16272.735465502,"data":"Searching for best T0 for period 18.45188 days\n"}
,{"stream_name":"stderr","time":16277.469901197,"data":"/usr/local/lib/python3.13/dist-packages/transitleastsquares/main.py:411: UserWarning: 7 of 10 transits without data. The true period may be twice the given period.\n"}
,{"stream_name":"stderr","time":16277.46994558,"data":"  warnings.warn(text)\n"}
,{"stream_name":"stdout","time":16285.831086403,"data":"Transit Least Squares TLS 1.32 (5 Apr 2024)\n"}
,{"stream_name":"stdout","time":16285.839400445,"data":"Creating model cache for 43 durations\n"}
,{"stream_name":"stdout","time":16285.854856725,"data":"Searching 10526 data points, 14568 periods from 0.788 to 29.988 days\n"}
,{"stream_name":"stdout","time":16285.855007189,"data":"Using 1 of 4 CPU threads\n"}
,{"stream_name":"stdout","time":16759.17985781,"data":"Searching for best T0 for period 4.20201 days\n"}
,{"stream_name":"stderr","time":16761.341725808,"data":"/usr/local/lib/python3.13/dist-packages/transitleastsquares/main.py:411: UserWarning: 28 of 46 transits without data. The true period may be twice the given period.\n"}
,{"stream_name":"stderr","time":16761.344379945,"data":"  warnings.warn(text)\n"}
,{"stream_name":"stdout","time":16771.289083963,"data":"Transit Least Squares TLS 1.32 (5 Apr 2024)\n"}
,{"stream_name":"stdout","time":16771.294952485,"data":"Creating model cache for 43 durations\n"}
,{"stream_name":"stdout","time":16771.317148117,"data":"Searching 7078 data points, 12615 periods from 0.788 to 29.985 days\n"}
,{"stream_name":"stdout","time":16771.317442387,"data":"Using 1 of 4 CPU threads\n"}
,{"stream_name":"stdout","time":16946.365461292,"data":"Searching for best T0 for period 12.33422 days\n"}
,{"stream_name":"stderr","time":16951.496344829,"data":"/usr/local/lib/python3.13/dist-packages/transitleastsquares/main.py:411: UserWarning: 21 of 28 transits without data. The true period may be twice the given period.\n"}
,{"stream_name":"stderr","time":16951.496652777,"data":"  warnings.warn(text)\n"}
,{"stream_name":"stdout","time":16963.498964453,"data":"Transit Least Squares TLS 1.32 (5 Apr 2024)\n"}
,{"stream_name":"stdout","time":16963.51933231,"data":"Creating model cache for 43 durations\n"}
,{"stream_name":"stdout","time":16963.548419077,"data":"Searching 14009 data points, 49172 periods from 0.5 to 29.999 days\n"}
,{"stream_name":"stdout","time":16963.548576074,"data":"Using 1 of 4 CPU threads\n"}
,{"stream_name":"stdout","time":17030.236101575,"data":"Searching for best T0 for period 4.91916 days\n"}
,{"stream_name":"stderr","time":17032.765608006,"data":"/usr/local/lib/python3.13/dist-packages/transitleastsquares/main.py:411: UserWarning: 57 of 73 transits without data. The true period may be twice the given period.\n"}
,{"stream_name":"stderr","time":17032.765676782,"data":"  warnings.warn(text)\n"}
,{"stream_name":"stdout","time":17042.097030432,"data":"Transit Least Squares TLS 1.32 (5 Apr 2024)\n"}
,{"stream_name":"stdout","time":17042.099111518,"data":"Creating model cache for 38 durations\n"}
,{"stream_name":"stdout","time":17042.11154196,"data":"Searching 3756 data points, 3322 periods from 0.5 to 13.937 days\n"}
,{"stream_name":"stdout","time":17042.111712499,"data":"Using 1 of 4 CPU threads\n"}
,{"stream_name":"stdout","time":17061.85526298,"data":"Searching for best T0 for period 2.61499 days\n"}
,{"stream_name":"stderr","time":17063.569251261,"data":"/usr/local/lib/python3.13/dist-packages/transitleastsquares/main.py:411: UserWarning: 45 of 64 transits without data. The true period may be twice the given period.\n"}
,{"stream_name":"stderr","time":17063.569313745,"data":"  warnings.warn(text)\n"}
,{"stream_name":"stdout","time":17072.845560366,"data":"Transit Least Squares TLS 1.32 (5 Apr 2024)\n"}
,{"stream_name":"stdout","time":17072.86598603,"data":"Creating model cache for 43 durations\n"}
,{"stream_name":"stdout","time":17072.897468687,"data":"Searching 14036 data points, 44111 periods from 0.503 to 29.996 days\n"}
,{"stream_name":"stdout","time":17072.897665206,"data":"Using 1 of 4 CPU threads\n"}
,{"stream_name":"stdout","time":17079.956771647,"data":"Searching for best T0 for period 0.65871 days\n"}
,{"stream_name":"stdout","time":17096.477140509,"data":"Transit Least Squares TLS 1.32 (5 Apr 2024)\n"}
,{"stream_name":"stdout","time":17096.487474172,"data":"Creating model cache for 43 durations\n"}
,{"stream_name":"stdout","time":17096.511142812,"data":"Searching 32498 data points, 24575 periods from 0.673 to 29.998 days\n"}
,{"stream_name":"stdout","time":17096.51129031,"data":"Using 1 of 4 CPU threads\n"}
,{"stream_name":"stdout","time":17252.313703643,"data":"Searching for best T0 for period 3.75873 days\n"}
,{"stream_name":"stdout","time":17291.231504478,"data":"Transit Least Squares TLS 1.32 (5 Apr 2024)\n"}
,{"stream_name":"stdout","time":17291.241014558,"data":"Creating model cache for 43 durations\n"}
,{"stream_name":"stdout","time":17291.2677566,"data":"Searching 28170 data points, 23264 periods from 0.706 to 29.996 days\n"}
,{"stream_name":"stdout","time":17291.267932169,"data":"Using 1 of 4 CPU threads\n"}
,{"stream_name":"stdout","time":18254.553625931,"data":"Searching for best T0 for period 17.66238 days\n"}
,{"stream_name":"stdout","time":18295.819827785,"data":"Transit Least Squares TLS 1.32 (5 Apr 2024)\n"}
,{"stream_name":"stdout","time":18295.830408709,"data":"Creating model cache for 43 durations\n"}
,{"stream_name":"stdout","time":18295.853459929,"data":"Searching 32498 data points, 24575 periods from 0.673 to 29.998 days\n"}
,{"stream_name":"stdout","time":18295.853649643,"data":"Using 1 of 4 CPU threads\n"}
,{"stream_name":"stdout","time":18380.422485583,"data":"Searching for best T0 for period 11.65854 days\n"}
,{"stream_name":"stderr","time":18386.966446556,"data":"/usr/local/lib/python3.13/dist-packages/transitleastsquares/main.py:411: UserWarning: 22 of 30 transits without data. The true period may be twice the given period.\n"}
,{"stream_name":"stderr","time":18386.966498607,"data":"  warnings.warn(text)\n"}
,{"stream_name":"stdout","time":18400.50342498,"data":"Transit Least Squares TLS 1.32 (5 Apr 2024)\n"}
,{"stream_name":"stdout","time":18400.521416181,"data":"Creating model cache for 43 durations\n"}
,{"stream_name":"stdout","time":18400.548645161,"data":"Searching 14036 data points, 44111 periods from 0.503 to 29.996 days\n"}
,{"stream_name":"stdout","time":18400.54900545,"data":"Using 1 of 4 CPU threads\n"}
,{"stream_name":"stdout","time":18838.398877702,"data":"Searching for best T0 for period 7.63419 days\n"}
,{"stream_name":"stderr","time":18843.66336866,"data":"/usr/local/lib/python3.13/dist-packages/transitleastsquares/main.py:411: UserWarning: 32 of 46 transits without data. The true period may be twice the given period.\n"}
,{"stream_name":"stderr","time":18843.666340492,"data":"  warnings.warn(text)\n"}
,{"stream_name":"stdout","time":18854.880059847,"data":"Transit Least Squares TLS 1.32 (5 Apr 2024)\n"}
,{"stream_name":"stdout","time":18854.892141569,"data":"Creating model cache for 43 durations\n"}
,{"stream_name":"stdout","time":18854.914415176,"data":"Searching 10559 data points, 25924 periods from 0.5 to 29.994 days\n"}
,{"stream_name":"stdout","time":18854.914543168,"data":"Using 1 of 4 CPU threads\n"}
,{"stream_name":"stdout","time":19218.003465554,"data":"Searching for best T0 for period 4.45300 days\n"}
,{"stream_name":"stdout","time":19250.634728672,"data":"Transit Least Squares TLS 1.32 (5 Apr 2024)\n"}
,{"stream_name":"stdout","time":19250.644615796,"data":"Creating model cache for 43 durations\n"}
,{"stream_name":"stdout","time":19250.665457962,"data":"Searching 21964 data points, 18372 periods from 0.706 to 29.99 days\n"}
,{"stream_name":"stdout","time":19250.665498256,"data":"Using 1 of 4 CPU threads\n"}
,{"stream_name":"stdout","time":19393.313198498,"data":"Searching for best T0 for period 2.63098 days\n"}
,{"stream_name":"stderr","time":19396.733128226,"data":"/usr/local/lib/python3.13/dist-packages/transitleastsquares/main.py:411: UserWarning: 95 of 134 transits without data. The true period may be twice the given period.\n"}
,{"stream_name":"stderr","time":19396.733195378,"data":"  warnings.warn(text)\n"}
,{"stream_name":"stdout","time":19407.87377749,"data":"Transit Least Squares TLS 1.32 (5 Apr 2024)\n"}
,{"stream_name":"stdout","time":19407.875242082,"data":"Creating model cache for 37 durations\n"}
,{"stream_name":"stdout","time":19407.886802103,"data":"Searching 2814 data points, 1564 periods from 0.769 to 11.847 days\n"}
,{"stream_name":"stdout","time":19407.887110304,"data":"Using 1 of 4 CPU threads\n"}
,{"stream_name":"stdout","time":19421.682912914,"data":"Searching for best T0 for period 7.64630 days\n"}
,{"stream_name":"stdout","time":19432.635302844,"data":"Transit Least Squares TLS 1.32 (5 Apr 2024)\n"}
,{"stream_name":"stdout","time":19432.646434464,"data":"Creating model cache for 43 durations\n"}
,{"stream_name":"stdout","time":19432.667013809,"data":"Searching 22079 data points, 20757 periods from 0.769 to 29.996 days\n"}
,{"stream_name":"stdout","time":19432.667182577,"data":"Using 1 of 4 CPU threads\n"}
,{"stream_name":"stdout","time":19791.327487969,"data":"Searching for best T0 for period 0.81682 days\n"}
,{"stream_name":"stderr","time":19793.731404625,"data":"/usr/local/lib/python3.13/dist-packages/transitleastsquares/main.py:411: UserWarning: 136 of 227 transits without data. The true period may be twice the given period.\n"}
,{"stream_name":"stderr","time":19793.731445972,"data":"  warnings.warn(text)\n"}
,{"stream_name":"stdout","time":19794.840425291,"data":"Searching for best T0 for period 11.15858 days\n"}
,{"stream_name":"stdout","time":19805.680553708,"data":"Transit Least Squares TLS 1.32 (5 Apr 2024)\n"}
,{"stream_name":"stdout","time":19805.691082937,"data":"Creating model cache for 43 durations\n"}
,{"stream_name":"stdout","time":19805.712340492,"data":"Searching 6994 data points, 21972 periods from 0.5 to 29.988 days\n"}
,{"stream_name":"stdout","time":19805.712491342,"data":"Using 1 of 4 CPU threads\n"}
,{"stream_name":"stdout","time":19829.10434591,"data":"Transit Least Squares TLS 1.32 (5 Apr 2024)\n"}
,{"stream_name":"stdout","time":19829.119299002,"data":"Creating model cache for 43 durations\n"}
,{"stream_name":"stdout","time":19829.145054489,"data":"Searching 13845 data points, 33504 periods from 0.5 to 29.995 days\n"}
,{"stream_name":"stdout","time":19829.14644222,"data":"Using 1 of 4 CPU threads\n"}
,{"stream_name":"stdout","time":20109.956400229,"data":"Searching for best T0 for period 8.12050 days\n"}
,{"stream_name":"stderr","time":20111.966756421,"data":"/usr/local/lib/python3.13/dist-packages/transitleastsquares/main.py:411: UserWarning: 13 of 19 transits without data. The true period may be twice the given period.\n"}
,{"stream_name":"stderr","time":20111.966802921,"data":"  warnings.warn(text)\n"}
,{"stream_name":"stdout","time":20127.507735878,"data":"Transit Least Squares TLS 1.32 (5 Apr 2024)\n"}
,{"stream_name":"stdout","time":20127.523447657,"data":"Creating model cache for 43 durations\n"}
,{"stream_name":"stdout","time":20127.556238111,"data":"Searching 31368 data points, 33206 periods from 0.561 to 29.999 days\n"}
,{"stream_name":"stdout","time":20127.556597452,"data":"Using 1 of 4 CPU threads\n"}
,{"stream_name":"stdout","time":20414.534870804,"data":"Searching for best T0 for period 1.04220 days\n"}
,{"stream_name":"stderr","time":20420.773897182,"data":"/usr/local/lib/python3.13/dist-packages/transitleastsquares/main.py:411: UserWarning: 106 of 257 transits without data. The true period may be twice the given period.\n"}
,{"stream_name":"stderr","time":20420.773944496,"data":"  warnings.warn(text)\n"}
,{"stream_name":"stdout","time":20424.177784101,"data":"Searching for best T0 for period 6.66772 days\n"}
,{"stream_name":"stdout","time":20445.984374941,"data":"Transit Least Squares TLS 1.32 (5 Apr 2024)\n"}
,{"stream_name":"stdout","time":20445.996462064,"data":"Creating model cache for 43 durations\n"}
,{"stream_name":"stdout","time":20446.017036866,"data":"Searching 22079 data points, 20757 periods from 0.769 to 29.996 days\n"}
,{"stream_name":"stdout","time":20446.017444582,"data":"Using 1 of 4 CPU threads\n"}
,{"stream_name":"stdout","time":20450.379233067,"data":"Transit Least Squares TLS 1.32 (5 Apr 2024)\n"}
,{"stream_name":"stdout","time":20450.386394109,"data":"Creating model cache for 43 durations\n"}
,{"stream_name":"stdout","time":20450.407968489,"data":"Searching 18233 data points, 15891 periods from 0.706 to 29.992 days\n"}
,{"stream_name":"stdout","time":20450.408248204,"data":"Using 1 of 4 CPU threads\n"}
,{"stream_name":"stdout","time":20538.85142168,"data":"Searching for best T0 for period 2.90384 days\n"}
,{"stream_name":"stderr","time":20544.071988638,"data":"/usr/local/lib/python3.13/dist-packages/transitleastsquares/main.py:411: UserWarning: 41 of 75 transits without data. The true period may be twice the given period.\n"}
,{"stream_name":"stderr","time":20544.072198774,"data":"  warnings.warn(text)\n"}
,{"stream_name":"stdout","time":20554.885033587,"data":"Transit Least Squares TLS 1.32 (5 Apr 2024)\n"}
,{"stream_name":"stdout","time":20554.888598294,"data":"Creating model cache for 43 durations\n"}
,{"stream_name":"stdout","time":20554.903815832,"data":"Searching 6885 data points, 7945 periods from 0.5 to 26.367 days\n"}
,{"stream_name":"stdout","time":20554.904005929,"data":"Using 1 of 4 CPU threads\n"}
,{"stream_name":"stdout","time":20740.714650906,"data":"Searching for best T0 for period 1.67799 days\n"}
,{"stream_name":"stdout","time":20754.285159581,"data":"Transit Least Squares TLS 1.32 (5 Apr 2024)\n"}
,{"stream_name":"stdout","time":20754.291745287,"data":"Creating model cache for 43 durations\n"}
,{"stream_name":"stdout","time":20754.311374371,"data":"Searching 18395 data points, 14163 periods from 0.694 to 29.985 days\n"}
,{"stream_name":"stdout","time":20754.311526859,"data":"Using 1 of 4 CPU threads\n"}
,{"stream_name":"stdout","time":21379.299971305,"data":"Searching for best T0 for period 0.83960 days\n"}
,{"stream_name":"stdout","time":21404.679267356,"data":"Transit Least Squares TLS 1.32 (5 Apr 2024)\n"}
,{"stream_name":"stdout","time":21404.687119671,"data":"Creating model cache for 43 durations\n"}
,{"stream_name":"stdout","time":21404.709824053,"data":"Searching 20442 data points, 18901 periods from 0.847 to 29.998 days\n"}
,{"stream_name":"stdout","time":21404.710195496,"data":"Using 1 of 4 CPU threads\n"}
,{"stream_name":"stdout","time":21623.007402757,"data":"Searching for best T0 for period 4.83469 days\n"}
,{"stream_name":"stdout","time":21648.102961358,"data":"Transit Least Squares TLS 1.32 (5 Apr 2024)\n"}
,{"stream_name":"stdout","time":21648.109939671,"data":"Creating model cache for 43 durations\n"}
,{"stream_name":"stdout","time":21648.131252304,"data":"Searching 24400 data points, 15122 periods from 0.935 to 29.998 days\n"}
,{"stream_name":"stdout","time":21648.131544442,"data":"Using 1 of 4 CPU threads\n"}
,{"stream_name":"stdout","time":21765.568368188,"data":"Searching for best T0 for period 12.96409 days\n"}
,{"stream_name":"stderr","time":21774.608952666,"data":"/usr/local/lib/python3.13/dist-packages/transitleastsquares/main.py:411: UserWarning: 7 of 21 transits without data. The true period may be twice the given period.\n"}
,{"stream_name":"stderr","time":21774.609028257,"data":"  warnings.warn(text)\n"}
,{"stream_name":"stdout","time":21793.649479795,"data":"Transit Least Squares TLS 1.32 (5 Apr 2024)\n"}
,{"stream_name":"stdout","time":21793.66916788,"data":"Creating model cache for 43 durations\n"}
,{"stream_name":"stdout","time":21793.698038424,"data":"Searching 21624 data points, 44940 periods from 0.5 to 29.996 days\n"}
,{"stream_name":"stdout","time":21793.698266705,"data":"Using 1 of 4 CPU threads\n"}
,{"stream_name":"stdout","time":22241.455721139,"data":"Searching for best T0 for period 1.44887 days\n"}
,{"stream_name":"stdout","time":22278.702525989,"data":"Searching for best T0 for period 13.25725 days\n"}
,{"stream_name":"stdout","time":22281.882409656,"data":"Transit Least Squares TLS 1.32 (5 Apr 2024)\n"}
,{"stream_name":"stdout","time":22281.891155189,"data":"Creating model cache for 43 durations\n"}
,{"stream_name":"stdout","time":22281.922085029,"data":"Searching 17951 data points, 17460 periods from 0.561 to 29.989 days\n"}
,{"stream_name":"stdout","time":22281.922201854,"data":"Using 1 of 4 CPU threads\n"}
,{"stream_name":"stderr","time":22287.099882638,"data":"/usr/local/lib/python3.13/dist-packages/transitleastsquares/main.py:411: UserWarning: 9 of 19 transits without data. The true period may be twice the given period.\n"}
,{"stream_name":"stderr","time":22287.09992878,"data":"  warnings.warn(text)\n"}
,{"stream_name":"stdout","time":22302.359810869,"data":"Transit Least Squares TLS 1.32 (5 Apr 2024)\n"}
,{"stream_name":"stdout","time":22302.361651423,"data":"Creating model cache for 42 durations\n"}
,{"stream_name":"stdout","time":22302.373960244,"data":"Searching 5170 data points, 3077 periods from 0.935 to 25.395 days\n"}
,{"stream_name":"stdout","time":22302.374023644,"data":"Using 1 of 4 CPU threads\n"}
,{"stream_name":"stdout","time":22338.840228852,"data":"Searching for best T0 for period 3.79481 days\n"}
,{"stream_name":"stdout","time":22347.263428564,"data":"Transit Least Squares TLS 1.32 (5 Apr 2024)\n"}
,{"stream_name":"stdout","time":22347.263474257,"data":"Creating model cache for 43 durations\n"}
,{"stream_name":"stdout","time":22347.277076792,"data":"Searching 8222 data points, 4922 periods from 0.934 to 29.998 days\n"}
,{"stream_name":"stdout","time":22347.277230821,"data":"Using 1 of 4 CPU threads\n"}
,{"stream_name":"stdout","time":22488.953603776,"data":"Searching for best T0 for period 2.16145 days\n"}
,{"stream_name":"stdout","time":22502.666180889,"data":"Transit Least Squares TLS 1.32 (5 Apr 2024)\n"}
,{"stream_name":"stdout","time":22502.67008621,"data":"Creating model cache for 43 durations\n"}
,{"stream_name":"stdout","time":22502.685534054,"data":"Searching 13889 data points, 8120 periods from 0.935 to 29.977 days\n"}
,{"stream_name":"stdout","time":22502.685740606,"data":"Using 1 of 4 CPU threads\n"}
,{"stream_name":"stdout","time":22688.779881909,"data":"Searching for best T0 for period 1.01009 days\n"}
,{"stream_name":"stdout","time":22712.334390019,"data":"Transit Least Squares TLS 1.32 (5 Apr 2024)\n"}
,{"stream_name":"stdout","time":22712.352119103,"data":"Creating model cache for 43 durations\n"}
,{"stream_name":"stdout","time":22712.382795762,"data":"Searching 23650 data points, 41784 periods from 0.5 to 29.997 days\n"}
,{"stream_name":"stdout","time":22712.382837838,"data":"Using 1 of 4 CPU threads\n"}
,{"stream_name":"stdout","time":22714.320257789,"data":"Searching for best T0 for period 2.26499 days\n"}
,{"stream_name":"stderr","time":22718.64750528,"data":"/usr/local/lib/python3.13/dist-packages/transitleastsquares/main.py:411: UserWarning: 53 of 120 transits without data. The true period may be twice the given period.\n"}
,{"stream_name":"stderr","time":22718.647552262,"data":"  warnings.warn(text)\n"}
,{"stream_name":"stdout","time":22740.081256424,"data":"Transit Least Squares TLS 1.32 (5 Apr 2024)\n"}
,{"stream_name":"stdout","time":22740.082550846,"data":"Creating model cache for 38 durations\n"}
,{"stream_name":"stdout","time":22740.095048434,"data":"Searching 3727 data points, 1649 periods from 0.852 to 13.701 days\n"}
,{"stream_name":"stdout","time":22740.095162341,"data":"Using 1 of 4 CPU threads\n"}
,{"stream_name":"stdout","time":22759.270471209,"data":"Searching for best T0 for period 1.76357 days\n"}
,{"stream_name":"stdout","time":22765.721478792,"data":"Transit Least Squares TLS 1.32 (5 Apr 2024)\n"}
,{"stream_name":"stdout","time":22765.723329869,"data":"Creating model cache for 38 durations\n"}
,{"stream_name":"stdout","time":22765.735034925,"data":"Searching 3727 data points, 1649 periods from 0.852 to 13.701 days\n"}
,{"stream_name":"stdout","time":22765.735452577,"data":"Using 1 of 4 CPU threads\n"}
,{"stream_name":"stdout","time":22789.100177348,"data":"Searching for best T0 for period 2.49961 days\n"}
,{"stream_name":"stdout","time":22794.593266399,"data":"Transit Least Squares TLS 1.32 (5 Apr 2024)\n"}
,{"stream_name":"stdout","time":22794.594599795,"data":"Creating model cache for 38 durations\n"}
,{"stream_name":"stdout","time":22794.606627247,"data":"Searching 3727 data points, 1649 periods from 0.852 to 13.701 days\n"}
,{"stream_name":"stdout","time":22794.606811717,"data":"Using 1 of 4 CPU threads\n"}
,{"stream_name":"stdout","time":22816.155475404,"data":"Searching for best T0 for period 5.02698 days\n"}
,{"stream_name":"stdout","time":22821.087475743,"data":"Transit Least Squares TLS 1.32 (5 Apr 2024)\n"}
,{"stream_name":"stdout","time":22821.088656457,"data":"Creating model cache for 38 durations\n"}
,{"stream_name":"stdout","time":22821.103369451,"data":"Searching 3727 data points, 1649 periods from 0.852 to 13.701 days\n"}
,{"stream_name":"stdout","time":22821.103520571,"data":"Using 1 of 4 CPU threads\n"}
,{"stream_name":"stdout","time":22838.471063588,"data":"Searching for best T0 for period 6.74568 days\n"}
,{"stream_name":"stdout","time":22851.723115805,"data":"Transit Least Squares TLS 1.32 (5 Apr 2024)\n"}
,{"stream_name":"stdout","time":22851.730523001,"data":"Creating model cache for 43 durations\n"}
,{"stream_name":"stdout","time":22851.751944402,"data":"Searching 33237 data points, 17410 periods from 0.989 to 29.995 days\n"}
,{"stream_name":"stdout","time":22851.752148191,"data":"Using 1 of 4 CPU threads\n"}
,{"stream_name":"stdout","time":22880.301554319,"data":"Searching for best T0 for period 13.27660 days\n"}
,{"stream_name":"stdout","time":22903.505604063,"data":"Transit Least Squares TLS 1.32 (5 Apr 2024)\n"}
,{"stream_name":"stdout","time":22903.510979681,"data":"Creating model cache for 43 durations\n"}
,{"stream_name":"stdout","time":22903.53094865,"data":"Searching 21618 data points, 11712 periods from 1.259 to 29.991 days\n"}
,{"stream_name":"stdout","time":22903.531204121,"data":"Using 1 of 4 CPU threads\n"}
,{"stream_name":"stdout","time":23447.375784735,"data":"Searching for best T0 for period 1.32822 days\n"}
,{"stream_name":"stderr","time":23451.393742323,"data":"/usr/local/lib/python3.13/dist-packages/transitleastsquares/main.py:411: UserWarning: 87 of 200 transits without data. The true period may be twice the given period.\n"}
,{"stream_name":"stderr","time":23451.393783605,"data":"  warnings.warn(text)\n"}
,{"stream_name":"stdout","time":23487.632613877,"data":"Transit Least Squares TLS 1.32 (5 Apr 2024)\n"}
,{"stream_name":"stdout","time":23487.639054245,"data":"Creating model cache for 43 durations\n"}
,{"stream_name":"stdout","time":23487.657010405,"data":"Searching 21618 data points, 11712 periods from 1.259 to 29.991 days\n"}
,{"stream_name":"stdout","time":23487.657199704,"data":"Using 1 of 4 CPU threads\n"}
,{"stream_name":"stdout","time":24240.716373039,"data":"Searching for best T0 for period 16.68877 days\n"}
,{"stream_name":"stderr","time":24248.514761646,"data":"/usr/local/lib/python3.13/dist-packages/transitleastsquares/main.py:411: UserWarning: 8 of 16 transits without data. The true period may be twice the given period.\n"}
,{"stream_name":"stderr","time":24248.514838436,"data":"  warnings.warn(text)\n"}
,{"stream_name":"stdout","time":24267.846501524,"data":"Transit Least Squares TLS 1.32 (5 Apr 2024)\n"}
,{"stream_name":"stdout","time":24267.853238581,"data":"Creating model cache for 43 durations\n"}
,{"stream_name":"stdout","time":24267.875313049,"data":"Searching 25362 data points, 15531 periods from 1.005 to 29.995 days\n"}
,{"stream_name":"stdout","time":24267.875350395,"data":"Using 1 of 4 CPU threads\n"}
,{"stream_name":"stdout","time":24539.582461803,"data":"Searching for best T0 for period 11.70866 days\n"}
,{"stream_name":"stdout","time":24576.273741382,"data":"Transit Least Squares TLS 1.32 (5 Apr 2024)\n"}
,{"stream_name":"stdout","time":24576.282362728,"data":"Creating model cache for 43 durations\n"}
,{"stream_name":"stdout","time":24576.302225021,"data":"Searching 33237 data points, 17410 periods from 0.989 to 29.995 days\n"}
,{"stream_name":"stdout","time":24576.302361127,"data":"Using 1 of 4 CPU threads\n"}
,{"stream_name":"stdout","time":24817.772774352,"data":"Searching for best T0 for period 2.30516 days\n"}
,{"stream_name":"stderr","time":24826.167846545,"data":"/usr/local/lib/python3.13/dist-packages/transitleastsquares/main.py:411: UserWarning: 90 of 153 transits without data. The true period may be twice the given period.\n"}
,{"stream_name":"stderr","time":24826.168033198,"data":"  warnings.warn(text)\n"}
,{"stream_name":"stdout","time":24846.924728568,"data":"Transit Least Squares TLS 1.32 (5 Apr 2024)\n"}
,{"stream_name":"stdout","time":24846.944073237,"data":"Creating model cache for 43 durations\n"}
,{"stream_name":"stdout","time":24846.97396508,"data":"Searching 21624 data points, 44940 periods from 0.5 to 29.996 days\n"}
,{"stream_name":"stdout","time":24846.974110444,"data":"Using 1 of 4 CPU threads\n"}
,{"stream_name":"stdout","time":24859.882909402,"data":"Searching for best T0 for period 4.53069 days\n"}
,{"stream_name":"stdout","time":24875.974094063,"data":"Searching for best T0 for period 6.97845 days\n"}
,{"stream_name":"stderr","time":24885.863128388,"data":"/usr/local/lib/python3.13/dist-packages/transitleastsquares/main.py:411: UserWarning: 17 of 39 transits without data. The true period may be twice the given period.\n"}
,{"stream_name":"stderr","time":24885.863186492,"data":"  warnings.warn(text)\n"}
,{"stream_name":"stdout","time":24893.474548764,"data":"Transit Least Squares TLS 1.32 (5 Apr 2024)\n"}
,{"stream_name":"stdout","time":24893.481345215,"data":"Creating model cache for 43 durations\n"}
,{"stream_name":"stdout","time":24893.500343956,"data":"Searching 25362 data points, 15531 periods from 1.005 to 29.995 days\n"}
,{"stream_name":"stdout","time":24893.500457485,"data":"Using 1 of 4 CPU threads\n"}
,{"stream_name":"stdout","time":24901.408267926,"data":"Transit Least Squares TLS 1.32 (5 Apr 2024)\n"}
,{"stream_name":"stdout","time":24901.410493538,"data":"Creating model cache for 42 durations\n"}
,{"stream_name":"stdout","time":24901.424460783,"data":"Searching 5919 data points, 4242 periods from 0.702 to 25.183 days\n"}
,{"stream_name":"stdout","time":24901.424721713,"data":"Using 1 of 4 CPU threads\n"}
,{"stream_name":"stdout","time":24988.479986285,"data":"Searching for best T0 for period 1.66410 days\n"}
,{"stream_name":"stdout","time":24996.533050757,"data":"Transit Least Squares TLS 1.32 (5 Apr 2024)\n"}
,{"stream_name":"stdout","time":24996.535538201,"data":"Creating model cache for 42 durations\n"}
,{"stream_name":"stdout","time":24996.550468554,"data":"Searching 5919 data points, 4242 periods from 0.702 to 25.183 days\n"}
,{"stream_name":"stdout","time":24996.550506695,"data":"Using 1 of 4 CPU threads\n"}
,{"stream_name":"stdout","time":25075.522376377,"data":"Searching for best T0 for period 2.90131 days\n"}
,{"stream_name":"stdout","time":25082.904124868,"data":"Transit Least Squares TLS 1.32 (5 Apr 2024)\n"}
,{"stream_name":"stdout","time":25082.906124077,"data":"Creating model cache for 42 durations\n"}
,{"stream_name":"stdout","time":25082.918934645,"data":"Searching 5919 data points, 4242 periods from 0.702 to 25.183 days\n"}
,{"stream_name":"stdout","time":25082.918973017,"data":"Using 1 of 4 CPU threads\n"}
,{"stream_name":"stdout","time":25174.666018387,"data":"Searching for best T0 for period 1.24240 days\n"}
,{"stream_name":"stdout","time":25187.992615461,"data":"Transit Least Squares TLS 1.32 (5 Apr 2024)\n"}
,{"stream_name":"stdout","time":25188.006449763,"data":"Creating model cache for 43 durations\n"}
,{"stream_name":"stdout","time":25188.029589123,"data":"Searching 18910 data points, 26697 periods from 0.5 to 29.994 days\n"}
,{"stream_name":"stdout","time":25188.029988234,"data":"Using 1 of 4 CPU threads\n"}
,{"stream_name":"stdout","time":25509.57222742,"data":"Searching for best T0 for period 3.53235 days\n"}
,{"stream_name":"stderr","time":25513.366177359,"data":"/usr/local/lib/python3.13/dist-packages/transitleastsquares/main.py:411: UserWarning: 26 of 77 transits without data. The true period may be twice the given period.\n"}
,{"stream_name":"stderr","time":25513.366221111,"data":"  warnings.warn(text)\n"}
,{"stream_name":"stdout","time":25559.710915381,"data":"Transit Least Squares TLS 1.32 (5 Apr 2024)\n"}
,{"stream_name":"stdout","time":25559.716338287,"data":"Creating model cache for 43 durations\n"}
,{"stream_name":"stdout","time":25559.736029039,"data":"Searching 18306 data points, 12186 periods from 1.005 to 29.992 days\n"}
,{"stream_name":"stdout","time":25559.736238609,"data":"Using 1 of 4 CPU threads\n"}
,{"stream_name":"stdout","time":26159.216151048,"data":"Searching for best T0 for period 24.53759 days\n"}
,{"stream_name":"stdout","time":26193.781466101,"data":"Transit Least Squares TLS 1.32 (5 Apr 2024)\n"}
,{"stream_name":"stdout","time":26193.783602149,"data":"Creating model cache for 43 durations\n"}
,{"stream_name":"stdout","time":26193.800072245,"data":"Searching 16153 data points, 9164 periods from 0.989 to 29.993 days\n"}
,{"stream_name":"stdout","time":26193.800226871,"data":"Using 1 of 4 CPU threads\n"}
,{"stream_name":"stdout","time":26230.285505725,"data":"Searching for best T0 for period 1.07400 days\n"}
,{"stream_name":"stdout","time":26260.826719895,"data":"Transit Least Squares TLS 1.32 (5 Apr 2024)\n"}
,{"stream_name":"stdout","time":26260.844042355,"data":"Creating model cache for 43 durations\n"}
,{"stream_name":"stdout","time":26260.873091071,"data":"Searching 27571 data points, 37835 periods from 0.5 to 29.997 days\n"}
,{"stream_name":"stdout","time":26260.873454167,"data":"Using 1 of 4 CPU threads\n"}
,{"stream_name":"stdout","time":26337.345254643,"data":"Searching for best T0 for period 1.50176 days\n"}
,{"stream_name":"stderr","time":26340.902384706,"data":"/usr/local/lib/python3.13/dist-packages/transitleastsquares/main.py:411: UserWarning: 55 of 141 transits without data. The true period may be twice the given period.\n"}
,{"stream_name":"stderr","time":26340.90242679,"data":"  warnings.warn(text)\n"}
,{"stream_name":"stdout","time":26362.779948965,"data":"Transit Least Squares TLS 1.32 (5 Apr 2024)\n"}
,{"stream_name":"stdout","time":26362.786710296,"data":"Creating model cache for 43 durations\n"}
,{"stream_name":"stdout","time":26362.805918372,"data":"Searching 15044 data points, 12342 periods from 0.65 to 29.998 days\n"}
,{"stream_name":"stdout","time":26362.806027959,"data":"Using 1 of 4 CPU threads\n"}
,{"stream_name":"stdout","time":26573.907663419,"data":"Searching for best T0 for period 18.54376 days\n"}
,{"stream_name":"stdout","time":26590.400615828,"data":"Transit Least Squares TLS 1.32 (5 Apr 2024)\n"}
,{"stream_name":"stdout","time":26590.409265288,"data":"Creating model cache for 43 durations\n"}
,{"stream_name":"stdout","time":26590.428925185,"data":"Searching 9721 data points, 18839 periods from 0.5 to 29.995 days\n"}
,{"stream_name":"stdout","time":26590.429138443,"data":"Using 1 of 4 CPU threads\n"}
,{"stream_name":"stdout","time":26953.944237567,"data":"Searching for best T0 for period 6.22459 days\n"}
,{"stream_name":"stdout","time":26956.802562502,"data":"Searching for best T0 for period 5.55750 days\n"}
,{"stream_name":"stdout","time":26970.582110714,"data":"Transit Least Squares TLS 1.32 (5 Apr 2024)\n"}
,{"stream_name":"stdout","time":26970.584328982,"data":"Creating model cache for 43 durations\n"}
,{"stream_name":"stdout","time":26970.598571018,"data":"Searching 7302 data points, 4513 periods from 0.738 to 27.961 days\n"}
,{"stream_name":"stdout","time":26970.598744377,"data":"Using 1 of 4 CPU threads\n"}
,{"stream_name":"stdout","time":26972.187188483,"data":"Transit Least Squares TLS 1.32 (5 Apr 2024)\n"}
,{"stream_name":"stdout","time":26972.191436842,"data":"Creating model cache for 43 durations\n"}
,{"stream_name":"stdout","time":26972.208490052,"data":"Searching 12503 data points, 9902 periods from 0.65 to 29.977 days\n"}
,{"stream_name":"stdout","time":26972.208553143,"data":"Using 1 of 4 CPU threads\n"}
,{"stream_name":"stdout","time":27061.127808464,"data":"Searching for best T0 for period 0.99820 days\n"}
,{"stream_name":"stdout","time":27073.464138156,"data":"Transit Least Squares TLS 1.32 (5 Apr 2024)\n"}
,{"stream_name":"stdout","time":27073.465901531,"data":"Creating model cache for 38 durations\n"}
,{"stream_name":"stdout","time":27073.479508808,"data":"Searching 3632 data points, 2029 periods from 0.738 to 14.097 days\n"}
,{"stream_name":"stdout","time":27073.479693705,"data":"Using 1 of 4 CPU threads\n"}
,{"stream_name":"stdout","time":27095.119468861,"data":"Searching for best T0 for period 6.87162 days\n"}
,{"stream_name":"stdout","time":27102.451334086,"data":"Transit Least Squares TLS 1.32 (5 Apr 2024)\n"}
,{"stream_name":"stdout","time":27102.464666939,"data":"Creating model cache for 43 durations\n"}
,{"stream_name":"stdout","time":27102.487321244,"data":"Searching 9855 data points, 30821 periods from 0.738 to 29.994 days\n"}
,{"stream_name":"stdout","time":27102.487468368,"data":"Using 1 of 4 CPU threads\n"}
,{"stream_name":"stdout","time":27233.82603625,"data":"Searching for best T0 for period 5.69721 days\n"}
,{"stream_name":"stdout","time":27253.903235908,"data":"Transit Least Squares TLS 1.32 (5 Apr 2024)\n"}
,{"stream_name":"stdout","time":27253.911099319,"data":"Creating model cache for 43 durations\n"}
,{"stream_name":"stdout","time":27253.932029293,"data":"Searching 20675 data points, 17396 periods from 0.65 to 30.0 days\n"}
,{"stream_name":"stdout","time":27253.932230509,"data":"Using 1 of 4 CPU threads\n"}
,{"stream_name":"stdout","time":27618.487188482,"data":"Searching for best T0 for period 7.95789 days\n"}
,{"stream_name":"stderr","time":27628.190514509,"data":"/usr/local/lib/python3.13/dist-packages/transitleastsquares/main.py:411: UserWarning: 23 of 45 transits without data. The true period may be twice the given period.\n"}
,{"stream_name":"stderr","time":27628.190593717,"data":"  warnings.warn(text)\n"}
,{"stream_name":"stdout","time":27643.704144633,"data":"Transit Least Squares TLS 1.32 (5 Apr 2024)\n"}
,{"stream_name":"stdout","time":27643.713143295,"data":"Creating model cache for 43 durations\n"}
,{"stream_name":"stdout","time":27643.733032746,"data":"Searching 12790 data points, 20440 periods from 0.724 to 29.999 days\n"}
,{"stream_name":"stdout","time":27643.733197741,"data":"Using 1 of 4 CPU threads\n"}
,{"stream_name":"stdout","time":27837.569472799,"data":"Searching for best T0 for period 21.17451 days\n"}
,{"stream_name":"stderr","time":27839.560428328,"data":"/usr/local/lib/python3.13/dist-packages/transitleastsquares/main.py:411: UserWarning: 14 of 18 transits without data. The true period may be twice the given period.\n"}
,{"stream_name":"stderr","time":27839.560509955,"data":"  warnings.warn(text)\n"}
,{"stream_name":"stdout","time":27850.919264054,"data":"Transit Least Squares TLS 1.32 (5 Apr 2024)\n"}
,{"stream_name":"stdout","time":27850.920956254,"data":"Creating model cache for 37 durations\n"}
,{"stream_name":"stdout","time":27850.9337944,"data":"Searching 2861 data points, 2736 periods from 0.5 to 11.224 days\n"}
,{"stream_name":"stdout","time":27850.934205069,"data":"Using 1 of 4 CPU threads\n"}
,{"stream_name":"stdout","time":27874.022421976,"data":"Searching for best T0 for period 1.03583 days\n"}
,{"stream_name":"stdout","time":27887.676778083,"data":"Transit Least Squares TLS 1.32 (5 Apr 2024)\n"}
,{"stream_name":"stdout","time":27887.693166618,"data":"Creating model cache for 43 durations\n"}
,{"stream_name":"stdout","time":27887.720935416,"data":"Searching 25521 data points, 37908 periods from 0.5 to 29.999 days\n"}
,{"stream_name":"stdout","time":27887.721193977,"data":"Using 1 of 4 CPU threads\n"}
,{"stream_name":"stdout","time":28157.903001026,"data":"Searching for best T0 for period 0.73305 days\n"}
,{"stream_name":"stdout","time":28187.749839029,"data":"Transit Least Squares TLS 1.32 (5 Apr 2024)\n"}
,{"stream_name":"stdout","time":28187.759317996,"data":"Creating model cache for 43 durations\n"}
,{"stream_name":"stdout","time":28187.779042815,"data":"Searching 10243 data points, 21171 periods from 0.635 to 29.996 days\n"}
,{"stream_name":"stdout","time":28187.779173066,"data":"Using 1 of 4 CPU threads\n"}
,{"stream_name":"stdout","time":28259.491346124,"data":"Searching for best T0 for period 3.35242 days\n"}
,{"stream_name":"stderr","time":28262.643572634,"data":"/usr/local/lib/python3.13/dist-packages/transitleastsquares/main.py:411: UserWarning: 46 of 73 transits without data. The true period may be twice the given period.\n"}
,{"stream_name":"stderr","time":28262.643619588,"data":"  warnings.warn(text)\n"}
,{"stream_name":"stdout","time":28277.967915598,"data":"Transit Least Squares TLS 1.32 (5 Apr 2024)\n"}
,{"stream_name":"stdout","time":28277.979150391,"data":"Creating model cache for 43 durations\n"}
,{"stream_name":"stdout","time":28278.005245732,"data":"Searching 16822 data points, 27234 periods from 0.724 to 29.999 days\n"}
,{"stream_name":"stdout","time":28278.005398757,"data":"Using 1 of 4 CPU threads\n"}
,{"stream_name":"stdout","time":28583.280441396,"data":"Searching for best T0 for period 29.55586 days\n"}
,{"stream_name":"stderr","time":28587.717359696,"data":"/usr/local/lib/python3.13/dist-packages/transitleastsquares/main.py:411: UserWarning: 4 of 7 transits without data. The true period may be twice the given period.\n"}
,{"stream_name":"stderr","time":28587.717432581,"data":"  warnings.warn(text)\n"}
,{"stream_name":"stdout","time":28596.555264735,"data":"Transit Least Squares TLS 1.32 (5 Apr 2024)\n"}
,{"stream_name":"stdout","time":28596.567443421,"data":"Creating model cache for 43 durations\n"}
,{"stream_name":"stdout","time":28596.586562613,"data":"Searching 10243 data points, 21171 periods from 0.635 to 29.996 days\n"}
,{"stream_name":"stdout","time":28596.588416797,"data":"Using 1 of 4 CPU threads\n"}
,{"stream_name":"stdout","time":28994.556383463,"data":"Searching for best T0 for period 14.77999 days\n"}
,{"stream_name":"stdout","time":29005.205970697,"data":"Transit Least Squares TLS 1.32 (5 Apr 2024)\n"}
,{"stream_name":"stdout","time":29005.207587094,"data":"Creating model cache for 37 durations\n"}
,{"stream_name":"stdout","time":29005.221052755,"data":"Searching 3280 data points, 2056 periods from 0.635 to 12.26 days\n"}
,{"stream_name":"stdout","time":29005.221200876,"data":"Using 1 of 4 CPU threads\n"}
,{"stream_name":"stdout","time":29026.885429398,"data":"Searching for best T0 for period 4.78322 days\n"}
,{"stream_name":"stdout","time":29034.558167108,"data":"Transit Least Squares TLS 1.32 (5 Apr 2024)\n"}
,{"stream_name":"stdout","time":29034.566269156,"data":"Creating model cache for 43 durations\n"}
,{"stream_name":"stdout","time":29034.587653477,"data":"Searching 13712 data points, 18850 periods from 0.69 to 29.989 days\n"}
,{"stream_name":"stdout","time":29034.587825588,"data":"Using 1 of 4 CPU threads\n"}
,{"stream_name":"stdout","time":29295.895810064,"data":"Searching for best T0 for period 5.53122 days\n"}
,{"stream_name":"stderr","time":29310.657887867,"data":"/usr/local/lib/python3.13/dist-packages/transitleastsquares/main.py:411: UserWarning: 44 of 59 transits without data. The true period may be twice the given period.\n"}
,{"stream_name":"stderr","time":29310.657949518,"data":"  warnings.warn(text)\n"}
,{"stream_name":"stdout","time":29323.110437585,"data":"Transit Least Squares TLS 1.32 (5 Apr 2024)\n"}
,{"stream_name":"stdout","time":29323.11376041,"data":"Creating model cache for 43 durations\n"}
,{"stream_name":"stdout","time":29323.129257333,"data":"Searching 12069 data points, 7093 periods from 0.835 to 29.988 days\n"}
,{"stream_name":"stdout","time":29323.129701027,"data":"Using 1 of 4 CPU threads\n"}
,{"stream_name":"stdout","time":29503.801552923,"data":"Searching for best T0 for period 2.48664 days\n"}
,{"stream_name":"stdout","time":29520.027354753,"data":"Transit Least Squares TLS 1.32 (5 Apr 2024)\n"}
,{"stream_name":"stdout","time":29520.033414728,"data":"Creating model cache for 43 durations\n"}
,{"stream_name":"stdout","time":29520.046528713,"data":"Searching 12069 data points, 7093 periods from 0.835 to 29.988 days\n"}
,{"stream_name":"stdout","time":29520.046698179,"data":"Using 1 of 4 CPU threads\n"}
,{"stream_name":"stdout","time":29637.292374855,"data":"Searching for best T0 for period 7.22427 days\n"}
,{"stream_name":"stderr","time":29640.567866829,"data":"/usr/local/lib/python3.13/dist-packages/transitleastsquares/main.py:411: UserWarning: 16 of 30 transits without data. The true period may be twice the given period.\n"}
,{"stream_name":"stderr","time":29640.567909308,"data":"  warnings.warn(text)\n"}
,{"stream_name":"stdout","time":29648.312824366,"data":"Searching for best T0 for period 1.38203 days\n"}
,{"stream_name":"stdout","time":29655.11081276,"data":"Transit Least Squares TLS 1.32 (5 Apr 2024)\n"}
,{"stream_name":"stdout","time":29655.120056017,"data":"Creating model cache for 43 durations\n"}
,{"stream_name":"stdout","time":29655.14092414,"data":"Searching 17083 data points, 21375 periods from 0.69 to 29.991 days\n"}
,{"stream_name":"stdout","time":29655.141054911,"data":"Using 1 of 4 CPU threads\n"}
,{"stream_name":"stdout","time":29678.257078846,"data":"Transit Least Squares TLS 1.32 (5 Apr 2024)\n"}
,{"stream_name":"stdout","time":29678.264984933,"data":"Creating model cache for 43 durations\n"}
,{"stream_name":"stdout","time":29678.2838326,"data":"Searching 9276 data points, 15545 periods from 0.5 to 29.984 days\n"}
,{"stream_name":"stdout","time":29678.284254164,"data":"Using 1 of 4 CPU threads\n"}
,{"stream_name":"stdout","time":29843.191781995,"data":"Searching for best T0 for period 1.01154 days\n"}
,{"stream_name":"stdout","time":29859.372533437,"data":"Transit Least Squares TLS 1.32 (5 Apr 2024)\n"}
,{"stream_name":"stdout","time":29859.375930512,"data":"Creating model cache for 43 durations\n"}
,{"stream_name":"stdout","time":29859.391867421,"data":"Searching 12069 data points, 7093 periods from 0.835 to 29.988 days\n"}
,{"stream_name":"stdout","time":29859.391979277,"data":"Using 1 of 4 CPU threads\n"}
,{"stream_name":"stdout","time":30002.848534814,"data":"Searching for best T0 for period 2.33054 days\n"}
,{"stream_name":"stderr","time":30004.968032229,"data":"/usr/local/lib/python3.13/dist-packages/transitleastsquares/main.py:411: UserWarning: 19 of 48 transits without data. The true period may be twice the given period.\n"}
,{"stream_name":"stderr","time":30004.96807378,"data":"  warnings.warn(text)\n"}
,{"stream_name":"stdout","time":30014.91963076,"data":"Transit Least Squares TLS 1.32 (5 Apr 2024)\n"}
,{"stream_name":"stdout","time":30014.926498022,"data":"Creating model cache for 43 durations\n"}
,{"stream_name":"stdout","time":30014.943836955,"data":"Searching 9276 data points, 15545 periods from 0.5 to 29.984 days\n"}
,{"stream_name":"stdout","time":30014.944124157,"data":"Using 1 of 4 CPU threads\n"}
,{"stream_name":"stdout","time":30135.007715688,"data":"Searching for best T0 for period 2.51748 days\n"}
,{"stream_name":"stdout","time":30149.713880013,"data":"Transit Least Squares TLS 1.32 (5 Apr 2024)\n"}
,{"stream_name":"stdout","time":30149.724954348,"data":"Creating model cache for 43 durations\n"}
,{"stream_name":"stdout","time":30149.746564793,"data":"Searching 12758 data points, 25062 periods from 0.541 to 29.992 days\n"}
,{"stream_name":"stdout","time":30149.746975631,"data":"Using 1 of 4 CPU threads\n"}
,{"stream_name":"stdout","time":30534.564367234,"data":"Searching for best T0 for period 0.65189 days\n"}
,{"stream_name":"stderr","time":30536.643387743,"data":"/usr/local/lib/python3.13/dist-packages/transitleastsquares/main.py:411: UserWarning: 70 of 171 transits without data. The true period may be twice the given period.\n"}
,{"stream_name":"stderr","time":30536.643458252,"data":"  warnings.warn(text)\n"}
,{"stream_name":"stdout","time":30553.373595692,"data":"Transit Least Squares TLS 1.32 (5 Apr 2024)\n"}
,{"stream_name":"stdout","time":30553.386841217,"data":"Creating model cache for 43 durations\n"}
,{"stream_name":"stdout","time":30553.412474295,"data":"Searching 22394 data points, 24161 periods from 0.5 to 29.99 days\n"}
,{"stream_name":"stdout","time":30553.412548728,"data":"Using 1 of 4 CPU threads\n"}
,{"stream_name":"stdout","time":30914.544993445,"data":"Searching for best T0 for period 1.13449 days\n"}
,{"stream_name":"stderr","time":30918.473983734,"data":"/usr/local/lib/python3.13/dist-packages/transitleastsquares/main.py:411: UserWarning: 108 of 214 transits without data. The true period may be twice the given period.\n"}
,{"stream_name":"stderr","time":30918.474029899,"data":"  warnings.warn(text)\n"}
,{"stream_name":"stdout","time":30926.166976907,"data":"Searching for best T0 for period 1.30533 days\n"}
,{"stream_name":"stderr","time":30934.444471483,"data":"/usr/local/lib/python3.13/dist-packages/transitleastsquares/main.py:411: UserWarning: 69 of 207 transits without data. The true period may be twice the given period.\n"}
,{"stream_name":"stderr","time":30934.444540694,"data":"  warnings.warn(text)\n"}
,{"stream_name":"stdout","time":30939.630582186,"data":"Transit Least Squares TLS 1.32 (5 Apr 2024)\n"}
,{"stream_name":"stdout","time":30939.63977295,"data":"Creating model cache for 43 durations\n"}
,{"stream_name":"stdout","time":30939.659895953,"data":"Searching 17083 data points, 21375 periods from 0.69 to 29.991 days\n"}
,{"stream_name":"stdout","time":30939.660218659,"data":"Using 1 of 4 CPU threads\n"}
,{"stream_name":"stdout","time":30953.471066073,"data":"Transit Least Squares TLS 1.32 (5 Apr 2024)\n"}
,{"stream_name":"stdout","time":30953.471780872,"data":"Creating model cache for 37 durations\n"}
,{"stream_name":"stdout","time":30953.48266251,"data":"Searching 3446 data points, 1014 periods from 1.141 to 12.431 days\n"}
,{"stream_name":"stdout","time":30953.482792171,"data":"Using 1 of 4 CPU threads\n"}
,{"stream_name":"stdout","time":30963.499469159,"data":"Searching for best T0 for period 5.41148 days\n"}
,{"stream_name":"stdout","time":30968.401308798,"data":"Transit Least Squares TLS 1.32 (5 Apr 2024)\n"}
,{"stream_name":"stdout","time":30968.402313314,"data":"Creating model cache for 37 durations\n"}
,{"stream_name":"stdout","time":30968.412754725,"data":"Searching 3446 data points, 1014 periods from 1.141 to 12.431 days\n"}
,{"stream_name":"stdout","time":30968.412910679,"data":"Using 1 of 4 CPU threads\n"}
,{"stream_name":"stdout","time":30977.739481815,"data":"Searching for best T0 for period 3.10144 days\n"}
,{"stream_name":"stdout","time":30986.417205301,"data":"Transit Least Squares TLS 1.32 (5 Apr 2024)\n"}
,{"stream_name":"stdout","time":30986.425910023,"data":"Creating model cache for 43 durations\n"}
,{"stream_name":"stdout","time":30986.445523827,"data":"Searching 11706 data points, 16520 periods from 0.5 to 29.995 days\n"}
,{"stream_name":"stdout","time":30986.44586346,"data":"Using 1 of 4 CPU threads\n"}
,{"stream_name":"stdout","time":31077.136416467,"data":"Searching for best T0 for period 1.69218 days\n"}
,{"stream_name":"stderr","time":31079.997495532,"data":"/usr/local/lib/python3.13/dist-packages/transitleastsquares/main.py:411: UserWarning: 74 of 128 transits without data. The true period may be twice the given period.\n"}
,{"stream_name":"stderr","time":31079.997563035,"data":"  warnings.warn(text)\n"}
,{"stream_name":"stdout","time":31092.169890575,"data":"Transit Least Squares TLS 1.32 (5 Apr 2024)\n"}
,{"stream_name":"stdout","time":31092.171611406,"data":"Creating model cache for 38 durations\n"}
,{"stream_name":"stdout","time":31092.188781476,"data":"Searching 3756 data points, 2892 periods from 0.541 to 13.937 days\n"}
,{"stream_name":"stdout","time":31092.189130926,"data":"Using 1 of 4 CPU threads\n"}
,{"stream_name":"stdout","time":31128.521073087,"data":"Searching for best T0 for period 3.23491 days\n"}
,{"stream_name":"stdout","time":31140.51457933,"data":"Transit Least Squares TLS 1.32 (5 Apr 2024)\n"}
,{"stream_name":"stdout","time":31140.53259203,"data":"Creating model cache for 43 durations\n"}
,{"stream_name":"stdout","time":31140.565449822,"data":"Searching 22404 data points, 41295 periods from 0.541 to 29.998 days\n"}
,{"stream_name":"stdout","time":31140.565490909,"data":"Using 1 of 4 CPU threads\n"}
,{"stream_name":"stdout","time":31455.894875085,"data":"Searching for best T0 for period 18.28212 days\n"}
,{"stream_name":"stdout","time":31472.198358232,"data":"Transit Least Squares TLS 1.32 (5 Apr 2024)\n"}
,{"stream_name":"stdout","time":31472.20218716,"data":"Creating model cache for 42 durations\n"}
,{"stream_name":"stdout","time":31472.218499489,"data":"Searching 5336 data points, 7682 periods from 0.5 to 24.399 days\n"}
,{"stream_name":"stdout","time":31472.218656516,"data":"Using 1 of 4 CPU threads\n"}
,{"stream_name":"stdout","time":31583.724502259,"data":"Searching for best T0 for period 1.74867 days\n"}
,{"stream_name":"stdout","time":31599.051823915,"data":"Transit Least Squares TLS 1.32 (5 Apr 2024)\n"}
,{"stream_name":"stdout","time":31599.072835473,"data":"Creating model cache for 43 durations\n"}
,{"stream_name":"stdout","time":31599.103984978,"data":"Searching 24092 data points, 47838 periods from 0.5 to 29.996 days\n"}
,{"stream_name":"stdout","time":31599.104328993,"data":"Using 1 of 4 CPU threads\n"}
,{"stream_name":"stdout","time":31964.990192237,"data":"Searching for best T0 for period 2.52792 days\n"}
,{"stream_name":"stderr","time":31968.461421425,"data":"/usr/local/lib/python3.13/dist-packages/transitleastsquares/main.py:411: UserWarning: 50 of 96 transits without data. The true period may be twice the given period.\n"}
,{"stream_name":"stderr","time":31968.461464552,"data":"  warnings.warn(text)\n"}
,{"stream_name":"stdout","time":31984.556093801,"data":"Transit Least Squares TLS 1.32 (5 Apr 2024)\n"}
,{"stream_name":"stdout","time":31984.569436699,"data":"Creating model cache for 43 durations\n"}
,{"stream_name":"stdout","time":31984.586798691,"data":"Searching 11459 data points, 22159 periods from 0.5 to 29.99 days\n"}
,{"stream_name":"stdout","time":31984.587139039,"data":"Using 1 of 4 CPU threads\n"}
,{"stream_name":"stdout","time":32265.687011907,"data":"Searching for best T0 for period 1.99574 days\n"}
,{"stream_name":"stdout","time":32296.619806384,"data":"Transit Least Squares TLS 1.32 (5 Apr 2024)\n"}
,{"stream_name":"stdout","time":32296.635068944,"data":"Creating model cache for 43 durations\n"}
,{"stream_name":"stdout","time":32296.661479268,"data":"Searching 27993 data points, 34066 periods from 0.5 to 29.996 days\n"}
,{"stream_name":"stdout","time":32296.661678462,"data":"Using 1 of 4 CPU threads\n"}
,{"stream_name":"stdout","time":32552.56541498,"data":"Searching for best T0 for period 8.80357 days\n"}
,{"stream_name":"stdout","time":32575.358825723,"data":"Transit Least Squares TLS 1.32 (5 Apr 2024)\n"}
,{"stream_name":"stdout","time":32575.384917777,"data":"Creating model cache for 43 durations\n"}
,{"stream_name":"stdout","time":32575.419244732,"data":"Searching 28403 data points, 58695 periods from 0.5 to 29.997 days\n"}
,{"stream_name":"stdout","time":32575.420387782,"data":"Using 1 of 4 CPU threads\n"}
,{"stream_name":"stdout","time":32911.059981523,"data":"Searching for best T0 for period 2.66759 days\n"}
,{"stream_name":"stderr","time":32918.827182121,"data":"/usr/local/lib/python3.13/dist-packages/transitleastsquares/main.py:411: UserWarning: 73 of 134 transits without data. The true period may be twice the given period.\n"}
,{"stream_name":"stderr","time":32918.827231344,"data":"  warnings.warn(text)\n"}
,{"stream_name":"stdout","time":32934.854525842,"data":"Transit Least Squares TLS 1.32 (5 Apr 2024)\n"}
,{"stream_name":"stdout","time":32934.860394863,"data":"Creating model cache for 43 durations\n"}
,{"stream_name":"stdout","time":32934.873804488,"data":"Searching 6731 data points, 7868 periods from 0.5 to 26.079 days\n"}
,{"stream_name":"stdout","time":32934.874146987,"data":"Using 1 of 4 CPU threads\n"}
,{"stream_name":"stdout","time":33096.734047464,"data":"Searching for best T0 for period 3.82663 days\n"}
,{"stream_name":"stdout","time":33114.627662926,"data":"Transit Least Squares TLS 1.32 (5 Apr 2024)\n"}
,{"stream_name":"stdout","time":33114.651466652,"data":"Creating model cache for 43 durations\n"}
,{"stream_name":"stdout","time":33114.679291479,"data":"Searching 32503 data points, 41638 periods from 0.5 to 29.997 days\n"}
,{"stream_name":"stdout","time":33114.679633481,"data":"Using 1 of 4 CPU threads\n"}
,{"stream_name":"stdout","time":34271.007040261,"data":"Searching for best T0 for period 0.50014 days\n"}
,{"stream_name":"stdout","time":34315.679676538,"data":"Transit Least Squares TLS 1.32 (5 Apr 2024)\n"}
,{"stream_name":"stdout","time":34315.689937963,"data":"Creating model cache for 43 durations\n"}
,{"stream_name":"stdout","time":34315.714065184,"data":"Searching 22394 data points, 24161 periods from 0.5 to 29.99 days\n"}
,{"stream_name":"stdout","time":34315.71425723,"data":"Using 1 of 4 CPU threads\n"}
,{"stream_name":"stdout","time":35209.293995787,"data":"Searching for best T0 for period 0.96420 days\n"}
,{"stream_name":"stderr","time":35217.80081183,"data":"/usr/local/lib/python3.13/dist-packages/transitleastsquares/main.py:411: UserWarning: 134 of 307 transits without data. The true period may be twice the given period.\n"}
,{"stream_name":"stderr","time":35217.800857736,"data":"  warnings.warn(text)\n"}
,{"stream_name":"stdout","time":35238.617358882,"data":"Transit Least Squares TLS 1.32 (5 Apr 2024)\n"}
,{"stream_name":"stdout","time":35238.618799439,"data":"Creating model cache for 38 durations\n"}
,{"stream_name":"stdout","time":35238.629530589,"data":"Searching 2726 data points, 2658 periods from 0.56 to 13.423 days\n"}
,{"stream_name":"stdout","time":35238.62961435,"data":"Using 1 of 4 CPU threads\n"}
,{"stream_name":"stdout","time":35265.212044769,"data":"Searching for best T0 for period 5.03682 days\n"}
,{"stream_name":"stdout","time":35273.926299609,"data":"Transit Least Squares TLS 1.32 (5 Apr 2024)\n"}
,{"stream_name":"stdout","time":35273.936400161,"data":"Creating model cache for 43 durations\n"}
,{"stream_name":"stdout","time":35273.959809414,"data":"Searching 18073 data points, 22792 periods from 0.5 to 29.993 days\n"}
,{"stream_name":"stdout","time":35273.960213808,"data":"Using 1 of 4 CPU threads\n"}
,{"stream_name":"stdout","time":35742.002488124,"data":"Searching for best T0 for period 18.07587 days\n"}
,{"stream_name":"stdout","time":35769.843360536,"data":"Transit Least Squares TLS 1.32 (5 Apr 2024)\n"}
,{"stream_name":"stdout","time":35769.848441596,"data":"Creating model cache for 43 durations\n"}
,{"stream_name":"stdout","time":35769.861828658,"data":"Searching 12898 data points, 4366 periods from 1.383 to 29.979 days\n"}
,{"stream_name":"stdout","time":35769.862204955,"data":"Using 1 of 4 CPU threads\n"}
,{"stream_name":"stdout","time":35858.037715779,"data":"Searching for best T0 for period 0.65670 days\n"}
,{"stream_name":"stdout","time":35896.67270399,"data":"Searching for best T0 for period 13.54696 days\n"}
,{"stream_name":"stderr","time":35905.625742303,"data":"/usr/local/lib/python3.13/dist-packages/transitleastsquares/main.py:411: UserWarning: 4 of 9 transits without data. The true period may be twice the given period.\n"}
,{"stream_name":"stderr","time":35905.625792009,"data":"  warnings.warn(text)\n"}
,{"stream_name":"stdout","time":35914.576635242,"data":"Transit Least Squares TLS 1.32 (5 Apr 2024)\n"}
,{"stream_name":"stdout","time":35914.57782051,"data":"Creating model cache for 38 durations\n"}
,{"stream_name":"stdout","time":35914.589255073,"data":"Searching 3756 data points, 919 periods from 1.383 to 13.937 days\n"}
,{"stream_name":"stdout","time":35914.589503377,"data":"Using 1 of 4 CPU threads\n"}
,{"stream_name":"stdout","time":35924.901476052,"data":"Searching for best T0 for period 1.79739 days\n"}
,{"stream_name":"stderr","time":35933.513138811,"data":"/usr/local/lib/python3.13/dist-packages/transitleastsquares/main.py:411: UserWarning: 328 of 412 transits without data. The true period may be twice the given period.\n"}
,{"stream_name":"stderr","time":35933.513190643,"data":"  warnings.warn(text)\n"}
,{"stream_name":"stdout","time":35934.332796988,"data":"Transit Least Squares TLS 1.32 (5 Apr 2024)\n"}
,{"stream_name":"stdout","time":35934.335212113,"data":"Creating model cache for 43 durations\n"}
,{"stream_name":"stdout","time":35934.350423085,"data":"Searching 12898 data points, 4366 periods from 1.383 to 29.979 days\n"}
,{"stream_name":"stdout","time":35934.350759123,"data":"Using 1 of 4 CPU threads\n"}
,{"stream_name":"stdout","time":35962.238500946,"data":"Transit Least Squares TLS 1.32 (5 Apr 2024)\n"}
,{"stream_name":"stdout","time":35962.275515338,"data":"Creating model cache for 43 durations\n"}
,{"stream_name":"stdout","time":35962.328050069,"data":"Searching 24721 data points, 52758 periods from 0.5 to 29.998 days\n"}
,{"stream_name":"stdout","time":35962.330595141,"data":"Using 1 of 4 CPU threads\n"}
,{"stream_name":"stdout","time":36004.948222871,"data":"Searching for best T0 for period 1.93372 days\n"}
,{"stream_name":"stdout","time":36030.347633076,"data":"Transit Least Squares TLS 1.32 (5 Apr 2024)\n"}
,{"stream_name":"stdout","time":36030.356258103,"data":"Creating model cache for 43 durations\n"}
,{"stream_name":"stdout","time":36030.376701163,"data":"Searching 14508 data points, 18698 periods from 0.5 to 29.996 days\n"}
,{"stream_name":"stdout","time":36030.376965363,"data":"Using 1 of 4 CPU threads\n"}
,{"stream_name":"stdout","time":36061.775012662,"data":"Searching for best T0 for period 15.50537 days\n"}
,{"stream_name":"stdout","time":36076.212661068,"data":"Transit Least Squares TLS 1.32 (5 Apr 2024)\n"}
,{"stream_name":"stdout","time":36076.216490294,"data":"Creating model cache for 43 durations\n"}
,{"stream_name":"stdout","time":36076.230340868,"data":"Searching 9960 data points, 3184 periods from 1.383 to 29.99 days\n"}
,{"stream_name":"stdout","time":36076.230645657,"data":"Using 1 of 4 CPU threads\n"}
,{"stream_name":"stdout","time":36198.769832639,"data":"Searching for best T0 for period 2.14835 days\n"}
,{"stream_name":"stdout","time":36212.608725612,"data":"Transit Least Squares TLS 1.32 (5 Apr 2024)\n"}
,{"stream_name":"stdout","time":36212.610590954,"data":"Creating model cache for 43 durations\n"}
,{"stream_name":"stdout","time":36212.624639754,"data":"Searching 9960 data points, 3184 periods from 1.383 to 29.99 days\n"}
,{"stream_name":"stdout","time":36212.625110264,"data":"Using 1 of 4 CPU threads\n"}
,{"stream_name":"stdout","time":36293.042972621,"data":"Searching for best T0 for period 7.23456 days\n"}
,{"stream_name":"stdout","time":36311.651799186,"data":"Transit Least Squares TLS 1.32 (5 Apr 2024)\n"}
,{"stream_name":"stdout","time":36311.65714166,"data":"Creating model cache for 43 durations\n"}
,{"stream_name":"stdout","time":36311.677252444,"data":"Searching 31812 data points, 11745 periods from 1.383 to 29.999 days\n"}
,{"stream_name":"stdout","time":36311.680478557,"data":"Using 1 of 4 CPU threads\n"}
,{"stream_name":"stdout","time":36578.175679905,"data":"Searching for best T0 for period 8.82287 days\n"}
,{"stream_name":"stdout","time":36595.129494535,"data":"Transit Least Squares TLS 1.32 (5 Apr 2024)\n"}
,{"stream_name":"stdout","time":36595.131773314,"data":"Creating model cache for 38 durations\n"}
,{"stream_name":"stdout","time":36595.144874391,"data":"Searching 3756 data points, 3972 periods from 0.5 to 13.937 days\n"}
,{"stream_name":"stdout","time":36595.144976883,"data":"Using 1 of 4 CPU threads\n"}
,{"stream_name":"stdout","time":36637.135600733,"data":"Searching for best T0 for period 13.35506 days\n"}
,{"stream_name":"stdout","time":36646.9024949,"data":"Transit Least Squares TLS 1.32 (5 Apr 2024)\n"}
,{"stream_name":"stdout","time":36646.914048358,"data":"Creating model cache for 43 durations\n"}
,{"stream_name":"stdout","time":36646.940431987,"data":"Searching 15635 data points, 21881 periods from 0.5 to 29.992 days\n"}
,{"stream_name":"stdout","time":36646.94047702,"data":"Using 1 of 4 CPU threads\n"}
,{"stream_name":"stdout","time":36958.523995565,"data":"Searching for best T0 for period 5.18510 days\n"}
,{"stream_name":"stdout","time":36996.732617976,"data":"Transit Least Squares TLS 1.32 (5 Apr 2024)\n"}
,{"stream_name":"stdout","time":36996.736948666,"data":"Creating model cache for 43 durations\n"}
,{"stream_name":"stdout","time":36996.753601252,"data":"Searching 22585 data points, 7504 periods from 1.383 to 29.984 days\n"}
,{"stream_name":"stdout","time":36996.753832374,"data":"Using 1 of 4 CPU threads\n"}
,{"stream_name":"stdout","time":37300.747399199,"data":"Searching for best T0 for period 1.59486 days\n"}
,{"stream_name":"stdout","time":37335.961255232,"data":"Transit Least Squares TLS 1.32 (5 Apr 2024)\n"}
,{"stream_name":"stdout","time":37335.969870476,"data":"Creating model cache for 43 durations\n"}
,{"stream_name":"stdout","time":37335.998000962,"data":"Searching 31812 data points, 11745 periods from 1.383 to 29.999 days\n"}
,{"stream_name":"stdout","time":37335.998887709,"data":"Using 1 of 4 CPU threads\n"}
,{"stream_name":"stdout","time":37401.328405279,"data":"Searching for best T0 for period 1.40587 days\n"}
,{"stream_name":"stdout","time":37437.185248314,"data":"Transit Least Squares TLS 1.32 (5 Apr 2024)\n"}
,{"stream_name":"stdout","time":37437.189147588,"data":"Creating model cache for 43 durations\n"}
,{"stream_name":"stdout","time":37437.204207535,"data":"Searching 6731 data points, 7868 periods from 0.5 to 26.079 days\n"}
,{"stream_name":"stdout","time":37437.206418249,"data":"Using 1 of 4 CPU threads\n"}
,{"stream_name":"stdout","time":37575.973246324,"data":"Searching for best T0 for period 5.77940 days\n"}
,{"stream_name":"stdout","time":37593.685131439,"data":"Transit Least Squares TLS 1.32 (5 Apr 2024)\n"}
,{"stream_name":"stdout","time":37593.698954966,"data":"Creating model cache for 43 durations\n"}
,{"stream_name":"stdout","time":37593.725333506,"data":"Searching 31657 data points, 32850 periods from 0.566 to 29.994 days\n"}
,{"stream_name":"stdout","time":37593.725532153,"data":"Using 1 of 4 CPU threads\n"}
,{"stream_name":"stdout","time":37639.968528079,"data":"Searching for best T0 for period 8.60778 days\n"}
,{"stream_name":"stdout","time":37660.895020665,"data":"Transit Least Squares TLS 1.32 (5 Apr 2024)\n"}
,{"stream_name":"stdout","time":37660.905712768,"data":"Creating model cache for 43 durations\n"}
,{"stream_name":"stdout","time":37660.940969633,"data":"Searching 12221 data points, 17553 periods from 0.5 to 29.986 days\n"}
,{"stream_name":"stdout","time":37660.941395242,"data":"Using 1 of 4 CPU threads\n"}
,{"stream_name":"stdout","time":38179.32077059,"data":"Searching for best T0 for period 17.31372 days\n"}
,{"stream_name":"stdout","time":38199.29668686,"data":"Transit Least Squares TLS 1.32 (5 Apr 2024)\n"}
,{"stream_name":"stdout","time":38199.30825557,"data":"Creating model cache for 43 durations\n"}
,{"stream_name":"stdout","time":38199.331990609,"data":"Searching 18559 data points, 26074 periods from 0.5 to 29.992 days\n"}
,{"stream_name":"stdout","time":38199.332213551,"data":"Using 1 of 4 CPU threads\n"}
,{"stream_name":"stdout","time":38384.514667466,"data":"Searching for best T0 for period 2.04982 days\n"}
,{"stream_name":"stdout","time":38426.897514643,"data":"Transit Least Squares TLS 1.32 (5 Apr 2024)\n"}
,{"stream_name":"stdout","time":38426.905013343,"data":"Creating model cache for 43 durations\n"}
,{"stream_name":"stdout","time":38426.924190827,"data":"Searching 14698 data points, 15189 periods from 0.535 to 30.0 days\n"}
,{"stream_name":"stdout","time":38426.924560917,"data":"Using 1 of 4 CPU threads\n"}
,{"stream_name":"stdout","time":38601.820267936,"data":"Searching for best T0 for period 7.72957 days\n"}
,{"stream_name":"stdout","time":38649.279699505,"data":"Transit Least Squares TLS 1.32 (5 Apr 2024)\n"}
,{"stream_name":"stdout","time":38649.283835141,"data":"Creating model cache for 43 durations\n"}
,{"stream_name":"stdout","time":38649.300685513,"data":"Searching 7047 data points, 8330 periods from 0.5 to 27.024 days\n"}
,{"stream_name":"stdout","time":38649.300812276,"data":"Using 1 of 4 CPU threads\n"}
,{"stream_name":"stdout","time":38754.573400561,"data":"Searching for best T0 for period 9.28031 days\n"}
,{"stream_name":"stdout","time":38764.32180175,"data":"Transit Least Squares TLS 1.32 (5 Apr 2024)\n"}
,{"stream_name":"stdout","time":38764.32788187,"data":"Creating model cache for 43 durations\n"}
,{"stream_name":"stdout","time":38764.345576355,"data":"Searching 10099 data points, 12343 periods from 0.5 to 29.998 days\n"}
,{"stream_name":"stdout","time":38764.345925012,"data":"Using 1 of 4 CPU threads\n"}
,{"stream_name":"stdout","time":38952.134456855,"data":"Searching for best T0 for period 14.72722 days\n"}
,{"stream_name":"stdout","time":38961.375573747,"data":"Searching for best T0 for period 2.76480 days\n"}
,{"stream_name":"stdout","time":38970.463747603,"data":"Transit Least Squares TLS 1.32 (5 Apr 2024)\n"}
,{"stream_name":"stdout","time":38970.467533236,"data":"Creating model cache for 43 durations\n"}
,{"stream_name":"stdout","time":38970.483017698,"data":"Searching 11375 data points, 7140 periods from 0.857 to 29.993 days\n"}
,{"stream_name":"stdout","time":38970.483082142,"data":"Using 1 of 4 CPU threads\n"}
,{"stream_name":"stdout","time":38979.702423676,"data":"Transit Least Squares TLS 1.32 (5 Apr 2024)\n"}
,{"stream_name":"stdout","time":38979.716419923,"data":"Creating model cache for 43 durations\n"}
,{"stream_name":"stdout","time":38979.740828462,"data":"Searching 22560 data points, 28934 periods from 0.5 to 29.991 days\n"}
,{"stream_name":"stdout","time":38979.741159719,"data":"Using 1 of 4 CPU threads\n"}
,{"stream_name":"stdout","time":39202.338195372,"data":"Searching for best T0 for period 0.62278 days\n"}
,{"stream_name":"stdout","time":39211.138748429,"data":"Searching for best T0 for period 5.66905 days\n"}
,{"stream_name":"stdout","time":39227.550373432,"data":"Transit Least Squares TLS 1.32 (5 Apr 2024)\n"}
,{"stream_name":"stdout","time":39227.557385336,"data":"Creating model cache for 43 durations\n"}
,{"stream_name":"stdout","time":39227.576596475,"data":"Searching 17593 data points, 10818 periods from 0.857 to 29.996 days\n"}
,{"stream_name":"stdout","time":39227.57691865,"data":"Using 1 of 4 CPU threads\n"}
,{"stream_name":"stdout","time":39229.542815239,"data":"Transit Least Squares TLS 1.32 (5 Apr 2024)\n"}
,{"stream_name":"stdout","time":39229.551925434,"data":"Creating model cache for 43 durations\n"}
,{"stream_name":"stdout","time":39229.574791901,"data":"Searching 15635 data points, 21881 periods from 0.5 to 29.992 days\n"}
,{"stream_name":"stdout","time":39229.574968074,"data":"Using 1 of 4 CPU threads\n"}
,{"stream_name":"stdout","time":39619.16744938,"data":"Searching for best T0 for period 18.50634 days\n"}
,{"stream_name":"stdout","time":39647.040857681,"data":"Transit Least Squares TLS 1.32 (5 Apr 2024)\n"}
,{"stream_name":"stdout","time":39647.046428475,"data":"Creating model cache for 43 durations\n"}
,{"stream_name":"stdout","time":39647.070175973,"data":"Searching 14257 data points, 8956 periods from 0.857 to 29.989 days\n"}
,{"stream_name":"stdout","time":39647.070550062,"data":"Using 1 of 4 CPU threads\n"}
,{"stream_name":"stdout","time":40015.538655427,"data":"Searching for best T0 for period 22.70911 days\n"}
,{"stream_name":"stderr","time":40021.549506692,"data":"/usr/local/lib/python3.13/dist-packages/transitleastsquares/main.py:411: UserWarning: 2 of 6 transits without data. The true period may be twice the given period.\n"}
,{"stream_name":"stderr","time":40021.549588082,"data":"  warnings.warn(text)\n"}
,{"stream_name":"stdout","time":40031.643808694,"data":"Transit Least Squares TLS 1.32 (5 Apr 2024)\n"}
,{"stream_name":"stdout","time":40031.647237798,"data":"Creating model cache for 43 durations\n"}
,{"stream_name":"stdout","time":40031.668973891,"data":"Searching 7259 data points, 7048 periods from 0.5 to 27.026 days\n"}
,{"stream_name":"stdout","time":40031.669302218,"data":"Using 1 of 4 CPU threads\n"}
,{"stream_name":"stdout","time":40137.387916678,"data":"Searching for best T0 for period 1.02338 days\n"}
,{"stream_name":"stdout","time":40159.374208955,"data":"Transit Least Squares TLS 1.32 (5 Apr 2024)\n"}
,{"stream_name":"stdout","time":40159.380015749,"data":"Creating model cache for 43 durations\n"}
,{"stream_name":"stdout","time":40159.401672815,"data":"Searching 6824 data points, 8441 periods from 0.5 to 26.995 days\n"}
,{"stream_name":"stdout","time":40159.401890951,"data":"Using 1 of 4 CPU threads\n"}
,{"stream_name":"stdout","time":40285.285213766,"data":"Searching for best T0 for period 0.61088 days\n"}
,{"stream_name":"stdout","time":40304.042543308,"data":"Transit Least Squares TLS 1.32 (5 Apr 2024)\n"}
,{"stream_name":"stdout","time":40304.055072523,"data":"Creating model cache for 43 durations\n"}
,{"stream_name":"stdout","time":40304.081483855,"data":"Searching 26660 data points, 28303 periods from 0.5 to 29.998 days\n"}
,{"stream_name":"stdout","time":40304.083305977,"data":"Using 1 of 4 CPU threads\n"}
,{"stream_name":"stdout","time":40339.008397687,"data":"Searching for best T0 for period 3.17526 days\n"}
,{"stream_name":"stdout","time":40352.481653727,"data":"Transit Least Squares TLS 1.32 (5 Apr 2024)\n"}
,{"stream_name":"stdout","time":40352.488720514,"data":"Creating model cache for 43 durations\n"}
,{"stream_name":"stdout","time":40352.508434649,"data":"Searching 15743 data points, 16251 periods from 0.525 to 29.984 days\n"}
,{"stream_name":"stdout","time":40352.508558769,"data":"Using 1 of 4 CPU threads\n"}
,{"stream_name":"stdout","time":40923.522414747,"data":"Searching for best T0 for period 3.12797 days\n"}
,{"stream_name":"stdout","time":40954.297238287,"data":"Transit Least Squares TLS 1.32 (5 Apr 2024)\n"}
,{"stream_name":"stdout","time":40954.299224077,"data":"Creating model cache for 38 durations\n"}
,{"stream_name":"stdout","time":40954.311560712,"data":"Searching 3643 data points, 2553 periods from 0.566 to 13.121 days\n"}
,{"stream_name":"stdout","time":40954.311909758,"data":"Using 1 of 4 CPU threads\n"}
,{"stream_name":"stdout","time":40978.494641888,"data":"Searching for best T0 for period 2.90996 days\n"}
,{"stream_name":"stdout","time":40990.118396929,"data":"Transit Least Squares TLS 1.32 (5 Apr 2024)\n"}
,{"stream_name":"stdout","time":40990.130419273,"data":"Creating model cache for 43 durations\n"}
,{"stream_name":"stdout","time":40990.154174969,"data":"Searching 21474 data points, 26330 periods from 0.5 to 29.999 days\n"}
,{"stream_name":"stdout","time":40990.154529341,"data":"Using 1 of 4 CPU threads\n"}
,{"stream_name":"stdout","time":41168.346221169,"data":"Searching for best T0 for period 1.85553 days\n"}
,{"stream_name":"stdout","time":41189.13999561,"data":"Transit Least Squares TLS 1.32 (5 Apr 2024)\n"}
,{"stream_name":"stdout","time":41189.15121524,"data":"Creating model cache for 43 durations\n"}
,{"stream_name":"stdout","time":41189.174963332,"data":"Searching 18803 data points, 25628 periods from 0.525 to 29.998 days\n"}
,{"stream_name":"stdout","time":41189.175323957,"data":"Using 1 of 4 CPU threads\n"}
,{"stream_name":"stdout","time":41203.501112517,"data":"Transit Least Squares TLS 1.32 (5 Apr 2024)\n"}
,{"stream_name":"stdout","time":41203.50673325,"data":"Creating model cache for 43 durations\n"}
,{"stream_name":"stdout","time":41203.523329293,"data":"Searching 9285 data points, 12090 periods from 0.5 to 29.992 days\n"}
,{"stream_name":"stdout","time":41203.523452338,"data":"Using 1 of 4 CPU threads\n"}
,{"stream_name":"stdout","time":41203.826345627,"data":"Searching for best T0 for period 0.66523 days\n"}
,{"stream_name":"stdout","time":41231.436487307,"data":"Transit Least Squares TLS 1.32 (5 Apr 2024)\n"}
,{"stream_name":"stdout","time":41231.437790936,"data":"Creating model cache for 38 durations\n"}
,{"stream_name":"stdout","time":41231.450311564,"data":"Searching 3731 data points, 2046 periods from 0.698 to 13.423 days\n"}
,{"stream_name":"stdout","time":41231.450464434,"data":"Using 1 of 4 CPU threads\n"}
,{"stream_name":"stdout","time":41252.932027163,"data":"Searching for best T0 for period 1.04484 days\n"}
,{"stream_name":"stdout","time":41260.364459906,"data":"Transit Least Squares TLS 1.32 (5 Apr 2024)\n"}
,{"stream_name":"stdout","time":41260.368312045,"data":"Creating model cache for 42 durations\n"}
,{"stream_name":"stdout","time":41260.383327282,"data":"Searching 5336 data points, 8298 periods from 0.5 to 24.399 days\n"}
,{"stream_name":"stdout","time":41260.383577277,"data":"Using 1 of 4 CPU threads\n"}
,{"stream_name":"stdout","time":41374.303769548,"data":"Searching for best T0 for period 1.13694 days\n"}
,{"stream_name":"stdout","time":41383.592144765,"data":"Transit Least Squares TLS 1.32 (5 Apr 2024)\n"}
,{"stream_name":"stdout","time":41383.598432542,"data":"Creating model cache for 43 durations\n"}
,{"stream_name":"stdout","time":41383.617418971,"data":"Searching 8297 data points, 13133 periods from 0.5 to 29.988 days\n"}
,{"stream_name":"stdout","time":41383.617583239,"data":"Using 1 of 4 CPU threads\n"}
,{"stream_name":"stdout","time":41476.738724739,"data":"Searching for best T0 for period 26.36666 days\n"}
,{"stream_name":"stderr","time":41480.43536408,"data":"/usr/local/lib/python3.13/dist-packages/transitleastsquares/main.py:411: UserWarning: 2 of 4 transits without data. The true period may be twice the given period.\n"}
,{"stream_name":"stderr","time":41480.435406943,"data":"  warnings.warn(text)\n"}
,{"stream_name":"stdout","time":41490.376243748,"data":"Transit Least Squares TLS 1.32 (5 Apr 2024)\n"}
,{"stream_name":"stdout","time":41490.38089966,"data":"Creating model cache for 43 durations\n"}
,{"stream_name":"stdout","time":41490.397517937,"data":"Searching 14453 data points, 10308 periods from 0.759 to 29.998 days\n"}
,{"stream_name":"stdout","time":41490.397642473,"data":"Using 1 of 4 CPU threads\n"}
,{"stream_name":"stdout","time":41646.237308999,"data":"Searching for best T0 for period 6.88174 days\n"}
,{"stream_name":"stderr","time":41649.846919005,"data":"/usr/local/lib/python3.13/dist-packages/transitleastsquares/main.py:411: UserWarning: 4 of 11 transits without data. The true period may be twice the given period.\n"}
,{"stream_name":"stderr","time":41649.846966764,"data":"  warnings.warn(text)\n"}
,{"stream_name":"stdout","time":41664.347832163,"data":"Transit Least Squares TLS 1.32 (5 Apr 2024)\n"}
,{"stream_name":"stdout","time":41664.369971843,"data":"Creating model cache for 43 durations\n"}
,{"stream_name":"stdout","time":41664.401634783,"data":"Searching 24016 data points, 51675 periods from 0.5 to 29.998 days\n"}
,{"stream_name":"stdout","time":41664.402164228,"data":"Using 1 of 4 CPU threads\n"}
,{"stream_name":"stdout","time":42003.825593167,"data":"Searching for best T0 for period 0.60442 days\n"}
,{"stream_name":"stdout","time":42016.014215035,"data":"Searching for best T0 for period 1.19151 days\n"}
,{"stream_name":"stdout","time":42033.853040259,"data":"Transit Least Squares TLS 1.32 (5 Apr 2024)\n"}
,{"stream_name":"stdout","time":42033.867400709,"data":"Creating model cache for 43 durations\n"}
,{"stream_name":"stdout","time":42033.89361754,"data":"Searching 20970 data points, 30653 periods from 0.602 to 29.993 days\n"}
,{"stream_name":"stdout","time":42033.893700493,"data":"Using 1 of 4 CPU threads\n"}
,{"stream_name":"stdout","time":42041.103107324,"data":"Transit Least Squares TLS 1.32 (5 Apr 2024)\n"}
,{"stream_name":"stdout","time":42041.111358766,"data":"Creating model cache for 43 durations\n"}
,{"stream_name":"stdout","time":42041.134248227,"data":"Searching 21333 data points, 14633 periods from 0.759 to 29.998 days\n"}
,{"stream_name":"stdout","time":42041.134541448,"data":"Using 1 of 4 CPU threads\n"}
,{"stream_name":"stdout","time":42610.064887317,"data":"Searching for best T0 for period 4.96313 days\n"}
,{"stream_name":"stderr","time":42616.491945346,"data":"/usr/local/lib/python3.13/dist-packages/transitleastsquares/main.py:411: UserWarning: 16 of 43 transits without data. The true period may be twice the given period.\n"}
,{"stream_name":"stderr","time":42616.492016828,"data":"  warnings.warn(text)\n"}
,{"stream_name":"stdout","time":42633.59154264,"data":"Transit Least Squares TLS 1.32 (5 Apr 2024)\n"}
,{"stream_name":"stdout","time":42633.602928174,"data":"Creating model cache for 43 durations\n"}
,{"stream_name":"stdout","time":42633.625806459,"data":"Searching 19011 data points, 26990 periods from 0.5 to 29.996 days\n"}
,{"stream_name":"stdout","time":42633.625997523,"data":"Using 1 of 4 CPU threads\n"}
,{"stream_name":"stdout","time":43130.542730189,"data":"Searching for best T0 for period 0.64320 days\n"}
,{"stream_name":"stderr","time":43136.914906882,"data":"/usr/local/lib/python3.13/dist-packages/transitleastsquares/main.py:411: UserWarning: 235 of 465 transits without data. The true period may be twice the given period.\n"}
,{"stream_name":"stderr","time":43136.9149941,"data":"  warnings.warn(text)\n"}
,{"stream_name":"stdout","time":43141.763779893,"data":"Searching for best T0 for period 0.86023 days\n"}
,{"stream_name":"stdout","time":43160.178860149,"data":"Transit Least Squares TLS 1.32 (5 Apr 2024)\n"}
,{"stream_name":"stdout","time":43160.188593728,"data":"Creating model cache for 43 durations\n"}
,{"stream_name":"stdout","time":43160.206554914,"data":"Searching 9990 data points, 16166 periods from 0.602 to 29.999 days\n"}
,{"stream_name":"stdout","time":43160.206663632,"data":"Using 1 of 4 CPU threads\n"}
,{"stream_name":"stdout","time":43175.84831633,"data":"Transit Least Squares TLS 1.32 (5 Apr 2024)\n"}
,{"stream_name":"stdout","time":43175.859427206,"data":"Creating model cache for 43 durations\n"}
,{"stream_name":"stdout","time":43175.878328269,"data":"Searching 28147 data points, 19182 periods from 0.759 to 29.99 days\n"}
,{"stream_name":"stdout","time":43175.87864894,"data":"Using 1 of 4 CPU threads\n"}
]