[{"stream_name":"stdout","time":12.109596113,"data":"     ━━━━━━━━━━━━━━━━━━━━━━━━━━━━━━━━━━━━━━━━ 62.1/62.1 kB 2.7 MB/s eta 0:00:00\n"}
,{"stream_name":"stdout","time":13.356642866,"data":"     ━━━━━━━━━━━━━━━━━━━━━━━━━━━━━━━━━━━━━━━━ 80.3/80.3 kB 4.0 MB/s eta 0:00:00\n"}
,{"stream_name":"stdout","time":14.924426666,"data":"     ━━━━━━━━━━━━━━━━━━━━━━━━━━━━━━━━━━━━━━━━ 41.2/41.2 kB 2.0 MB/s eta 0:00:00\n"}
,{"stream_name":"stdout","time":18.641802862,"data":"   ━━━━━━━━━━━━━━━━━━━━━━━━━━━━━━━━━━━━━━━━ 10.5/10.5 MB 80.2 MB/s eta 0:00:00\n"}
,{"stream_name":"stdout","time":18.863590714,"data":"   ━━━━━━━━━━━━━━━━━━━━━━━━━━━━━━━━━━━━━━━━ 11.1/11.1 MB 49.3 MB/s eta 0:00:00\n"}
,{"stream_name":"stdout","time":18.890388824,"data":"   ━━━━━━━━━━━━━━━━━━━━━━━━━━━━━━━━━━━━━━━━ 243.5/243.5 kB 12.7 MB/s eta 0:00:00\n"}
,{"stream_name":"stdout","time":18.916796476000002,"data":"   ━━━━━━━━━━━━━━━━━━━━━━━━━━━━━━━━━━━━━━━━ 261.1/261.1 kB 13.1 MB/s eta 0:00:00\n"}
,{"stream_name":"stdout","time":19.026753503,"data":"   ━━━━━━━━━━━━━━━━━━━━━━━━━━━━━━━━━━━━━━━━ 9.9/9.9 MB 95.7 MB/s eta 0:00:00\n"}
,{"stream_name":"stdout","time":19.049214389,"data":"   ━━━━━━━━━━━━━━━━━━━━━━━━━━━━━━━━━━━━━━━━ 155.6/155.6 kB 9.0 MB/s eta 0:00:00\n"}
,{"stream_name":"stdout","time":19.153796983,"data":"   ━━━━━━━━━━━━━━━━━━━━━━━━━━━━━━━━━━━━━━━━ 9.2/9.2 MB 94.8 MB/s eta 0:00:00\n"}
,{"stream_name":"stdout","time":19.45441456,"data":"   ━━━━━━━━━━━━━━━━━━━━━━━━━━━━━━━━━━━━━━━━ 35.2/35.2 MB 59.3 MB/s eta 0:00:00\n"}
,{"stream_name":"stdout","time":19.483068806,"data":"   ━━━━━━━━━━━━━━━━━━━━━━━━━━━━━━━━━━━━━━━━ 47.5/47.5 kB 1.9 MB/s eta 0:00:00\n"}
,{"stream_name":"stdout","time":19.53235187,"data":"   ━━━━━━━━━━━━━━━━━━━━━━━━━━━━━━━━━━━━━━━━ 2.0/2.0 MB 71.6 MB/s eta 0:00:00\n"}
,{"stream_name":"stdout","time":19.620668119,"data":"   ━━━━━━━━━━━━━━━━━━━━━━━━━━━━━━━━━━━━━━━━ 1.2/1.2 MB 49.0 MB/s eta 0:00:00\n"}
,{"stream_name":"stdout","time":19.663887744,"data":"   ━━━━━━━━━━━━━━━━━━━━━━━━━━━━━━━━━━━━━━━━ 60.1/60.1 kB 3.2 MB/s eta 0:00:00\n"}
,{"stream_name":"stdout","time":19.707661153,"data":"   ━━━━━━━━━━━━━━━━━━━━━━━━━━━━━━━━━━━━━━━━ 102.0/102.0 kB 5.7 MB/s eta 0:00:00\n"}
,{"stream_name":"stdout","time":19.74147602,"data":"   ━━━━━━━━━━━━━━━━━━━━━━━━━━━━━━━━━━━━━━━━ 1.8/1.8 MB 65.3 MB/s eta 0:00:00\n"}
,{"stream_name":"stdout","time":19.763227953,"data":"   ━━━━━━━━━━━━━━━━━━━━━━━━━━━━━━━━━━━━━━━━ 221.7/221.7 kB 13.0 MB/s eta 0:00:00\n"}
,{"stream_name":"stdout","time":19.938710388,"data":"   ━━━━━━━━━━━━━━━━━━━━━━━━━━━━━━━━━━━━━━━━ 15.7/15.7 MB 86.6 MB/s eta 0:00:00\n"}
,{"stream_name":"stderr","time":61.842640152,"data":"ERROR: pip's dependency resolver does not currently take into account all the packages that are installed. This behaviour is the source of the following dependency conflicts.\n"}
,{"stream_name":"stderr","time":61.842693052,"data":"bigframes 2.39.0 requires google-cloud-bigquery-storage\u003c3.0.0,\u003e=2.30.0, which is not installed.\n"}
,{"stream_name":"stderr","time":61.842700502,"data":"datasets 5.0.0 requires fsspec[http]\u003c=2026.4.0,\u003e=2023.1.0, but you have fsspec 2026.9.0 which is incompatible.\n"}
,{"stream_name":"stderr","time":61.842705787,"data":"ydata-profiling 4.18.4 requires matplotlib\u003c=3.10,\u003e=3.5, but you have matplotlib 3.11.2 which is incompatible.\n"}
,{"stream_name":"stderr","time":61.842711236,"data":"ydata-profiling 4.18.4 requires scipy\u003c1.17,\u003e=1.8, but you have scipy 1.17.1 which is incompatible.\n"}
,{"stream_name":"stderr","time":61.842716402,"data":"gcsfs 2025.3.0 requires fsspec==2025.3.0, but you have fsspec 2026.9.0 which is incompatible.\n"}
,{"stream_name":"stderr","time":61.842721065,"data":"sklearn-compat 0.1.5 requires scikit-learn\u003c1.9,\u003e=1.2, but you have scikit-learn 1.9.1 which is incompatible.\n"}
,{"stream_name":"stdout","time":68.213112649,"data":"[2026-09-30T20:09:34+00:00] bls_gpu shard 1/2: 599 TOIs, cache /kaggle/input/notebooks/srijeetbanerjee/exog-cache-chunk-4/cache\n"}
,{"stream_name":"stdout","time":68.213169939,"data":"[2026-09-30T20:09:34+00:00] bls_gpu shard 2/2: 599 TOIs, cache /kaggle/input/notebooks/srijeetbanerjee/exog-cache-chunk-4/cache\n"}
,{"stream_name":"stdout","time":85.522071946,"data":"[2026-09-30T20:09:51+00:00]   1011.01: 13s\n"}
,{"stream_name":"stdout","time":85.591672397,"data":"[2026-09-30T20:09:51+00:00]   101.01: 13s\n"}
,{"stream_name":"stdout","time":86.368948514,"data":"[2026-09-30T20:09:52+00:00]   1036.01: 1s\n"}
,{"stream_name":"stdout","time":87.425770682,"data":"[2026-09-30T20:09:53+00:00]   1049.01: 1s\n"}
,{"stream_name":"stdout","time":88.944150938,"data":"[2026-09-30T20:09:55+00:00]   1050.01: 2s\n"}
,{"stream_name":"stdout","time":90.392842963,"data":"[2026-09-30T20:09:56+00:00]   1055.01: 1s\n"}
,{"stream_name":"stdout","time":91.341352071,"data":"[2026-09-30T20:09:57+00:00]   1064.02: 1s\n"}
,{"stream_name":"stdout","time":92.821188593,"data":"[2026-09-30T20:09:59+00:00]   1066.01: 1s\n"}
,{"stream_name":"stdout","time":94.051145579,"data":"[2026-09-30T20:10:00+00:00]   1068.01: 1s\n"}
,{"stream_name":"stdout","time":95.235586948,"data":"[2026-09-30T20:10:01+00:00]   107.01: 1s\n"}
,{"stream_name":"stdout","time":96.70815779,"data":"[2026-09-30T20:10:03+00:00]   1075.01: 1s\n"}
,{"stream_name":"stdout","time":97.931899018,"data":"[2026-09-30T20:10:04+00:00]   1078.01: 1s\n"}
,{"stream_name":"stdout","time":99.151821393,"data":"[2026-09-30T20:10:05+00:00]   1080.01: 1s\n"}
,{"stream_name":"stdout","time":101.160993937,"data":"[2026-09-30T20:10:07+00:00]   1085.01: 2s\n"}
,{"stream_name":"stdout","time":102.405466243,"data":"[2026-09-30T20:10:08+00:00]   109.01: 1s\n"}
,{"stream_name":"stdout","time":165.382358734,"data":"[2026-09-30T20:11:11+00:00]   1105.01: 63s\n"}
,{"stream_name":"stdout","time":168.307897212,"data":"[2026-09-30T20:11:14+00:00]   111.01: 3s\n"}
,{"stream_name":"stdout","time":169.643102784,"data":"[2026-09-30T20:11:16+00:00]   1117.01: 1s\n"}
,{"stream_name":"stdout","time":170.734664475,"data":"[2026-09-30T20:11:17+00:00]   113.01: 1s\n"}
,{"stream_name":"stdout","time":259.707329152,"data":"[2026-09-30T20:12:46+00:00]   1135.01: 89s\n"}
,{"stream_name":"stdout","time":264.157681873,"data":"[2026-09-30T20:12:50+00:00]   102.01: 179s\n"}
,{"stream_name":"stdout","time":265.36112665,"data":"[2026-09-30T20:12:51+00:00]   103.01: 1s\n"}
,{"stream_name":"stdout","time":266.551884613,"data":"[2026-09-30T20:12:52+00:00]   104.01: 1s\n"}
,{"stream_name":"stdout","time":267.761325359,"data":"[2026-09-30T20:12:54+00:00]   105.01: 1s\n"}
,{"stream_name":"stdout","time":301.757837093,"data":"[2026-09-30T20:13:28+00:00]   1136.01: 42s\n"}
,{"stream_name":"stdout","time":331.567367511,"data":"[2026-09-30T20:13:57+00:00]   1148.01: 30s\n"}
,{"stream_name":"stdout","time":333.714244331,"data":"[2026-09-30T20:14:00+00:00]   1150.01: 2s\n"}
,{"stream_name":"stdout","time":334.581879637,"data":"[2026-09-30T20:14:00+00:00]   1151.01: 1s\n"}
,{"stream_name":"stdout","time":335.442316371,"data":"[2026-09-30T20:14:01+00:00]   1052.01: 68s\n"}
,{"stream_name":"stdout","time":336.897838679,"data":"[2026-09-30T20:14:03+00:00]   1054.01: 1s\n"}
,{"stream_name":"stdout","time":336.910673238,"data":"[2026-09-30T20:14:03+00:00]   117.01: 2s\n"}
,{"stream_name":"stdout","time":380.112852289,"data":"[2026-09-30T20:14:46+00:00]   1173.01: 43s\n"}
,{"stream_name":"stdout","time":525.480414257,"data":"[2026-09-30T20:17:11+00:00]   106.01: 189s\n"}
,{"stream_name":"stdout","time":563.312946172,"data":"[2026-09-30T20:17:49+00:00]   1176.01: 183s\n"}
,{"stream_name":"stdout","time":564.49335154,"data":"[2026-09-30T20:17:50+00:00]   118.01: 1s\n"}
,{"stream_name":"stdout","time":591.090365863,"data":"[2026-09-30T20:18:17+00:00]   1062.01: 66s\n"}
,{"stream_name":"stdout","time":592.053302119,"data":"[2026-09-30T20:18:18+00:00]   1064.01: 1s\n"}
,{"stream_name":"stdout","time":593.286122044,"data":"[2026-09-30T20:18:19+00:00]   1065.01: 1s\n"}
,{"stream_name":"stdout","time":594.832342016,"data":"[2026-09-30T20:18:21+00:00]   1067.01: 2s\n"}
,{"stream_name":"stdout","time":596.031374615,"data":"[2026-09-30T20:18:22+00:00]   1069.01: 1s\n"}
,{"stream_name":"stdout","time":599.359661854,"data":"[2026-09-30T20:18:25+00:00]   1180.01: 35s\n"}
,{"stream_name":"stdout","time":601.507044706,"data":"[2026-09-30T20:18:27+00:00]   1072.01: 5s\n"}
,{"stream_name":"stdout","time":602.691079043,"data":"[2026-09-30T20:18:29+00:00]   1073.01: 1s\n"}
,{"stream_name":"stdout","time":604.150636233,"data":"[2026-09-30T20:18:30+00:00]   1076.01: 1s\n"}
,{"stream_name":"stdout","time":604.686076912,"data":"[2026-09-30T20:18:31+00:00]   1181.01: 5s\n"}
,{"stream_name":"stdout","time":605.43359155,"data":"[2026-09-30T20:18:31+00:00]   108.01: 1s\n"}
,{"stream_name":"stdout","time":606.969287395,"data":"[2026-09-30T20:18:33+00:00]   1084.01: 2s\n"}
,{"stream_name":"stdout","time":609.557103535,"data":"[2026-09-30T20:18:35+00:00]   1098.01: 3s\n"}
,{"stream_name":"stdout","time":611.006081468,"data":"[2026-09-30T20:18:37+00:00]   1099.01: 1s\n"}
,{"stream_name":"stdout","time":613.95860246,"data":"[2026-09-30T20:18:40+00:00]   110.01: 3s\n"}
,{"stream_name":"stdout","time":616.71520803,"data":"[2026-09-30T20:18:43+00:00]   1107.01: 3s\n"}
,{"stream_name":"stdout","time":694.881771293,"data":"[2026-09-30T20:20:01+00:00]   112.01: 78s\n"}
,{"stream_name":"stdout","time":696.083289606,"data":"[2026-09-30T20:20:02+00:00]   1124.01: 1s\n"}
,{"stream_name":"stdout","time":737.806221491,"data":"[2026-09-30T20:20:44+00:00]   1136.04: 42s\n"}
,{"stream_name":"stdout","time":738.525568392,"data":"[2026-09-30T20:20:44+00:00]   1138.01: 1s\n"}
,{"stream_name":"stdout","time":799.536646141,"data":"[2026-09-30T20:21:45+00:00]   1183.01: 195s\n"}
,{"stream_name":"stdout","time":800.703418138,"data":"[2026-09-30T20:21:47+00:00]   120.01: 1s\n"}
,{"stream_name":"stdout","time":803.071577568,"data":"[2026-09-30T20:21:49+00:00]   1203.01: 2s\n"}
,{"stream_name":"stdout","time":804.318971221,"data":"[2026-09-30T20:21:50+00:00]   122.01: 1s\n"}
,{"stream_name":"stdout","time":871.461704485,"data":"[2026-09-30T20:22:57+00:00]   1224.01: 67s\n"}
,{"stream_name":"stdout","time":874.133676415,"data":"[2026-09-30T20:23:00+00:00]   1227.01: 3s\n"}
,{"stream_name":"stdout","time":933.229677062,"data":"[2026-09-30T20:23:59+00:00]   114.01: 195s\n"}
,{"stream_name":"stdout","time":1059.979968371,"data":"[2026-09-30T20:26:06+00:00]   1141.01: 127s\n"}
,{"stream_name":"stdout","time":1062.450871283,"data":"[2026-09-30T20:26:08+00:00]   1144.01: 2s\n"}
,{"stream_name":"stdout","time":1065.431898939,"data":"[2026-09-30T20:26:11+00:00]   115.01: 3s\n"}
,{"stream_name":"stdout","time":1069.681991487,"data":"[2026-09-30T20:26:16+00:00]   1228.01: 196s\n"}
,{"stream_name":"stdout","time":1075.107297726,"data":"[2026-09-30T20:26:21+00:00]   1230.01: 5s\n"}
,{"stream_name":"stdout","time":1089.726129185,"data":"[2026-09-30T20:26:36+00:00]   1232.01: 15s\n"}
,{"stream_name":"stdout","time":1091.93541289,"data":"[2026-09-30T20:26:38+00:00]   1233.01: 2s\n"}
,{"stream_name":"stdout","time":1094.31779662,"data":"[2026-09-30T20:26:40+00:00]   1233.03: 2s\n"}
,{"stream_name":"stdout","time":1124.07484873,"data":"[2026-09-30T20:27:10+00:00]   1235.01: 30s\n"}
,{"stream_name":"stdout","time":1125.054656004,"data":"[2026-09-30T20:27:11+00:00]   1236.01: 1s\n"}
,{"stream_name":"stdout","time":1154.689572221,"data":"[2026-09-30T20:27:41+00:00]   1153.01: 89s\n"}
,{"stream_name":"stdout","time":1155.912077643,"data":"[2026-09-30T20:27:42+00:00]   116.01: 1s\n"}
,{"stream_name":"stdout","time":1163.698374295,"data":"[2026-09-30T20:27:50+00:00]   1238.01: 39s\n"}
,{"stream_name":"stdout","time":1230.272161406,"data":"[2026-09-30T20:28:56+00:00]   1161.01: 74s\n"}
,{"stream_name":"stdout","time":1272.608863815,"data":"[2026-09-30T20:29:38+00:00]   1174.01: 42s\n"}
,{"stream_name":"stdout","time":1347.562184461,"data":"[2026-09-30T20:30:53+00:00]   1244.01: 184s\n"}
,{"stream_name":"stdout","time":1456.220848551,"data":"[2026-09-30T20:32:42+00:00]   1184.01: 184s\n"}
,{"stream_name":"stdout","time":1517.702470113,"data":"[2026-09-30T20:33:44+00:00]   1246.02: 170s\n"}
,{"stream_name":"stdout","time":1551.515480735,"data":"[2026-09-30T20:34:17+00:00]   1190.01: 95s\n"}
,{"stream_name":"stdout","time":1581.561707501,"data":"[2026-09-30T20:34:47+00:00]   1194.01: 30s\n"}
,{"stream_name":"stdout","time":1582.57507815,"data":"[2026-09-30T20:34:48+00:00]   1198.01: 1s\n"}
,{"stream_name":"stdout","time":1606.474420291,"data":"[2026-09-30T20:35:12+00:00]   1199.01: 24s\n"}
,{"stream_name":"stdout","time":1607.490464345,"data":"[2026-09-30T20:35:13+00:00]   1201.01: 1s\n"}
,{"stream_name":"stdout","time":1610.055846719,"data":"[2026-09-30T20:35:16+00:00]   1213.01: 3s\n"}
,{"stream_name":"stdout","time":1676.696123436,"data":"[2026-09-30T20:36:23+00:00]   1224.02: 67s\n"}
,{"stream_name":"stdout","time":1710.942933453,"data":"[2026-09-30T20:36:57+00:00]   1248.01: 193s\n"}
,{"stream_name":"stdout","time":1729.549187246,"data":"[2026-09-30T20:37:15+00:00]   1226.01: 53s\n"}
,{"stream_name":"stdout","time":1730.673100914,"data":"[2026-09-30T20:37:17+00:00]   123.01: 1s\n"}
,{"stream_name":"stdout","time":1733.063404238,"data":"[2026-09-30T20:37:19+00:00]   1231.01: 2s\n"}
,{"stream_name":"stdout","time":1735.234833735,"data":"[2026-09-30T20:37:21+00:00]   1233.02: 2s\n"}
,{"stream_name":"stdout","time":1737.621443617,"data":"[2026-09-30T20:37:24+00:00]   1233.04: 2s\n"}
,{"stream_name":"stdout","time":1752.825782345,"data":"[2026-09-30T20:37:39+00:00]   1249.01: 42s\n"}
,{"stream_name":"stdout","time":1755.470905386,"data":"[2026-09-30T20:37:41+00:00]   125.03: 3s\n"}
,{"stream_name":"stdout","time":1778.386377919,"data":"[2026-09-30T20:38:04+00:00]   1238.02: 41s\n"}
,{"stream_name":"stdout","time":1842.162064539,"data":"[2026-09-30T20:39:08+00:00]   1240.01: 64s\n"}
,{"stream_name":"stdout","time":1860.755900887,"data":"[2026-09-30T20:39:27+00:00]   1243.01: 19s\n"}
,{"stream_name":"stdout","time":1940.956257921,"data":"[2026-09-30T20:40:47+00:00]   1255.01: 185s\n"}
,{"stream_name":"stdout","time":2029.329165169,"data":"[2026-09-30T20:42:15+00:00]   1246.01: 169s\n"}
,{"stream_name":"stdout","time":2090.89678761,"data":"[2026-09-30T20:43:17+00:00]   1259.01: 150s\n"}
,{"stream_name":"stdout","time":2114.7707489,"data":"[2026-09-30T20:43:41+00:00]   1260.02: 24s\n"}
,{"stream_name":"stdout","time":2156.105890636,"data":"[2026-09-30T20:44:22+00:00]   1266.02: 41s\n"}
,{"stream_name":"stdout","time":2200.521969962,"data":"[2026-09-30T20:45:06+00:00]   1246.03: 171s\n"}
,{"stream_name":"stdout","time":2230.238096986,"data":"[2026-09-30T20:45:36+00:00]   1267.01: 74s\n"}
,{"stream_name":"stdout","time":2259.195589578,"data":"[2026-09-30T20:46:05+00:00]   1268.01: 29s\n"}
,{"stream_name":"stdout","time":2325.692829512,"data":"[2026-09-30T20:47:12+00:00]   1247.01: 125s\n"}
,{"stream_name":"stdout","time":2436.619513797,"data":"[2026-09-30T20:49:02+00:00]   1254.01: 111s\n"}
,{"stream_name":"stdout","time":2437.64613743,"data":"[2026-09-30T20:49:04+00:00]   1257.01: 1s\n"}
,{"stream_name":"stdout","time":2440.753506955,"data":"[2026-09-30T20:49:07+00:00]   1269.02: 182s\n"}
,{"stream_name":"stdout","time":2461.775725116,"data":"[2026-09-30T20:49:28+00:00]   1260.01: 24s\n"}
,{"stream_name":"stdout","time":2464.203741902,"data":"[2026-09-30T20:49:30+00:00]   1265.01: 2s\n"}
,{"stream_name":"stdout","time":2467.980894577,"data":"[2026-09-30T20:49:34+00:00]   1272.01: 27s\n"}
,{"stream_name":"stdout","time":2502.793131776,"data":"[2026-09-30T20:50:09+00:00]   1273.01: 35s\n"}
,{"stream_name":"stdout","time":2503.678201501,"data":"[2026-09-30T20:50:10+00:00]   1278.01: 1s\n"}
,{"stream_name":"stdout","time":2504.534794673,"data":"[2026-09-30T20:50:10+00:00]   1283.01: 1s\n"}
,{"stream_name":"stdout","time":2505.889157606,"data":"[2026-09-30T20:50:12+00:00]   1266.01: 42s\n"}
,{"stream_name":"stdout","time":2507.354462388,"data":"[2026-09-30T20:50:13+00:00]   129.01: 3s\n"}
,{"stream_name":"stdout","time":2509.702985725,"data":"[2026-09-30T20:50:16+00:00]   1290.01: 2s\n"}
,{"stream_name":"stdout","time":2519.477154112,"data":"[2026-09-30T20:50:25+00:00]   1296.01: 10s\n"}
,{"stream_name":"stdout","time":2598.468993212,"data":"[2026-09-30T20:51:44+00:00]   130.01: 79s\n"}
,{"stream_name":"stdout","time":2692.555100803,"data":"[2026-09-30T20:53:18+00:00]   1269.01: 187s\n"}
,{"stream_name":"stdout","time":2695.569713698,"data":"[2026-09-30T20:53:21+00:00]   127.01: 3s\n"}
,{"stream_name":"stdout","time":2723.510627348,"data":"[2026-09-30T20:53:49+00:00]   1271.01: 28s\n"}
,{"stream_name":"stdout","time":2751.494265477,"data":"[2026-09-30T20:54:17+00:00]   1279.01: 28s\n"}
,{"stream_name":"stdout","time":2752.647074063,"data":"[2026-09-30T20:54:19+00:00]   1282.01: 1s\n"}
,{"stream_name":"stdout","time":2781.909989799,"data":"[2026-09-30T20:54:48+00:00]   1301.01: 183s\n"}
,{"stream_name":"stdout","time":2783.121917572,"data":"[2026-09-30T20:54:49+00:00]   132.01: 1s\n"}
,{"stream_name":"stdout","time":2784.387102456,"data":"[2026-09-30T20:54:50+00:00]   1337.01: 1s\n"}
,{"stream_name":"stdout","time":2808.198063281,"data":"[2026-09-30T20:55:14+00:00]   1288.01: 56s\n"}
,{"stream_name":"stdout","time":2886.115004778,"data":"[2026-09-30T20:56:32+00:00]   1339.01: 102s\n"}
,{"stream_name":"stdout","time":2974.792318312,"data":"[2026-09-30T20:58:01+00:00]   1291.01: 167s\n"}
,{"stream_name":"stdout","time":3073.515164124,"data":"[2026-09-30T20:59:39+00:00]   1346.01: 187s\n"}
,{"stream_name":"stdout","time":3160.215101949,"data":"[2026-09-30T21:01:06+00:00]   1292.01: 185s\n"}
,{"stream_name":"stdout","time":3221.008729242,"data":"[2026-09-30T21:02:07+00:00]   1294.01: 61s\n"}
,{"stream_name":"stdout","time":3230.615404589,"data":"[2026-09-30T21:02:16+00:00]   1295.01: 10s\n"}
,{"stream_name":"stdout","time":3239.05618532,"data":"[2026-09-30T21:02:25+00:00]   1347.02: 166s\n"}
,{"stream_name":"stdout","time":3240.181742508,"data":"[2026-09-30T21:02:26+00:00]   1298.01: 10s\n"}
,{"stream_name":"stdout","time":3240.242453102,"data":"[2026-09-30T21:02:26+00:00]   135.01: 1s\n"}
,{"stream_name":"stdout","time":3241.554352659,"data":"[2026-09-30T21:02:27+00:00]   1373.01: 1s\n"}
,{"stream_name":"stdout","time":3241.567461722,"data":"[2026-09-30T21:02:27+00:00]   1300.01: 1s\n"}
,{"stream_name":"stdout","time":3242.737278259,"data":"[2026-09-30T21:02:29+00:00]   1383.01: 1s\n"}
,{"stream_name":"stdout","time":3243.866117794,"data":"[2026-09-30T21:02:30+00:00]   139.01: 1s\n"}
,{"stream_name":"stdout","time":3245.149471056,"data":"[2026-09-30T21:02:31+00:00]   1410.01: 1s\n"}
,{"stream_name":"stdout","time":3281.560425554,"data":"[2026-09-30T21:03:07+00:00]   1411.01: 36s\n"}
,{"stream_name":"stdout","time":3304.548160415,"data":"[2026-09-30T21:03:30+00:00]   1416.01: 23s\n"}
,{"stream_name":"stdout","time":3322.19979824,"data":"[2026-09-30T21:03:48+00:00]   1419.01: 18s\n"}
,{"stream_name":"stdout","time":3352.273917427,"data":"[2026-09-30T21:04:18+00:00]   1420.01: 30s\n"}
,{"stream_name":"stdout","time":3354.447094144,"data":"[2026-09-30T21:04:20+00:00]   1421.01: 2s\n"}
,{"stream_name":"stdout","time":3359.361525332,"data":"[2026-09-30T21:04:25+00:00]   1430.01: 5s\n"}
,{"stream_name":"stdout","time":3434.928126974,"data":"[2026-09-30T21:05:41+00:00]   1306.01: 193s\n"}
,{"stream_name":"stdout","time":3436.253466341,"data":"[2026-09-30T21:05:42+00:00]   1333.01: 1s\n"}
,{"stream_name":"stdout","time":3537.166480184,"data":"[2026-09-30T21:07:23+00:00]   1339.02: 101s\n"}
,{"stream_name":"stdout","time":3538.35400147,"data":"[2026-09-30T21:07:24+00:00]   134.01: 1s\n"}
,{"stream_name":"stdout","time":3556.299148423,"data":"[2026-09-30T21:07:42+00:00]   1437.01: 197s\n"}
,{"stream_name":"stdout","time":3710.2612889,"data":"[2026-09-30T21:10:16+00:00]   1340.01: 172s\n"}
,{"stream_name":"stdout","time":3737.539433385,"data":"[2026-09-30T21:10:43+00:00]   1438.02: 181s\n"}
,{"stream_name":"stdout","time":3849.034570418,"data":"[2026-09-30T21:12:35+00:00]   144.01: 111s\n"}
,{"stream_name":"stdout","time":3851.428750106,"data":"[2026-09-30T21:12:37+00:00]   1448.01: 2s\n"}
,{"stream_name":"stdout","time":3899.669482368,"data":"[2026-09-30T21:13:26+00:00]   1346.02: 189s\n"}
,{"stream_name":"stdout","time":4031.797293141,"data":"[2026-09-30T21:15:38+00:00]   1452.01: 180s\n"}
,{"stream_name":"stdout","time":4077.146116586,"data":"[2026-09-30T21:16:23+00:00]   1347.01: 177s\n"}
,{"stream_name":"stdout","time":4078.375944518,"data":"[2026-09-30T21:16:24+00:00]   1370.01: 1s\n"}
,{"stream_name":"stdout","time":4079.575968999,"data":"[2026-09-30T21:16:25+00:00]   138.01: 1s\n"}
,{"stream_name":"stdout","time":4082.473325808,"data":"[2026-09-30T21:16:28+00:00]   1386.01: 3s\n"}
,{"stream_name":"stdout","time":4083.862874361,"data":"[2026-09-30T21:16:30+00:00]   1388.01: 1s\n"}
,{"stream_name":"stdout","time":4088.194104364,"data":"[2026-09-30T21:16:34+00:00]   1405.01: 4s\n"}
,{"stream_name":"stdout","time":4089.260283203,"data":"[2026-09-30T21:16:35+00:00]   1407.01: 1s\n"}
,{"stream_name":"stdout","time":4090.50800504,"data":"[2026-09-30T21:16:36+00:00]   1414.01: 1s\n"}
,{"stream_name":"stdout","time":4131.625734359,"data":"[2026-09-30T21:17:18+00:00]   1425.01: 41s\n"}
,{"stream_name":"stdout","time":4133.922117073,"data":"[2026-09-30T21:17:20+00:00]   1431.01: 2s\n"}
,{"stream_name":"stdout","time":4136.138053507,"data":"[2026-09-30T21:17:22+00:00]   1433.01: 2s\n"}
,{"stream_name":"stdout","time":4212.618889457,"data":"[2026-09-30T21:18:38+00:00]   1453.02: 181s\n"}
,{"stream_name":"stdout","time":4214.748087603,"data":"[2026-09-30T21:18:41+00:00]   1456.01: 2s\n"}
,{"stream_name":"stdout","time":4215.915741602,"data":"[2026-09-30T21:18:42+00:00]   1458.01: 1s\n"}
,{"stream_name":"stdout","time":4217.010545117,"data":"[2026-09-30T21:18:43+00:00]   1461.01: 1s\n"}
,{"stream_name":"stdout","time":4274.572684831,"data":"[2026-09-30T21:19:40+00:00]   1462.01: 58s\n"}
,{"stream_name":"stdout","time":4276.715781238,"data":"[2026-09-30T21:19:43+00:00]   1467.01: 2s\n"}
,{"stream_name":"stdout","time":4277.887246201,"data":"[2026-09-30T21:19:44+00:00]   1468.02: 1s\n"}
,{"stream_name":"stdout","time":4301.75691627,"data":"[2026-09-30T21:20:08+00:00]   1469.01: 24s\n"}
,{"stream_name":"stdout","time":4319.278367604,"data":"[2026-09-30T21:20:25+00:00]   1438.01: 183s\n"}
,{"stream_name":"stdout","time":4329.289664478,"data":"[2026-09-30T21:20:35+00:00]   1470.01: 28s\n"}
,{"stream_name":"stdout","time":4330.309981782,"data":"[2026-09-30T21:20:36+00:00]   1471.01: 1s\n"}
,{"stream_name":"stdout","time":4331.466061468,"data":"[2026-09-30T21:20:37+00:00]   1473.01: 1s\n"}
,{"stream_name":"stdout","time":4332.518214329,"data":"[2026-09-30T21:20:38+00:00]   1477.01: 1s\n"}
,{"stream_name":"stdout","time":4333.815948311,"data":"[2026-09-30T21:20:40+00:00]   1493.01: 1s\n"}
,{"stream_name":"stdout","time":4336.625268055,"data":"[2026-09-30T21:20:43+00:00]   1518.01: 3s\n"}
,{"stream_name":"stdout","time":4352.566817997,"data":"[2026-09-30T21:20:58+00:00]   153.01: 16s\n"}
,{"stream_name":"stdout","time":4353.82318844,"data":"[2026-09-30T21:21:00+00:00]   1533.01: 1s\n"}
,{"stream_name":"stdout","time":4354.804994911,"data":"[2026-09-30T21:21:01+00:00]   154.01: 1s\n"}
,{"stream_name":"stdout","time":4509.609500365,"data":"[2026-09-30T21:23:35+00:00]   1555.01: 155s\n"}
,{"stream_name":"stdout","time":4510.60934991,"data":"[2026-09-30T21:23:36+00:00]   1572.01: 1s\n"}
,{"stream_name":"stdout","time":4512.043465663,"data":"[2026-09-30T21:23:38+00:00]   159.01: 1s\n"}
,{"stream_name":"stdout","time":4513.125150702,"data":"[2026-09-30T21:23:39+00:00]   1603.01: 1s\n"}
,{"stream_name":"stdout","time":4513.316845092,"data":"[2026-09-30T21:23:39+00:00]   1439.01: 194s\n"}
,{"stream_name":"stdout","time":4562.101720947,"data":"[2026-09-30T21:24:28+00:00]   1611.01: 49s\n"}
,{"stream_name":"stdout","time":4564.598598914,"data":"[2026-09-30T21:24:30+00:00]   1612.01: 2s\n"}
,{"stream_name":"stdout","time":4565.740034409,"data":"[2026-09-30T21:24:32+00:00]   1626.01: 1s\n"}
,{"stream_name":"stdout","time":4572.411822826,"data":"[2026-09-30T21:24:38+00:00]   1628.01: 7s\n"}
,{"stream_name":"stdout","time":4574.899764253,"data":"[2026-09-30T21:24:41+00:00]   1629.01: 2s\n"}
,{"stream_name":"stdout","time":4616.872643547,"data":"[2026-09-30T21:25:23+00:00]   1630.01: 42s\n"}
,{"stream_name":"stdout","time":4618.187017577,"data":"[2026-09-30T21:25:24+00:00]   1634.01: 1s\n"}
,{"stream_name":"stdout","time":4619.580782076,"data":"[2026-09-30T21:25:25+00:00]   1638.01: 1s\n"}
,{"stream_name":"stdout","time":4661.661402431,"data":"[2026-09-30T21:26:08+00:00]   1640.01: 42s\n"}
,{"stream_name":"stdout","time":4662.528645972,"data":"[2026-09-30T21:26:08+00:00]   1645.01: 1s\n"}
,{"stream_name":"stdout","time":4669.275276084,"data":"[2026-09-30T21:26:15+00:00]   1443.01: 156s\n"}
,{"stream_name":"stdout","time":4686.84384919,"data":"[2026-09-30T21:26:33+00:00]   1648.01: 24s\n"}
,{"stream_name":"stdout","time":4716.976590945,"data":"[2026-09-30T21:27:03+00:00]   1651.01: 30s\n"}
,{"stream_name":"stdout","time":4838.405972516,"data":"[2026-09-30T21:29:04+00:00]   1659.01: 121s\n"}
,{"stream_name":"stdout","time":4851.930767662,"data":"[2026-09-30T21:29:18+00:00]   1450.01: 183s\n"}
,{"stream_name":"stdout","time":4873.454919462,"data":"[2026-09-30T21:29:39+00:00]   1669.01: 35s\n"}
,{"stream_name":"stdout","time":4896.007823525,"data":"[2026-09-30T21:30:02+00:00]   1451.01: 44s\n"}
,{"stream_name":"stdout","time":5063.150970941,"data":"[2026-09-30T21:32:49+00:00]   1680.01: 190s\n"}
,{"stream_name":"stdout","time":5064.249506767,"data":"[2026-09-30T21:32:50+00:00]   1684.01: 1s\n"}
,{"stream_name":"stdout","time":5065.361758902,"data":"[2026-09-30T21:32:51+00:00]   1688.01: 1s\n"}
,{"stream_name":"stdout","time":5074.685282454,"data":"[2026-09-30T21:33:01+00:00]   1453.01: 179s\n"}
,{"stream_name":"stdout","time":5075.824091056,"data":"[2026-09-30T21:33:02+00:00]   1460.01: 1s\n"}
,{"stream_name":"stdout","time":5119.420896919,"data":"[2026-09-30T21:33:45+00:00]   1465.01: 44s\n"}
,{"stream_name":"stdout","time":5143.691931418,"data":"[2026-09-30T21:34:10+00:00]   1466.01: 24s\n"}
,{"stream_name":"stdout","time":5144.784974964,"data":"[2026-09-30T21:34:11+00:00]   1468.01: 1s\n"}
,{"stream_name":"stdout","time":5159.02948551,"data":"[2026-09-30T21:34:25+00:00]   1690.01: 94s\n"}
,{"stream_name":"stdout","time":5160.100708005,"data":"[2026-09-30T21:34:26+00:00]   1693.01: 1s\n"}
,{"stream_name":"stdout","time":5168.453201827,"data":"[2026-09-30T21:34:34+00:00]   1469.02: 24s\n"}
,{"stream_name":"stdout","time":5169.495305089,"data":"[2026-09-30T21:34:35+00:00]   147.01: 1s\n"}
,{"stream_name":"stdout","time":5170.340397305,"data":"[2026-09-30T21:34:36+00:00]   1472.01: 1s\n"}
,{"stream_name":"stdout","time":5172.521847241,"data":"[2026-09-30T21:34:38+00:00]   1474.01: 2s\n"}
,{"stream_name":"stdout","time":5173.68291903,"data":"[2026-09-30T21:34:40+00:00]   1476.01: 1s\n"}
,{"stream_name":"stdout","time":5174.784430625,"data":"[2026-09-30T21:34:41+00:00]   1478.01: 1s\n"}
,{"stream_name":"stdout","time":5176.226533644,"data":"[2026-09-30T21:34:42+00:00]   1494.01: 1s\n"}
,{"stream_name":"stdout","time":5192.789662718,"data":"[2026-09-30T21:34:59+00:00]   150.01: 17s\n"}
,{"stream_name":"stdout","time":5194.168117452,"data":"[2026-09-30T21:35:00+00:00]   1695.01: 34s\n"}
,{"stream_name":"stdout","time":5195.615287006,"data":"[2026-09-30T21:35:01+00:00]   1516.01: 3s\n"}
,{"stream_name":"stdout","time":5196.7753739,"data":"[2026-09-30T21:35:03+00:00]   1533.02: 1s\n"}
,{"stream_name":"stdout","time":5197.845199032,"data":"[2026-09-30T21:35:04+00:00]   1554.01: 1s\n"}
,{"stream_name":"stdout","time":5212.489066174,"data":"[2026-09-30T21:35:18+00:00]   157.01: 15s\n"}
,{"stream_name":"stdout","time":5224.281196381,"data":"[2026-09-30T21:35:30+00:00]   1710.01: 30s\n"}
,{"stream_name":"stdout","time":5225.650614478,"data":"[2026-09-30T21:35:32+00:00]   1714.01: 1s\n"}
,{"stream_name":"stdout","time":5226.90814047,"data":"[2026-09-30T21:35:33+00:00]   1717.01: 1s\n"}
,{"stream_name":"stdout","time":5228.031903557,"data":"[2026-09-30T21:35:34+00:00]   172.01: 1s\n"}
,{"stream_name":"stdout","time":5229.294331925,"data":"[2026-09-30T21:35:35+00:00]   1721.01: 1s\n"}
,{"stream_name":"stdout","time":5241.769114143,"data":"[2026-09-30T21:35:48+00:00]   1573.01: 29s\n"}
,{"stream_name":"stdout","time":5243.01965227,"data":"[2026-09-30T21:35:49+00:00]   1580.01: 1s\n"}
,{"stream_name":"stdout","time":5243.885443569,"data":"[2026-09-30T21:35:50+00:00]   1599.01: 1s\n"}
,{"stream_name":"stdout","time":5244.752505292,"data":"[2026-09-30T21:35:51+00:00]   1615.01: 1s\n"}
,{"stream_name":"stdout","time":5247.228516152,"data":"[2026-09-30T21:35:53+00:00]   1627.01: 2s\n"}
,{"stream_name":"stdout","time":5248.917366911,"data":"[2026-09-30T21:35:55+00:00]   1723.01: 20s\n"}
,{"stream_name":"stdout","time":5250.289625625,"data":"[2026-09-30T21:35:56+00:00]   1725.01: 1s\n"}
,{"stream_name":"stdout","time":5251.48921835,"data":"[2026-09-30T21:35:57+00:00]   1726.02: 1s\n"}
,{"stream_name":"stdout","time":5252.732883188,"data":"[2026-09-30T21:35:59+00:00]   1730.01: 1s\n"}
,{"stream_name":"stdout","time":5253.907398797,"data":"[2026-09-30T21:36:00+00:00]   1730.03: 1s\n"}
,{"stream_name":"stdout","time":5255.190151685,"data":"[2026-09-30T21:36:01+00:00]   1732.01: 1s\n"}
,{"stream_name":"stdout","time":5263.997047802,"data":"[2026-09-30T21:36:10+00:00]   163.01: 17s\n"}
,{"stream_name":"stdout","time":5265.316437636,"data":"[2026-09-30T21:36:11+00:00]   1632.01: 1s\n"}
,{"stream_name":"stdout","time":5266.792506484,"data":"[2026-09-30T21:36:13+00:00]   1637.01: 1s\n"}
,{"stream_name":"stdout","time":5267.836762687,"data":"[2026-09-30T21:36:14+00:00]   1644.01: 1s\n"}
,{"stream_name":"stdout","time":5284.397040533,"data":"[2026-09-30T21:36:30+00:00]   1736.01: 29s\n"}
,{"stream_name":"stdout","time":5380.967393527,"data":"[2026-09-30T21:38:07+00:00]   165.01: 113s\n"}
,{"stream_name":"stdout","time":5400.111155415,"data":"[2026-09-30T21:38:26+00:00]   1739.01: 116s\n"}
,{"stream_name":"stdout","time":5404.9954004,"data":"[2026-09-30T21:38:31+00:00]   1668.01: 24s\n"}
,{"stream_name":"stdout","time":5412.771363519,"data":"[2026-09-30T21:38:39+00:00]   167.01: 8s\n"}
,{"stream_name":"stdout","time":5465.729903968,"data":"[2026-09-30T21:39:32+00:00]   174.02: 66s\n"}
,{"stream_name":"stdout","time":5532.446616921,"data":"[2026-09-30T21:40:38+00:00]   174.04: 67s\n"}
,{"stream_name":"stdout","time":5560.233014324,"data":"[2026-09-30T21:41:06+00:00]   1670.02: 147s\n"}
,{"stream_name":"stdout","time":5561.300155166,"data":"[2026-09-30T21:41:07+00:00]   1682.01: 1s\n"}
,{"stream_name":"stdout","time":5562.434678021,"data":"[2026-09-30T21:41:08+00:00]   1685.01: 1s\n"}
,{"stream_name":"stdout","time":5563.511737984,"data":"[2026-09-30T21:41:09+00:00]   169.01: 1s\n"}
,{"stream_name":"stdout","time":5598.863129225,"data":"[2026-09-30T21:41:45+00:00]   1691.01: 35s\n"}
,{"stream_name":"stdout","time":5600.058867704,"data":"[2026-09-30T21:41:46+00:00]   1696.01: 1s\n"}
,{"stream_name":"stdout","time":5601.2994689,"data":"[2026-09-30T21:41:47+00:00]   1716.01: 1s\n"}
,{"stream_name":"stdout","time":5602.631497701,"data":"[2026-09-30T21:41:49+00:00]   1718.01: 1s\n"}
,{"stream_name":"stdout","time":5604.004496614,"data":"[2026-09-30T21:41:50+00:00]   1720.01: 1s\n"}
,{"stream_name":"stdout","time":5605.246098638,"data":"[2026-09-30T21:41:51+00:00]   1722.01: 1s\n"}
,{"stream_name":"stdout","time":5606.463752826,"data":"[2026-09-30T21:41:52+00:00]   1726.01: 1s\n"}
,{"stream_name":"stdout","time":5607.726574671,"data":"[2026-09-30T21:41:54+00:00]   1728.01: 1s\n"}
,{"stream_name":"stdout","time":5609.007776272,"data":"[2026-09-30T21:41:55+00:00]   1730.02: 1s\n"}
,{"stream_name":"stdout","time":5610.391687673,"data":"[2026-09-30T21:41:56+00:00]   1731.01: 1s\n"}
,{"stream_name":"stdout","time":5676.092351097,"data":"[2026-09-30T21:43:02+00:00]   174.01: 66s\n"}
,{"stream_name":"stdout","time":5684.733619302,"data":"[2026-09-30T21:43:11+00:00]   1743.01: 152s\n"}
,{"stream_name":"stdout","time":5741.788117268,"data":"[2026-09-30T21:44:08+00:00]   174.03: 66s\n"}
,{"stream_name":"stdout","time":5808.190276816,"data":"[2026-09-30T21:45:14+00:00]   174.05: 66s\n"}
,{"stream_name":"stdout","time":5854.063978563,"data":"[2026-09-30T21:46:00+00:00]   1744.01: 169s\n"}
,{"stream_name":"stdout","time":5965.865895822,"data":"[2026-09-30T21:47:52+00:00]   1742.01: 158s\n"}
,{"stream_name":"stdout","time":6026.01742192,"data":"[2026-09-30T21:48:52+00:00]   1749.03: 172s\n"}
,{"stream_name":"stdout","time":6109.554323492,"data":"[2026-09-30T21:50:15+00:00]   175.03: 84s\n"}
,{"stream_name":"stdout","time":6137.249064251,"data":"[2026-09-30T21:50:43+00:00]   1749.01: 171s\n"}
,{"stream_name":"stdout","time":6220.005014039,"data":"[2026-09-30T21:52:06+00:00]   175.01: 83s\n"}
,{"stream_name":"stdout","time":6290.239174162,"data":"[2026-09-30T21:53:16+00:00]   1753.01: 181s\n"}
,{"stream_name":"stdout","time":6291.372329805,"data":"[2026-09-30T21:53:17+00:00]   1768.01: 1s\n"}
,{"stream_name":"stdout","time":6293.72265991,"data":"[2026-09-30T21:53:20+00:00]   177.01: 2s\n"}
,{"stream_name":"stdout","time":6294.717241521,"data":"[2026-09-30T21:53:21+00:00]   1772.01: 1s\n"}
,{"stream_name":"stdout","time":6295.671282678,"data":"[2026-09-30T21:53:22+00:00]   1774.01: 1s\n"}
,{"stream_name":"stdout","time":6296.776189702,"data":"[2026-09-30T21:53:23+00:00]   1776.01: 1s\n"}
,{"stream_name":"stdout","time":6297.733494668,"data":"[2026-09-30T21:53:24+00:00]   1778.01: 1s\n"}
,{"stream_name":"stdout","time":6298.780763352,"data":"[2026-09-30T21:53:25+00:00]   178.05: 1s\n"}
,{"stream_name":"stdout","time":6299.928762279,"data":"[2026-09-30T21:53:26+00:00]   1781.01: 1s\n"}
,{"stream_name":"stdout","time":6341.697105281,"data":"[2026-09-30T21:54:08+00:00]   1782.01: 42s\n"}
,{"stream_name":"stdout","time":6342.86406664,"data":"[2026-09-30T21:54:09+00:00]   1797.02: 1s\n"}
,{"stream_name":"stdout","time":6344.201594025,"data":"[2026-09-30T21:54:10+00:00]   1800.01: 1s\n"}
,{"stream_name":"stdout","time":6345.527062225,"data":"[2026-09-30T21:54:11+00:00]   1803.01: 1s\n"}
,{"stream_name":"stdout","time":6347.852249087,"data":"[2026-09-30T21:54:14+00:00]   1807.01: 2s\n"}
,{"stream_name":"stdout","time":6349.170522109,"data":"[2026-09-30T21:54:15+00:00]   1808.01: 1s\n"}
,{"stream_name":"stdout","time":6350.288279882,"data":"[2026-09-30T21:54:16+00:00]   181.01: 1s\n"}
,{"stream_name":"stdout","time":6351.612931105,"data":"[2026-09-30T21:54:17+00:00]   1811.01: 1s\n"}
,{"stream_name":"stdout","time":6402.14816301,"data":"[2026-09-30T21:55:08+00:00]   1750.01: 182s\n"}
,{"stream_name":"stdout","time":6494.920436241,"data":"[2026-09-30T21:56:41+00:00]   1814.01: 143s\n"}
,{"stream_name":"stdout","time":6504.286666765,"data":"[2026-09-30T21:56:50+00:00]   1825.01: 9s\n"}
,{"stream_name":"stdout","time":6507.032645391,"data":"[2026-09-30T21:56:53+00:00]   183.01: 3s\n"}
,{"stream_name":"stdout","time":6507.875929996,"data":"[2026-09-30T21:56:54+00:00]   1833.01: 1s\n"}
,{"stream_name":"stdout","time":6510.183608141,"data":"[2026-09-30T21:56:56+00:00]   1836.02: 2s\n"}
,{"stream_name":"stdout","time":6511.15852351,"data":"[2026-09-30T21:56:57+00:00]   1840.01: 1s\n"}
,{"stream_name":"stdout","time":6512.007439879,"data":"[2026-09-30T21:56:58+00:00]   1842.01: 1s\n"}
,{"stream_name":"stdout","time":6577.544676397,"data":"[2026-09-30T21:58:03+00:00]   1846.01: 66s\n"}
,{"stream_name":"stdout","time":6579.963463129,"data":"[2026-09-30T21:58:06+00:00]   185.01: 2s\n"}
,{"stream_name":"stdout","time":6589.888003321,"data":"[2026-09-30T21:58:16+00:00]   186.02: 10s\n"}
,{"stream_name":"stdout","time":6592.542844363,"data":"[2026-09-30T21:58:18+00:00]   1752.01: 190s\n"}
,{"stream_name":"stdout","time":6595.315174631,"data":"[2026-09-30T21:58:21+00:00]   1864.01: 5s\n"}
,{"stream_name":"stdout","time":6596.751861221,"data":"[2026-09-30T21:58:23+00:00]   1883.01: 1s\n"}
,{"stream_name":"stdout","time":6597.674802551,"data":"[2026-09-30T21:58:24+00:00]   1902.01: 1s\n"}
,{"stream_name":"stdout","time":6600.416998058,"data":"[2026-09-30T21:58:26+00:00]   1903.01: 3s\n"}
,{"stream_name":"stdout","time":6601.357108772,"data":"[2026-09-30T21:58:27+00:00]   1906.01: 1s\n"}
,{"stream_name":"stdout","time":6603.851252446,"data":"[2026-09-30T21:58:30+00:00]   1907.01: 2s\n"}
,{"stream_name":"stdout","time":6609.236693924,"data":"[2026-09-30T21:58:35+00:00]   1909.01: 5s\n"}
,{"stream_name":"stdout","time":6610.147570927,"data":"[2026-09-30T21:58:36+00:00]   1910.01: 1s\n"}
,{"stream_name":"stdout","time":6612.768540542,"data":"[2026-09-30T21:58:39+00:00]   1913.01: 3s\n"}
,{"stream_name":"stdout","time":6615.311165949,"data":"[2026-09-30T21:58:41+00:00]   1915.01: 3s\n"}
,{"stream_name":"stdout","time":6616.335183464,"data":"[2026-09-30T21:58:42+00:00]   1917.01: 1s\n"}
,{"stream_name":"stdout","time":6617.419375241,"data":"[2026-09-30T21:58:43+00:00]   192.01: 1s\n"}
,{"stream_name":"stdout","time":6618.539472679,"data":"[2026-09-30T21:58:44+00:00]   1921.01: 1s\n"}
,{"stream_name":"stdout","time":6619.679671569,"data":"[2026-09-30T21:58:46+00:00]   1923.01: 1s\n"}
,{"stream_name":"stdout","time":6620.860011353,"data":"[2026-09-30T21:58:47+00:00]   1928.01: 1s\n"}
,{"stream_name":"stdout","time":6621.969359751,"data":"[2026-09-30T21:58:48+00:00]   1930.01: 1s\n"}
,{"stream_name":"stdout","time":6624.263915171,"data":"[2026-09-30T21:58:50+00:00]   1931.01: 2s\n"}
,{"stream_name":"stdout","time":6625.432881592,"data":"[2026-09-30T21:58:51+00:00]   1756.01: 33s\n"}
,{"stream_name":"stdout","time":6625.658196832,"data":"[2026-09-30T21:58:52+00:00]   1933.01: 1s\n"}
,{"stream_name":"stdout","time":6627.121394443,"data":"[2026-09-30T21:58:53+00:00]   1935.01: 1s\n"}
,{"stream_name":"stdout","time":6628.206648836,"data":"[2026-09-30T21:58:54+00:00]   195.01: 1s\n"}
,{"stream_name":"stdout","time":6629.31754194,"data":"[2026-09-30T21:58:55+00:00]   198.01: 1s\n"}
,{"stream_name":"stdout","time":6630.480337988,"data":"[2026-09-30T21:58:56+00:00]   200.01: 1s\n"}
,{"stream_name":"stdout","time":6635.483491889,"data":"[2026-09-30T21:59:01+00:00]   2000.02: 5s\n"}
,{"stream_name":"stdout","time":6636.266888186,"data":"[2026-09-30T21:59:02+00:00]   2011.01: 1s\n"}
,{"stream_name":"stdout","time":6637.222337642,"data":"[2026-09-30T21:59:03+00:00]   2018.01: 1s\n"}
,{"stream_name":"stdout","time":6639.701735053,"data":"[2026-09-30T21:59:06+00:00]   2020.01: 2s\n"}
,{"stream_name":"stdout","time":6660.33211316,"data":"[2026-09-30T21:59:26+00:00]   1758.01: 35s\n"}
,{"stream_name":"stdout","time":6695.99449318,"data":"[2026-09-30T22:00:02+00:00]   1759.01: 36s\n"}
,{"stream_name":"stdout","time":6696.986869559,"data":"[2026-09-30T22:00:03+00:00]   1766.01: 1s\n"}
,{"stream_name":"stdout","time":6698.139311479,"data":"[2026-09-30T22:00:04+00:00]   1771.01: 1s\n"}
,{"stream_name":"stdout","time":6699.133657473,"data":"[2026-09-30T22:00:05+00:00]   1773.01: 1s\n"}
,{"stream_name":"stdout","time":6700.153636458,"data":"[2026-09-30T22:00:06+00:00]   1775.01: 1s\n"}
,{"stream_name":"stdout","time":6701.295158666,"data":"[2026-09-30T22:00:07+00:00]   1777.01: 1s\n"}
,{"stream_name":"stdout","time":6702.248446018,"data":"[2026-09-30T22:00:08+00:00]   178.04: 1s\n"}
,{"stream_name":"stdout","time":6703.269521152,"data":"[2026-09-30T22:00:09+00:00]   1780.01: 1s\n"}
,{"stream_name":"stdout","time":6742.852925112,"data":"[2026-09-30T22:00:49+00:00]   2025.01: 103s\n"}
,{"stream_name":"stdout","time":6745.984513833,"data":"[2026-09-30T22:00:52+00:00]   1782.02: 43s\n"}
,{"stream_name":"stdout","time":6748.282885275,"data":"[2026-09-30T22:00:54+00:00]   179.01: 2s\n"}
,{"stream_name":"stdout","time":6762.505602774,"data":"[2026-09-30T22:01:08+00:00]   2040.01: 20s\n"}
,{"stream_name":"stdout","time":6788.741373098,"data":"[2026-09-30T22:01:35+00:00]   1794.01: 40s\n"}
,{"stream_name":"stdout","time":6789.703207791,"data":"[2026-09-30T22:01:36+00:00]   1797.01: 1s\n"}
,{"stream_name":"stdout","time":6798.520658217,"data":"[2026-09-30T22:01:44+00:00]   2048.01: 36s\n"}
,{"stream_name":"stdout","time":6799.858664019,"data":"[2026-09-30T22:01:46+00:00]   2049.01: 1s\n"}
,{"stream_name":"stdout","time":6814.755073415,"data":"[2026-09-30T22:02:01+00:00]   1798.01: 25s\n"}
,{"stream_name":"stdout","time":6816.030894245,"data":"[2026-09-30T22:02:02+00:00]   1799.01: 1s\n"}
,{"stream_name":"stdout","time":6818.90627383,"data":"[2026-09-30T22:02:05+00:00]   180.01: 3s\n"}
,{"stream_name":"stdout","time":6820.245646968,"data":"[2026-09-30T22:02:06+00:00]   1801.01: 1s\n"}
,{"stream_name":"stdout","time":6821.658507914,"data":"[2026-09-30T22:02:08+00:00]   1803.02: 1s\n"}
,{"stream_name":"stdout","time":6823.006593054,"data":"[2026-09-30T22:02:09+00:00]   1809.01: 1s\n"}
,{"stream_name":"stdout","time":6824.368861509,"data":"[2026-09-30T22:02:10+00:00]   1810.01: 1s\n"}
,{"stream_name":"stdout","time":6825.618874841,"data":"[2026-09-30T22:02:11+00:00]   1821.01: 1s\n"}
,{"stream_name":"stdout","time":6828.31753186,"data":"[2026-09-30T22:02:14+00:00]   1824.01: 3s\n"}
,{"stream_name":"stdout","time":6837.911867331,"data":"[2026-09-30T22:02:24+00:00]   1826.01: 10s\n"}
,{"stream_name":"stdout","time":6840.135750547,"data":"[2026-09-30T22:02:26+00:00]   1836.01: 2s\n"}
,{"stream_name":"stdout","time":6845.533564682,"data":"[2026-09-30T22:02:31+00:00]   1838.01: 5s\n"}
,{"stream_name":"stdout","time":6846.444250056,"data":"[2026-09-30T22:02:32+00:00]   1839.01: 1s\n"}
,{"stream_name":"stdout","time":6980.712951226,"data":"[2026-09-30T22:04:47+00:00]   206.01: 181s\n"}
,{"stream_name":"stdout","time":6982.760258729,"data":"[2026-09-30T22:04:49+00:00]   2064.01: 2s\n"}
,{"stream_name":"stdout","time":7025.231337182,"data":"[2026-09-30T22:05:31+00:00]   2068.01: 42s\n"}
,{"stream_name":"stdout","time":7042.772659757,"data":"[2026-09-30T22:05:49+00:00]   184.01: 196s\n"}
,{"stream_name":"stdout","time":7043.908369921,"data":"[2026-09-30T22:05:50+00:00]   1841.01: 1s\n"}
,{"stream_name":"stdout","time":7045.232573826,"data":"[2026-09-30T22:05:51+00:00]   1844.01: 1s\n"}
,{"stream_name":"stdout","time":7111.623135505,"data":"[2026-09-30T22:06:58+00:00]   1860.01: 66s\n"}
,{"stream_name":"stdout","time":7116.759288678,"data":"[2026-09-30T22:07:03+00:00]   1862.01: 5s\n"}
,{"stream_name":"stdout","time":7119.465059712,"data":"[2026-09-30T22:07:05+00:00]   1873.03: 3s\n"}
,{"stream_name":"stdout","time":7120.706387504,"data":"[2026-09-30T22:07:07+00:00]   2084.01: 95s\n"}
,{"stream_name":"stdout","time":7121.806704739,"data":"[2026-09-30T22:07:08+00:00]   1899.01: 2s\n"}
,{"stream_name":"stdout","time":7123.495398231,"data":"[2026-09-30T22:07:09+00:00]   209.01: 3s\n"}
,{"stream_name":"stdout","time":7124.136219758,"data":"[2026-09-30T22:07:10+00:00]   190.01: 2s\n"}
,{"stream_name":"stdout","time":7126.935710286,"data":"[2026-09-30T22:07:13+00:00]   1900.01: 3s\n"}
,{"stream_name":"stdout","time":7128.58051083,"data":"[2026-09-30T22:07:14+00:00]   1901.01: 2s\n"}
,{"stream_name":"stdout","time":7129.495199994,"data":"[2026-09-30T22:07:15+00:00]   1904.01: 1s\n"}
,{"stream_name":"stdout","time":7130.595556195,"data":"[2026-09-30T22:07:16+00:00]   191.01: 1s\n"}
,{"stream_name":"stdout","time":7131.796500107,"data":"[2026-09-30T22:07:18+00:00]   1911.01: 1s\n"}
,{"stream_name":"stdout","time":7134.446914561,"data":"[2026-09-30T22:07:20+00:00]   1914.01: 3s\n"}
,{"stream_name":"stdout","time":7137.047632626,"data":"[2026-09-30T22:07:23+00:00]   1916.01: 3s\n"}
,{"stream_name":"stdout","time":7137.970085977,"data":"[2026-09-30T22:07:24+00:00]   1919.01: 1s\n"}
,{"stream_name":"stdout","time":7138.953140231,"data":"[2026-09-30T22:07:25+00:00]   1920.01: 1s\n"}
,{"stream_name":"stdout","time":7140.120840957,"data":"[2026-09-30T22:07:26+00:00]   1922.01: 1s\n"}
,{"stream_name":"stdout","time":7144.287131307,"data":"[2026-09-30T22:07:30+00:00]   1924.01: 4s\n"}
,{"stream_name":"stdout","time":7145.772555142,"data":"[2026-09-30T22:07:32+00:00]   1925.01: 1s\n"}
,{"stream_name":"stdout","time":7145.979700873,"data":"[2026-09-30T22:07:32+00:00]   2092.01: 22s\n"}
,{"stream_name":"stdout","time":7148.405179601,"data":"[2026-09-30T22:07:34+00:00]   1926.01: 3s\n"}
,{"stream_name":"stdout","time":7208.487215635,"data":"[2026-09-30T22:08:34+00:00]   1927.01: 60s\n"}
,{"stream_name":"stdout","time":7210.888185047,"data":"[2026-09-30T22:08:37+00:00]   1929.01: 2s\n"}
,{"stream_name":"stdout","time":7212.034232911,"data":"[2026-09-30T22:08:38+00:00]   193.01: 1s\n"}
,{"stream_name":"stdout","time":7213.182321995,"data":"[2026-09-30T22:08:39+00:00]   1932.01: 1s\n"}
,{"stream_name":"stdout","time":7214.249255301,"data":"[2026-09-30T22:08:40+00:00]   1934.01: 1s\n"}
,{"stream_name":"stdout","time":7219.039472598,"data":"[2026-09-30T22:08:45+00:00]   1937.01: 5s\n"}
,{"stream_name":"stdout","time":7220.132932459,"data":"[2026-09-30T22:08:46+00:00]   194.01: 1s\n"}
,{"stream_name":"stdout","time":7221.192867733,"data":"[2026-09-30T22:08:47+00:00]   197.01: 1s\n"}
,{"stream_name":"stdout","time":7222.089390808,"data":"[2026-09-30T22:08:48+00:00]   1994.01: 1s\n"}
,{"stream_name":"stdout","time":7226.930237067,"data":"[2026-09-30T22:08:53+00:00]   2000.01: 5s\n"}
,{"stream_name":"stdout","time":7227.775129481,"data":"[2026-09-30T22:08:54+00:00]   2005.01: 1s\n"}
,{"stream_name":"stdout","time":7228.547373818,"data":"[2026-09-30T22:08:54+00:00]   2011.02: 1s\n"}
,{"stream_name":"stdout","time":7231.031087562,"data":"[2026-09-30T22:08:57+00:00]   2013.01: 2s\n"}
,{"stream_name":"stdout","time":7235.443214755,"data":"[2026-09-30T22:09:01+00:00]   2014.01: 4s\n"}
,{"stream_name":"stdout","time":7237.945052241,"data":"[2026-09-30T22:09:04+00:00]   2019.01: 2s\n"}
,{"stream_name":"stdout","time":7239.255544722,"data":"[2026-09-30T22:09:05+00:00]   2021.01: 1s\n"}
,{"stream_name":"stdout","time":7241.682401306,"data":"[2026-09-30T22:09:08+00:00]   2024.01: 2s\n"}
,{"stream_name":"stdout","time":7289.574828534,"data":"[2026-09-30T22:09:55+00:00]   2031.01: 48s\n"}
,{"stream_name":"stdout","time":7292.235289916,"data":"[2026-09-30T22:09:58+00:00]   2046.01: 3s\n"}
,{"stream_name":"stdout","time":7294.999243082,"data":"[2026-09-30T22:10:01+00:00]   205.01: 3s\n"}
,{"stream_name":"stdout","time":7329.962577389,"data":"[2026-09-30T22:10:36+00:00]   2094.01: 184s\n"}
,{"stream_name":"stdout","time":7477.803314267,"data":"[2026-09-30T22:13:04+00:00]   2071.01: 183s\n"}
,{"stream_name":"stdout","time":7500.552309341,"data":"[2026-09-30T22:13:26+00:00]   2076.01: 23s\n"}
,{"stream_name":"stdout","time":7508.487165865,"data":"[2026-09-30T22:13:34+00:00]   2095.02: 179s\n"}
,{"stream_name":"stdout","time":7538.029333062,"data":"[2026-09-30T22:14:04+00:00]   2096.02: 30s\n"}
,{"stream_name":"stdout","time":7619.520717435,"data":"[2026-09-30T22:15:25+00:00]   2104.02: 81s\n"}
,{"stream_name":"stdout","time":7619.790330935,"data":"[2026-09-30T22:15:26+00:00]   2081.01: 119s\n"}
,{"stream_name":"stdout","time":7620.707361458,"data":"[2026-09-30T22:15:27+00:00]   2109.01: 1s\n"}
,{"stream_name":"stdout","time":7623.120091324,"data":"[2026-09-30T22:15:29+00:00]   2122.01: 2s\n"}
,{"stream_name":"stdout","time":7625.565772986,"data":"[2026-09-30T22:15:31+00:00]   2125.01: 2s\n"}
,{"stream_name":"stdout","time":7627.832831565,"data":"[2026-09-30T22:15:34+00:00]   2128.01: 2s\n"}
,{"stream_name":"stdout","time":7628.955850889,"data":"[2026-09-30T22:15:35+00:00]   2131.01: 1s\n"}
,{"stream_name":"stdout","time":7631.025495527,"data":"[2026-09-30T22:15:37+00:00]   2133.01: 2s\n"}
,{"stream_name":"stdout","time":7632.130152652,"data":"[2026-09-30T22:15:38+00:00]   2134.01: 1s\n"}
,{"stream_name":"stdout","time":7633.278071723,"data":"[2026-09-30T22:15:39+00:00]   2136.01: 1s\n"}
,{"stream_name":"stdout","time":7634.353840114,"data":"[2026-09-30T22:15:40+00:00]   2140.01: 1s\n"}
,{"stream_name":"stdout","time":7636.94788705,"data":"[2026-09-30T22:15:43+00:00]   2152.01: 3s\n"}
,{"stream_name":"stdout","time":7723.979143788,"data":"[2026-09-30T22:17:10+00:00]   2154.01: 87s\n"}
,{"stream_name":"stdout","time":7799.523570731,"data":"[2026-09-30T22:18:25+00:00]   2095.01: 180s\n"}
,{"stream_name":"stdout","time":7809.555851049,"data":"[2026-09-30T22:18:35+00:00]   2176.01: 86s\n"}
,{"stream_name":"stdout","time":7829.3110897,"data":"[2026-09-30T22:18:55+00:00]   2096.01: 30s\n"}
,{"stream_name":"stdout","time":7830.321005211,"data":"[2026-09-30T22:18:56+00:00]   2107.01: 1s\n"}
,{"stream_name":"stdout","time":7832.39401382,"data":"[2026-09-30T22:18:58+00:00]   2114.01: 2s\n"}
,{"stream_name":"stdout","time":7861.735499949,"data":"[2026-09-30T22:19:28+00:00]   2120.01: 29s\n"}
,{"stream_name":"stdout","time":7864.277338924,"data":"[2026-09-30T22:19:30+00:00]   2124.01: 3s\n"}
,{"stream_name":"stdout","time":7866.698722435,"data":"[2026-09-30T22:19:33+00:00]   2127.01: 2s\n"}
,{"stream_name":"stdout","time":7869.158761427,"data":"[2026-09-30T22:19:35+00:00]   2129.01: 2s\n"}
,{"stream_name":"stdout","time":7870.294488218,"data":"[2026-09-30T22:19:36+00:00]   2130.01: 1s\n"}
,{"stream_name":"stdout","time":7871.419186849,"data":"[2026-09-30T22:19:37+00:00]   2132.01: 1s\n"}
,{"stream_name":"stdout","time":7872.558819807,"data":"[2026-09-30T22:19:38+00:00]   2135.01: 1s\n"}
,{"stream_name":"stdout","time":7873.762929595,"data":"[2026-09-30T22:19:40+00:00]   2139.01: 1s\n"}
,{"stream_name":"stdout","time":7876.183404335,"data":"[2026-09-30T22:19:42+00:00]   2141.01: 2s\n"}
,{"stream_name":"stdout","time":7877.321717253,"data":"[2026-09-30T22:19:43+00:00]   2145.01: 1s\n"}
,{"stream_name":"stdout","time":7895.354133756,"data":"[2026-09-30T22:20:01+00:00]   2178.01: 86s\n"}
,{"stream_name":"stdout","time":7966.16235539,"data":"[2026-09-30T22:21:12+00:00]   2147.01: 89s\n"}
,{"stream_name":"stdout","time":7968.487040771,"data":"[2026-09-30T22:21:14+00:00]   2182.01: 73s\n"}
,{"stream_name":"stdout","time":7969.57215565,"data":"[2026-09-30T22:21:15+00:00]   2193.01: 1s\n"}
,{"stream_name":"stdout","time":7970.429842968,"data":"[2026-09-30T22:21:16+00:00]   2196.01: 1s\n"}
,{"stream_name":"stdout","time":7971.408014185,"data":"[2026-09-30T22:21:17+00:00]   2198.01: 1s\n"}
,{"stream_name":"stdout","time":8039.0198472,"data":"[2026-09-30T22:22:25+00:00]   2169.01: 73s\n"}
,{"stream_name":"stdout","time":8112.105454754,"data":"[2026-09-30T22:23:38+00:00]   220.01: 141s\n"}
,{"stream_name":"stdout","time":8125.12455814,"data":"[2026-09-30T22:23:51+00:00]   2175.01: 86s\n"}
,{"stream_name":"stdout","time":8214.301106457,"data":"[2026-09-30T22:25:20+00:00]   2177.01: 89s\n"}
,{"stream_name":"stdout","time":8216.67189376,"data":"[2026-09-30T22:25:23+00:00]   2179.01: 2s\n"}
,{"stream_name":"stdout","time":8297.255459888,"data":"[2026-09-30T22:26:43+00:00]   2200.01: 185s\n"}
,{"stream_name":"stdout","time":8383.038279784,"data":"[2026-09-30T22:28:09+00:00]   2184.01: 166s\n"}
,{"stream_name":"stdout","time":8393.441746708,"data":"[2026-09-30T22:28:19+00:00]   2202.01: 96s\n"}
,{"stream_name":"stdout","time":8394.810520674,"data":"[2026-09-30T22:28:21+00:00]   2204.01: 1s\n"}
,{"stream_name":"stdout","time":8395.672274737,"data":"[2026-09-30T22:28:22+00:00]   2207.01: 1s\n"}
,{"stream_name":"stdout","time":8396.595728833,"data":"[2026-09-30T22:28:22+00:00]   2221.01: 1s\n"}
,{"stream_name":"stdout","time":8398.97262142,"data":"[2026-09-30T22:28:25+00:00]   2236.01: 2s\n"}
,{"stream_name":"stdout","time":8401.529517655,"data":"[2026-09-30T22:28:27+00:00]   2266.01: 3s\n"}
,{"stream_name":"stdout","time":8435.197496359,"data":"[2026-09-30T22:29:01+00:00]   2267.01: 34s\n"}
,{"stream_name":"stdout","time":8440.535307492,"data":"[2026-09-30T22:29:06+00:00]   2271.01: 5s\n"}
,{"stream_name":"stdout","time":8501.880817506,"data":"[2026-09-30T22:30:08+00:00]   2274.01: 61s\n"}
,{"stream_name":"stdout","time":8503.039726908,"data":"[2026-09-30T22:30:09+00:00]   228.01: 1s\n"}
,{"stream_name":"stdout","time":8504.172951713,"data":"[2026-09-30T22:30:10+00:00]   231.01: 1s\n"}
,{"stream_name":"stdout","time":8505.315932793,"data":"[2026-09-30T22:30:11+00:00]   232.01: 1s\n"}
,{"stream_name":"stdout","time":8578.204748031,"data":"[2026-09-30T22:31:24+00:00]   219.01: 195s\n"}
,{"stream_name":"stdout","time":8579.161331728,"data":"[2026-09-30T22:31:25+00:00]   2194.01: 1s\n"}
,{"stream_name":"stdout","time":8580.140083726,"data":"[2026-09-30T22:31:26+00:00]   2197.01: 1s\n"}
,{"stream_name":"stdout","time":8581.189305908,"data":"[2026-09-30T22:31:27+00:00]   2199.01: 1s\n"}
,{"stream_name":"stdout","time":8582.122149874,"data":"[2026-09-30T22:31:28+00:00]   2206.01: 1s\n"}
,{"stream_name":"stdout","time":8583.173770534,"data":"[2026-09-30T22:31:29+00:00]   2211.01: 1s\n"}
,{"stream_name":"stdout","time":8584.380621454,"data":"[2026-09-30T22:31:30+00:00]   2227.01: 1s\n"}
,{"stream_name":"stdout","time":8589.804412513,"data":"[2026-09-30T22:31:36+00:00]   2251.01: 5s\n"}
,{"stream_name":"stdout","time":8623.645097817,"data":"[2026-09-30T22:32:10+00:00]   2267.03: 34s\n"}
,{"stream_name":"stdout","time":8659.268321346,"data":"[2026-09-30T22:32:45+00:00]   2285.01: 36s\n"}
,{"stream_name":"stdout","time":8660.375371673,"data":"[2026-09-30T22:32:46+00:00]   229.01: 1s\n"}
,{"stream_name":"stdout","time":8661.660986234,"data":"[2026-09-30T22:32:48+00:00]   2319.02: 1s\n"}
,{"stream_name":"stdout","time":8686.713551297,"data":"[2026-09-30T22:33:13+00:00]   2322.02: 181s\n"}
,{"stream_name":"stdout","time":8687.862903167,"data":"[2026-09-30T22:33:14+00:00]   236.01: 1s\n"}
,{"stream_name":"stdout","time":8690.488093649,"data":"[2026-09-30T22:33:16+00:00]   2368.01: 3s\n"}
,{"stream_name":"stdout","time":8691.719051758,"data":"[2026-09-30T22:33:18+00:00]   2373.01: 1s\n"}
,{"stream_name":"stdout","time":8694.042553166,"data":"[2026-09-30T22:33:20+00:00]   2379.01: 2s\n"}
,{"stream_name":"stdout","time":8695.152281405,"data":"[2026-09-30T22:33:21+00:00]   238.01: 1s\n"}
,{"stream_name":"stdout","time":8762.167172827,"data":"[2026-09-30T22:34:28+00:00]   2380.01: 67s\n"}
,{"stream_name":"stdout","time":8841.706836461,"data":"[2026-09-30T22:35:48+00:00]   2322.01: 180s\n"}
,{"stream_name":"stdout","time":8843.599813341,"data":"[2026-09-30T22:35:49+00:00]   2403.01: 81s\n"}
,{"stream_name":"stdout","time":8917.183949533,"data":"[2026-09-30T22:37:03+00:00]   2328.01: 75s\n"}
,{"stream_name":"stdout","time":8923.059440038,"data":"[2026-09-30T22:37:09+00:00]   2406.01: 79s\n"}
,{"stream_name":"stdout","time":8925.70283645,"data":"[2026-09-30T22:37:12+00:00]   2407.01: 3s\n"}
,{"stream_name":"stdout","time":8926.867044475,"data":"[2026-09-30T22:37:13+00:00]   241.01: 1s\n"}
,{"stream_name":"stdout","time":8994.265477696,"data":"[2026-09-30T22:38:20+00:00]   2416.01: 67s\n"}
,{"stream_name":"stdout","time":8995.396034865,"data":"[2026-09-30T22:38:21+00:00]   242.01: 1s\n"}
,{"stream_name":"stdout","time":8996.500403154,"data":"[2026-09-30T22:38:22+00:00]   243.01: 1s\n"}
,{"stream_name":"stdout","time":8997.857180664,"data":"[2026-09-30T22:38:24+00:00]   2453.01: 1s\n"}
,{"stream_name":"stdout","time":9000.174984199,"data":"[2026-09-30T22:38:26+00:00]   2459.01: 2s\n"}
,{"stream_name":"stdout","time":9002.618451981,"data":"[2026-09-30T22:38:28+00:00]   246.01: 2s\n"}
,{"stream_name":"stdout","time":9005.258937975,"data":"[2026-09-30T22:38:31+00:00]   2464.01: 3s\n"}
,{"stream_name":"stdout","time":9006.387895726,"data":"[2026-09-30T22:38:32+00:00]   247.01: 1s\n"}
,{"stream_name":"stdout","time":9007.734294621,"data":"[2026-09-30T22:38:34+00:00]   2498.01: 1s\n"}
,{"stream_name":"stdout","time":9010.344767799,"data":"[2026-09-30T22:38:36+00:00]   2502.01: 3s\n"}
,{"stream_name":"stdout","time":9011.810438979,"data":"[2026-09-30T22:38:38+00:00]   2503.01: 1s\n"}
,{"stream_name":"stdout","time":9012.69890575,"data":"[2026-09-30T22:38:39+00:00]   2518.01: 1s\n"}
,{"stream_name":"stdout","time":9013.75868463,"data":"[2026-09-30T22:38:40+00:00]   2548.02: 1s\n"}
,{"stream_name":"stdout","time":9014.466081513,"data":"[2026-09-30T22:38:40+00:00]   256.01: 1s\n"}
,{"stream_name":"stdout","time":9046.467125177,"data":"[2026-09-30T22:39:12+00:00]   2337.01: 129s\n"}
,{"stream_name":"stdout","time":9047.869013958,"data":"[2026-09-30T22:39:14+00:00]   2338.01: 1s\n"}
,{"stream_name":"stdout","time":9050.456915525,"data":"[2026-09-30T22:39:16+00:00]   2345.01: 3s\n"}
,{"stream_name":"stdout","time":9051.630227138,"data":"[2026-09-30T22:39:18+00:00]   237.01: 1s\n"}
,{"stream_name":"stdout","time":9052.879183938,"data":"[2026-09-30T22:39:19+00:00]   2374.01: 1s\n"}
,{"stream_name":"stdout","time":9053.747968994,"data":"[2026-09-30T22:39:20+00:00]   2382.01: 1s\n"}
,{"stream_name":"stdout","time":9056.080263726,"data":"[2026-09-30T22:39:22+00:00]   2384.01: 2s\n"}
,{"stream_name":"stdout","time":9056.937277093,"data":"[2026-09-30T22:39:23+00:00]   2414.01: 1s\n"}
,{"stream_name":"stdout","time":9058.106711611,"data":"[2026-09-30T22:39:24+00:00]   2427.01: 1s\n"}
,{"stream_name":"stdout","time":9059.184393566,"data":"[2026-09-30T22:39:25+00:00]   244.01: 1s\n"}
,{"stream_name":"stdout","time":9060.465657998,"data":"[2026-09-30T22:39:26+00:00]   2458.01: 1s\n"}
,{"stream_name":"stdout","time":9133.904984106,"data":"[2026-09-30T22:40:40+00:00]   2461.01: 73s\n"}
,{"stream_name":"stdout","time":9167.681521075,"data":"[2026-09-30T22:41:14+00:00]   2567.01: 153s\n"}
,{"stream_name":"stdout","time":9170.092936394,"data":"[2026-09-30T22:41:16+00:00]   2570.01: 2s\n"}
,{"stream_name":"stdout","time":9171.196931456,"data":"[2026-09-30T22:41:17+00:00]   2578.01: 1s\n"}
,{"stream_name":"stdout","time":9186.88167392,"data":"[2026-09-30T22:41:33+00:00]   2466.01: 53s\n"}
,{"stream_name":"stdout","time":9188.212018559,"data":"[2026-09-30T22:41:34+00:00]   2497.01: 1s\n"}
,{"stream_name":"stdout","time":9189.334201677,"data":"[2026-09-30T22:41:35+00:00]   250.01: 1s\n"}
,{"stream_name":"stdout","time":9190.380222627,"data":"[2026-09-30T22:41:36+00:00]   251.01: 1s\n"}
,{"stream_name":"stdout","time":9192.811271749,"data":"[2026-09-30T22:41:39+00:00]   2524.01: 2s\n"}
,{"stream_name":"stdout","time":9277.047188527,"data":"[2026-09-30T22:43:03+00:00]   2547.01: 84s\n"}
,{"stream_name":"stdout","time":9277.978875556,"data":"[2026-09-30T22:43:04+00:00]   2548.01: 1s\n"}
,{"stream_name":"stdout","time":9279.110133978,"data":"[2026-09-30T22:43:05+00:00]   255.01: 1s\n"}
,{"stream_name":"stdout","time":9279.814184113,"data":"[2026-09-30T22:43:06+00:00]   256.02: 1s\n"}
,{"stream_name":"stdout","time":9281.923354716,"data":"[2026-09-30T22:43:08+00:00]   257.01: 2s\n"}
,{"stream_name":"stdout","time":9312.417095623,"data":"[2026-09-30T22:43:38+00:00]   2579.01: 30s\n"}
,{"stream_name":"stdout","time":9313.466845483,"data":"[2026-09-30T22:43:39+00:00]   2580.01: 1s\n"}
,{"stream_name":"stdout","time":9314.940970372,"data":"[2026-09-30T22:43:41+00:00]   2604.01: 1s\n"}
,{"stream_name":"stdout","time":9315.665721033,"data":"[2026-09-30T22:43:42+00:00]   262.01: 1s\n"}
,{"stream_name":"stdout","time":9317.965628047,"data":"[2026-09-30T22:43:44+00:00]   2641.01: 2s\n"}
,{"stream_name":"stdout","time":9359.789427992,"data":"[2026-09-30T22:44:26+00:00]   258.01: 189s\n"}
,{"stream_name":"stdout","time":9361.201624731,"data":"[2026-09-30T22:44:27+00:00]   2643.01: 43s\n"}
,{"stream_name":"stdout","time":9363.467148155,"data":"[2026-09-30T22:44:29+00:00]   265.01: 2s\n"}
,{"stream_name":"stdout","time":9364.190653582,"data":"[2026-09-30T22:44:30+00:00]   266.01: 1s\n"}
,{"stream_name":"stdout","time":9365.044136109,"data":"[2026-09-30T22:44:31+00:00]   2669.01: 1s\n"}
,{"stream_name":"stdout","time":9369.646213067,"data":"[2026-09-30T22:44:36+00:00]   270.01: 5s\n"}
,{"stream_name":"stdout","time":9370.399803914,"data":"[2026-09-30T22:44:36+00:00]   272.01: 1s\n"}
,{"stream_name":"stdout","time":9420.360635909,"data":"[2026-09-30T22:45:26+00:00]   2583.01: 61s\n"}
,{"stream_name":"stdout","time":9421.084162621,"data":"[2026-09-30T22:45:27+00:00]   260.01: 1s\n"}
,{"stream_name":"stdout","time":9421.76631117,"data":"[2026-09-30T22:45:28+00:00]   261.02: 1s\n"}
,{"stream_name":"stdout","time":9423.918606949,"data":"[2026-09-30T22:45:30+00:00]   264.01: 2s\n"}
,{"stream_name":"stdout","time":9424.7963335,"data":"[2026-09-30T22:45:31+00:00]   2642.01: 1s\n"}
,{"stream_name":"stdout","time":9425.464938728,"data":"[2026-09-30T22:45:31+00:00]   266.02: 1s\n"}
,{"stream_name":"stdout","time":9426.201049971,"data":"[2026-09-30T22:45:32+00:00]   267.01: 1s\n"}
,{"stream_name":"stdout","time":9459.931887145,"data":"[2026-09-30T22:46:06+00:00]   276.01: 90s\n"}
,{"stream_name":"stdout","time":9460.775985552,"data":"[2026-09-30T22:46:07+00:00]   2818.01: 1s\n"}
,{"stream_name":"stdout","time":9500.189889296,"data":"[2026-09-30T22:46:46+00:00]   269.01: 74s\n"}
,{"stream_name":"stdout","time":9651.820407542,"data":"[2026-09-30T22:49:18+00:00]   282.04: 191s\n"}
,{"stream_name":"stdout","time":9669.38985876,"data":"[2026-09-30T22:49:35+00:00]   275.01: 169s\n"}
,{"stream_name":"stdout","time":9670.157944561,"data":"[2026-09-30T22:49:36+00:00]   277.01: 1s\n"}
,{"stream_name":"stdout","time":9830.611635993,"data":"[2026-09-30T22:52:16+00:00]   286.01: 179s\n"}
,{"stream_name":"stdout","time":9831.399533953,"data":"[2026-09-30T22:52:17+00:00]   294.01: 1s\n"}
,{"stream_name":"stdout","time":9832.453726756,"data":"[2026-09-30T22:52:18+00:00]   2981.01: 1s\n"}
,{"stream_name":"stdout","time":9833.454061568,"data":"[2026-09-30T22:52:19+00:00]   2992.01: 1s\n"}
,{"stream_name":"stdout","time":9867.425994748,"data":"[2026-09-30T22:52:53+00:00]   283.01: 197s\n"}
,{"stream_name":"stdout","time":9868.306563963,"data":"[2026-09-30T22:52:54+00:00]   287.01: 1s\n"}
,{"stream_name":"stdout","time":9870.704589418,"data":"[2026-09-30T22:52:57+00:00]   290.01: 2s\n"}
,{"stream_name":"stdout","time":9871.739413846,"data":"[2026-09-30T22:52:58+00:00]   2969.01: 1s\n"}
,{"stream_name":"stdout","time":9874.436256876,"data":"[2026-09-30T22:53:00+00:00]   2977.01: 3s\n"}
,{"stream_name":"stdout","time":9875.371972382,"data":"[2026-09-30T22:53:01+00:00]   2986.01: 1s\n"}
,{"stream_name":"stdout","time":9876.803501304,"data":"[2026-09-30T22:53:03+00:00]   306.01: 1s\n"}
,{"stream_name":"stdout","time":9877.667948571,"data":"[2026-09-30T22:53:04+00:00]   3082.01: 1s\n"}
,{"stream_name":"stdout","time":9878.854529505,"data":"[2026-09-30T22:53:05+00:00]   3160.01: 1s\n"}
,{"stream_name":"stdout","time":9879.945823561,"data":"[2026-09-30T22:53:06+00:00]   3235.01: 1s\n"}
,{"stream_name":"stdout","time":9898.777312387,"data":"[2026-09-30T22:53:25+00:00]   303.01: 65s\n"}
,{"stream_name":"stdout","time":9899.859902607,"data":"[2026-09-30T22:53:26+00:00]   3071.01: 1s\n"}
,{"stream_name":"stdout","time":9901.020299447,"data":"[2026-09-30T22:53:27+00:00]   3135.01: 1s\n"}
,{"stream_name":"stdout","time":9902.163350611,"data":"[2026-09-30T22:53:28+00:00]   3218.01: 1s\n"}
,{"stream_name":"stdout","time":9903.793975335,"data":"[2026-09-30T22:53:30+00:00]   3278.01: 2s\n"}
,{"stream_name":"stdout","time":9905.141226908,"data":"[2026-09-30T22:53:31+00:00]   332.01: 1s\n"}
,{"stream_name":"stdout","time":9905.997295575,"data":"[2026-09-30T22:53:32+00:00]   333.01: 1s\n"}
,{"stream_name":"stdout","time":9907.766416134,"data":"[2026-09-30T22:53:34+00:00]   3261.01: 28s\n"}
,{"stream_name":"stdout","time":9909.215646233,"data":"[2026-09-30T22:53:35+00:00]   3288.01: 1s\n"}
,{"stream_name":"stdout","time":9911.012421053,"data":"[2026-09-30T22:53:37+00:00]   334.01: 5s\n"}
,{"stream_name":"stdout","time":9913.660838335,"data":"[2026-09-30T22:53:40+00:00]   3362.01: 3s\n"}
,{"stream_name":"stdout","time":9916.114832099,"data":"[2026-09-30T22:53:42+00:00]   3364.01: 2s\n"}
,{"stream_name":"stdout","time":9916.968114491,"data":"[2026-09-30T22:53:43+00:00]   338.01: 1s\n"}
,{"stream_name":"stdout","time":9918.37949474,"data":"[2026-09-30T22:53:44+00:00]   3474.01: 1s\n"}
,{"stream_name":"stdout","time":9919.81525461,"data":"[2026-09-30T22:53:46+00:00]   3487.01: 1s\n"}
,{"stream_name":"stdout","time":9920.699144187,"data":"[2026-09-30T22:53:47+00:00]   3493.01: 1s\n"}
,{"stream_name":"stdout","time":9921.579776179,"data":"[2026-09-30T22:53:47+00:00]   351.01: 1s\n"}
,{"stream_name":"stdout","time":9974.202738906,"data":"[2026-09-30T22:54:40+00:00]   329.01: 65s\n"}
,{"stream_name":"stdout","time":9975.073974187,"data":"[2026-09-30T22:54:41+00:00]   3321.01: 1s\n"}
,{"stream_name":"stdout","time":9976.165943131,"data":"[2026-09-30T22:54:42+00:00]   3331.01: 1s\n"}
,{"stream_name":"stdout","time":9977.614643055,"data":"[2026-09-30T22:54:43+00:00]   3464.01: 1s\n"}
,{"stream_name":"stdout","time":9978.521563487,"data":"[2026-09-30T22:54:44+00:00]   3486.01: 1s\n"}
,{"stream_name":"stdout","time":9979.533941157,"data":"[2026-09-30T22:54:45+00:00]   349.01: 1s\n"}
,{"stream_name":"stdout","time":9980.466490718,"data":"[2026-09-30T22:54:46+00:00]   3497.01: 1s\n"}
,{"stream_name":"stdout","time":9983.008566688,"data":"[2026-09-30T22:54:49+00:00]   353.01: 3s\n"}
,{"stream_name":"stdout","time":9984.395898038,"data":"[2026-09-30T22:54:50+00:00]   3540.01: 1s\n"}
,{"stream_name":"stdout","time":9986.904980378,"data":"[2026-09-30T22:54:53+00:00]   3563.01: 3s\n"}
,{"stream_name":"stdout","time":9989.601866316,"data":"[2026-09-30T22:54:55+00:00]   3568.01: 3s\n"}
,{"stream_name":"stdout","time":9990.964871222,"data":"[2026-09-30T22:54:57+00:00]   3597.01: 1s\n"}
,{"stream_name":"stdout","time":9992.3406671,"data":"[2026-09-30T22:54:58+00:00]   3629.01: 1s\n"}
,{"stream_name":"stdout","time":9993.205308536,"data":"[2026-09-30T22:54:59+00:00]   365.01: 1s\n"}
,{"stream_name":"stdout","time":9994.114086408,"data":"[2026-09-30T22:55:00+00:00]   368.01: 1s\n"}
,{"stream_name":"stdout","time":9994.818002987,"data":"[2026-09-30T22:55:01+00:00]   3534.01: 73s\n"}
,{"stream_name":"stdout","time":9995.411843138,"data":"[2026-09-30T22:55:01+00:00]   3688.01: 1s\n"}
,{"stream_name":"stdout","time":9996.183451955,"data":"[2026-09-30T22:55:02+00:00]   3593.01: 1s\n"}
,{"stream_name":"stdout","time":9996.537164204,"data":"[2026-09-30T22:55:02+00:00]   3705.01: 1s\n"}
,{"stream_name":"stdout","time":9997.203971369,"data":"[2026-09-30T22:55:03+00:00]   3612.01: 1s\n"}
,{"stream_name":"stdout","time":9997.797984985,"data":"[2026-09-30T22:55:04+00:00]   375.01: 1s\n"}
,{"stream_name":"stdout","time":9998.531488615,"data":"[2026-09-30T22:55:04+00:00]   3636.01: 1s\n"}
,{"stream_name":"stdout","time":9999.894043707,"data":"[2026-09-30T22:55:06+00:00]   3664.01: 1s\n"}
,{"stream_name":"stdout","time":10000.08673256,"data":"[2026-09-30T22:55:06+00:00]   3757.01: 2s\n"}
,{"stream_name":"stdout","time":10001.348925965,"data":"[2026-09-30T22:55:07+00:00]   3681.01: 1s\n"}
,{"stream_name":"stdout","time":10005.975523248,"data":"[2026-09-30T22:55:12+00:00]   3682.01: 5s\n"}
,{"stream_name":"stdout","time":10007.524529691,"data":"[2026-09-30T22:55:13+00:00]   3693.01: 2s\n"}
,{"stream_name":"stdout","time":10008.638042405,"data":"[2026-09-30T22:55:15+00:00]   3714.01: 1s\n"}
,{"stream_name":"stdout","time":10010.051601783,"data":"[2026-09-30T22:55:16+00:00]   3785.01: 1s\n"}
,{"stream_name":"stdout","time":10019.464463485,"data":"[2026-09-30T22:55:25+00:00]   3819.01: 9s\n"}
,{"stream_name":"stdout","time":10020.888745349,"data":"[2026-09-30T22:55:27+00:00]   3894.01: 1s\n"}
,{"stream_name":"stdout","time":10021.937866897,"data":"[2026-09-30T22:55:28+00:00]   390.01: 1s\n"}
,{"stream_name":"stdout","time":10023.687173539,"data":"[2026-09-30T22:55:30+00:00]   3912.01: 2s\n"}
,{"stream_name":"stdout","time":10025.811135186,"data":"[2026-09-30T22:55:32+00:00]   3919.01: 2s\n"}
,{"stream_name":"stdout","time":10026.62684024,"data":"[2026-09-30T22:55:33+00:00]   396.01: 1s\n"}
,{"stream_name":"stdout","time":10027.406138329,"data":"[2026-09-30T22:55:33+00:00]   396.03: 1s\n"}
,{"stream_name":"stdout","time":10028.459401291,"data":"[2026-09-30T22:55:34+00:00]   3980.01: 1s\n"}
,{"stream_name":"stdout","time":10046.897737543,"data":"[2026-09-30T22:55:53+00:00]   4010.01: 18s\n"}
,{"stream_name":"stdout","time":10055.435935907,"data":"[2026-09-30T22:56:01+00:00]   3791.01: 55s\n"}
,{"stream_name":"stdout","time":10065.860213518,"data":"[2026-09-30T22:56:12+00:00]   4010.03: 19s\n"}
,{"stream_name":"stdout","time":10067.051140774,"data":"[2026-09-30T22:56:13+00:00]   4029.01: 1s\n"}
,{"stream_name":"stdout","time":10068.050221974,"data":"[2026-09-30T22:56:14+00:00]   404.01: 1s\n"}
,{"stream_name":"stdout","time":10070.188041773,"data":"[2026-09-30T22:56:16+00:00]   406.01: 2s\n"}
,{"stream_name":"stdout","time":10124.538780817,"data":"[2026-09-30T22:57:10+00:00]   3807.01: 69s\n"}
,{"stream_name":"stdout","time":10148.653534687,"data":"[2026-09-30T22:57:35+00:00]   3846.01: 24s\n"}
,{"stream_name":"stdout","time":10151.064364598,"data":"[2026-09-30T22:57:37+00:00]   3862.01: 2s\n"}
,{"stream_name":"stdout","time":10152.077042162,"data":"[2026-09-30T22:57:38+00:00]   388.01: 1s\n"}
,{"stream_name":"stdout","time":10153.198963238,"data":"[2026-09-30T22:57:39+00:00]   3896.01: 1s\n"}
,{"stream_name":"stdout","time":10154.16191924,"data":"[2026-09-30T22:57:40+00:00]   391.01: 1s\n"}
,{"stream_name":"stdout","time":10155.187090013,"data":"[2026-09-30T22:57:41+00:00]   395.01: 1s\n"}
,{"stream_name":"stdout","time":10156.000348731,"data":"[2026-09-30T22:57:42+00:00]   396.02: 1s\n"}
,{"stream_name":"stdout","time":10156.990712458,"data":"[2026-09-30T22:57:43+00:00]   398.01: 1s\n"}
,{"stream_name":"stdout","time":10158.987517226,"data":"[2026-09-30T22:57:45+00:00]   3984.01: 2s\n"}
,{"stream_name":"stdout","time":10159.977948678,"data":"[2026-09-30T22:57:46+00:00]   400.01: 1s\n"}
,{"stream_name":"stdout","time":10178.263865358,"data":"[2026-09-30T22:58:04+00:00]   4010.02: 18s\n"}
,{"stream_name":"stdout","time":10180.398131762,"data":"[2026-09-30T22:58:06+00:00]   402.01: 2s\n"}
,{"stream_name":"stdout","time":10181.373596389,"data":"[2026-09-30T22:58:07+00:00]   403.01: 1s\n"}
,{"stream_name":"stdout","time":10189.387949933,"data":"[2026-09-30T22:58:15+00:00]   4087.01: 119s\n"}
,{"stream_name":"stdout","time":10191.497082975,"data":"[2026-09-30T22:58:17+00:00]   411.01: 2s\n"}
,{"stream_name":"stdout","time":10194.021286069,"data":"[2026-09-30T22:58:20+00:00]   413.01: 3s\n"}
,{"stream_name":"stdout","time":10223.462676164,"data":"[2026-09-30T22:58:49+00:00]   4137.01: 29s\n"}
,{"stream_name":"stdout","time":10352.504810802,"data":"[2026-09-30T23:00:58+00:00]   4138.01: 129s\n"}
,{"stream_name":"stdout","time":10368.533887744,"data":"[2026-09-30T23:01:14+00:00]   4030.01: 187s\n"}
,{"stream_name":"stdout","time":10387.493940485,"data":"[2026-09-30T23:01:33+00:00]   4155.01: 35s\n"}
,{"stream_name":"stdout","time":10390.142057647,"data":"[2026-09-30T23:01:36+00:00]   4156.02: 3s\n"}
,{"stream_name":"stdout","time":10392.659802319,"data":"[2026-09-30T23:01:39+00:00]   418.01: 3s\n"}
,{"stream_name":"stdout","time":10393.916570345,"data":"[2026-09-30T23:01:40+00:00]   4184.01: 1s\n"}
,{"stream_name":"stdout","time":10396.351006765,"data":"[2026-09-30T23:01:42+00:00]   421.01: 2s\n"}
,{"stream_name":"stdout","time":10397.624046658,"data":"[2026-09-30T23:01:44+00:00]   425.01: 1s\n"}
,{"stream_name":"stdout","time":10398.182442264,"data":"[2026-09-30T23:01:44+00:00]   4034.01: 30s\n"}
,{"stream_name":"stdout","time":10398.869945836,"data":"[2026-09-30T23:01:45+00:00]   427.01: 1s\n"}
,{"stream_name":"stdout","time":10399.811074542,"data":"[2026-09-30T23:01:46+00:00]   4304.01: 1s\n"}
,{"stream_name":"stdout","time":10401.812365326,"data":"[2026-09-30T23:01:48+00:00]   431.01: 2s\n"}
,{"stream_name":"stdout","time":10402.014773407,"data":"[2026-09-30T23:01:48+00:00]   4056.01: 4s\n"}
,{"stream_name":"stdout","time":10403.859429755,"data":"[2026-09-30T23:01:50+00:00]   4311.01: 2s\n"}
,{"stream_name":"stdout","time":10404.102231778,"data":"[2026-09-30T23:01:50+00:00]   406.02: 2s\n"}
,{"stream_name":"stdout","time":10404.891375476,"data":"[2026-09-30T23:01:51+00:00]   4316.01: 1s\n"}
,{"stream_name":"stdout","time":10406.207220459,"data":"[2026-09-30T23:01:52+00:00]   411.02: 2s\n"}
,{"stream_name":"stdout","time":10407.177186829,"data":"[2026-09-30T23:01:53+00:00]   4320.01: 2s\n"}
,{"stream_name":"stdout","time":10408.508037556,"data":"[2026-09-30T23:01:54+00:00]   433.01: 1s\n"}
,{"stream_name":"stdout","time":10409.883381673,"data":"[2026-09-30T23:01:56+00:00]   4342.01: 1s\n"}
,{"stream_name":"stdout","time":10410.888597566,"data":"[2026-09-30T23:01:57+00:00]   4363.01: 1s\n"}
,{"stream_name":"stdout","time":10413.323948333,"data":"[2026-09-30T23:01:59+00:00]   437.01: 2s\n"}
,{"stream_name":"stdout","time":10414.39427489,"data":"[2026-09-30T23:02:00+00:00]   4379.01: 1s\n"}
,{"stream_name":"stdout","time":10415.356039904,"data":"[2026-09-30T23:02:01+00:00]   4399.01: 1s\n"}
,{"stream_name":"stdout","time":10434.657786029,"data":"[2026-09-30T23:02:21+00:00]   4145.01: 28s\n"}
,{"stream_name":"stdout","time":10437.122004954,"data":"[2026-09-30T23:02:23+00:00]   415.01: 2s\n"}
,{"stream_name":"stdout","time":10470.991116681,"data":"[2026-09-30T23:02:57+00:00]   4153.01: 34s\n"}
,{"stream_name":"stdout","time":10473.738401701,"data":"[2026-09-30T23:03:00+00:00]   4156.01: 3s\n"}
,{"stream_name":"stdout","time":10474.68266986,"data":"[2026-09-30T23:03:01+00:00]   416.01: 1s\n"}
,{"stream_name":"stdout","time":10477.028950894,"data":"[2026-09-30T23:03:03+00:00]   421.02: 2s\n"}
,{"stream_name":"stdout","time":10478.362159511,"data":"[2026-09-30T23:03:04+00:00]   423.01: 1s\n"}
,{"stream_name":"stdout","time":10479.697688101,"data":"[2026-09-30T23:03:06+00:00]   426.01: 1s\n"}
,{"stream_name":"stdout","time":10480.729042587,"data":"[2026-09-30T23:03:07+00:00]   4270.01: 1s\n"}
,{"stream_name":"stdout","time":10483.3919573,"data":"[2026-09-30T23:03:09+00:00]   4306.01: 3s\n"}
,{"stream_name":"stdout","time":10484.505538189,"data":"[2026-09-30T23:03:10+00:00]   4308.01: 1s\n"}
,{"stream_name":"stdout","time":10486.604490605,"data":"[2026-09-30T23:03:12+00:00]   4311.02: 2s\n"}
,{"stream_name":"stdout","time":10487.821049852,"data":"[2026-09-30T23:03:14+00:00]   432.01: 1s\n"}
,{"stream_name":"stdout","time":10511.11982312,"data":"[2026-09-30T23:03:37+00:00]   4329.01: 23s\n"}
,{"stream_name":"stdout","time":10512.220097011,"data":"[2026-09-30T23:03:38+00:00]   4336.01: 1s\n"}
,{"stream_name":"stdout","time":10514.653265374,"data":"[2026-09-30T23:03:41+00:00]   434.01: 2s\n"}
,{"stream_name":"stdout","time":10515.977856334,"data":"[2026-09-30T23:03:42+00:00]   4342.02: 1s\n"}
,{"stream_name":"stdout","time":10517.279613406,"data":"[2026-09-30T23:03:43+00:00]   4364.01: 1s\n"}
,{"stream_name":"stdout","time":10519.966643102,"data":"[2026-09-30T23:03:46+00:00]   4377.01: 3s\n"}
,{"stream_name":"stdout","time":10521.228394086,"data":"[2026-09-30T23:03:47+00:00]   439.01: 1s\n"}
,{"stream_name":"stdout","time":10523.523340647,"data":"[2026-09-30T23:03:49+00:00]   440.01: 2s\n"}
,{"stream_name":"stdout","time":10524.81108076,"data":"[2026-09-30T23:03:51+00:00]   441.01: 1s\n"}
,{"stream_name":"stdout","time":10526.041840414,"data":"[2026-09-30T23:03:52+00:00]   442.01: 1s\n"}
,{"stream_name":"stdout","time":10527.331926592,"data":"[2026-09-30T23:03:53+00:00]   443.01: 1s\n"}
,{"stream_name":"stdout","time":10530.180225382,"data":"[2026-09-30T23:03:56+00:00]   4431.01: 3s\n"}
,{"stream_name":"stdout","time":10533.274580108,"data":"[2026-09-30T23:03:59+00:00]   4435.01: 3s\n"}
,{"stream_name":"stdout","time":10582.519662015,"data":"[2026-09-30T23:04:48+00:00]   4405.01: 167s\n"}
,{"stream_name":"stdout","time":10583.500359708,"data":"[2026-09-30T23:04:49+00:00]   4411.01: 1s\n"}
,{"stream_name":"stdout","time":10586.489251196,"data":"[2026-09-30T23:04:52+00:00]   4426.01: 3s\n"}
,{"stream_name":"stdout","time":10609.456660348,"data":"[2026-09-30T23:05:15+00:00]   4438.01: 76s\n"}
,{"stream_name":"stdout","time":10672.8820191,"data":"[2026-09-30T23:06:19+00:00]   4427.01: 86s\n"}
,{"stream_name":"stdout","time":10674.389300802,"data":"[2026-09-30T23:06:20+00:00]   4428.01: 2s\n"}
,{"stream_name":"stdout","time":10677.250376119,"data":"[2026-09-30T23:06:23+00:00]   4434.01: 3s\n"}
,{"stream_name":"stdout","time":10679.645837817,"data":"[2026-09-30T23:06:26+00:00]   444.01: 2s\n"}
,{"stream_name":"stdout","time":10699.147560213,"data":"[2026-09-30T23:06:45+00:00]   4445.01: 90s\n"}
,{"stream_name":"stdout","time":10702.155011816,"data":"[2026-09-30T23:06:48+00:00]   4448.01: 3s\n"}
,{"stream_name":"stdout","time":10705.05505761,"data":"[2026-09-30T23:06:51+00:00]   4456.01: 3s\n"}
,{"stream_name":"stdout","time":10766.558185111,"data":"[2026-09-30T23:07:52+00:00]   4440.01: 87s\n"}
,{"stream_name":"stdout","time":10769.568600297,"data":"[2026-09-30T23:07:55+00:00]   4446.01: 3s\n"}
,{"stream_name":"stdout","time":10770.871736334,"data":"[2026-09-30T23:07:57+00:00]   445.01: 1s\n"}
,{"stream_name":"stdout","time":10773.822506315,"data":"[2026-09-30T23:08:00+00:00]   4455.01: 3s\n"}
,{"stream_name":"stdout","time":10857.534996278,"data":"[2026-09-30T23:09:23+00:00]   4457.01: 84s\n"}
,{"stream_name":"stdout","time":10859.278040069,"data":"[2026-09-30T23:09:25+00:00]   4458.01: 154s\n"}
,{"stream_name":"stdout","time":10860.588051321,"data":"[2026-09-30T23:09:26+00:00]   446.01: 1s\n"}
,{"stream_name":"stdout","time":10930.731905574,"data":"[2026-09-30T23:10:37+00:00]   4469.01: 73s\n"}
,{"stream_name":"stdout","time":10933.746047675,"data":"[2026-09-30T23:10:40+00:00]   4466.01: 73s\n"}
,{"stream_name":"stdout","time":11004.016452345,"data":"[2026-09-30T23:11:50+00:00]   4471.01: 73s\n"}
,{"stream_name":"stdout","time":11006.895126192,"data":"[2026-09-30T23:11:53+00:00]   4472.01: 3s\n"}
,{"stream_name":"stdout","time":11009.814017483,"data":"[2026-09-30T23:11:56+00:00]   4475.01: 3s\n"}
,{"stream_name":"stdout","time":11019.615858665,"data":"[2026-09-30T23:12:05+00:00]   4467.01: 86s\n"}
,{"stream_name":"stdout","time":11090.645575844,"data":"[2026-09-30T23:13:17+00:00]   4470.01: 71s\n"}
,{"stream_name":"stdout","time":11093.629544808,"data":"[2026-09-30T23:13:20+00:00]   4473.01: 3s\n"}
,{"stream_name":"stdout","time":11099.888141878,"data":"[2026-09-30T23:13:26+00:00]   4476.01: 90s\n"}
,{"stream_name":"stdout","time":11100.923182515,"data":"[2026-09-30T23:13:27+00:00]   4479.01: 1s\n"}
,{"stream_name":"stdout","time":11101.900831077,"data":"[2026-09-30T23:13:28+00:00]   4481.01: 1s\n"}
,{"stream_name":"stdout","time":11166.749045482,"data":"[2026-09-30T23:14:33+00:00]   4474.01: 73s\n"}
,{"stream_name":"stdout","time":11168.073622286,"data":"[2026-09-30T23:14:34+00:00]   448.01: 1s\n"}
,{"stream_name":"stdout","time":11171.027778627,"data":"[2026-09-30T23:14:37+00:00]   4485.01: 3s\n"}
,{"stream_name":"stdout","time":11172.064755688,"data":"[2026-09-30T23:14:38+00:00]   4486.01: 1s\n"}
,{"stream_name":"stdout","time":11175.126265905,"data":"[2026-09-30T23:14:41+00:00]   4482.01: 73s\n"}
,{"stream_name":"stdout","time":11176.155778866,"data":"[2026-09-30T23:14:42+00:00]   4487.01: 1s\n"}
,{"stream_name":"stdout","time":11177.373556068,"data":"[2026-09-30T23:14:43+00:00]   449.01: 1s\n"}
,{"stream_name":"stdout","time":11245.195175891,"data":"[2026-09-30T23:15:51+00:00]   4488.01: 73s\n"}
,{"stream_name":"stdout","time":11246.518911806,"data":"[2026-09-30T23:15:52+00:00]   4489.01: 1s\n"}
,{"stream_name":"stdout","time":11247.845964859,"data":"[2026-09-30T23:15:54+00:00]   4491.01: 1s\n"}
,{"stream_name":"stdout","time":11250.049723207,"data":"[2026-09-30T23:15:56+00:00]   451.01: 2s\n"}
,{"stream_name":"stdout","time":11250.720066276,"data":"[2026-09-30T23:15:57+00:00]   4490.01: 73s\n"}
,{"stream_name":"stdout","time":11251.736063547,"data":"[2026-09-30T23:15:58+00:00]   4495.02: 1s\n"}
,{"stream_name":"stdout","time":11252.274626094,"data":"[2026-09-30T23:15:58+00:00]   451.03: 2s\n"}
,{"stream_name":"stdout","time":11254.096504208,"data":"[2026-09-30T23:16:00+00:00]   450.01: 2s\n"}
,{"stream_name":"stdout","time":11256.458267867,"data":"[2026-09-30T23:16:02+00:00]   451.02: 2s\n"}
,{"stream_name":"stdout","time":11256.968920083,"data":"[2026-09-30T23:16:03+00:00]   4512.01: 5s\n"}
,{"stream_name":"stdout","time":11258.581987625,"data":"[2026-09-30T23:16:04+00:00]   4511.02: 2s\n"}
,{"stream_name":"stdout","time":11259.129683747,"data":"[2026-09-30T23:16:05+00:00]   4513.01: 2s\n"}
,{"stream_name":"stdout","time":11260.26699329,"data":"[2026-09-30T23:16:06+00:00]   4516.01: 1s\n"}
,{"stream_name":"stdout","time":11261.248252897,"data":"[2026-09-30T23:16:07+00:00]   4518.01: 1s\n"}
,{"stream_name":"stdout","time":11262.034605573,"data":"[2026-09-30T23:16:08+00:00]   4520.01: 1s\n"}
,{"stream_name":"stdout","time":11263.287610549,"data":"[2026-09-30T23:16:09+00:00]   4514.01: 5s\n"}
,{"stream_name":"stdout","time":11265.439246615,"data":"[2026-09-30T23:16:11+00:00]   4515.01: 2s\n"}
,{"stream_name":"stdout","time":11266.455480579,"data":"[2026-09-30T23:16:12+00:00]   4517.01: 1s\n"}
,{"stream_name":"stdout","time":11267.73626814,"data":"[2026-09-30T23:16:14+00:00]   452.01: 1s\n"}
,{"stream_name":"stdout","time":11268.494107484,"data":"[2026-09-30T23:16:14+00:00]   4525.01: 1s\n"}
,{"stream_name":"stdout","time":11270.714646258,"data":"[2026-09-30T23:16:17+00:00]   4529.01: 2s\n"}
,{"stream_name":"stdout","time":11271.993172532,"data":"[2026-09-30T23:16:18+00:00]   453.01: 1s\n"}
,{"stream_name":"stdout","time":11274.119394057,"data":"[2026-09-30T23:16:20+00:00]   4533.01: 2s\n"}
,{"stream_name":"stdout","time":11274.925485053,"data":"[2026-09-30T23:16:21+00:00]   4534.01: 1s\n"}
,{"stream_name":"stdout","time":11279.54253463,"data":"[2026-09-30T23:16:25+00:00]   4535.01: 5s\n"}
,{"stream_name":"stdout","time":11280.782700322,"data":"[2026-09-30T23:16:27+00:00]   4544.01: 1s\n"}
,{"stream_name":"stdout","time":11281.868922542,"data":"[2026-09-30T23:16:28+00:00]   4549.01: 1s\n"}
,{"stream_name":"stdout","time":11282.933073282,"data":"[2026-09-30T23:16:29+00:00]   4551.01: 1s\n"}
,{"stream_name":"stdout","time":11286.031248685,"data":"[2026-09-30T23:16:32+00:00]   4570.01: 3s\n"}
,{"stream_name":"stdout","time":11288.58441464,"data":"[2026-09-30T23:16:34+00:00]   4581.01: 3s\n"}
,{"stream_name":"stdout","time":11291.557410948,"data":"[2026-09-30T23:16:37+00:00]   4587.01: 3s\n"}
,{"stream_name":"stdout","time":11324.660945402,"data":"[2026-09-30T23:17:11+00:00]   4521.01: 63s\n"}
,{"stream_name":"stdout","time":11326.79993495,"data":"[2026-09-30T23:17:13+00:00]   4524.01: 2s\n"}
,{"stream_name":"stdout","time":11327.59867835,"data":"[2026-09-30T23:17:13+00:00]   4526.01: 1s\n"}
,{"stream_name":"stdout","time":11332.271808884,"data":"[2026-09-30T23:17:18+00:00]   4530.01: 5s\n"}
,{"stream_name":"stdout","time":11333.024432479,"data":"[2026-09-30T23:17:19+00:00]   4531.01: 1s\n"}
,{"stream_name":"stdout","time":11335.345334336,"data":"[2026-09-30T23:17:21+00:00]   4532.01: 2s\n"}
,{"stream_name":"stdout","time":11337.673505787,"data":"[2026-09-30T23:17:24+00:00]   4536.01: 2s\n"}
,{"stream_name":"stdout","time":11338.472969979,"data":"[2026-09-30T23:17:24+00:00]   4539.01: 1s\n"}
,{"stream_name":"stdout","time":11339.245775786,"data":"[2026-09-30T23:17:25+00:00]   4547.01: 1s\n"}
,{"stream_name":"stdout","time":11340.211698762,"data":"[2026-09-30T23:17:26+00:00]   455.01: 1s\n"}
,{"stream_name":"stdout","time":11354.062198263,"data":"[2026-09-30T23:17:40+00:00]   4588.01: 63s\n"}
,{"stream_name":"stdout","time":11416.545469054,"data":"[2026-09-30T23:18:42+00:00]   4593.01: 62s\n"}
,{"stream_name":"stdout","time":11421.17869529,"data":"[2026-09-30T23:18:47+00:00]   4599.01: 5s\n"}
,{"stream_name":"stdout","time":11423.385402225,"data":"[2026-09-30T23:18:49+00:00]   4602.01: 2s\n"}
,{"stream_name":"stdout","time":11428.097784175,"data":"[2026-09-30T23:18:54+00:00]   4603.01: 5s\n"}
,{"stream_name":"stdout","time":11429.033135695,"data":"[2026-09-30T23:18:55+00:00]   4604.01: 1s\n"}
,{"stream_name":"stdout","time":11433.872563406,"data":"[2026-09-30T23:19:00+00:00]   4618.01: 5s\n"}
,{"stream_name":"stdout","time":11436.208170876,"data":"[2026-09-30T23:19:02+00:00]   4621.01: 2s\n"}
,{"stream_name":"stdout","time":11438.581659915,"data":"[2026-09-30T23:19:04+00:00]   4623.01: 2s\n"}
,{"stream_name":"stdout","time":11439.456996315,"data":"[2026-09-30T23:19:05+00:00]   4628.01: 1s\n"}
,{"stream_name":"stdout","time":11441.701129523,"data":"[2026-09-30T23:19:08+00:00]   4640.01: 2s\n"}
,{"stream_name":"stdout","time":11442.73987514,"data":"[2026-09-30T23:19:09+00:00]   465.01: 1s\n"}
,{"stream_name":"stdout","time":11444.993886588,"data":"[2026-09-30T23:19:11+00:00]   466.01: 2s\n"}
,{"stream_name":"stdout","time":11446.138963111,"data":"[2026-09-30T23:19:12+00:00]   468.01: 1s\n"}
,{"stream_name":"stdout","time":11447.222519614,"data":"[2026-09-30T23:19:13+00:00]   470.01: 1s\n"}
,{"stream_name":"stdout","time":11448.669123967,"data":"[2026-09-30T23:19:15+00:00]   4734.01: 1s\n"}
,{"stream_name":"stdout","time":11449.76453521,"data":"[2026-09-30T23:19:16+00:00]   477.01: 1s\n"}
,{"stream_name":"stdout","time":11451.890845341,"data":"[2026-09-30T23:19:18+00:00]   478.01: 2s\n"}
,{"stream_name":"stdout","time":11452.976820006,"data":"[2026-09-30T23:19:19+00:00]   479.01: 1s\n"}
,{"stream_name":"stdout","time":11454.099340692,"data":"[2026-09-30T23:19:20+00:00]   4860.01: 1s\n"}
,{"stream_name":"stdout","time":11455.098927842,"data":"[2026-09-30T23:19:21+00:00]   489.01: 1s\n"}
,{"stream_name":"stdout","time":11456.039424044,"data":"[2026-09-30T23:19:22+00:00]   490.01: 1s\n"}
,{"stream_name":"stdout","time":11457.476514325,"data":"[2026-09-30T23:19:23+00:00]   4916.01: 1s\n"}
,{"stream_name":"stdout","time":11458.545206518,"data":"[2026-09-30T23:19:24+00:00]   4930.01: 1s\n"}
,{"stream_name":"stdout","time":11459.529329911,"data":"[2026-09-30T23:19:25+00:00]   496.01: 1s\n"}
,{"stream_name":"stdout","time":11462.01788703,"data":"[2026-09-30T23:19:28+00:00]   4994.01: 2s\n"}
,{"stream_name":"stdout","time":11463.396986263,"data":"[2026-09-30T23:19:29+00:00]   5005.01: 1s\n"}
,{"stream_name":"stdout","time":11464.367562664,"data":"[2026-09-30T23:19:30+00:00]   501.01: 1s\n"}
,{"stream_name":"stdout","time":11465.839769922,"data":"[2026-09-30T23:19:32+00:00]   5027.01: 1s\n"}
,{"stream_name":"stdout","time":11470.006429867,"data":"[2026-09-30T23:19:36+00:00]   504.01: 4s\n"}
,{"stream_name":"stdout","time":11474.932285073,"data":"[2026-09-30T23:19:41+00:00]   5067.01: 5s\n"}
,{"stream_name":"stdout","time":11479.845865299,"data":"[2026-09-30T23:19:46+00:00]   5072.01: 5s\n"}
,{"stream_name":"stdout","time":11480.220872657,"data":"[2026-09-30T23:19:46+00:00]   4561.01: 140s\n"}
,{"stream_name":"stdout","time":11480.715322029,"data":"[2026-09-30T23:19:47+00:00]   508.01: 1s\n"}
,{"stream_name":"stdout","time":11483.235942507,"data":"[2026-09-30T23:19:49+00:00]   4577.01: 3s\n"}
,{"stream_name":"stdout","time":11485.584124906,"data":"[2026-09-30T23:19:51+00:00]   5083.01: 5s\n"}
,{"stream_name":"stdout","time":11485.915817103,"data":"[2026-09-30T23:19:52+00:00]   4578.01: 3s\n"}
,{"stream_name":"stdout","time":11490.596805582,"data":"[2026-09-30T23:19:56+00:00]   5086.01: 5s\n"}
,{"stream_name":"stdout","time":11491.554348815,"data":"[2026-09-30T23:19:57+00:00]   509.01: 1s\n"}
,{"stream_name":"stdout","time":11495.745281076,"data":"[2026-09-30T23:20:02+00:00]   5093.01: 4s\n"}
,{"stream_name":"stdout","time":11500.611101302,"data":"[2026-09-30T23:20:06+00:00]   5094.01: 5s\n"}
,{"stream_name":"stdout","time":11501.517118937,"data":"[2026-09-30T23:20:07+00:00]   5095.01: 1s\n"}
,{"stream_name":"stdout","time":11506.456427182,"data":"[2026-09-30T23:20:12+00:00]   5097.01: 5s\n"}
,{"stream_name":"stdout","time":11507.370759039,"data":"[2026-09-30T23:20:13+00:00]   511.01: 1s\n"}
,{"stream_name":"stdout","time":11512.33632367,"data":"[2026-09-30T23:20:18+00:00]   5111.01: 5s\n"}
,{"stream_name":"stdout","time":11514.42225641,"data":"[2026-09-30T23:20:20+00:00]   512.01: 2s\n"}
,{"stream_name":"stdout","time":11519.195004569,"data":"[2026-09-30T23:20:25+00:00]   5123.02: 5s\n"}
,{"stream_name":"stdout","time":11521.902171259,"data":"[2026-09-30T23:20:28+00:00]   5138.01: 3s\n"}
,{"stream_name":"stdout","time":11522.927438693,"data":"[2026-09-30T23:20:29+00:00]   514.01: 1s\n"}
,{"stream_name":"stdout","time":11525.247777895,"data":"[2026-09-30T23:20:31+00:00]   5143.01: 2s\n"}
,{"stream_name":"stdout","time":11527.65527212,"data":"[2026-09-30T23:20:34+00:00]   5146.01: 2s\n"}
,{"stream_name":"stdout","time":11529.991543646,"data":"[2026-09-30T23:20:36+00:00]   5155.01: 2s\n"}
,{"stream_name":"stdout","time":11531.355621038,"data":"[2026-09-30T23:20:37+00:00]   5160.01: 1s\n"}
,{"stream_name":"stdout","time":11536.358857091,"data":"[2026-09-30T23:20:42+00:00]   5162.01: 5s\n"}
,{"stream_name":"stdout","time":11538.858910233,"data":"[2026-09-30T23:20:45+00:00]   5168.01: 2s\n"}
,{"stream_name":"stdout","time":11543.841511966,"data":"[2026-09-30T23:20:50+00:00]   5170.01: 5s\n"}
,{"stream_name":"stdout","time":11544.890051502,"data":"[2026-09-30T23:20:51+00:00]   519.01: 1s\n"}
,{"stream_name":"stdout","time":11549.799419807,"data":"[2026-09-30T23:20:56+00:00]   4589.01: 64s\n"}
,{"stream_name":"stdout","time":11559.448284451,"data":"[2026-09-30T23:21:05+00:00]   5218.01: 15s\n"}
,{"stream_name":"stdout","time":11560.595639438,"data":"[2026-09-30T23:21:06+00:00]   529.01: 1s\n"}
,{"stream_name":"stdout","time":11562.0076221,"data":"[2026-09-30T23:21:08+00:00]   5293.01: 1s\n"}
,{"stream_name":"stdout","time":11563.498181143,"data":"[2026-09-30T23:21:09+00:00]   5300.01: 1s\n"}
,{"stream_name":"stdout","time":11564.710379172,"data":"[2026-09-30T23:21:11+00:00]   535.01: 1s\n"}
,{"stream_name":"stdout","time":11565.850690284,"data":"[2026-09-30T23:21:12+00:00]   537.01: 1s\n"}
,{"stream_name":"stdout","time":11612.678154891,"data":"[2026-09-30T23:21:59+00:00]   4593.02: 63s\n"}
,{"stream_name":"stdout","time":11613.683803317,"data":"[2026-09-30T23:22:00+00:00]   4594.01: 1s\n"}
,{"stream_name":"stdout","time":11616.559516328,"data":"[2026-09-30T23:22:02+00:00]   4595.01: 3s\n"}
,{"stream_name":"stdout","time":11621.116920366,"data":"[2026-09-30T23:22:07+00:00]   4599.02: 5s\n"}
,{"stream_name":"stdout","time":11623.438393868,"data":"[2026-09-30T23:22:09+00:00]   4606.01: 2s\n"}
,{"stream_name":"stdout","time":11624.430187772,"data":"[2026-09-30T23:22:10+00:00]   461.01: 1s\n"}
,{"stream_name":"stdout","time":11628.420418186,"data":"[2026-09-30T23:22:14+00:00]   5380.01: 63s\n"}
,{"stream_name":"stdout","time":11629.120838025,"data":"[2026-09-30T23:22:15+00:00]   4612.01: 5s\n"}
,{"stream_name":"stdout","time":11633.381156269,"data":"[2026-09-30T23:22:19+00:00]   540.01: 5s\n"}
,{"stream_name":"stdout","time":11633.983717183,"data":"[2026-09-30T23:22:20+00:00]   4624.01: 5s\n"}
,{"stream_name":"stdout","time":11634.453254228,"data":"[2026-09-30T23:22:20+00:00]   544.01: 1s\n"}
,{"stream_name":"stdout","time":11635.577358288,"data":"[2026-09-30T23:22:21+00:00]   546.01: 1s\n"}
,{"stream_name":"stdout","time":11636.147059495,"data":"[2026-09-30T23:22:22+00:00]   4638.01: 2s\n"}
,{"stream_name":"stdout","time":11636.700267894,"data":"[2026-09-30T23:22:23+00:00]   548.01: 1s\n"}
,{"stream_name":"stdout","time":11637.048305886,"data":"[2026-09-30T23:22:23+00:00]   4641.01: 1s\n"}
,{"stream_name":"stdout","time":11637.630004498,"data":"[2026-09-30T23:22:24+00:00]   5489.02: 1s\n"}
,{"stream_name":"stdout","time":11639.269347374,"data":"[2026-09-30T23:22:25+00:00]   4648.01: 2s\n"}
,{"stream_name":"stdout","time":11640.445201925,"data":"[2026-09-30T23:22:26+00:00]   4662.01: 1s\n"}
,{"stream_name":"stdout","time":11641.531329058,"data":"[2026-09-30T23:22:27+00:00]   469.01: 1s\n"}
,{"stream_name":"stdout","time":11642.566782402,"data":"[2026-09-30T23:22:28+00:00]   5515.01: 5s\n"}
,{"stream_name":"stdout","time":11642.615068666,"data":"[2026-09-30T23:22:28+00:00]   471.01: 1s\n"}
,{"stream_name":"stdout","time":11644.845700957,"data":"[2026-09-30T23:22:31+00:00]   473.01: 2s\n"}
,{"stream_name":"stdout","time":11645.219834613,"data":"[2026-09-30T23:22:31+00:00]   552.01: 3s\n"}
,{"stream_name":"stdout","time":11645.995203104,"data":"[2026-09-30T23:22:32+00:00]   474.01: 1s\n"}
,{"stream_name":"stdout","time":11646.872155745,"data":"[2026-09-30T23:22:33+00:00]   4773.01: 1s\n"}
,{"stream_name":"stdout","time":11647.909658535,"data":"[2026-09-30T23:22:34+00:00]   480.01: 1s\n"}
,{"stream_name":"stdout","time":11685.302651073,"data":"[2026-09-30T23:23:11+00:00]   481.01: 37s\n"}
,{"stream_name":"stdout","time":11687.414684452,"data":"[2026-09-30T23:23:13+00:00]   483.01: 2s\n"}
,{"stream_name":"stdout","time":11697.751460557,"data":"[2026-09-30T23:23:24+00:00]   5523.02: 53s\n"}
,{"stream_name":"stdout","time":11699.144910505,"data":"[2026-09-30T23:23:25+00:00]   5524.01: 1s\n"}
,{"stream_name":"stdout","time":11783.473881694,"data":"[2026-09-30T23:24:49+00:00]   5528.01: 84s\n"}
,{"stream_name":"stdout","time":11784.649349903,"data":"[2026-09-30T23:24:51+00:00]   554.01: 1s\n"}
,{"stream_name":"stdout","time":11785.983324202,"data":"[2026-09-30T23:24:52+00:00]   555.01: 1s\n"}
,{"stream_name":"stdout","time":11790.885868035,"data":"[2026-09-30T23:24:57+00:00]   5558.01: 5s\n"}
,{"stream_name":"stdout","time":11793.191354357,"data":"[2026-09-30T23:24:59+00:00]   5559.01: 2s\n"}
,{"stream_name":"stdout","time":11795.628639141,"data":"[2026-09-30T23:25:02+00:00]   558.01: 2s\n"}
,{"stream_name":"stdout","time":11796.777892554,"data":"[2026-09-30T23:25:03+00:00]   5592.01: 1s\n"}
,{"stream_name":"stdout","time":11798.105816912,"data":"[2026-09-30T23:25:04+00:00]   560.02: 1s\n"}
,{"stream_name":"stdout","time":11799.068756056,"data":"[2026-09-30T23:25:05+00:00]   561.01: 1s\n"}
,{"stream_name":"stdout","time":11800.498085764,"data":"[2026-09-30T23:25:06+00:00]   562.01: 1s\n"}
,{"stream_name":"stdout","time":11801.42048145,"data":"[2026-09-30T23:25:07+00:00]   5624.02: 1s\n"}
,{"stream_name":"stdout","time":11802.285634149,"data":"[2026-09-30T23:25:08+00:00]   5624.04: 1s\n"}
,{"stream_name":"stdout","time":11803.649995709,"data":"[2026-09-30T23:25:10+00:00]   565.01: 1s\n"}
,{"stream_name":"stdout","time":11804.447090245,"data":"[2026-09-30T23:25:10+00:00]   5675.01: 1s\n"}
,{"stream_name":"stdout","time":11806.381144057,"data":"[2026-09-30T23:25:12+00:00]   5676.01: 2s\n"}
,{"stream_name":"stdout","time":11807.744761959,"data":"[2026-09-30T23:25:14+00:00]   571.01: 1s\n"}
,{"stream_name":"stdout","time":11857.29097385,"data":"[2026-09-30T23:26:03+00:00]   5716.01: 50s\n"}
,{"stream_name":"stdout","time":11871.012723257,"data":"[2026-09-30T23:26:17+00:00]   486.01: 184s\n"}
,{"stream_name":"stdout","time":11872.117653346,"data":"[2026-09-30T23:26:18+00:00]   488.01: 1s\n"}
,{"stream_name":"stdout","time":11873.291055482,"data":"[2026-09-30T23:26:19+00:00]   4898.01: 1s\n"}
,{"stream_name":"stdout","time":11874.312051525,"data":"[2026-09-30T23:26:20+00:00]   491.01: 1s\n"}
,{"stream_name":"stdout","time":11875.275996795,"data":"[2026-09-30T23:26:21+00:00]   492.01: 1s\n"}
,{"stream_name":"stdout","time":11876.127821747,"data":"[2026-09-30T23:26:22+00:00]   5726.01: 19s\n"}
,{"stream_name":"stdout","time":11927.340763242,"data":"[2026-09-30T23:27:13+00:00]   4940.01: 52s\n"}
,{"stream_name":"stdout","time":11928.307490498,"data":"[2026-09-30T23:27:14+00:00]   495.01: 1s\n"}
,{"stream_name":"stdout","time":11931.152151009,"data":"[2026-09-30T23:27:17+00:00]   4961.01: 3s\n"}
,{"stream_name":"stdout","time":11932.08351253,"data":"[2026-09-30T23:27:18+00:00]   4987.01: 1s\n"}
,{"stream_name":"stdout","time":11936.328573159,"data":"[2026-09-30T23:27:22+00:00]   500.01: 4s\n"}
,{"stream_name":"stdout","time":11937.77854634,"data":"[2026-09-30T23:27:24+00:00]   5007.01: 1s\n"}
,{"stream_name":"stdout","time":11938.738174477,"data":"[2026-09-30T23:27:25+00:00]   502.01: 1s\n"}
,{"stream_name":"stdout","time":11942.681944977,"data":"[2026-09-30T23:27:29+00:00]   505.01: 4s\n"}
,{"stream_name":"stdout","time":11947.537457158,"data":"[2026-09-30T23:27:33+00:00]   5065.01: 5s\n"}
,{"stream_name":"stdout","time":12031.35216739,"data":"[2026-09-30T23:28:57+00:00]   5068.01: 84s\n"}
,{"stream_name":"stdout","time":12032.383296617,"data":"[2026-09-30T23:28:58+00:00]   507.01: 1s\n"}
,{"stream_name":"stdout","time":12037.261903503,"data":"[2026-09-30T23:29:03+00:00]   5071.01: 5s\n"}
,{"stream_name":"stdout","time":12042.077817158,"data":"[2026-09-30T23:29:08+00:00]   5074.01: 5s\n"}
,{"stream_name":"stdout","time":12044.45283505,"data":"[2026-09-30T23:29:10+00:00]   5080.01: 2s\n"}
,{"stream_name":"stdout","time":12045.29495766,"data":"[2026-09-30T23:29:11+00:00]   5087.01: 1s\n"}
,{"stream_name":"stdout","time":12050.208579376,"data":"[2026-09-30T23:29:16+00:00]   5089.01: 5s\n"}
,{"stream_name":"stdout","time":12051.099126816,"data":"[2026-09-30T23:29:17+00:00]   509.02: 1s\n"}
,{"stream_name":"stdout","time":12056.023724475,"data":"[2026-09-30T23:29:22+00:00]   5096.01: 5s\n"}
,{"stream_name":"stdout","time":12060.280735665,"data":"[2026-09-30T23:29:26+00:00]   5728.01: 184s\n"}
,{"stream_name":"stdout","time":12060.9514936,"data":"[2026-09-30T23:29:27+00:00]   5098.01: 5s\n"}
,{"stream_name":"stdout","time":12061.665360085,"data":"[2026-09-30T23:29:28+00:00]   573.01: 1s\n"}
,{"stream_name":"stdout","time":12061.948647932,"data":"[2026-09-30T23:29:28+00:00]   5101.01: 1s\n"}
,{"stream_name":"stdout","time":12063.061457971,"data":"[2026-09-30T23:29:29+00:00]   5736.01: 1s\n"}
,{"stream_name":"stdout","time":12064.434122158,"data":"[2026-09-30T23:29:30+00:00]   5116.01: 2s\n"}
,{"stream_name":"stdout","time":12064.455378777,"data":"[2026-09-30T23:29:30+00:00]   576.01: 1s\n"}
,{"stream_name":"stdout","time":12065.402955786,"data":"[2026-09-30T23:29:31+00:00]   5121.01: 1s\n"}
,{"stream_name":"stdout","time":12065.734695781,"data":"[2026-09-30T23:29:32+00:00]   5793.01: 1s\n"}
,{"stream_name":"stdout","time":12067.085073289,"data":"[2026-09-30T23:29:33+00:00]   5796.01: 1s\n"}
,{"stream_name":"stdout","time":12069.799395102,"data":"[2026-09-30T23:29:36+00:00]   5798.01: 3s\n"}
,{"stream_name":"stdout","time":12070.22708679,"data":"[2026-09-30T23:29:36+00:00]   5123.01: 5s\n"}
,{"stream_name":"stdout","time":12071.041840494,"data":"[2026-09-30T23:29:37+00:00]   5799.01: 1s\n"}
,{"stream_name":"stdout","time":12072.336561582,"data":"[2026-09-30T23:29:38+00:00]   5802.01: 1s\n"}
,{"stream_name":"stdout","time":12073.665150308,"data":"[2026-09-30T23:29:40+00:00]   5806.01: 1s\n"}
,{"stream_name":"stdout","time":12074.71380956,"data":"[2026-09-30T23:29:41+00:00]   5817.01: 1s\n"}
,{"stream_name":"stdout","time":12076.089392872,"data":"[2026-09-30T23:29:42+00:00]   5820.01: 1s\n"}
,{"stream_name":"stdout","time":12077.022558767,"data":"[2026-09-30T23:29:43+00:00]   5822.01: 1s\n"}
,{"stream_name":"stdout","time":12078.109056448,"data":"[2026-09-30T23:29:44+00:00]   5824.01: 1s\n"}
,{"stream_name":"stdout","time":12078.450530405,"data":"[2026-09-30T23:29:44+00:00]   5126.01: 8s\n"}
,{"stream_name":"stdout","time":12079.116976211,"data":"[2026-09-30T23:29:45+00:00]   5963.01: 1s\n"}
,{"stream_name":"stdout","time":12080.329400957,"data":"[2026-09-30T23:29:46+00:00]   5972.01: 1s\n"}
,{"stream_name":"stdout","time":12081.298430308,"data":"[2026-09-30T23:29:47+00:00]   5988.01: 1s\n"}
,{"stream_name":"stdout","time":12083.422946747,"data":"[2026-09-30T23:29:49+00:00]   5136.01: 5s\n"}
,{"stream_name":"stdout","time":12085.78721486,"data":"[2026-09-30T23:29:52+00:00]   5140.01: 2s\n"}
,{"stream_name":"stdout","time":12088.184954887,"data":"[2026-09-30T23:29:54+00:00]   5144.01: 2s\n"}
,{"stream_name":"stdout","time":12089.186774805,"data":"[2026-09-30T23:29:55+00:00]   515.01: 1s\n"}
,{"stream_name":"stdout","time":12091.447102646,"data":"[2026-09-30T23:29:57+00:00]   5159.01: 2s\n"}
,{"stream_name":"stdout","time":12096.334664425,"data":"[2026-09-30T23:30:02+00:00]   5164.01: 5s\n"}
,{"stream_name":"stdout","time":12097.409990965,"data":"[2026-09-30T23:30:03+00:00]   5173.01: 1s\n"}
,{"stream_name":"stdout","time":12102.491413176,"data":"[2026-09-30T23:30:08+00:00]   5176.01: 5s\n"}
,{"stream_name":"stdout","time":12103.533095587,"data":"[2026-09-30T23:30:09+00:00]   521.01: 1s\n"}
,{"stream_name":"stdout","time":12104.937970457,"data":"[2026-09-30T23:30:11+00:00]   5292.01: 1s\n"}
,{"stream_name":"stdout","time":12106.075499334,"data":"[2026-09-30T23:30:12+00:00]   530.01: 1s\n"}
,{"stream_name":"stdout","time":12107.17315287,"data":"[2026-09-30T23:30:13+00:00]   532.01: 1s\n"}
,{"stream_name":"stdout","time":12167.998033991,"data":"[2026-09-30T23:31:14+00:00]   5992.01: 87s\n"}
,{"stream_name":"stdout","time":12170.91853477,"data":"[2026-09-30T23:31:17+00:00]   5994.01: 3s\n"}
,{"stream_name":"stdout","time":12178.344439805,"data":"[2026-09-30T23:31:24+00:00]   5322.01: 71s\n"}
,{"stream_name":"stdout","time":12234.673441888,"data":"[2026-09-30T23:32:21+00:00]   5995.01: 64s\n"}
,{"stream_name":"stdout","time":12307.911069132,"data":"[2026-09-30T23:33:34+00:00]   6001.01: 73s\n"}
,{"stream_name":"stdout","time":12308.954543514,"data":"[2026-09-30T23:33:35+00:00]   6003.01: 1s\n"}
,{"stream_name":"stdout","time":12322.063465644,"data":"[2026-09-30T23:33:48+00:00]   533.01: 144s\n"}
,{"stream_name":"stdout","time":12323.226362268,"data":"[2026-09-30T23:33:49+00:00]   536.01: 1s\n"}
,{"stream_name":"stdout","time":12328.035365366,"data":"[2026-09-30T23:33:54+00:00]   5386.01: 5s\n"}
,{"stream_name":"stdout","time":12329.011381693,"data":"[2026-09-30T23:33:55+00:00]   5388.01: 1s\n"}
,{"stream_name":"stdout","time":12330.175893496,"data":"[2026-09-30T23:33:56+00:00]   545.01: 1s\n"}
,{"stream_name":"stdout","time":12331.303602681,"data":"[2026-09-30T23:33:57+00:00]   547.01: 1s\n"}
,{"stream_name":"stdout","time":12332.223962409,"data":"[2026-09-30T23:33:58+00:00]   5489.01: 1s\n"}
,{"stream_name":"stdout","time":12333.44987258,"data":"[2026-09-30T23:33:59+00:00]   550.01: 1s\n"}
,{"stream_name":"stdout","time":12335.911213645,"data":"[2026-09-30T23:34:02+00:00]   551.01: 2s\n"}
,{"stream_name":"stdout","time":12369.864441317,"data":"[2026-09-30T23:34:36+00:00]   6005.01: 61s\n"}
,{"stream_name":"stdout","time":12372.31919006,"data":"[2026-09-30T23:34:38+00:00]   6008.01: 2s\n"}
,{"stream_name":"stdout","time":12373.637222515,"data":"[2026-09-30T23:34:40+00:00]   6014.01: 1s\n"}
,{"stream_name":"stdout","time":12376.537967977,"data":"[2026-09-30T23:34:42+00:00]   6016.01: 3s\n"}
,{"stream_name":"stdout","time":12377.876418974,"data":"[2026-09-30T23:34:44+00:00]   6019.01: 1s\n"}
,{"stream_name":"stdout","time":12378.971296652,"data":"[2026-09-30T23:34:45+00:00]   6029.01: 1s\n"}
,{"stream_name":"stdout","time":12395.276938566,"data":"[2026-09-30T23:35:01+00:00]   5520.02: 59s\n"}
,{"stream_name":"stdout","time":12439.416792399,"data":"[2026-09-30T23:35:45+00:00]   603.01: 60s\n"}
,{"stream_name":"stdout","time":12440.762628728,"data":"[2026-09-30T23:35:47+00:00]   6038.01: 1s\n"}
,{"stream_name":"stdout","time":12441.616774656,"data":"[2026-09-30T23:35:47+00:00]   6049.01: 1s\n"}
,{"stream_name":"stdout","time":12442.520908101,"data":"[2026-09-30T23:35:48+00:00]   6054.01: 1s\n"}
,{"stream_name":"stdout","time":12478.714949104,"data":"[2026-09-30T23:36:25+00:00]   5529.01: 83s\n"}
,{"stream_name":"stdout","time":12479.616510343,"data":"[2026-09-30T23:36:25+00:00]   5532.01: 1s\n"}
,{"stream_name":"stdout","time":12511.148999777,"data":"[2026-09-30T23:36:57+00:00]   6072.01: 69s\n"}
,{"stream_name":"stdout","time":12553.076624164,"data":"[2026-09-30T23:37:39+00:00]   5535.01: 73s\n"}
,{"stream_name":"stdout","time":12554.192387873,"data":"[2026-09-30T23:37:40+00:00]   554.02: 1s\n"}
,{"stream_name":"stdout","time":12559.17328218,"data":"[2026-09-30T23:37:45+00:00]   5557.01: 5s\n"}
,{"stream_name":"stdout","time":12561.522360977,"data":"[2026-09-30T23:37:47+00:00]   5562.01: 2s\n"}
,{"stream_name":"stdout","time":12562.678899575,"data":"[2026-09-30T23:37:49+00:00]   559.01: 1s\n"}
,{"stream_name":"stdout","time":12564.010546388,"data":"[2026-09-30T23:37:50+00:00]   560.01: 1s\n"}
,{"stream_name":"stdout","time":12565.124872134,"data":"[2026-09-30T23:37:51+00:00]   5605.01: 1s\n"}
,{"stream_name":"stdout","time":12566.050989078,"data":"[2026-09-30T23:37:52+00:00]   561.03: 1s\n"}
,{"stream_name":"stdout","time":12566.861102731,"data":"[2026-09-30T23:37:53+00:00]   5624.01: 1s\n"}
,{"stream_name":"stdout","time":12567.745611202,"data":"[2026-09-30T23:37:54+00:00]   5624.03: 1s\n"}
,{"stream_name":"stdout","time":12569.079046722,"data":"[2026-09-30T23:37:55+00:00]   564.01: 1s\n"}
,{"stream_name":"stdout","time":12570.442828516,"data":"[2026-09-30T23:37:56+00:00]   567.01: 1s\n"}
,{"stream_name":"stdout","time":12571.628492719,"data":"[2026-09-30T23:37:58+00:00]   5704.01: 1s\n"}
,{"stream_name":"stdout","time":12599.626697612,"data":"[2026-09-30T23:38:26+00:00]   6080.01: 88s\n"}
,{"stream_name":"stdout","time":12599.840380113,"data":"[2026-09-30T23:38:26+00:00]   5713.01: 28s\n"}
,{"stream_name":"stdout","time":12601.112128555,"data":"[2026-09-30T23:38:27+00:00]   5720.01: 1s\n"}
,{"stream_name":"stdout","time":12602.475371492,"data":"[2026-09-30T23:38:28+00:00]   5734.01: 1s\n"}
,{"stream_name":"stdout","time":12602.619892335,"data":"[2026-09-30T23:38:28+00:00]   6081.01: 3s\n"}
,{"stream_name":"stdout","time":12604.703744731,"data":"[2026-09-30T23:38:31+00:00]   574.01: 2s\n"}
,{"stream_name":"stdout","time":12605.012859138,"data":"[2026-09-30T23:38:31+00:00]   6086.01: 2s\n"}
,{"stream_name":"stdout","time":12605.696812777,"data":"[2026-09-30T23:38:32+00:00]   5747.01: 1s\n"}
,{"stream_name":"stdout","time":12605.901652944,"data":"[2026-09-30T23:38:32+00:00]   6101.01: 1s\n"}
,{"stream_name":"stdout","time":12607.071530993,"data":"[2026-09-30T23:38:33+00:00]   578.01: 1s\n"}
,{"stream_name":"stdout","time":12607.38770531,"data":"[2026-09-30T23:38:33+00:00]   615.01: 1s\n"}
,{"stream_name":"stdout","time":12609.769744259,"data":"[2026-09-30T23:38:36+00:00]   622.01: 2s\n"}
,{"stream_name":"stdout","time":12611.10677308,"data":"[2026-09-30T23:38:37+00:00]   624.01: 1s\n"}
,{"stream_name":"stdout","time":12612.055551267,"data":"[2026-09-30T23:38:38+00:00]   6269.01: 1s\n"}
,{"stream_name":"stdout","time":12613.05508848,"data":"[2026-09-30T23:38:39+00:00]   6275.01: 1s\n"}
,{"stream_name":"stdout","time":12615.514730301,"data":"[2026-09-30T23:38:41+00:00]   6276.02: 2s\n"}
,{"stream_name":"stdout","time":12618.000730402,"data":"[2026-09-30T23:38:44+00:00]   640.01: 2s\n"}
,{"stream_name":"stdout","time":12618.86028313,"data":"[2026-09-30T23:38:45+00:00]   652.01: 1s\n"}
,{"stream_name":"stdout","time":12620.003841685,"data":"[2026-09-30T23:38:46+00:00]   6546.01: 1s\n"}
,{"stream_name":"stdout","time":12621.285580377,"data":"[2026-09-30T23:38:47+00:00]   6551.01: 1s\n"}
,{"stream_name":"stdout","time":12622.322845054,"data":"[2026-09-30T23:38:48+00:00]   6564.01: 1s\n"}
,{"stream_name":"stdout","time":12623.188740522,"data":"[2026-09-30T23:38:49+00:00]   661.01: 1s\n"}
,{"stream_name":"stdout","time":12624.439081949,"data":"[2026-09-30T23:38:50+00:00]   663.02: 1s\n"}
,{"stream_name":"stdout","time":12625.274851102,"data":"[2026-09-30T23:38:51+00:00]   664.01: 1s\n"}
,{"stream_name":"stdout","time":12626.146255532,"data":"[2026-09-30T23:38:52+00:00]   668.01: 1s\n"}
,{"stream_name":"stdout","time":12627.411010419,"data":"[2026-09-30T23:38:53+00:00]   6686.01: 1s\n"}
,{"stream_name":"stdout","time":12680.285866541,"data":"[2026-09-30T23:39:46+00:00]   5794.01: 73s\n"}
,{"stream_name":"stdout","time":12682.086841085,"data":"[2026-09-30T23:39:48+00:00]   5795.01: 2s\n"}
,{"stream_name":"stdout","time":12683.348211805,"data":"[2026-09-30T23:39:49+00:00]   5797.01: 1s\n"}
,{"stream_name":"stdout","time":12683.638333753,"data":"[2026-09-30T23:39:50+00:00]   6707.01: 56s\n"}
,{"stream_name":"stdout","time":12684.511607464,"data":"[2026-09-30T23:39:50+00:00]   671.01: 1s\n"}
,{"stream_name":"stdout","time":12684.88992661,"data":"[2026-09-30T23:39:51+00:00]   5800.01: 2s\n"}
,{"stream_name":"stdout","time":12685.379662396,"data":"[2026-09-30T23:39:51+00:00]   6719.01: 1s\n"}
,{"stream_name":"stdout","time":12685.91040062,"data":"[2026-09-30T23:39:52+00:00]   5803.01: 1s\n"}
,{"stream_name":"stdout","time":12686.936771871,"data":"[2026-09-30T23:39:53+00:00]   5815.01: 1s\n"}
,{"stream_name":"stdout","time":12687.71904951,"data":"[2026-09-30T23:39:54+00:00]   672.01: 2s\n"}
,{"stream_name":"stdout","time":12687.965929463,"data":"[2026-09-30T23:39:54+00:00]   5818.01: 1s\n"}
,{"stream_name":"stdout","time":12688.577869609,"data":"[2026-09-30T23:39:54+00:00]   675.01: 1s\n"}
,{"stream_name":"stdout","time":12689.028421084,"data":"[2026-09-30T23:39:55+00:00]   5821.01: 1s\n"}
,{"stream_name":"stdout","time":12690.222064955,"data":"[2026-09-30T23:39:56+00:00]   5823.01: 1s\n"}
,{"stream_name":"stdout","time":12690.991133888,"data":"[2026-09-30T23:39:57+00:00]   677.01: 2s\n"}
,{"stream_name":"stdout","time":12691.854864043,"data":"[2026-09-30T23:39:58+00:00]   679.01: 1s\n"}
,{"stream_name":"stdout","time":12692.733827529,"data":"[2026-09-30T23:39:59+00:00]   683.01: 1s\n"}
,{"stream_name":"stdout","time":12693.04136488,"data":"[2026-09-30T23:39:59+00:00]   5959.01: 3s\n"}
,{"stream_name":"stdout","time":12693.466766934,"data":"[2026-09-30T23:39:59+00:00]   6834.01: 1s\n"}
,{"stream_name":"stdout","time":12694.318397514,"data":"[2026-09-30T23:40:00+00:00]   685.01: 1s\n"}
,{"stream_name":"stdout","time":12694.369502651,"data":"[2026-09-30T23:40:00+00:00]   5960.01: 1s\n"}
,{"stream_name":"stdout","time":12695.478261413,"data":"[2026-09-30T23:40:01+00:00]   5969.01: 1s\n"}
,{"stream_name":"stdout","time":12696.426816962,"data":"[2026-09-30T23:40:02+00:00]   5979.01: 1s\n"}
,{"stream_name":"stdout","time":12696.638183001,"data":"[2026-09-30T23:40:03+00:00]   6872.01: 2s\n"}
,{"stream_name":"stdout","time":12698.8174291,"data":"[2026-09-30T23:40:05+00:00]   696.02: 2s\n"}
,{"stream_name":"stdout","time":12700.993861817,"data":"[2026-09-30T23:40:07+00:00]   6965.01: 2s\n"}
,{"stream_name":"stdout","time":12703.4116119,"data":"[2026-09-30T23:40:09+00:00]   697.01: 2s\n"}
,{"stream_name":"stdout","time":12705.744195364,"data":"[2026-09-30T23:40:12+00:00]   6977.01: 2s\n"}
,{"stream_name":"stdout","time":12786.369149061,"data":"[2026-09-30T23:41:32+00:00]   5984.01: 90s\n"}
,{"stream_name":"stdout","time":12869.521356538,"data":"[2026-09-30T23:42:55+00:00]   700.01: 164s\n"}
,{"stream_name":"stdout","time":12875.926234856,"data":"[2026-09-30T23:43:02+00:00]   5999.01: 90s\n"}
,{"stream_name":"stdout","time":12877.042988504,"data":"[2026-09-30T23:43:03+00:00]   6002.01: 1s\n"}
,{"stream_name":"stdout","time":12939.783925791,"data":"[2026-09-30T23:44:06+00:00]   6004.01: 63s\n"}
,{"stream_name":"stdout","time":12941.157282028,"data":"[2026-09-30T23:44:07+00:00]   6013.01: 1s\n"}
,{"stream_name":"stdout","time":12942.528617661,"data":"[2026-09-30T23:44:08+00:00]   6015.01: 1s\n"}
,{"stream_name":"stdout","time":12943.876340372,"data":"[2026-09-30T23:44:10+00:00]   6021.01: 1s\n"}
,{"stream_name":"stdout","time":12945.202854655,"data":"[2026-09-30T23:44:11+00:00]   6030.01: 1s\n"}
,{"stream_name":"stdout","time":12951.4145375,"data":"[2026-09-30T23:44:17+00:00]   6034.01: 6s\n"}
,{"stream_name":"stdout","time":12952.611586634,"data":"[2026-09-30T23:44:18+00:00]   6043.01: 1s\n"}
,{"stream_name":"stdout","time":12953.611876147,"data":"[2026-09-30T23:44:19+00:00]   6052.01: 1s\n"}
,{"stream_name":"stdout","time":12954.437958239,"data":"[2026-09-30T23:44:20+00:00]   6054.02: 1s\n"}
,{"stream_name":"stdout","time":12957.403311968,"data":"[2026-09-30T23:44:23+00:00]   6073.01: 3s\n"}
,{"stream_name":"stdout","time":12960.283305287,"data":"[2026-09-30T23:44:26+00:00]   6088.01: 3s\n"}
,{"stream_name":"stdout","time":13033.421222124,"data":"[2026-09-30T23:45:39+00:00]   700.04: 164s\n"}
,{"stream_name":"stdout","time":13046.046597004,"data":"[2026-09-30T23:45:52+00:00]   6089.01: 86s\n"}
,{"stream_name":"stdout","time":13119.409647142,"data":"[2026-09-30T23:47:05+00:00]   6090.01: 73s\n"}
,{"stream_name":"stdout","time":13120.741042547,"data":"[2026-09-30T23:47:07+00:00]   6109.01: 1s\n"}
,{"stream_name":"stdout","time":13122.133915892,"data":"[2026-09-30T23:47:08+00:00]   620.01: 1s\n"}
,{"stream_name":"stdout","time":13124.338888386,"data":"[2026-09-30T23:47:10+00:00]   623.01: 2s\n"}
,{"stream_name":"stdout","time":13125.431436586,"data":"[2026-09-30T23:47:11+00:00]   625.01: 1s\n"}
,{"stream_name":"stdout","time":13127.579659557,"data":"[2026-09-30T23:47:13+00:00]   6251.01: 2s\n"}
,{"stream_name":"stdout","time":13128.685536647,"data":"[2026-09-30T23:47:15+00:00]   6273.01: 1s\n"}
,{"stream_name":"stdout","time":13131.114842408,"data":"[2026-09-30T23:47:17+00:00]   6276.01: 2s\n"}
,{"stream_name":"stdout","time":13132.138667239,"data":"[2026-09-30T23:47:18+00:00]   6278.01: 1s\n"}
,{"stream_name":"stdout","time":13215.347354644,"data":"[2026-09-30T23:48:41+00:00]   704.01: 182s\n"}
,{"stream_name":"stdout","time":13217.524222311,"data":"[2026-09-30T23:48:43+00:00]   7041.01: 2s\n"}
,{"stream_name":"stdout","time":13302.328432813,"data":"[2026-09-30T23:50:08+00:00]   632.01: 170s\n"}
,{"stream_name":"stdout","time":13304.99212011,"data":"[2026-09-30T23:50:11+00:00]   646.01: 3s\n"}
,{"stream_name":"stdout","time":13305.880099192,"data":"[2026-09-30T23:50:12+00:00]   654.01: 1s\n"}
,{"stream_name":"stdout","time":13306.825225584,"data":"[2026-09-30T23:50:13+00:00]   655.01: 1s\n"}
,{"stream_name":"stdout","time":13307.716548135,"data":"[2026-09-30T23:50:14+00:00]   656.01: 1s\n"}
,{"stream_name":"stdout","time":13308.607541424,"data":"[2026-09-30T23:50:14+00:00]   660.01: 1s\n"}
,{"stream_name":"stdout","time":13309.857549467,"data":"[2026-09-30T23:50:16+00:00]   663.01: 1s\n"}
,{"stream_name":"stdout","time":13311.110951154,"data":"[2026-09-30T23:50:17+00:00]   663.03: 1s\n"}
,{"stream_name":"stdout","time":13312.023191041,"data":"[2026-09-30T23:50:18+00:00]   665.01: 1s\n"}
,{"stream_name":"stdout","time":13314.26520718,"data":"[2026-09-30T23:50:20+00:00]   667.01: 2s\n"}
,{"stream_name":"stdout","time":13315.581196088,"data":"[2026-09-30T23:50:21+00:00]   6681.01: 1s\n"}
,{"stream_name":"stdout","time":13316.44323814,"data":"[2026-09-30T23:50:22+00:00]   669.01: 1s\n"}
,{"stream_name":"stdout","time":13317.432073499,"data":"[2026-09-30T23:50:23+00:00]   6716.01: 1s\n"}
,{"stream_name":"stdout","time":13319.910467819,"data":"[2026-09-30T23:50:26+00:00]   6720.01: 2s\n"}
,{"stream_name":"stdout","time":13321.290004314,"data":"[2026-09-30T23:50:27+00:00]   6726.01: 1s\n"}
,{"stream_name":"stdout","time":13323.588286709,"data":"[2026-09-30T23:50:29+00:00]   674.01: 2s\n"}
,{"stream_name":"stdout","time":13324.495491832,"data":"[2026-09-30T23:50:30+00:00]   676.01: 1s\n"}
,{"stream_name":"stdout","time":13325.387631414,"data":"[2026-09-30T23:50:31+00:00]   682.01: 1s\n"}
,{"stream_name":"stdout","time":13326.10339419,"data":"[2026-09-30T23:50:32+00:00]   6833.01: 1s\n"}
,{"stream_name":"stdout","time":13327.106710796,"data":"[2026-09-30T23:50:33+00:00]   6836.01: 1s\n"}
,{"stream_name":"stdout","time":13329.529567729,"data":"[2026-09-30T23:50:35+00:00]   696.01: 2s\n"}
,{"stream_name":"stdout","time":13331.781656326,"data":"[2026-09-30T23:50:38+00:00]   696.03: 2s\n"}
,{"stream_name":"stdout","time":13336.448473266,"data":"[2026-09-30T23:50:42+00:00]   6962.01: 5s\n"}
,{"stream_name":"stdout","time":13338.934299238,"data":"[2026-09-30T23:50:45+00:00]   6963.01: 2s\n"}
,{"stream_name":"stdout","time":13341.212895709,"data":"[2026-09-30T23:50:47+00:00]   6965.02: 2s\n"}
,{"stream_name":"stdout","time":13346.2203736,"data":"[2026-09-30T23:50:52+00:00]   6967.01: 5s\n"}
,{"stream_name":"stdout","time":13413.635576508,"data":"[2026-09-30T23:52:00+00:00]   715.01: 196s\n"}
,{"stream_name":"stdout","time":13486.879509793,"data":"[2026-09-30T23:53:13+00:00]   7165.01: 73s\n"}
,{"stream_name":"stdout","time":13487.85267344,"data":"[2026-09-30T23:53:14+00:00]   730.01: 1s\n"}
,{"stream_name":"stdout","time":13489.228549385,"data":"[2026-09-30T23:53:15+00:00]   732.02: 1s\n"}
,{"stream_name":"stdout","time":13510.713465104,"data":"[2026-09-30T23:53:37+00:00]   700.03: 164s\n"}
,{"stream_name":"stdout","time":13512.079185814,"data":"[2026-09-30T23:53:38+00:00]   7066.01: 1s\n"}
,{"stream_name":"stdout","time":13593.093622227,"data":"[2026-09-30T23:54:59+00:00]   7333.01: 104s\n"}
,{"stream_name":"stdout","time":13594.257378812,"data":"[2026-09-30T23:55:00+00:00]   736.01: 1s\n"}
,{"stream_name":"stdout","time":13595.173732145,"data":"[2026-09-30T23:55:01+00:00]   737.01: 1s\n"}
,{"stream_name":"stdout","time":13596.227486102,"data":"[2026-09-30T23:55:02+00:00]   7461.01: 1s\n"}
,{"stream_name":"stdout","time":13603.102081889,"data":"[2026-09-30T23:55:09+00:00]   712.01: 91s\n"}
,{"stream_name":"stdout","time":13603.937614572,"data":"[2026-09-30T23:55:10+00:00]   732.01: 1s\n"}
,{"stream_name":"stdout","time":13604.818897077,"data":"[2026-09-30T23:55:11+00:00]   733.01: 1s\n"}
,{"stream_name":"stdout","time":13605.688392143,"data":"[2026-09-30T23:55:12+00:00]   736.02: 1s\n"}
,{"stream_name":"stdout","time":13608.298941324,"data":"[2026-09-30T23:55:14+00:00]   7396.01: 3s\n"}
,{"stream_name":"stdout","time":13610.548403698,"data":"[2026-09-30T23:55:16+00:00]   741.01: 2s\n"}
,{"stream_name":"stdout","time":13611.456424162,"data":"[2026-09-30T23:55:17+00:00]   744.01: 1s\n"}
,{"stream_name":"stdout","time":13669.378935002,"data":"[2026-09-30T23:56:15+00:00]   7463.01: 73s\n"}
,{"stream_name":"stdout","time":13670.113785228,"data":"[2026-09-30T23:56:16+00:00]   7487.01: 1s\n"}
,{"stream_name":"stdout","time":13670.905396608,"data":"[2026-09-30T23:56:17+00:00]   7490.01: 1s\n"}
,{"stream_name":"stdout","time":13672.236366325,"data":"[2026-09-30T23:56:18+00:00]   751.01: 1s\n"}
,{"stream_name":"stdout","time":13684.587421121,"data":"[2026-09-30T23:56:30+00:00]   7457.01: 73s\n"}
,{"stream_name":"stdout","time":13686.907298,"data":"[2026-09-30T23:56:33+00:00]   747.01: 2s\n"}
,{"stream_name":"stdout","time":13687.789409174,"data":"[2026-09-30T23:56:34+00:00]   748.01: 1s\n"}
,{"stream_name":"stdout","time":13688.791940897,"data":"[2026-09-30T23:56:35+00:00]   749.01: 1s\n"}
,{"stream_name":"stdout","time":13690.14372674,"data":"[2026-09-30T23:56:36+00:00]   750.01: 1s\n"}
,{"stream_name":"stdout","time":13691.115349609,"data":"[2026-09-30T23:56:37+00:00]   7512.01: 1s\n"}
,{"stream_name":"stdout","time":13692.016680203,"data":"[2026-09-30T23:56:38+00:00]   752.01: 1s\n"}
,{"stream_name":"stdout","time":13692.893262819,"data":"[2026-09-30T23:56:39+00:00]   757.01: 1s\n"}
,{"stream_name":"stdout","time":13693.754581258,"data":"[2026-09-30T23:56:40+00:00]   763.01: 1s\n"}
,{"stream_name":"stdout","time":13694.608447272,"data":"[2026-09-30T23:56:40+00:00]   764.01: 1s\n"}
,{"stream_name":"stdout","time":13695.455755209,"data":"[2026-09-30T23:56:41+00:00]   767.01: 1s\n"}
,{"stream_name":"stdout","time":13696.317443184,"data":"[2026-09-30T23:56:42+00:00]   769.01: 1s\n"}
,{"stream_name":"stdout","time":13698.626992731,"data":"[2026-09-30T23:56:45+00:00]   770.01: 2s\n"}
,{"stream_name":"stdout","time":13703.854590733,"data":"[2026-09-30T23:56:50+00:00]   771.01: 5s\n"}
,{"stream_name":"stdout","time":13704.709512471,"data":"[2026-09-30T23:56:51+00:00]   774.01: 1s\n"}
,{"stream_name":"stdout","time":13705.541306832,"data":"[2026-09-30T23:56:51+00:00]   776.02: 1s\n"}
,{"stream_name":"stdout","time":13706.392754687,"data":"[2026-09-30T23:56:52+00:00]   780.01: 1s\n"}
,{"stream_name":"stdout","time":13707.648484757,"data":"[2026-09-30T23:56:54+00:00]   782.01: 1s\n"}
,{"stream_name":"stdout","time":13710.551889513,"data":"[2026-09-30T23:56:56+00:00]   7902.01: 3s\n"}
,{"stream_name":"stdout","time":13712.027497492,"data":"[2026-09-30T23:56:58+00:00]   818.01: 1s\n"}
,{"stream_name":"stdout","time":13714.398392984,"data":"[2026-09-30T23:57:00+00:00]   819.01: 2s\n"}
,{"stream_name":"stdout","time":13715.610771006,"data":"[2026-09-30T23:57:01+00:00]   822.01: 1s\n"}
,{"stream_name":"stdout","time":13716.950330255,"data":"[2026-09-30T23:57:03+00:00]   825.01: 1s\n"}
,{"stream_name":"stdout","time":13717.972626164,"data":"[2026-09-30T23:57:04+00:00]   828.01: 1s\n"}
,{"stream_name":"stdout","time":13722.952109023,"data":"[2026-09-30T23:57:09+00:00]   833.01: 5s\n"}
,{"stream_name":"stdout","time":13724.341273956,"data":"[2026-09-30T23:57:10+00:00]   836.01: 1s\n"}
,{"stream_name":"stdout","time":13727.062117492,"data":"[2026-09-30T23:57:13+00:00]   839.01: 3s\n"}
,{"stream_name":"stdout","time":13728.467840122,"data":"[2026-09-30T23:57:14+00:00]   843.01: 1s\n"}
,{"stream_name":"stdout","time":13733.32830972,"data":"[2026-09-30T23:57:19+00:00]   871.01: 5s\n"}
,{"stream_name":"stdout","time":13734.6436526,"data":"[2026-09-30T23:57:21+00:00]   883.01: 1s\n"}
,{"stream_name":"stdout","time":13735.850950068,"data":"[2026-09-30T23:57:22+00:00]   905.01: 1s\n"}
,{"stream_name":"stdout","time":13737.537820493,"data":"[2026-09-30T23:57:23+00:00]   7511.01: 65s\n"}
,{"stream_name":"stdout","time":13738.527737861,"data":"[2026-09-30T23:57:24+00:00]   908.01: 3s\n"}
,{"stream_name":"stdout","time":13738.588912316,"data":"[2026-09-30T23:57:24+00:00]   7513.01: 1s\n"}
,{"stream_name":"stdout","time":13739.461654931,"data":"[2026-09-30T23:57:25+00:00]   755.01: 1s\n"}
,{"stream_name":"stdout","time":13739.60116935,"data":"[2026-09-30T23:57:25+00:00]   911.01: 1s\n"}
,{"stream_name":"stdout","time":13741.881948957,"data":"[2026-09-30T23:57:28+00:00]   756.01: 2s\n"}
,{"stream_name":"stdout","time":13742.285539845,"data":"[2026-09-30T23:57:28+00:00]   913.01: 3s\n"}
,{"stream_name":"stdout","time":13743.263985293,"data":"[2026-09-30T23:57:29+00:00]   762.01: 1s\n"}
,{"stream_name":"stdout","time":13744.078456602,"data":"[2026-09-30T23:57:30+00:00]   763.02: 1s\n"}
,{"stream_name":"stdout","time":13745.41832996,"data":"[2026-09-30T23:57:31+00:00]   766.01: 1s\n"}
,{"stream_name":"stdout","time":13746.283254238,"data":"[2026-09-30T23:57:32+00:00]   768.01: 1s\n"}
,{"stream_name":"stdout","time":13747.142624775,"data":"[2026-09-30T23:57:33+00:00]   773.01: 1s\n"}
,{"stream_name":"stdout","time":13747.952746389,"data":"[2026-09-30T23:57:34+00:00]   776.01: 1s\n"}
,{"stream_name":"stdout","time":13748.7729951,"data":"[2026-09-30T23:57:35+00:00]   778.01: 1s\n"}
,{"stream_name":"stdout","time":13750.233063843,"data":"[2026-09-30T23:57:36+00:00]   781.01: 1s\n"}
,{"stream_name":"stdout","time":13752.771623682,"data":"[2026-09-30T23:57:39+00:00]   784.01: 3s\n"}
,{"stream_name":"stdout","time":13842.562914407,"data":"[2026-09-30T23:59:08+00:00]   7901.01: 90s\n"}
,{"stream_name":"stdout","time":13878.409204832,"data":"[2026-09-30T23:59:44+00:00]   799.01: 36s\n"}
,{"stream_name":"stdout","time":13880.618050441,"data":"[2026-09-30T23:59:46+00:00]   808.01: 2s\n"}
,{"stream_name":"stdout","time":13881.482000571,"data":"[2026-09-30T23:59:47+00:00]   815.01: 1s\n"}
,{"stream_name":"stdout","time":13882.278755386,"data":"[2026-09-30T23:59:48+00:00]   820.01: 1s\n"}
,{"stream_name":"stdout","time":13883.655972755,"data":"[2026-09-30T23:59:50+00:00]   822.02: 1s\n"}
,{"stream_name":"stdout","time":13886.261318208,"data":"[2026-09-30T23:59:52+00:00]   824.01: 3s\n"}
,{"stream_name":"stdout","time":13887.110964696,"data":"[2026-09-30T23:59:53+00:00]   826.01: 1s\n"}
,{"stream_name":"stdout","time":13892.441543136,"data":"[2026-09-30T23:59:58+00:00]   827.01: 5s\n"}
,{"stream_name":"stdout","time":13897.488657122,"data":"[2026-10-01T00:00:03+00:00]   830.01: 5s\n"}
,{"stream_name":"stdout","time":13898.883722945,"data":"[2026-10-01T00:00:05+00:00]   834.01: 1s\n"}
,{"stream_name":"stdout","time":13900.060418534,"data":"[2026-10-01T00:00:06+00:00]   836.02: 1s\n"}
,{"stream_name":"stdout","time":13902.454212538,"data":"[2026-10-01T00:00:08+00:00]   837.01: 2s\n"}
,{"stream_name":"stdout","time":13907.767134824,"data":"[2026-10-01T00:00:14+00:00]   858.01: 5s\n"}
,{"stream_name":"stdout","time":13908.922122829,"data":"[2026-10-01T00:00:15+00:00]   880.01: 1s\n"}
,{"stream_name":"stdout","time":13910.284952102,"data":"[2026-10-01T00:00:16+00:00]   892.01: 1s\n"}
,{"stream_name":"stdout","time":13912.731163545,"data":"[2026-10-01T00:00:19+00:00]   904.01: 2s\n"}
,{"stream_name":"stdout","time":13913.570316134,"data":"[2026-10-01T00:00:19+00:00]   909.01: 1s\n"}
,{"stream_name":"stdout","time":13916.359721497,"data":"[2026-10-01T00:00:22+00:00]   912.01: 3s\n"}
,{"stream_name":"stdout","time":13918.95371255,"data":"[2026-10-01T00:00:25+00:00]   929.01: 3s\n"}
,{"stream_name":"stdout","time":13920.247968457,"data":"[2026-10-01T00:00:26+00:00]   941.01: 1s\n"}
,{"stream_name":"stdout","time":13921.360062748,"data":"[2026-10-01T00:00:27+00:00]   954.01: 1s\n"}
,{"stream_name":"stdout","time":13933.861883849,"data":"[2026-10-01T00:00:40+00:00]   921.01: 192s\n"}
,{"stream_name":"stdout","time":13935.246360892,"data":"[2026-10-01T00:00:41+00:00]   942.01: 1s\n"}
,{"stream_name":"stdout","time":13936.327720476,"data":"[2026-10-01T00:00:42+00:00]   966.01: 1s\n"}
,{"stream_name":"stderr","time":13939.323091059,"data":"/usr/local/lib/python3.12/dist-packages/mistune.py:435: SyntaxWarning: invalid escape sequence '\\|'\n"}
,{"stream_name":"stderr","time":13939.323128508,"data":"  cells[i][c] = re.sub('\\\\\\\\\\|', '|', cell)\n"}
,{"stream_name":"stderr","time":13939.533070366,"data":"/usr/local/lib/python3.12/dist-packages/nbconvert/filters/filter_links.py:36: SyntaxWarning: invalid escape sequence '\\_'\n"}
,{"stream_name":"stderr","time":13939.533099203,"data":"  text = re.sub(r'_', '\\_', text) # Escape underscores in display text\n"}
,{"stream_name":"stderr","time":13940.154211126,"data":"[NbConvertApp] Converting notebook __script__.ipynb to html\n"}
,{"stream_name":"stderr","time":13941.331535627,"data":"[NbConvertApp] Writing 277439 bytes to __results__.html\n"}
]