[{"stream_name":"stdout","time":17.585528612,"data":"     ━━━━━━━━━━━━━━━━━━━━━━━━━━━━━━━━━━━━━━━━ 18.9/18.9 MB 61.7 MB/s eta 0:00:00\n"}
,{"stream_name":"stdout","time":335.637944333,"data":"     ━━━━━━━━━━━━━━━━━━━━━━━━━━━━━━━━━━━━━━━━ 62.1/62.1 kB 2.1 MB/s eta 0:00:00\n"}
,{"stream_name":"stdout","time":337.582744475,"data":"     ━━━━━━━━━━━━━━━━━━━━━━━━━━━━━━━━━━━━━━━━ 80.3/80.3 kB 3.1 MB/s eta 0:00:00\n"}
,{"stream_name":"stdout","time":339.939138639,"data":"     ━━━━━━━━━━━━━━━━━━━━━━━━━━━━━━━━━━━━━━━━ 41.2/41.2 kB 1.5 MB/s eta 0:00:00\n"}
,{"stream_name":"stdout","time":341.801735435,"data":"   ━━━━━━━━━━━━━━━━━━━━━━━━━━━━━━━━━━━━━━━━ 10.5/10.5 MB 80.8 MB/s eta 0:00:00\n"}
,{"stream_name":"stdout","time":341.94146348,"data":"   ━━━━━━━━━━━━━━━━━━━━━━━━━━━━━━━━━━━━━━━━ 11.1/11.1 MB 82.5 MB/s eta 0:00:00\n"}
,{"stream_name":"stdout","time":341.979552834,"data":"   ━━━━━━━━━━━━━━━━━━━━━━━━━━━━━━━━━━━━━━━━ 243.4/243.4 kB 8.1 MB/s eta 0:00:00\n"}
,{"stream_name":"stdout","time":342.011991205,"data":"   ━━━━━━━━━━━━━━━━━━━━━━━━━━━━━━━━━━━━━━━━ 377.7/377.7 kB 15.5 MB/s eta 0:00:00\n"}
,{"stream_name":"stdout","time":342.047001627,"data":"   ━━━━━━━━━━━━━━━━━━━━━━━━━━━━━━━━━━━━━━━━ 261.1/261.1 kB 10.1 MB/s eta 0:00:00\n"}
,{"stream_name":"stdout","time":342.183613593,"data":"   ━━━━━━━━━━━━━━━━━━━━━━━━━━━━━━━━━━━━━━━━ 9.9/9.9 MB 77.8 MB/s eta 0:00:00\n"}
,{"stream_name":"stdout","time":342.216543142,"data":"   ━━━━━━━━━━━━━━━━━━━━━━━━━━━━━━━━━━━━━━━━ 155.6/155.6 kB 6.0 MB/s eta 0:00:00\n"}
,{"stream_name":"stdout","time":342.321923014,"data":"   ━━━━━━━━━━━━━━━━━━━━━━━━━━━━━━━━━━━━━━━━ 9.1/9.1 MB 93.9 MB/s eta 0:00:00\n"}
,{"stream_name":"stdout","time":342.628407568,"data":"   ━━━━━━━━━━━━━━━━━━━━━━━━━━━━━━━━━━━━━━━━ 35.2/35.2 MB 58.6 MB/s eta 0:00:00\n"}
,{"stream_name":"stdout","time":342.660074961,"data":"   ━━━━━━━━━━━━━━━━━━━━━━━━━━━━━━━━━━━━━━━━ 47.5/47.5 kB 1.6 MB/s eta 0:00:00\n"}
,{"stream_name":"stdout","time":342.744144544,"data":"   ━━━━━━━━━━━━━━━━━━━━━━━━━━━━━━━━━━━━━━━━ 1.2/1.2 MB 30.3 MB/s eta 0:00:00\n"}
,{"stream_name":"stdout","time":342.775124578,"data":"   ━━━━━━━━━━━━━━━━━━━━━━━━━━━━━━━━━━━━━━━━ 60.1/60.1 kB 2.2 MB/s eta 0:00:00\n"}
,{"stream_name":"stderr","time":404.293983024,"data":"ERROR: pip's dependency resolver does not currently take into account all the packages that are installed. This behaviour is the source of the following dependency conflicts.\n"}
,{"stream_name":"stderr","time":404.294019219,"data":"bigframes 2.48.0 requires google-cloud-bigquery-storage\u003c3.0.0,\u003e=2.30.0, which is not installed.\n"}
,{"stream_name":"stderr","time":404.294024771,"data":"ydata-profiling 4.18.4 requires matplotlib\u003c=3.10,\u003e=3.5, but you have matplotlib 3.11.2 which is incompatible.\n"}
,{"stream_name":"stderr","time":404.29403956,"data":"ydata-profiling 4.18.4 requires scipy\u003c1.17,\u003e=1.8, but you have scipy 1.17.1 which is incompatible.\n"}
,{"stream_name":"stderr","time":404.294042595,"data":"mne 1.13.2 requires numpy\u003c3,\u003e=2.1, but you have numpy 2.0.2 which is incompatible.\n"}
,{"stream_name":"stderr","time":404.294045355,"data":"bayesian-optimization 3.3.0 requires numpy\u003e=2.1.3; python_full_version \u003e= \"3.13\", but you have numpy 2.0.2 which is incompatible.\n"}
,{"stream_name":"stderr","time":404.294048319,"data":"google-colab 1.0.0 requires jupyter-server==2.20.0, but you have jupyter-server 2.12.5 which is incompatible.\n"}
,{"stream_name":"stderr","time":404.294050907,"data":"google-colab 1.0.0 requires pandas==2.2.3, but you have pandas 2.3.3 which is incompatible.\n"}
,{"stream_name":"stderr","time":404.294053382,"data":"google-colab 1.0.0 requires requests==2.32.4, but you have requests 2.34.2 which is incompatible.\n"}
,{"stream_name":"stderr","time":404.29405587,"data":"dopamine-rl 4.1.2 requires gym\u003c=0.25.2, but you have gym 0.26.2 which is incompatible.\n"}
,{"stream_name":"stderr","time":404.294058683,"data":"moviepy 1.0.3 requires decorator\u003c5.0,\u003e=4.0.2, but you have decorator 5.3.1 which is incompatible.\n"}
,{"stream_name":"stderr","time":404.294061359,"data":"ml-dtypes 0.6.0 requires numpy\u003e=2.1.0; python_version \u003e= \"3.13\", but you have numpy 2.0.2 which is incompatible.\n"}
,{"stream_name":"stderr","time":404.294064096,"data":"jax 0.11.1 requires numpy\u003e=2.1, but you have numpy 2.0.2 which is incompatible.\n"}
,{"stream_name":"stderr","time":404.294066848,"data":"dm-tree 0.1.10 requires numpy\u003e=2.1.0; python_version \u003e= \"3.13\", but you have numpy 2.0.2 which is incompatible.\n"}
,{"stream_name":"stderr","time":404.294069856,"data":"tifffile 2026.8.23 requires numpy\u003e=2.1, but you have numpy 2.0.2 which is incompatible.\n"}
,{"stream_name":"stdout","time":407.34317541,"data":"search_tls_5of5: 399 injections on 158 hosts, cache /kaggle/input/datasets/srijeetbanerjee/exog-lc-cache-v1/cache\n"}
,{"stream_name":"stdout","time":426.874229008,"data":"Transit Least Squares TLS 1.32 (5 Apr 2024)\n"}
,{"stream_name":"stdout","time":426.946253255,"data":"Transit Least Squares TLS 1.32 (5 Apr 2024)\n"}
,{"stream_name":"stdout","time":427.00301695,"data":"Creating model cache for 36 durations\n"}
,{"stream_name":"stdout","time":427.013109189,"data":"Searching 2634 data points, 1865 periods from 0.569 to 10.138 days\n"}
,{"stream_name":"stdout","time":427.013303128,"data":"Using 1 of 4 CPU threads\n"}
,{"stream_name":"stdout","time":427.080985415,"data":"Creating model cache for 37 durations\n"}
,{"stream_name":"stdout","time":427.094306527,"data":"Searching 2992 data points, 2567 periods from 0.525 to 12.219 days\n"}
,{"stream_name":"stdout","time":427.094516143,"data":"Using 1 of 4 CPU threads\n"}
,{"stream_name":"stdout","time":428.035352913,"data":"Transit Least Squares TLS 1.32 (5 Apr 2024)\n"}
,{"stream_name":"stdout","time":428.183108395,"data":"Creating model cache for 43 durations\n"}
,{"stream_name":"stdout","time":428.197757847,"data":"Searching 6649 data points, 4481 periods from 0.693 to 26.1 days\n"}
,{"stream_name":"stdout","time":428.197947577,"data":"Using 1 of 4 CPU threads\n"}
,{"stream_name":"stdout","time":428.958476684,"data":"Transit Least Squares TLS 1.32 (5 Apr 2024)\n"}
,{"stream_name":"stdout","time":429.102695739,"data":"Creating model cache for 43 durations\n"}
,{"stream_name":"stdout","time":429.123200365,"data":"Searching 10679 data points, 28109 periods from 0.8 to 29.999 days\n"}
,{"stream_name":"stdout","time":429.123373387,"data":"Using 1 of 4 CPU threads\n"}
,{"stream_name":"stdout","time":443.565020353,"data":"Searching for best T0 for period 1.96485 days\n"}
,{"stream_name":"stdout","time":447.080018442,"data":"Transit Least Squares TLS 1.32 (5 Apr 2024)\n"}
,{"stream_name":"stdout","time":447.081545744,"data":"Creating model cache for 36 durations\n"}
,{"stream_name":"stdout","time":447.091110934,"data":"Searching 2634 data points, 1865 periods from 0.569 to 10.138 days\n"}
,{"stream_name":"stdout","time":447.091478649,"data":"Using 1 of 4 CPU threads\n"}
,{"stream_name":"stdout","time":447.627655464,"data":"Searching for best T0 for period 5.12936 days\n"}
,{"stream_name":"stdout","time":450.761160981,"data":"Transit Least Squares TLS 1.32 (5 Apr 2024)\n"}
,{"stream_name":"stdout","time":450.762544665,"data":"Creating model cache for 37 durations\n"}
,{"stream_name":"stdout","time":450.772954579,"data":"Searching 2992 data points, 2567 periods from 0.525 to 12.219 days\n"}
,{"stream_name":"stdout","time":450.773098478,"data":"Using 1 of 4 CPU threads\n"}
,{"stream_name":"stdout","time":460.797527535,"data":"Searching for best T0 for period 3.46275 days\n"}
,{"stream_name":"stdout","time":464.263160583,"data":"Transit Least Squares TLS 1.32 (5 Apr 2024)\n"}
,{"stream_name":"stdout","time":464.264239912,"data":"Creating model cache for 36 durations\n"}
,{"stream_name":"stdout","time":464.273966076,"data":"Searching 2634 data points, 1865 periods from 0.569 to 10.138 days\n"}
,{"stream_name":"stdout","time":464.274076611,"data":"Using 1 of 4 CPU threads\n"}
,{"stream_name":"stdout","time":472.114227668,"data":"Searching for best T0 for period 4.53780 days\n"}
,{"stream_name":"stdout","time":474.614572481,"data":"Searching for best T0 for period 2.68243 days\n"}
,{"stream_name":"stdout","time":476.246270245,"data":"Transit Least Squares TLS 1.32 (5 Apr 2024)\n"}
,{"stream_name":"stdout","time":476.248476555,"data":"Creating model cache for 43 durations\n"}
,{"stream_name":"stdout","time":476.260968124,"data":"Searching 6902 data points, 4298 periods from 0.727 to 26.367 days\n"}
,{"stream_name":"stdout","time":476.262468,"data":"Using 1 of 4 CPU threads\n"}
,{"stream_name":"stdout","time":478.267447918,"data":"Transit Least Squares TLS 1.32 (5 Apr 2024)\n"}
,{"stream_name":"stdout","time":478.269985839,"data":"Creating model cache for 37 durations\n"}
,{"stream_name":"stdout","time":478.280906278,"data":"Searching 2598 data points, 5416 periods from 0.5 to 11.996 days\n"}
,{"stream_name":"stdout","time":478.281093168,"data":"Using 1 of 4 CPU threads\n"}
,{"stream_name":"stdout","time":510.339343115,"data":"Searching for best T0 for period 1.36285 days\n"}
,{"stream_name":"stdout","time":511.531056981,"data":"Searching for best T0 for period 10.65360 days\n"}
,{"stream_name":"stdout","time":514.797583933,"data":"Transit Least Squares TLS 1.32 (5 Apr 2024)\n"}
,{"stream_name":"stdout","time":514.800107542,"data":"Creating model cache for 37 durations\n"}
,{"stream_name":"stdout","time":514.812458382,"data":"Searching 2598 data points, 5416 periods from 0.5 to 11.996 days\n"}
,{"stream_name":"stdout","time":514.812615847,"data":"Using 1 of 4 CPU threads\n"}
,{"stream_name":"stdout","time":518.408381494,"data":"Transit Least Squares TLS 1.32 (5 Apr 2024)\n"}
,{"stream_name":"stdout","time":518.408958994,"data":"Creating model cache for 43 durations\n"}
,{"stream_name":"stdout","time":518.422121799,"data":"Searching 6649 data points, 4481 periods from 0.693 to 26.1 days\n"}
,{"stream_name":"stdout","time":518.422366334,"data":"Using 1 of 4 CPU threads\n"}
,{"stream_name":"stdout","time":538.747497967,"data":"Searching for best T0 for period 3.61410 days\n"}
,{"stream_name":"stdout","time":545.954789547,"data":"Transit Least Squares TLS 1.32 (5 Apr 2024)\n"}
,{"stream_name":"stdout","time":545.956566316,"data":"Creating model cache for 43 durations\n"}
,{"stream_name":"stdout","time":545.969613733,"data":"Searching 6902 data points, 4298 periods from 0.727 to 26.367 days\n"}
,{"stream_name":"stdout","time":545.969739622,"data":"Using 1 of 4 CPU threads\n"}
,{"stream_name":"stdout","time":549.409953118,"data":"Searching for best T0 for period 1.01395 days\n"}
,{"stream_name":"stderr","time":549.90292733,"data":"/usr/local/lib/python3.13/dist-packages/transitleastsquares/stats.py:458: RuntimeWarning: divide by zero encountered in scalar divide\n"}
,{"stream_name":"stderr","time":549.90299201,"data":"  snr_pink_per_transit[i] = (1 - mean_flux) / pinknoise\n"}
,{"stream_name":"stdout","time":553.237365727,"data":"Transit Least Squares TLS 1.32 (5 Apr 2024)\n"}
,{"stream_name":"stdout","time":553.23869437,"data":"Creating model cache for 37 durations\n"}
,{"stream_name":"stdout","time":553.249021924,"data":"Searching 3215 data points, 2654 periods from 0.507 to 12.131 days\n"}
,{"stream_name":"stdout","time":553.249171391,"data":"Using 1 of 4 CPU threads\n"}
,{"stream_name":"stdout","time":574.451091898,"data":"Searching for best T0 for period 4.05064 days\n"}
,{"stream_name":"stdout","time":577.265308298,"data":"Searching for best T0 for period 2.46164 days\n"}
,{"stream_name":"stdout","time":581.167005582,"data":"Transit Least Squares TLS 1.32 (5 Apr 2024)\n"}
,{"stream_name":"stdout","time":581.168338632,"data":"Creating model cache for 37 durations\n"}
,{"stream_name":"stdout","time":581.179247171,"data":"Searching 3215 data points, 2654 periods from 0.507 to 12.131 days\n"}
,{"stream_name":"stdout","time":581.179639971,"data":"Using 1 of 4 CPU threads\n"}
,{"stream_name":"stdout","time":582.232795603,"data":"Transit Least Squares TLS 1.32 (5 Apr 2024)\n"}
,{"stream_name":"stdout","time":582.234695439,"data":"Creating model cache for 43 durations\n"}
,{"stream_name":"stdout","time":582.24757431,"data":"Searching 6649 data points, 4481 periods from 0.693 to 26.1 days\n"}
,{"stream_name":"stdout","time":582.247768868,"data":"Using 1 of 4 CPU threads\n"}
,{"stream_name":"stdout","time":588.219428457,"data":"Searching for best T0 for period 0.94072 days\n"}
,{"stream_name":"stdout","time":597.524241439,"data":"Transit Least Squares TLS 1.32 (5 Apr 2024)\n"}
,{"stream_name":"stdout","time":597.526490097,"data":"Creating model cache for 43 durations\n"}
,{"stream_name":"stdout","time":597.539500178,"data":"Searching 6902 data points, 4298 periods from 0.727 to 26.367 days\n"}
,{"stream_name":"stdout","time":597.539804001,"data":"Using 1 of 4 CPU threads\n"}
,{"stream_name":"stdout","time":600.234114189,"data":"Searching for best T0 for period 2.03045 days\n"}
,{"stream_name":"stdout","time":604.986372504,"data":"Transit Least Squares TLS 1.32 (5 Apr 2024)\n"}
,{"stream_name":"stdout","time":604.988440946,"data":"Creating model cache for 37 durations\n"}
,{"stream_name":"stdout","time":604.999037952,"data":"Searching 3215 data points, 2654 periods from 0.507 to 12.131 days\n"}
,{"stream_name":"stdout","time":604.999398621,"data":"Using 1 of 4 CPU threads\n"}
,{"stream_name":"stdout","time":624.387911511,"data":"Searching for best T0 for period 2.67659 days\n"}
,{"stream_name":"stdout","time":629.215405557,"data":"Transit Least Squares TLS 1.32 (5 Apr 2024)\n"}
,{"stream_name":"stdout","time":629.217566287,"data":"Creating model cache for 42 durations\n"}
,{"stream_name":"stdout","time":629.229964284,"data":"Searching 5325 data points, 4614 periods from 0.655 to 25.288 days\n"}
,{"stream_name":"stdout","time":629.230067685,"data":"Using 1 of 4 CPU threads\n"}
,{"stream_name":"stdout","time":637.713840489,"data":"Searching for best T0 for period 1.30441 days\n"}
,{"stream_name":"stdout","time":640.937524928,"data":"Searching for best T0 for period 26.28239 days\n"}
,{"stream_name":"stdout","time":646.769481498,"data":"Transit Least Squares TLS 1.32 (5 Apr 2024)\n"}
,{"stream_name":"stdout","time":646.771767266,"data":"Creating model cache for 43 durations\n"}
,{"stream_name":"stdout","time":646.78513582,"data":"Searching 6649 data points, 4481 periods from 0.693 to 26.1 days\n"}
,{"stream_name":"stdout","time":646.78539226,"data":"Using 1 of 4 CPU threads\n"}
,{"stream_name":"stdout","time":647.201686286,"data":"Transit Least Squares TLS 1.32 (5 Apr 2024)\n"}
,{"stream_name":"stdout","time":647.20307729,"data":"Creating model cache for 37 durations\n"}
,{"stream_name":"stdout","time":647.213190461,"data":"Searching 3334 data points, 1763 periods from 0.726 to 12.344 days\n"}
,{"stream_name":"stdout","time":647.213460983,"data":"Using 1 of 4 CPU threads\n"}
,{"stream_name":"stdout","time":666.97110734,"data":"Searching for best T0 for period 0.80171 days\n"}
,{"stream_name":"stdout","time":672.288344643,"data":"Transit Least Squares TLS 1.32 (5 Apr 2024)\n"}
,{"stream_name":"stdout","time":672.291097813,"data":"Creating model cache for 43 durations\n"}
,{"stream_name":"stdout","time":672.304490707,"data":"Searching 6145 data points, 5834 periods from 0.564 to 26.774 days\n"}
,{"stream_name":"stdout","time":672.304680153,"data":"Using 1 of 4 CPU threads\n"}
,{"stream_name":"stdout","time":678.714407425,"data":"Searching for best T0 for period 15.42895 days\n"}
,{"stream_name":"stdout","time":684.350617429,"data":"Transit Least Squares TLS 1.32 (5 Apr 2024)\n"}
,{"stream_name":"stdout","time":684.352697395,"data":"Creating model cache for 42 durations\n"}
,{"stream_name":"stdout","time":684.365093902,"data":"Searching 5325 data points, 4614 periods from 0.655 to 25.288 days\n"}
,{"stream_name":"stdout","time":684.365206545,"data":"Using 1 of 4 CPU threads\n"}
,{"stream_name":"stdout","time":711.080119044,"data":"Searching for best T0 for period 1.30290 days\n"}
,{"stream_name":"stdout","time":718.364075139,"data":"Transit Least Squares TLS 1.32 (5 Apr 2024)\n"}
,{"stream_name":"stdout","time":718.367403904,"data":"Creating model cache for 42 durations\n"}
,{"stream_name":"stdout","time":718.380165895,"data":"Searching 5754 data points, 6910 periods from 0.5 to 25.315 days\n"}
,{"stream_name":"stdout","time":718.380532442,"data":"Using 1 of 4 CPU threads\n"}
,{"stream_name":"stdout","time":729.857305675,"data":"Searching for best T0 for period 1.85963 days\n"}
,{"stream_name":"stdout","time":735.774292489,"data":"Transit Least Squares TLS 1.32 (5 Apr 2024)\n"}
,{"stream_name":"stdout","time":735.775366016,"data":"Creating model cache for 36 durations\n"}
,{"stream_name":"stdout","time":735.785598718,"data":"Searching 2603 data points, 1570 periods from 0.656 to 10.136 days\n"}
,{"stream_name":"stdout","time":735.785749871,"data":"Using 1 of 4 CPU threads\n"}
,{"stream_name":"stdout","time":746.166190254,"data":"Searching for best T0 for period 5.29822 days\n"}
,{"stream_name":"stderr","time":746.593904668,"data":"/usr/local/lib/python3.13/dist-packages/transitleastsquares/main.py:411: UserWarning: 1 of 3 transits without data. The true period may be twice the given period.\n"}
,{"stream_name":"stderr","time":746.593941939,"data":"  warnings.warn(text)\n"}
,{"stream_name":"stdout","time":749.836499412,"data":"Transit Least Squares TLS 1.32 (5 Apr 2024)\n"}
,{"stream_name":"stdout","time":749.839398354,"data":"Creating model cache for 38 durations\n"}
,{"stream_name":"stdout","time":749.8488967,"data":"Searching 3512 data points, 3451 periods from 0.5 to 12.833 days\n"}
,{"stream_name":"stdout","time":749.848993288,"data":"Using 1 of 4 CPU threads\n"}
,{"stream_name":"stdout","time":758.680269103,"data":"Searching for best T0 for period 12.05430 days\n"}
,{"stream_name":"stdout","time":764.366615094,"data":"Transit Least Squares TLS 1.32 (5 Apr 2024)\n"}
,{"stream_name":"stdout","time":764.368298338,"data":"Creating model cache for 38 durations\n"}
,{"stream_name":"stdout","time":764.379297185,"data":"Searching 3193 data points, 2913 periods from 0.5 to 12.87 days\n"}
,{"stream_name":"stdout","time":764.379676691,"data":"Using 1 of 4 CPU threads\n"}
,{"stream_name":"stdout","time":776.178999892,"data":"Searching for best T0 for period 7.98761 days\n"}
,{"stream_name":"stdout","time":780.551678538,"data":"Transit Least Squares TLS 1.32 (5 Apr 2024)\n"}
,{"stream_name":"stdout","time":780.553356099,"data":"Creating model cache for 42 durations\n"}
,{"stream_name":"stdout","time":780.56585749,"data":"Searching 6963 data points, 2955 periods from 0.981 to 25.749 days\n"}
,{"stream_name":"stdout","time":780.565974857,"data":"Using 1 of 4 CPU threads\n"}
,{"stream_name":"stdout","time":785.664627621,"data":"Searching for best T0 for period 12.87025 days\n"}
,{"stream_name":"stderr","time":786.225929584,"data":"/usr/local/lib/python3.13/dist-packages/transitleastsquares/main.py:411: UserWarning: 1 of 2 transits without data. The true period may be twice the given period.\n"}
,{"stream_name":"stderr","time":786.225989368,"data":"  warnings.warn(text)\n"}
,{"stream_name":"stdout","time":788.682226863,"data":"Transit Least Squares TLS 1.32 (5 Apr 2024)\n"}
,{"stream_name":"stdout","time":788.686448059,"data":"Creating model cache for 38 durations\n"}
,{"stream_name":"stdout","time":788.694895295,"data":"Searching 3193 data points, 2913 periods from 0.5 to 12.87 days\n"}
,{"stream_name":"stdout","time":788.695198768,"data":"Using 1 of 4 CPU threads\n"}
,{"stream_name":"stdout","time":801.154163612,"data":"Searching for best T0 for period 1.10553 days\n"}
,{"stream_name":"stdout","time":808.112439982,"data":"Transit Least Squares TLS 1.32 (5 Apr 2024)\n"}
,{"stream_name":"stdout","time":808.113472733,"data":"Creating model cache for 38 durations\n"}
,{"stream_name":"stdout","time":808.123648401,"data":"Searching 3565 data points, 898 periods from 1.328 to 13.156 days\n"}
,{"stream_name":"stdout","time":808.123884182,"data":"Using 1 of 4 CPU threads\n"}
,{"stream_name":"stdout","time":809.845986563,"data":"Searching for best T0 for period 12.87025 days\n"}
,{"stream_name":"stdout","time":812.843775065,"data":"Transit Least Squares TLS 1.32 (5 Apr 2024)\n"}
,{"stream_name":"stdout","time":812.844606781,"data":"Creating model cache for 37 durations\n"}
,{"stream_name":"stdout","time":812.854513314,"data":"Searching 3063 data points, 1063 periods from 1.054 to 11.905 days\n"}
,{"stream_name":"stdout","time":812.854677885,"data":"Using 1 of 4 CPU threads\n"}
,{"stream_name":"stdout","time":813.734646892,"data":"Searching for best T0 for period 7.61980 days\n"}
,{"stream_name":"stdout","time":814.832470114,"data":"Searching for best T0 for period 11.32696 days\n"}
,{"stream_name":"stdout","time":819.769889015,"data":"Transit Least Squares TLS 1.32 (5 Apr 2024)\n"}
,{"stream_name":"stdout","time":819.771189541,"data":"Creating model cache for 38 durations\n"}
,{"stream_name":"stdout","time":819.78315987,"data":"Searching 3770 data points, 2304 periods from 0.657 to 13.962 days\n"}
,{"stream_name":"stdout","time":819.783360376,"data":"Using 1 of 4 CPU threads\n"}
,{"stream_name":"stdout","time":820.614091385,"data":"Searching for best T0 for period 2.01354 days\n"}
,{"stream_name":"stdout","time":821.74125062,"data":"Transit Least Squares TLS 1.32 (5 Apr 2024)\n"}
,{"stream_name":"stdout","time":821.743219572,"data":"Creating model cache for 42 durations\n"}
,{"stream_name":"stdout","time":821.759006352,"data":"Searching 6963 data points, 2955 periods from 0.981 to 25.749 days\n"}
,{"stream_name":"stdout","time":821.759345014,"data":"Using 1 of 4 CPU threads\n"}
,{"stream_name":"stdout","time":826.356974941,"data":"Transit Least Squares TLS 1.32 (5 Apr 2024)\n"}
,{"stream_name":"stdout","time":826.359062888,"data":"Creating model cache for 43 durations\n"}
,{"stream_name":"stdout","time":826.373007154,"data":"Searching 8948 data points, 5072 periods from 0.838 to 29.977 days\n"}
,{"stream_name":"stdout","time":826.373138075,"data":"Using 1 of 4 CPU threads\n"}
,{"stream_name":"stdout","time":842.038393187,"data":"Searching for best T0 for period 5.05847 days\n"}
,{"stream_name":"stdout","time":845.793072401,"data":"Transit Least Squares TLS 1.32 (5 Apr 2024)\n"}
,{"stream_name":"stdout","time":845.794201056,"data":"Creating model cache for 38 durations\n"}
,{"stream_name":"stdout","time":845.804548218,"data":"Searching 3770 data points, 2304 periods from 0.657 to 13.962 days\n"}
,{"stream_name":"stdout","time":845.804679847,"data":"Using 1 of 4 CPU threads\n"}
,{"stream_name":"stdout","time":852.24356008,"data":"Searching for best T0 for period 1.34557 days\n"}
,{"stream_name":"stdout","time":858.987021679,"data":"Transit Least Squares TLS 1.32 (5 Apr 2024)\n"}
,{"stream_name":"stdout","time":858.987968065,"data":"Creating model cache for 38 durations\n"}
,{"stream_name":"stdout","time":858.99788451,"data":"Searching 3513 data points, 1279 periods from 0.98 to 12.833 days\n"}
,{"stream_name":"stdout","time":858.99807355,"data":"Using 1 of 4 CPU threads\n"}
,{"stream_name":"stdout","time":865.523889452,"data":"Searching for best T0 for period 9.60044 days\n"}
,{"stream_name":"stdout","time":869.181258637,"data":"Transit Least Squares TLS 1.32 (5 Apr 2024)\n"}
,{"stream_name":"stdout","time":869.183405682,"data":"Creating model cache for 38 durations\n"}
,{"stream_name":"stdout","time":869.193232125,"data":"Searching 3770 data points, 2304 periods from 0.657 to 13.962 days\n"}
,{"stream_name":"stdout","time":869.193533717,"data":"Using 1 of 4 CPU threads\n"}
,{"stream_name":"stdout","time":872.52030668,"data":"Searching for best T0 for period 1.92077 days\n"}
,{"stream_name":"stdout","time":877.902703146,"data":"Transit Least Squares TLS 1.32 (5 Apr 2024)\n"}
,{"stream_name":"stdout","time":877.904470856,"data":"Creating model cache for 42 durations\n"}
,{"stream_name":"stdout","time":877.919559055,"data":"Searching 6963 data points, 2955 periods from 0.981 to 25.749 days\n"}
,{"stream_name":"stdout","time":877.91972275,"data":"Using 1 of 4 CPU threads\n"}
,{"stream_name":"stdout","time":885.489974311,"data":"Searching for best T0 for period 1.27527 days\n"}
,{"stream_name":"stdout","time":890.108180771,"data":"Transit Least Squares TLS 1.32 (5 Apr 2024)\n"}
,{"stream_name":"stdout","time":890.109733436,"data":"Creating model cache for 38 durations\n"}
,{"stream_name":"stdout","time":890.12041707,"data":"Searching 3770 data points, 2304 periods from 0.657 to 13.962 days\n"}
,{"stream_name":"stdout","time":890.120805653,"data":"Using 1 of 4 CPU threads\n"}
,{"stream_name":"stdout","time":904.626374895,"data":"Searching for best T0 for period 0.95444 days\n"}
,{"stream_name":"stdout","time":906.200785597,"data":"Searching for best T0 for period 2.39147 days\n"}
,{"stream_name":"stdout","time":909.489878334,"data":"Transit Least Squares TLS 1.32 (5 Apr 2024)\n"}
,{"stream_name":"stdout","time":909.491085021,"data":"Creating model cache for 38 durations\n"}
,{"stream_name":"stdout","time":909.501522969,"data":"Searching 3770 data points, 2304 periods from 0.657 to 13.962 days\n"}
,{"stream_name":"stdout","time":909.501689637,"data":"Using 1 of 4 CPU threads\n"}
,{"stream_name":"stdout","time":917.127894201,"data":"Transit Least Squares TLS 1.32 (5 Apr 2024)\n"}
,{"stream_name":"stdout","time":917.130709265,"data":"Creating model cache for 43 durations\n"}
,{"stream_name":"stdout","time":917.144452763,"data":"Searching 8948 data points, 5072 periods from 0.838 to 29.977 days\n"}
,{"stream_name":"stdout","time":917.144831722,"data":"Using 1 of 4 CPU threads\n"}
,{"stream_name":"stdout","time":930.499141698,"data":"Searching for best T0 for period 4.04019 days\n"}
,{"stream_name":"stdout","time":934.220955115,"data":"Searching for best T0 for period 2.59290 days\n"}
,{"stream_name":"stdout","time":934.231529528,"data":"Transit Least Squares TLS 1.32 (5 Apr 2024)\n"}
,{"stream_name":"stdout","time":934.232804454,"data":"Creating model cache for 38 durations\n"}
,{"stream_name":"stdout","time":934.242994192,"data":"Searching 3770 data points, 2304 periods from 0.657 to 13.962 days\n"}
,{"stream_name":"stdout","time":934.243168302,"data":"Using 1 of 4 CPU threads\n"}
,{"stream_name":"stdout","time":940.657055762,"data":"Transit Least Squares TLS 1.32 (5 Apr 2024)\n"}
,{"stream_name":"stdout","time":940.662488524,"data":"Creating model cache for 38 durations\n"}
,{"stream_name":"stdout","time":940.673035846,"data":"Searching 2524 data points, 6613 periods from 0.5 to 13.579 days\n"}
,{"stream_name":"stdout","time":940.673355264,"data":"Using 1 of 4 CPU threads\n"}
,{"stream_name":"stdout","time":949.43244706,"data":"Searching for best T0 for period 4.82481 days\n"}
,{"stream_name":"stdout","time":954.376342566,"data":"Transit Least Squares TLS 1.32 (5 Apr 2024)\n"}
,{"stream_name":"stdout","time":954.383604614,"data":"Creating model cache for 43 durations\n"}
,{"stream_name":"stdout","time":954.400470182,"data":"Searching 6312 data points, 19370 periods from 0.679 to 29.997 days\n"}
,{"stream_name":"stdout","time":954.400804078,"data":"Using 1 of 4 CPU threads\n"}
,{"stream_name":"stdout","time":989.44896308,"data":"Searching for best T0 for period 5.77184 days\n"}
,{"stream_name":"stdout","time":990.887976935,"data":"Searching for best T0 for period 0.73677 days\n"}
,{"stream_name":"stderr","time":991.433140092,"data":"/usr/local/lib/python3.13/dist-packages/transitleastsquares/main.py:411: UserWarning: 14 of 37 transits without data. The true period may be twice the given period.\n"}
,{"stream_name":"stderr","time":991.433195595,"data":"  warnings.warn(text)\n"}
,{"stream_name":"stderr","time":991.479836843,"data":"/usr/local/lib/python3.13/dist-packages/transitleastsquares/stats.py:458: RuntimeWarning: divide by zero encountered in scalar divide\n"}
,{"stream_name":"stderr","time":991.479869153,"data":"  snr_pink_per_transit[i] = (1 - mean_flux) / pinknoise\n"}
,{"stream_name":"stderr","time":991.67807755,"data":"/usr/local/lib/python3.13/dist-packages/transitleastsquares/main.py:411: UserWarning: 52 of 66 transits without data. The true period may be twice the given period.\n"}
,{"stream_name":"stderr","time":991.678113397,"data":"  warnings.warn(text)\n"}
,{"stream_name":"stdout","time":994.842484439,"data":"Transit Least Squares TLS 1.32 (5 Apr 2024)\n"}
,{"stream_name":"stdout","time":994.844025336,"data":"Creating model cache for 37 durations\n"}
,{"stream_name":"stdout","time":994.854498692,"data":"Searching 2959 data points, 1589 periods from 0.755 to 11.788 days\n"}
,{"stream_name":"stdout","time":994.854827567,"data":"Using 1 of 4 CPU threads\n"}
,{"stream_name":"stdout","time":1000.435530709,"data":"Transit Least Squares TLS 1.32 (5 Apr 2024)\n"}
,{"stream_name":"stdout","time":1000.445821833,"data":"Creating model cache for 43 durations\n"}
,{"stream_name":"stdout","time":1000.465410435,"data":"Searching 10679 data points, 28109 periods from 0.8 to 29.999 days\n"}
,{"stream_name":"stdout","time":1000.465541083,"data":"Using 1 of 4 CPU threads\n"}
,{"stream_name":"stdout","time":1007.135375389,"data":"Searching for best T0 for period 4.17393 days\n"}
,{"stream_name":"stdout","time":1010.397156856,"data":"Transit Least Squares TLS 1.32 (5 Apr 2024)\n"}
,{"stream_name":"stdout","time":1010.399405546,"data":"Creating model cache for 37 durations\n"}
,{"stream_name":"stdout","time":1010.407876885,"data":"Searching 2959 data points, 1589 periods from 0.755 to 11.788 days\n"}
,{"stream_name":"stdout","time":1010.407960762,"data":"Using 1 of 4 CPU threads\n"}
,{"stream_name":"stdout","time":1020.423190145,"data":"Searching for best T0 for period 1.31162 days\n"}
,{"stream_name":"stdout","time":1024.714046327,"data":"Transit Least Squares TLS 1.32 (5 Apr 2024)\n"}
,{"stream_name":"stdout","time":1024.715059864,"data":"Creating model cache for 37 durations\n"}
,{"stream_name":"stdout","time":1024.724407836,"data":"Searching 2959 data points, 1589 periods from 0.755 to 11.788 days\n"}
,{"stream_name":"stdout","time":1024.724525377,"data":"Using 1 of 4 CPU threads\n"}
,{"stream_name":"stdout","time":1034.111689343,"data":"Searching for best T0 for period 2.04166 days\n"}
,{"stream_name":"stdout","time":1037.845877777,"data":"Transit Least Squares TLS 1.32 (5 Apr 2024)\n"}
,{"stream_name":"stdout","time":1037.84698813,"data":"Creating model cache for 37 durations\n"}
,{"stream_name":"stdout","time":1037.856537222,"data":"Searching 2959 data points, 1589 periods from 0.755 to 11.788 days\n"}
,{"stream_name":"stdout","time":1037.856715952,"data":"Using 1 of 4 CPU threads\n"}
,{"stream_name":"stdout","time":1039.285482806,"data":"Searching for best T0 for period 2.66183 days\n"}
,{"stream_name":"stdout","time":1047.747562187,"data":"Searching for best T0 for period 7.18607 days\n"}
,{"stream_name":"stdout","time":1047.860484945,"data":"Transit Least Squares TLS 1.32 (5 Apr 2024)\n"}
,{"stream_name":"stdout","time":1047.860540498,"data":"Creating model cache for 43 durations\n"}
,{"stream_name":"stdout","time":1047.876870147,"data":"Searching 8948 data points, 5072 periods from 0.838 to 29.977 days\n"}
,{"stream_name":"stdout","time":1047.877027623,"data":"Using 1 of 4 CPU threads\n"}
,{"stream_name":"stdout","time":1051.022512669,"data":"Transit Least Squares TLS 1.32 (5 Apr 2024)\n"}
,{"stream_name":"stdout","time":1051.023674547,"data":"Creating model cache for 37 durations\n"}
,{"stream_name":"stdout","time":1051.036028121,"data":"Searching 2959 data points, 1589 periods from 0.755 to 11.788 days\n"}
,{"stream_name":"stdout","time":1051.036227694,"data":"Using 1 of 4 CPU threads\n"}
,{"stream_name":"stdout","time":1061.172459324,"data":"Searching for best T0 for period 6.07408 days\n"}
,{"stream_name":"stdout","time":1064.912179886,"data":"Transit Least Squares TLS 1.32 (5 Apr 2024)\n"}
,{"stream_name":"stdout","time":1064.913110799,"data":"Creating model cache for 37 durations\n"}
,{"stream_name":"stdout","time":1064.923010654,"data":"Searching 2959 data points, 1589 periods from 0.755 to 11.788 days\n"}
,{"stream_name":"stdout","time":1064.923118752,"data":"Using 1 of 4 CPU threads\n"}
,{"stream_name":"stdout","time":1074.533732625,"data":"Searching for best T0 for period 1.24767 days\n"}
,{"stream_name":"stdout","time":1079.237818213,"data":"Transit Least Squares TLS 1.32 (5 Apr 2024)\n"}
,{"stream_name":"stdout","time":1079.240619957,"data":"Creating model cache for 42 durations\n"}
,{"stream_name":"stdout","time":1079.253558491,"data":"Searching 6104 data points, 6500 periods from 0.5 to 25.745 days\n"}
,{"stream_name":"stdout","time":1079.255454096,"data":"Using 1 of 4 CPU threads\n"}
,{"stream_name":"stdout","time":1132.487931962,"data":"Searching for best T0 for period 4.36892 days\n"}
,{"stream_name":"stdout","time":1140.057877822,"data":"Transit Least Squares TLS 1.32 (5 Apr 2024)\n"}
,{"stream_name":"stdout","time":1140.059396671,"data":"Creating model cache for 38 durations\n"}
,{"stream_name":"stdout","time":1140.070864404,"data":"Searching 3003 data points, 2881 periods from 0.5 to 12.798 days\n"}
,{"stream_name":"stdout","time":1140.071049382,"data":"Using 1 of 4 CPU threads\n"}
,{"stream_name":"stdout","time":1141.728085425,"data":"Searching for best T0 for period 20.20311 days\n"}
,{"stream_name":"stderr","time":1143.444439892,"data":"/usr/local/lib/python3.13/dist-packages/transitleastsquares/stats.py:458: RuntimeWarning: divide by zero encountered in scalar divide\n"}
,{"stream_name":"stderr","time":1143.444478028,"data":"  snr_pink_per_transit[i] = (1 - mean_flux) / pinknoise\n"}
,{"stream_name":"stderr","time":1143.465869184,"data":"/usr/local/lib/python3.13/dist-packages/transitleastsquares/main.py:411: UserWarning: 9 of 11 transits without data. The true period may be twice the given period.\n"}
,{"stream_name":"stderr","time":1143.465924552,"data":"  warnings.warn(text)\n"}
,{"stream_name":"stdout","time":1147.78915414,"data":"Transit Least Squares TLS 1.32 (5 Apr 2024)\n"}
,{"stream_name":"stdout","time":1147.796375801,"data":"Creating model cache for 43 durations\n"}
,{"stream_name":"stdout","time":1147.813157006,"data":"Searching 6312 data points, 19370 periods from 0.679 to 29.997 days\n"}
,{"stream_name":"stdout","time":1147.813529135,"data":"Using 1 of 4 CPU threads\n"}
,{"stream_name":"stdout","time":1155.3782148,"data":"Searching for best T0 for period 20.36950 days\n"}
,{"stream_name":"stdout","time":1159.111344729,"data":"Searching for best T0 for period 3.06881 days\n"}
,{"stream_name":"stdout","time":1160.389257314,"data":"Transit Least Squares TLS 1.32 (5 Apr 2024)\n"}
,{"stream_name":"stdout","time":1160.391055455,"data":"Creating model cache for 38 durations\n"}
,{"stream_name":"stdout","time":1160.401245456,"data":"Searching 2656 data points, 2928 periods from 0.5 to 12.83 days\n"}
,{"stream_name":"stdout","time":1160.401397046,"data":"Using 1 of 4 CPU threads\n"}
,{"stream_name":"stdout","time":1162.917687632,"data":"Transit Least Squares TLS 1.32 (5 Apr 2024)\n"}
,{"stream_name":"stdout","time":1162.919005479,"data":"Creating model cache for 38 durations\n"}
,{"stream_name":"stdout","time":1162.929478543,"data":"Searching 3003 data points, 2881 periods from 0.5 to 12.798 days\n"}
,{"stream_name":"stdout","time":1162.929611028,"data":"Using 1 of 4 CPU threads\n"}
,{"stream_name":"stdout","time":1179.79899689,"data":"Searching for best T0 for period 0.51264 days\n"}
,{"stream_name":"stdout","time":1184.919970563,"data":"Transit Least Squares TLS 1.32 (5 Apr 2024)\n"}
,{"stream_name":"stdout","time":1184.922637653,"data":"Creating model cache for 42 durations\n"}
,{"stream_name":"stdout","time":1184.934656632,"data":"Searching 6104 data points, 6500 periods from 0.5 to 25.745 days\n"}
,{"stream_name":"stdout","time":1184.937431298,"data":"Using 1 of 4 CPU threads\n"}
,{"stream_name":"stdout","time":1187.74470431,"data":"Searching for best T0 for period 0.73235 days\n"}
,{"stream_name":"stdout","time":1191.834400544,"data":"Transit Least Squares TLS 1.32 (5 Apr 2024)\n"}
,{"stream_name":"stdout","time":1191.836257396,"data":"Creating model cache for 38 durations\n"}
,{"stream_name":"stdout","time":1191.849134487,"data":"Searching 3003 data points, 2881 periods from 0.5 to 12.798 days\n"}
,{"stream_name":"stdout","time":1191.849466791,"data":"Using 1 of 4 CPU threads\n"}
,{"stream_name":"stdout","time":1211.520443733,"data":"Searching for best T0 for period 7.31837 days\n"}
,{"stream_name":"stderr","time":1212.077717704,"data":"/usr/local/lib/python3.13/dist-packages/transitleastsquares/main.py:411: UserWarning: 1 of 3 transits without data. The true period may be twice the given period.\n"}
,{"stream_name":"stderr","time":1212.077753521,"data":"  warnings.warn(text)\n"}
,{"stream_name":"stdout","time":1214.638415426,"data":"Transit Least Squares TLS 1.32 (5 Apr 2024)\n"}
,{"stream_name":"stdout","time":1214.640109704,"data":"Creating model cache for 38 durations\n"}
,{"stream_name":"stdout","time":1214.652435462,"data":"Searching 3003 data points, 2881 periods from 0.5 to 12.798 days\n"}
,{"stream_name":"stdout","time":1214.652466455,"data":"Using 1 of 4 CPU threads\n"}
,{"stream_name":"stdout","time":1234.87310118,"data":"Searching for best T0 for period 6.73555 days\n"}
,{"stream_name":"stdout","time":1239.033855334,"data":"Transit Least Squares TLS 1.32 (5 Apr 2024)\n"}
,{"stream_name":"stdout","time":1239.035193667,"data":"Creating model cache for 38 durations\n"}
,{"stream_name":"stdout","time":1239.04573027,"data":"Searching 3003 data points, 2881 periods from 0.5 to 12.798 days\n"}
,{"stream_name":"stdout","time":1239.04591707,"data":"Using 1 of 4 CPU threads\n"}
,{"stream_name":"stdout","time":1257.393514207,"data":"Searching for best T0 for period 12.79802 days\n"}
,{"stream_name":"stdout","time":1262.038697849,"data":"Transit Least Squares TLS 1.32 (5 Apr 2024)\n"}
,{"stream_name":"stdout","time":1262.041916809,"data":"Creating model cache for 43 durations\n"}
,{"stream_name":"stdout","time":1262.055697141,"data":"Searching 9572 data points, 8563 periods from 0.569 to 29.994 days\n"}
,{"stream_name":"stdout","time":1262.055748264,"data":"Using 1 of 4 CPU threads\n"}
,{"stream_name":"stdout","time":1281.449051877,"data":"Searching for best T0 for period 4.63850 days\n"}
,{"stream_name":"stdout","time":1287.591727748,"data":"Transit Least Squares TLS 1.32 (5 Apr 2024)\n"}
,{"stream_name":"stdout","time":1287.593188034,"data":"Creating model cache for 43 durations\n"}
,{"stream_name":"stdout","time":1287.605239025,"data":"Searching 6395 data points, 2968 periods from 0.989 to 26.051 days\n"}
,{"stream_name":"stdout","time":1287.605434316,"data":"Using 1 of 4 CPU threads\n"}
,{"stream_name":"stdout","time":1321.153980537,"data":"Searching for best T0 for period 4.20697 days\n"}
,{"stream_name":"stdout","time":1327.658980855,"data":"Transit Least Squares TLS 1.32 (5 Apr 2024)\n"}
,{"stream_name":"stdout","time":1327.661180552,"data":"Creating model cache for 38 durations\n"}
,{"stream_name":"stdout","time":1327.671752515,"data":"Searching 3336 data points, 4568 periods from 0.5 to 13.157 days\n"}
,{"stream_name":"stdout","time":1327.672011935,"data":"Using 1 of 4 CPU threads\n"}
,{"stream_name":"stdout","time":1363.873915672,"data":"Searching for best T0 for period 8.19879 days\n"}
,{"stream_name":"stdout","time":1367.961690757,"data":"Transit Least Squares TLS 1.32 (5 Apr 2024)\n"}
,{"stream_name":"stdout","time":1367.963378711,"data":"Creating model cache for 42 durations\n"}
,{"stream_name":"stdout","time":1367.974506773,"data":"Searching 4979 data points, 2275 periods from 1.205 to 25.337 days\n"}
,{"stream_name":"stdout","time":1367.974756883,"data":"Using 1 of 4 CPU threads\n"}
,{"stream_name":"stdout","time":1403.825456516,"data":"Searching for best T0 for period 1.54298 days\n"}
,{"stream_name":"stdout","time":1409.613447153,"data":"Transit Least Squares TLS 1.32 (5 Apr 2024)\n"}
,{"stream_name":"stdout","time":1409.614843514,"data":"Creating model cache for 42 durations\n"}
,{"stream_name":"stdout","time":1409.626381004,"data":"Searching 4979 data points, 2275 periods from 1.205 to 25.337 days\n"}
,{"stream_name":"stdout","time":1409.626616335,"data":"Using 1 of 4 CPU threads\n"}
,{"stream_name":"stdout","time":1428.429461288,"data":"Searching for best T0 for period 24.93003 days\n"}
,{"stream_name":"stderr","time":1429.483823052,"data":"/usr/local/lib/python3.13/dist-packages/transitleastsquares/main.py:411: UserWarning: 1 of 2 transits without data. The true period may be twice the given period.\n"}
,{"stream_name":"stderr","time":1429.483861278,"data":"  warnings.warn(text)\n"}
,{"stream_name":"stdout","time":1432.764957448,"data":"Searching for best T0 for period 22.24973 days\n"}
,{"stream_name":"stdout","time":1433.102752826,"data":"Transit Least Squares TLS 1.32 (5 Apr 2024)\n"}
,{"stream_name":"stdout","time":1433.104020744,"data":"Creating model cache for 42 durations\n"}
,{"stream_name":"stdout","time":1433.115342509,"data":"Searching 4979 data points, 2275 periods from 1.205 to 25.337 days\n"}
,{"stream_name":"stdout","time":1433.115528233,"data":"Using 1 of 4 CPU threads\n"}
,{"stream_name":"stdout","time":1442.368293951,"data":"Transit Least Squares TLS 1.32 (5 Apr 2024)\n"}
,{"stream_name":"stdout","time":1442.370922007,"data":"Creating model cache for 42 durations\n"}
,{"stream_name":"stdout","time":1442.383476091,"data":"Searching 6362 data points, 5373 periods from 0.569 to 25.128 days\n"}
,{"stream_name":"stdout","time":1442.383850919,"data":"Using 1 of 4 CPU threads\n"}
,{"stream_name":"stdout","time":1457.308513212,"data":"Searching for best T0 for period 8.54725 days\n"}
,{"stream_name":"stderr","time":1458.200180029,"data":"/usr/local/lib/python3.13/dist-packages/transitleastsquares/main.py:411: UserWarning: 2 of 6 transits without data. The true period may be twice the given period.\n"}
,{"stream_name":"stderr","time":1458.200239352,"data":"  warnings.warn(text)\n"}
,{"stream_name":"stdout","time":1463.556019776,"data":"Transit Least Squares TLS 1.32 (5 Apr 2024)\n"}
,{"stream_name":"stdout","time":1463.55922184,"data":"Creating model cache for 43 durations\n"}
,{"stream_name":"stdout","time":1463.572879615,"data":"Searching 8102 data points, 7399 periods from 0.668 to 29.98 days\n"}
,{"stream_name":"stdout","time":1463.573049166,"data":"Using 1 of 4 CPU threads\n"}
,{"stream_name":"stdout","time":1491.483555556,"data":"Searching for best T0 for period 1.09825 days\n"}
,{"stream_name":"stderr","time":1492.081059357,"data":"/usr/local/lib/python3.13/dist-packages/numpy/_core/_methods.py:218: RuntimeWarning: Degrees of freedom \u003c= 0 for slice\n"}
,{"stream_name":"stderr","time":1492.081097866,"data":"  ret = _var(a, axis=axis, dtype=dtype, out=out, ddof=ddof,\n"}
,{"stream_name":"stderr","time":1492.081193287,"data":"/usr/local/lib/python3.13/dist-packages/numpy/_core/_methods.py:175: RuntimeWarning: invalid value encountered in divide\n"}
,{"stream_name":"stderr","time":1492.081229363,"data":"  arrmean = um.true_divide(arrmean, div, out=arrmean,\n"}
,{"stream_name":"stderr","time":1492.081440193,"data":"/usr/local/lib/python3.13/dist-packages/numpy/_core/_methods.py:210: RuntimeWarning: invalid value encountered in scalar divide\n"}
,{"stream_name":"stderr","time":1492.081470228,"data":"  ret = ret.dtype.type(ret / rcount)\n"}
,{"stream_name":"stderr","time":1492.702604503,"data":"/usr/local/lib/python3.13/dist-packages/transitleastsquares/main.py:411: UserWarning: 157 of 197 transits without data. The true period may be twice the given period.\n"}
,{"stream_name":"stderr","time":1492.702639104,"data":"  warnings.warn(text)\n"}
,{"stream_name":"stdout","time":1499.091472477,"data":"Searching for best T0 for period 5.57259 days\n"}
,{"stream_name":"stdout","time":1499.092108336,"data":"Transit Least Squares TLS 1.32 (5 Apr 2024)\n"}
,{"stream_name":"stdout","time":1499.095211505,"data":"Creating model cache for 43 durations\n"}
,{"stream_name":"stdout","time":1499.111342084,"data":"Searching 6444 data points, 7139 periods from 0.5 to 26.388 days\n"}
,{"stream_name":"stdout","time":1499.111619441,"data":"Using 1 of 4 CPU threads\n"}
,{"stream_name":"stdout","time":1507.06646866,"data":"Transit Least Squares TLS 1.32 (5 Apr 2024)\n"}
,{"stream_name":"stdout","time":1507.070347225,"data":"Creating model cache for 43 durations\n"}
,{"stream_name":"stdout","time":1507.087453245,"data":"Searching 9572 data points, 8563 periods from 0.569 to 29.994 days\n"}
,{"stream_name":"stdout","time":1507.087488568,"data":"Using 1 of 4 CPU threads\n"}
,{"stream_name":"stdout","time":1572.738381973,"data":"Searching for best T0 for period 1.50983 days\n"}
,{"stream_name":"stderr","time":1573.530501284,"data":"/usr/local/lib/python3.13/dist-packages/numpy/_core/_methods.py:218: RuntimeWarning: Degrees of freedom \u003c= 0 for slice\n"}
,{"stream_name":"stderr","time":1573.5305589,"data":"  ret = _var(a, axis=axis, dtype=dtype, out=out, ddof=ddof,\n"}
,{"stream_name":"stderr","time":1573.530652668,"data":"/usr/local/lib/python3.13/dist-packages/numpy/_core/_methods.py:175: RuntimeWarning: invalid value encountered in divide\n"}
,{"stream_name":"stderr","time":1573.530661283,"data":"  arrmean = um.true_divide(arrmean, div, out=arrmean,\n"}
,{"stream_name":"stderr","time":1573.530836981,"data":"/usr/local/lib/python3.13/dist-packages/numpy/_core/_methods.py:210: RuntimeWarning: invalid value encountered in scalar divide\n"}
,{"stream_name":"stderr","time":1573.530853498,"data":"  ret = ret.dtype.type(ret / rcount)\n"}
,{"stream_name":"stderr","time":1574.715050247,"data":"/usr/local/lib/python3.13/dist-packages/transitleastsquares/main.py:411: UserWarning: 202 of 251 transits without data. The true period may be twice the given period.\n"}
,{"stream_name":"stderr","time":1574.715086398,"data":"  warnings.warn(text)\n"}
,{"stream_name":"stdout","time":1582.2396932,"data":"Searching for best T0 for period 8.74385 days\n"}
,{"stream_name":"stdout","time":1585.831019598,"data":"Transit Least Squares TLS 1.32 (5 Apr 2024)\n"}
,{"stream_name":"stdout","time":1585.8406627,"data":"Creating model cache for 43 durations\n"}
,{"stream_name":"stdout","time":1585.859430095,"data":"Searching 10679 data points, 28109 periods from 0.8 to 29.999 days\n"}
,{"stream_name":"stdout","time":1585.859547642,"data":"Using 1 of 4 CPU threads\n"}
,{"stream_name":"stdout","time":1589.278462061,"data":"Transit Least Squares TLS 1.32 (5 Apr 2024)\n"}
,{"stream_name":"stdout","time":1589.278844327,"data":"Creating model cache for 43 durations\n"}
,{"stream_name":"stdout","time":1589.292158717,"data":"Searching 6444 data points, 7139 periods from 0.5 to 26.388 days\n"}
,{"stream_name":"stdout","time":1589.292487022,"data":"Using 1 of 4 CPU threads\n"}
,{"stream_name":"stdout","time":1605.593186092,"data":"Searching for best T0 for period 10.28269 days\n"}
,{"stream_name":"stdout","time":1613.406115179,"data":"Transit Least Squares TLS 1.32 (5 Apr 2024)\n"}
,{"stream_name":"stdout","time":1613.408934943,"data":"Creating model cache for 43 durations\n"}
,{"stream_name":"stdout","time":1613.425093391,"data":"Searching 8102 data points, 7399 periods from 0.668 to 29.98 days\n"}
,{"stream_name":"stdout","time":1613.425154193,"data":"Using 1 of 4 CPU threads\n"}
,{"stream_name":"stdout","time":1710.439285777,"data":"Searching for best T0 for period 2.39645 days\n"}
,{"stream_name":"stdout","time":1717.142087428,"data":"Transit Least Squares TLS 1.32 (5 Apr 2024)\n"}
,{"stream_name":"stdout","time":1717.143891439,"data":"Creating model cache for 42 durations\n"}
,{"stream_name":"stdout","time":1717.155883859,"data":"Searching 6273 data points, 4510 periods from 0.68 to 25.744 days\n"}
,{"stream_name":"stdout","time":1717.156050831,"data":"Using 1 of 4 CPU threads\n"}
,{"stream_name":"stdout","time":1729.112790929,"data":"Searching for best T0 for period 1.53696 days\n"}
,{"stream_name":"stdout","time":1738.427492483,"data":"Transit Least Squares TLS 1.32 (5 Apr 2024)\n"}
,{"stream_name":"stdout","time":1738.429920647,"data":"Creating model cache for 42 durations\n"}
,{"stream_name":"stdout","time":1738.442036121,"data":"Searching 5507 data points, 4286 periods from 0.7 to 25.332 days\n"}
,{"stream_name":"stdout","time":1738.442522739,"data":"Using 1 of 4 CPU threads\n"}
,{"stream_name":"stdout","time":1753.450887072,"data":"Searching for best T0 for period 1.62968 days\n"}
,{"stream_name":"stdout","time":1762.475792461,"data":"Transit Least Squares TLS 1.32 (5 Apr 2024)\n"}
,{"stream_name":"stdout","time":1762.478189388,"data":"Creating model cache for 42 durations\n"}
,{"stream_name":"stdout","time":1762.493799547,"data":"Searching 6230 data points, 6053 periods from 0.5 to 23.905 days\n"}
,{"stream_name":"stdout","time":1762.494039211,"data":"Using 1 of 4 CPU threads\n"}
,{"stream_name":"stdout","time":1791.034121606,"data":"Searching for best T0 for period 3.12475 days\n"}
,{"stream_name":"stdout","time":1794.821087907,"data":"Searching for best T0 for period 11.64501 days\n"}
,{"stream_name":"stdout","time":1797.349827705,"data":"Transit Least Squares TLS 1.32 (5 Apr 2024)\n"}
,{"stream_name":"stdout","time":1797.352414948,"data":"Creating model cache for 42 durations\n"}
,{"stream_name":"stdout","time":1797.365213557,"data":"Searching 6273 data points, 4510 periods from 0.68 to 25.744 days\n"}
,{"stream_name":"stdout","time":1797.365531104,"data":"Using 1 of 4 CPU threads\n"}
,{"stream_name":"stdout","time":1800.969985196,"data":"Transit Least Squares TLS 1.32 (5 Apr 2024)\n"}
,{"stream_name":"stdout","time":1800.972217826,"data":"Creating model cache for 42 durations\n"}
,{"stream_name":"stdout","time":1800.987462955,"data":"Searching 5507 data points, 4286 periods from 0.7 to 25.332 days\n"}
,{"stream_name":"stdout","time":1800.987495325,"data":"Using 1 of 4 CPU threads\n"}
,{"stream_name":"stdout","time":1838.668469641,"data":"Searching for best T0 for period 11.02121 days\n"}
,{"stream_name":"stdout","time":1843.815359869,"data":"Transit Least Squares TLS 1.32 (5 Apr 2024)\n"}
,{"stream_name":"stdout","time":1843.816672699,"data":"Creating model cache for 38 durations\n"}
,{"stream_name":"stdout","time":1843.826756414,"data":"Searching 2827 data points, 1999 periods from 0.68 to 12.83 days\n"}
,{"stream_name":"stdout","time":1843.827089156,"data":"Using 1 of 4 CPU threads\n"}
,{"stream_name":"stdout","time":1851.042410964,"data":"Searching for best T0 for period 2.42828 days\n"}
,{"stream_name":"stdout","time":1855.262561128,"data":"Searching for best T0 for period 2.41983 days\n"}
,{"stream_name":"stdout","time":1856.804224006,"data":"Transit Least Squares TLS 1.32 (5 Apr 2024)\n"}
,{"stream_name":"stdout","time":1856.805651781,"data":"Creating model cache for 37 durations\n"}
,{"stream_name":"stdout","time":1856.816405719,"data":"Searching 3059 data points, 2851 periods from 0.5 to 11.811 days\n"}
,{"stream_name":"stdout","time":1856.81647993,"data":"Using 1 of 4 CPU threads\n"}
,{"stream_name":"stdout","time":1859.299517914,"data":"Transit Least Squares TLS 1.32 (5 Apr 2024)\n"}
,{"stream_name":"stdout","time":1859.303438026,"data":"Creating model cache for 42 durations\n"}
,{"stream_name":"stdout","time":1859.312217947,"data":"Searching 5920 data points, 2163 periods from 1.261 to 25.413 days\n"}
,{"stream_name":"stdout","time":1859.312564835,"data":"Using 1 of 4 CPU threads\n"}
,{"stream_name":"stdout","time":1869.528359819,"data":"Searching for best T0 for period 2.51972 days\n"}
,{"stream_name":"stdout","time":1873.560418424,"data":"Searching for best T0 for period 1.83225 days\n"}
,{"stream_name":"stdout","time":1876.067400246,"data":"Transit Least Squares TLS 1.32 (5 Apr 2024)\n"}
,{"stream_name":"stdout","time":1876.070158613,"data":"Creating model cache for 42 durations\n"}
,{"stream_name":"stdout","time":1876.083779214,"data":"Searching 6230 data points, 6053 periods from 0.5 to 23.905 days\n"}
,{"stream_name":"stdout","time":1876.083979364,"data":"Using 1 of 4 CPU threads\n"}
,{"stream_name":"stdout","time":1877.568858071,"data":"Transit Least Squares TLS 1.32 (5 Apr 2024)\n"}
,{"stream_name":"stdout","time":1877.570209465,"data":"Creating model cache for 37 durations\n"}
,{"stream_name":"stdout","time":1877.580247962,"data":"Searching 3059 data points, 2851 periods from 0.5 to 11.811 days\n"}
,{"stream_name":"stdout","time":1877.580399996,"data":"Using 1 of 4 CPU threads\n"}
,{"stream_name":"stdout","time":1881.422575723,"data":"Searching for best T0 for period 17.36457 days\n"}
,{"stream_name":"stderr","time":1882.909198463,"data":"/usr/local/lib/python3.13/dist-packages/transitleastsquares/main.py:411: UserWarning: 1 of 3 transits without data. The true period may be twice the given period.\n"}
,{"stream_name":"stderr","time":1882.909243154,"data":"  warnings.warn(text)\n"}
,{"stream_name":"stdout","time":1886.875603257,"data":"Transit Least Squares TLS 1.32 (5 Apr 2024)\n"}
,{"stream_name":"stdout","time":1886.876550512,"data":"Creating model cache for 37 durations\n"}
,{"stream_name":"stdout","time":1886.886464134,"data":"Searching 2918 data points, 1600 periods from 0.778 to 12.223 days\n"}
,{"stream_name":"stdout","time":1886.886539235,"data":"Using 1 of 4 CPU threads\n"}
,{"stream_name":"stdout","time":1902.143525435,"data":"Searching for best T0 for period 1.60362 days\n"}
,{"stream_name":"stdout","time":1905.305422227,"data":"Searching for best T0 for period 1.42227 days\n"}
,{"stream_name":"stdout","time":1905.685144314,"data":"Transit Least Squares TLS 1.32 (5 Apr 2024)\n"}
,{"stream_name":"stdout","time":1905.686289042,"data":"Creating model cache for 37 durations\n"}
,{"stream_name":"stdout","time":1905.696361654,"data":"Searching 2918 data points, 1600 periods from 0.778 to 12.223 days\n"}
,{"stream_name":"stdout","time":1905.696604845,"data":"Using 1 of 4 CPU threads\n"}
,{"stream_name":"stdout","time":1909.688051768,"data":"Transit Least Squares TLS 1.32 (5 Apr 2024)\n"}
,{"stream_name":"stdout","time":1909.689449314,"data":"Creating model cache for 37 durations\n"}
,{"stream_name":"stdout","time":1909.700005805,"data":"Searching 3059 data points, 2851 periods from 0.5 to 11.811 days\n"}
,{"stream_name":"stdout","time":1909.700205289,"data":"Using 1 of 4 CPU threads\n"}
,{"stream_name":"stdout","time":1919.56547857,"data":"Searching for best T0 for period 2.27428 days\n"}
,{"stream_name":"stdout","time":1924.119056364,"data":"Transit Least Squares TLS 1.32 (5 Apr 2024)\n"}
,{"stream_name":"stdout","time":1924.122707798,"data":"Creating model cache for 42 durations\n"}
,{"stream_name":"stdout","time":1924.136717085,"data":"Searching 6372 data points, 9587 periods from 0.5 to 25.135 days\n"}
,{"stream_name":"stdout","time":1924.136833449,"data":"Using 1 of 4 CPU threads\n"}
,{"stream_name":"stdout","time":1925.617864778,"data":"Searching for best T0 for period 1.62805 days\n"}
,{"stream_name":"stdout","time":1929.914970203,"data":"Transit Least Squares TLS 1.32 (5 Apr 2024)\n"}
,{"stream_name":"stdout","time":1929.916356705,"data":"Creating model cache for 38 durations\n"}
,{"stream_name":"stdout","time":1929.926897977,"data":"Searching 3681 data points, 2600 periods from 0.562 to 13.24 days\n"}
,{"stream_name":"stdout","time":1929.927073841,"data":"Using 1 of 4 CPU threads\n"}
,{"stream_name":"stdout","time":1958.748462826,"data":"Searching for best T0 for period 1.07581 days\n"}
,{"stream_name":"stdout","time":1961.283099466,"data":"Searching for best T0 for period 8.60492 days\n"}
,{"stream_name":"stdout","time":1963.222238705,"data":"Transit Least Squares TLS 1.32 (5 Apr 2024)\n"}
,{"stream_name":"stdout","time":1963.223576964,"data":"Creating model cache for 38 durations\n"}
,{"stream_name":"stdout","time":1963.234599174,"data":"Searching 3681 data points, 2600 periods from 0.562 to 13.24 days\n"}
,{"stream_name":"stdout","time":1963.234917446,"data":"Using 1 of 4 CPU threads\n"}
,{"stream_name":"stdout","time":1967.154728752,"data":"Transit Least Squares TLS 1.32 (5 Apr 2024)\n"}
,{"stream_name":"stdout","time":1967.156666838,"data":"Creating model cache for 37 durations\n"}
,{"stream_name":"stdout","time":1967.167046041,"data":"Searching 3202 data points, 2958 periods from 0.5 to 12.118 days\n"}
,{"stream_name":"stdout","time":1967.167499166,"data":"Using 1 of 4 CPU threads\n"}
,{"stream_name":"stdout","time":1986.949666773,"data":"Searching for best T0 for period 8.14695 days\n"}
,{"stream_name":"stdout","time":1990.212549092,"data":"Transit Least Squares TLS 1.32 (5 Apr 2024)\n"}
,{"stream_name":"stdout","time":1990.21417538,"data":"Creating model cache for 37 durations\n"}
,{"stream_name":"stdout","time":1990.22468159,"data":"Searching 3202 data points, 2958 periods from 0.5 to 12.118 days\n"}
,{"stream_name":"stdout","time":1990.224978662,"data":"Using 1 of 4 CPU threads\n"}
,{"stream_name":"stdout","time":1992.607986137,"data":"Searching for best T0 for period 0.81143 days\n"}
,{"stream_name":"stdout","time":1997.302588625,"data":"Transit Least Squares TLS 1.32 (5 Apr 2024)\n"}
,{"stream_name":"stdout","time":1997.304046426,"data":"Creating model cache for 38 durations\n"}
,{"stream_name":"stdout","time":1997.315351376,"data":"Searching 3681 data points, 2600 periods from 0.562 to 13.24 days\n"}
,{"stream_name":"stdout","time":1997.315491388,"data":"Using 1 of 4 CPU threads\n"}
,{"stream_name":"stdout","time":2009.742177012,"data":"Searching for best T0 for period 4.68533 days\n"}
,{"stream_name":"stdout","time":2013.249432502,"data":"Transit Least Squares TLS 1.32 (5 Apr 2024)\n"}
,{"stream_name":"stdout","time":2013.250859753,"data":"Creating model cache for 37 durations\n"}
,{"stream_name":"stdout","time":2013.260998862,"data":"Searching 3202 data points, 2958 periods from 0.5 to 12.118 days\n"}
,{"stream_name":"stdout","time":2013.261161882,"data":"Using 1 of 4 CPU threads\n"}
,{"stream_name":"stdout","time":2013.994129566,"data":"Searching for best T0 for period 4.78928 days\n"}
,{"stream_name":"stdout","time":2017.901469653,"data":"Transit Least Squares TLS 1.32 (5 Apr 2024)\n"}
,{"stream_name":"stdout","time":2017.90250752,"data":"Creating model cache for 37 durations\n"}
,{"stream_name":"stdout","time":2017.912682717,"data":"Searching 3509 data points, 2107 periods from 0.642 to 12.666 days\n"}
,{"stream_name":"stdout","time":2017.912834777,"data":"Using 1 of 4 CPU threads\n"}
,{"stream_name":"stdout","time":2032.82200471,"data":"Searching for best T0 for period 2.69710 days\n"}
,{"stream_name":"stdout","time":2033.645459335,"data":"Searching for best T0 for period 0.80337 days\n"}
,{"stream_name":"stdout","time":2037.149793255,"data":"Transit Least Squares TLS 1.32 (5 Apr 2024)\n"}
,{"stream_name":"stdout","time":2037.151418898,"data":"Creating model cache for 37 durations\n"}
,{"stream_name":"stdout","time":2037.161701354,"data":"Searching 3509 data points, 2107 periods from 0.642 to 12.666 days\n"}
,{"stream_name":"stdout","time":2037.162022371,"data":"Using 1 of 4 CPU threads\n"}
,{"stream_name":"stdout","time":2038.227739694,"data":"Transit Least Squares TLS 1.32 (5 Apr 2024)\n"}
,{"stream_name":"stdout","time":2038.229187417,"data":"Creating model cache for 37 durations\n"}
,{"stream_name":"stdout","time":2038.238939341,"data":"Searching 3202 data points, 2958 periods from 0.5 to 12.118 days\n"}
,{"stream_name":"stdout","time":2038.239042951,"data":"Using 1 of 4 CPU threads\n"}
,{"stream_name":"stdout","time":2048.789534777,"data":"Searching for best T0 for period 12.28686 days\n"}
,{"stream_name":"stdout","time":2051.947679809,"data":"Searching for best T0 for period 0.94442 days\n"}
,{"stream_name":"stdout","time":2055.955089469,"data":"Transit Least Squares TLS 1.32 (5 Apr 2024)\n"}
,{"stream_name":"stdout","time":2055.959224923,"data":"Creating model cache for 42 durations\n"}
,{"stream_name":"stdout","time":2055.975380041,"data":"Searching 6372 data points, 9587 periods from 0.5 to 25.135 days\n"}
,{"stream_name":"stdout","time":2055.977448813,"data":"Using 1 of 4 CPU threads\n"}
,{"stream_name":"stdout","time":2056.937339636,"data":"Transit Least Squares TLS 1.32 (5 Apr 2024)\n"}
,{"stream_name":"stdout","time":2056.938402724,"data":"Creating model cache for 37 durations\n"}
,{"stream_name":"stdout","time":2056.948610588,"data":"Searching 3509 data points, 2107 periods from 0.642 to 12.666 days\n"}
,{"stream_name":"stdout","time":2056.948736505,"data":"Using 1 of 4 CPU threads\n"}
,{"stream_name":"stdout","time":2068.111040779,"data":"Searching for best T0 for period 0.77412 days\n"}
,{"stream_name":"stdout","time":2072.46359392,"data":"Transit Least Squares TLS 1.32 (5 Apr 2024)\n"}
,{"stream_name":"stdout","time":2072.465381483,"data":"Creating model cache for 37 durations\n"}
,{"stream_name":"stdout","time":2072.475738177,"data":"Searching 3202 data points, 2958 periods from 0.5 to 12.118 days\n"}
,{"stream_name":"stdout","time":2072.475926779,"data":"Using 1 of 4 CPU threads\n"}
,{"stream_name":"stdout","time":2078.629163169,"data":"Searching for best T0 for period 1.28227 days\n"}
,{"stream_name":"stdout","time":2083.313603091,"data":"Transit Least Squares TLS 1.32 (5 Apr 2024)\n"}
,{"stream_name":"stdout","time":2083.315419767,"data":"Creating model cache for 37 durations\n"}
,{"stream_name":"stdout","time":2083.325044362,"data":"Searching 3509 data points, 2107 periods from 0.642 to 12.666 days\n"}
,{"stream_name":"stdout","time":2083.325229543,"data":"Using 1 of 4 CPU threads\n"}
,{"stream_name":"stdout","time":2098.573058788,"data":"Searching for best T0 for period 2.35362 days\n"}
,{"stream_name":"stdout","time":2102.026782232,"data":"Searching for best T0 for period 3.85081 days\n"}
,{"stream_name":"stdout","time":2102.096035188,"data":"Transit Least Squares TLS 1.32 (5 Apr 2024)\n"}
,{"stream_name":"stdout","time":2102.097634313,"data":"Creating model cache for 37 durations\n"}
,{"stream_name":"stdout","time":2102.108914314,"data":"Searching 3202 data points, 2958 periods from 0.5 to 12.118 days\n"}
,{"stream_name":"stdout","time":2102.109234345,"data":"Using 1 of 4 CPU threads\n"}
,{"stream_name":"stdout","time":2106.774701761,"data":"Transit Least Squares TLS 1.32 (5 Apr 2024)\n"}
,{"stream_name":"stdout","time":2106.786285574,"data":"Creating model cache for 43 durations\n"}
,{"stream_name":"stdout","time":2106.806422804,"data":"Searching 6815 data points, 30765 periods from 0.5 to 29.999 days\n"}
,{"stream_name":"stdout","time":2106.806763483,"data":"Using 1 of 4 CPU threads\n"}
,{"stream_name":"stdout","time":2125.717290147,"data":"Searching for best T0 for period 8.81160 days\n"}
,{"stream_name":"stdout","time":2128.912967894,"data":"Transit Least Squares TLS 1.32 (5 Apr 2024)\n"}
,{"stream_name":"stdout","time":2128.914491597,"data":"Creating model cache for 37 durations\n"}
,{"stream_name":"stdout","time":2128.92545301,"data":"Searching 2621 data points, 2000 periods from 0.64 to 12.076 days\n"}
,{"stream_name":"stdout","time":2128.925502261,"data":"Using 1 of 4 CPU threads\n"}
,{"stream_name":"stdout","time":2139.025253554,"data":"Searching for best T0 for period 2.57601 days\n"}
,{"stream_name":"stdout","time":2142.314869311,"data":"Transit Least Squares TLS 1.32 (5 Apr 2024)\n"}
,{"stream_name":"stdout","time":2142.315716245,"data":"Creating model cache for 37 durations\n"}
,{"stream_name":"stdout","time":2142.325542609,"data":"Searching 2621 data points, 2000 periods from 0.64 to 12.076 days\n"}
,{"stream_name":"stdout","time":2142.325576901,"data":"Using 1 of 4 CPU threads\n"}
,{"stream_name":"stdout","time":2153.32286068,"data":"Searching for best T0 for period 0.88493 days\n"}
,{"stream_name":"stdout","time":2157.292646977,"data":"Transit Least Squares TLS 1.32 (5 Apr 2024)\n"}
,{"stream_name":"stdout","time":2157.293445603,"data":"Creating model cache for 37 durations\n"}
,{"stream_name":"stdout","time":2157.304299621,"data":"Searching 3274 data points, 1519 periods from 0.812 to 12.223 days\n"}
,{"stream_name":"stdout","time":2157.304364966,"data":"Using 1 of 4 CPU threads\n"}
,{"stream_name":"stdout","time":2171.987661882,"data":"Searching for best T0 for period 3.58506 days\n"}
,{"stream_name":"stdout","time":2175.475931656,"data":"Transit Least Squares TLS 1.32 (5 Apr 2024)\n"}
,{"stream_name":"stdout","time":2175.477097748,"data":"Creating model cache for 37 durations\n"}
,{"stream_name":"stdout","time":2175.486664908,"data":"Searching 3274 data points, 1519 periods from 0.812 to 12.223 days\n"}
,{"stream_name":"stdout","time":2175.486764923,"data":"Using 1 of 4 CPU threads\n"}
,{"stream_name":"stdout","time":2181.064764434,"data":"Searching for best T0 for period 5.16450 days\n"}
,{"stream_name":"stdout","time":2186.291904799,"data":"Searching for best T0 for period 6.64178 days\n"}
,{"stream_name":"stdout","time":2188.156482282,"data":"Transit Least Squares TLS 1.32 (5 Apr 2024)\n"}
,{"stream_name":"stdout","time":2188.159212168,"data":"Creating model cache for 42 durations\n"}
,{"stream_name":"stdout","time":2188.174458987,"data":"Searching 5821 data points, 7108 periods from 0.5 to 25.744 days\n"}
,{"stream_name":"stdout","time":2188.174492412,"data":"Using 1 of 4 CPU threads\n"}
,{"stream_name":"stdout","time":2189.513813061,"data":"Transit Least Squares TLS 1.32 (5 Apr 2024)\n"}
,{"stream_name":"stdout","time":2189.515050254,"data":"Creating model cache for 37 durations\n"}
,{"stream_name":"stdout","time":2189.527261485,"data":"Searching 3274 data points, 1519 periods from 0.812 to 12.223 days\n"}
,{"stream_name":"stdout","time":2189.527358358,"data":"Using 1 of 4 CPU threads\n"}
,{"stream_name":"stdout","time":2204.084752138,"data":"Searching for best T0 for period 1.47482 days\n"}
,{"stream_name":"stdout","time":2207.861252773,"data":"Transit Least Squares TLS 1.32 (5 Apr 2024)\n"}
,{"stream_name":"stdout","time":2207.863425023,"data":"Creating model cache for 37 durations\n"}
,{"stream_name":"stdout","time":2207.872372705,"data":"Searching 3274 data points, 1519 periods from 0.812 to 12.223 days\n"}
,{"stream_name":"stdout","time":2207.87249959,"data":"Using 1 of 4 CPU threads\n"}
,{"stream_name":"stdout","time":2217.516350561,"data":"Searching for best T0 for period 8.65536 days\n"}
,{"stream_name":"stdout","time":2222.039269625,"data":"Transit Least Squares TLS 1.32 (5 Apr 2024)\n"}
,{"stream_name":"stdout","time":2222.050460605,"data":"Creating model cache for 43 durations\n"}
,{"stream_name":"stdout","time":2222.069794982,"data":"Searching 6174 data points, 30440 periods from 0.5 to 29.992 days\n"}
,{"stream_name":"stdout","time":2222.069982162,"data":"Using 1 of 4 CPU threads\n"}
,{"stream_name":"stdout","time":2261.435172317,"data":"Searching for best T0 for period 1.33724 days\n"}
,{"stream_name":"stdout","time":2265.607785089,"data":"Searching for best T0 for period 7.90856 days\n"}
,{"stream_name":"stdout","time":2268.416420045,"data":"Transit Least Squares TLS 1.32 (5 Apr 2024)\n"}
,{"stream_name":"stdout","time":2268.417169632,"data":"Creating model cache for 42 durations\n"}
,{"stream_name":"stdout","time":2268.432511538,"data":"Searching 5821 data points, 7108 periods from 0.5 to 25.744 days\n"}
,{"stream_name":"stdout","time":2268.432573991,"data":"Using 1 of 4 CPU threads\n"}
,{"stream_name":"stderr","time":2269.059367819,"data":"/usr/local/lib/python3.13/dist-packages/transitleastsquares/main.py:411: UserWarning: 39 of 47 transits without data. The true period may be twice the given period.\n"}
,{"stream_name":"stderr","time":2269.059415501,"data":"  warnings.warn(text)\n"}
,{"stream_name":"stdout","time":2277.782153364,"data":"Transit Least Squares TLS 1.32 (5 Apr 2024)\n"}
,{"stream_name":"stdout","time":2277.787652283,"data":"Creating model cache for 43 durations\n"}
,{"stream_name":"stdout","time":2277.804691815,"data":"Searching 13383 data points, 15078 periods from 1.028 to 29.993 days\n"}
,{"stream_name":"stdout","time":2277.807427333,"data":"Using 1 of 4 CPU threads\n"}
,{"stream_name":"stdout","time":2340.202962109,"data":"Searching for best T0 for period 22.82336 days\n"}
,{"stream_name":"stdout","time":2345.898272329,"data":"Transit Least Squares TLS 1.32 (5 Apr 2024)\n"}
,{"stream_name":"stdout","time":2345.901271063,"data":"Creating model cache for 42 durations\n"}
,{"stream_name":"stdout","time":2345.914335386,"data":"Searching 5821 data points, 7108 periods from 0.5 to 25.744 days\n"}
,{"stream_name":"stdout","time":2345.914693064,"data":"Using 1 of 4 CPU threads\n"}
,{"stream_name":"stdout","time":2416.633747714,"data":"Searching for best T0 for period 6.71771 days\n"}
,{"stream_name":"stdout","time":2422.1038197,"data":"Transit Least Squares TLS 1.32 (5 Apr 2024)\n"}
,{"stream_name":"stdout","time":2422.106464211,"data":"Creating model cache for 38 durations\n"}
,{"stream_name":"stdout","time":2422.11584183,"data":"Searching 2374 data points, 3202 periods from 0.5 to 12.83 days\n"}
,{"stream_name":"stdout","time":2422.115940296,"data":"Using 1 of 4 CPU threads\n"}
,{"stream_name":"stdout","time":2440.056115487,"data":"Searching for best T0 for period 9.23829 days\n"}
,{"stream_name":"stdout","time":2442.984733993,"data":"Transit Least Squares TLS 1.32 (5 Apr 2024)\n"}
,{"stream_name":"stdout","time":2442.986367577,"data":"Creating model cache for 37 durations\n"}
,{"stream_name":"stdout","time":2442.997588377,"data":"Searching 2934 data points, 3564 periods from 0.5 to 12.694 days\n"}
,{"stream_name":"stdout","time":2442.997728218,"data":"Using 1 of 4 CPU threads\n"}
,{"stream_name":"stdout","time":2475.39682719,"data":"Searching for best T0 for period 0.67555 days\n"}
,{"stream_name":"stdout","time":2479.281462629,"data":"Transit Least Squares TLS 1.32 (5 Apr 2024)\n"}
,{"stream_name":"stdout","time":2479.281678736,"data":"Creating model cache for 37 durations\n"}
,{"stream_name":"stdout","time":2479.29233888,"data":"Searching 2934 data points, 3564 periods from 0.5 to 12.694 days\n"}
,{"stream_name":"stdout","time":2479.292484889,"data":"Using 1 of 4 CPU threads\n"}
,{"stream_name":"stdout","time":2508.545948383,"data":"Searching for best T0 for period 2.07377 days\n"}
,{"stream_name":"stdout","time":2512.171169498,"data":"Transit Least Squares TLS 1.32 (5 Apr 2024)\n"}
,{"stream_name":"stdout","time":2512.172860834,"data":"Creating model cache for 37 durations\n"}
,{"stream_name":"stdout","time":2512.183171729,"data":"Searching 2934 data points, 3564 periods from 0.5 to 12.694 days\n"}
,{"stream_name":"stdout","time":2512.183350511,"data":"Using 1 of 4 CPU threads\n"}
,{"stream_name":"stdout","time":2534.50262597,"data":"Searching for best T0 for period 0.82237 days\n"}
,{"stream_name":"stdout","time":2538.141437721,"data":"Transit Least Squares TLS 1.32 (5 Apr 2024)\n"}
,{"stream_name":"stdout","time":2538.141475611,"data":"Creating model cache for 37 durations\n"}
,{"stream_name":"stdout","time":2538.151095625,"data":"Searching 2615 data points, 1504 periods from 0.807 to 12.048 days\n"}
,{"stream_name":"stdout","time":2538.151434551,"data":"Using 1 of 4 CPU threads\n"}
,{"stream_name":"stdout","time":2541.350415075,"data":"Searching for best T0 for period 2.79619 days\n"}
,{"stream_name":"stderr","time":2542.521527215,"data":"/usr/local/lib/python3.13/dist-packages/numpy/_core/_methods.py:218: RuntimeWarning: Degrees of freedom \u003c= 0 for slice\n"}
,{"stream_name":"stderr","time":2542.521572425,"data":"  ret = _var(a, axis=axis, dtype=dtype, out=out, ddof=ddof,\n"}
,{"stream_name":"stderr","time":2542.521656507,"data":"/usr/local/lib/python3.13/dist-packages/numpy/_core/_methods.py:175: RuntimeWarning: invalid value encountered in divide\n"}
,{"stream_name":"stderr","time":2542.521668423,"data":"  arrmean = um.true_divide(arrmean, div, out=arrmean,\n"}
,{"stream_name":"stderr","time":2542.521828968,"data":"/usr/local/lib/python3.13/dist-packages/numpy/_core/_methods.py:210: RuntimeWarning: invalid value encountered in scalar divide\n"}
,{"stream_name":"stderr","time":2542.521843482,"data":"  ret = ret.dtype.type(ret / rcount)\n"}
,{"stream_name":"stderr","time":2542.936386755,"data":"/usr/local/lib/python3.13/dist-packages/transitleastsquares/main.py:411: UserWarning: 62 of 77 transits without data. The true period may be twice the given period.\n"}
,{"stream_name":"stderr","time":2542.936453308,"data":"  warnings.warn(text)\n"}
,{"stream_name":"stdout","time":2547.758146888,"data":"Searching for best T0 for period 4.46598 days\n"}
,{"stream_name":"stdout","time":2548.769405704,"data":"Transit Least Squares TLS 1.32 (5 Apr 2024)\n"}
,{"stream_name":"stdout","time":2548.781360981,"data":"Creating model cache for 43 durations\n"}
,{"stream_name":"stdout","time":2548.801396188,"data":"Searching 6911 data points, 33232 periods from 0.5 to 29.995 days\n"}
,{"stream_name":"stdout","time":2548.801579644,"data":"Using 1 of 4 CPU threads\n"}
,{"stream_name":"stdout","time":2551.319610921,"data":"Transit Least Squares TLS 1.32 (5 Apr 2024)\n"}
,{"stream_name":"stdout","time":2551.320497977,"data":"Creating model cache for 38 durations\n"}
,{"stream_name":"stdout","time":2551.330661663,"data":"Searching 3710 data points, 1150 periods from 1.137 to 13.669 days\n"}
,{"stream_name":"stdout","time":2551.330885918,"data":"Using 1 of 4 CPU threads\n"}
,{"stream_name":"stdout","time":2562.868849549,"data":"Searching for best T0 for period 2.51431 days\n"}
,{"stream_name":"stdout","time":2567.228811316,"data":"Transit Least Squares TLS 1.32 (5 Apr 2024)\n"}
,{"stream_name":"stdout","time":2567.232418359,"data":"Creating model cache for 43 durations\n"}
,{"stream_name":"stdout","time":2567.245988986,"data":"Searching 5956 data points, 9446 periods from 0.526 to 29.979 days\n"}
,{"stream_name":"stdout","time":2567.246154957,"data":"Using 1 of 4 CPU threads\n"}
,{"stream_name":"stdout","time":2604.899421501,"data":"Searching for best T0 for period 23.67601 days\n"}
,{"stream_name":"stderr","time":2610.791463413,"data":"/usr/local/lib/python3.13/dist-packages/transitleastsquares/main.py:411: UserWarning: 8 of 11 transits without data. The true period may be twice the given period.\n"}
,{"stream_name":"stderr","time":2610.791518586,"data":"  warnings.warn(text)\n"}
,{"stream_name":"stdout","time":2616.577507684,"data":"Transit Least Squares TLS 1.32 (5 Apr 2024)\n"}
,{"stream_name":"stdout","time":2616.578785515,"data":"Creating model cache for 38 durations\n"}
,{"stream_name":"stdout","time":2616.5891813,"data":"Searching 3492 data points, 2629 periods from 0.539 to 12.809 days\n"}
,{"stream_name":"stdout","time":2616.589333631,"data":"Using 1 of 4 CPU threads\n"}
,{"stream_name":"stdout","time":2646.481300438,"data":"Searching for best T0 for period 0.61168 days\n"}
,{"stream_name":"stdout","time":2650.697338168,"data":"Transit Least Squares TLS 1.32 (5 Apr 2024)\n"}
,{"stream_name":"stdout","time":2650.699053842,"data":"Creating model cache for 38 durations\n"}
,{"stream_name":"stdout","time":2650.709781102,"data":"Searching 3492 data points, 2629 periods from 0.539 to 12.809 days\n"}
,{"stream_name":"stdout","time":2650.71014604,"data":"Using 1 of 4 CPU threads\n"}
,{"stream_name":"stdout","time":2652.179471592,"data":"Searching for best T0 for period 3.29714 days\n"}
,{"stream_name":"stderr","time":2653.730811944,"data":"/usr/local/lib/python3.13/dist-packages/transitleastsquares/main.py:411: UserWarning: 11 of 24 transits without data. The true period may be twice the given period.\n"}
,{"stream_name":"stderr","time":2653.730870503,"data":"  warnings.warn(text)\n"}
,{"stream_name":"stdout","time":2658.308578346,"data":"Transit Least Squares TLS 1.32 (5 Apr 2024)\n"}
,{"stream_name":"stdout","time":2658.309584079,"data":"Creating model cache for 38 durations\n"}
,{"stream_name":"stdout","time":2658.319645881,"data":"Searching 3189 data points, 1600 periods from 0.832 to 13.07 days\n"}
,{"stream_name":"stdout","time":2658.320028877,"data":"Using 1 of 4 CPU threads\n"}
,{"stream_name":"stdout","time":2669.355824053,"data":"Searching for best T0 for period 6.93559 days\n"}
,{"stream_name":"stdout","time":2672.986313122,"data":"Transit Least Squares TLS 1.32 (5 Apr 2024)\n"}
,{"stream_name":"stdout","time":2672.987192544,"data":"Creating model cache for 38 durations\n"}
,{"stream_name":"stdout","time":2672.996909773,"data":"Searching 3189 data points, 1600 periods from 0.832 to 13.07 days\n"}
,{"stream_name":"stdout","time":2672.997084988,"data":"Using 1 of 4 CPU threads\n"}
,{"stream_name":"stdout","time":2676.202308264,"data":"Searching for best T0 for period 1.09314 days\n"}
,{"stream_name":"stderr","time":2676.967797774,"data":"/usr/local/lib/python3.13/dist-packages/numpy/_core/_methods.py:218: RuntimeWarning: Degrees of freedom \u003c= 0 for slice\n"}
,{"stream_name":"stderr","time":2676.967857837,"data":"  ret = _var(a, axis=axis, dtype=dtype, out=out, ddof=ddof,\n"}
,{"stream_name":"stderr","time":2676.968119736,"data":"/usr/local/lib/python3.13/dist-packages/numpy/_core/_methods.py:175: RuntimeWarning: invalid value encountered in divide\n"}
,{"stream_name":"stderr","time":2676.968132672,"data":"  arrmean = um.true_divide(arrmean, div, out=arrmean,\n"}
,{"stream_name":"stderr","time":2676.968399364,"data":"/usr/local/lib/python3.13/dist-packages/numpy/_core/_methods.py:210: RuntimeWarning: invalid value encountered in scalar divide\n"}
,{"stream_name":"stderr","time":2676.968417171,"data":"  ret = ret.dtype.type(ret / rcount)\n"}
,{"stream_name":"stderr","time":2677.674354234,"data":"/usr/local/lib/python3.13/dist-packages/transitleastsquares/main.py:411: UserWarning: 158 of 200 transits without data. The true period may be twice the given period.\n"}
,{"stream_name":"stderr","time":2677.674395914,"data":"  warnings.warn(text)\n"}
,{"stream_name":"stdout","time":2679.439437744,"data":"Searching for best T0 for period 0.71507 days\n"}
,{"stream_name":"stdout","time":2683.513248971,"data":"Transit Least Squares TLS 1.32 (5 Apr 2024)\n"}
,{"stream_name":"stdout","time":2683.514889427,"data":"Creating model cache for 37 durations\n"}
,{"stream_name":"stdout","time":2683.526304654,"data":"Searching 3367 data points, 3077 periods from 0.5 to 12.408 days\n"}
,{"stream_name":"stdout","time":2683.526491243,"data":"Using 1 of 4 CPU threads\n"}
,{"stream_name":"stdout","time":2683.615091625,"data":"Transit Least Squares TLS 1.32 (5 Apr 2024)\n"}
,{"stream_name":"stdout","time":2683.616342435,"data":"Creating model cache for 38 durations\n"}
,{"stream_name":"stdout","time":2683.626750489,"data":"Searching 3492 data points, 2629 periods from 0.539 to 12.809 days\n"}
,{"stream_name":"stdout","time":2683.62840542,"data":"Using 1 of 4 CPU threads\n"}
,{"stream_name":"stdout","time":2685.241484238,"data":"Searching for best T0 for period 10.96724 days\n"}
,{"stream_name":"stdout","time":2690.662227197,"data":"Transit Least Squares TLS 1.32 (5 Apr 2024)\n"}
,{"stream_name":"stdout","time":2690.673501103,"data":"Creating model cache for 43 durations\n"}
,{"stream_name":"stdout","time":2690.694287724,"data":"Searching 12426 data points, 31446 periods from 0.678 to 29.995 days\n"}
,{"stream_name":"stdout","time":2690.694387197,"data":"Using 1 of 4 CPU threads\n"}
,{"stream_name":"stdout","time":2707.839308365,"data":"Searching for best T0 for period 3.01324 days\n"}
,{"stream_name":"stdout","time":2711.790544809,"data":"Transit Least Squares TLS 1.32 (5 Apr 2024)\n"}
,{"stream_name":"stdout","time":2711.792065016,"data":"Creating model cache for 38 durations\n"}
,{"stream_name":"stdout","time":2711.803401445,"data":"Searching 3492 data points, 2629 periods from 0.539 to 12.809 days\n"}
,{"stream_name":"stdout","time":2711.803577282,"data":"Using 1 of 4 CPU threads\n"}
,{"stream_name":"stdout","time":2715.123583779,"data":"Searching for best T0 for period 0.80818 days\n"}
,{"stream_name":"stdout","time":2720.682454538,"data":"Transit Least Squares TLS 1.32 (5 Apr 2024)\n"}
,{"stream_name":"stdout","time":2720.687585425,"data":"Creating model cache for 43 durations\n"}
,{"stream_name":"stdout","time":2720.703059574,"data":"Searching 7441 data points, 13067 periods from 0.5 to 28.107 days\n"}
,{"stream_name":"stdout","time":2720.703259385,"data":"Using 1 of 4 CPU threads\n"}
,{"stream_name":"stdout","time":2728.248533356,"data":"Searching for best T0 for period 1.29664 days\n"}
,{"stream_name":"stdout","time":2733.097480681,"data":"Transit Least Squares TLS 1.32 (5 Apr 2024)\n"}
,{"stream_name":"stdout","time":2733.09872592,"data":"Creating model cache for 38 durations\n"}
,{"stream_name":"stdout","time":2733.111709019,"data":"Searching 3492 data points, 2629 periods from 0.539 to 12.809 days\n"}
,{"stream_name":"stdout","time":2733.111763895,"data":"Using 1 of 4 CPU threads\n"}
,{"stream_name":"stdout","time":2762.825361765,"data":"Searching for best T0 for period 0.88998 days\n"}
,{"stream_name":"stdout","time":2767.307248274,"data":"Transit Least Squares TLS 1.32 (5 Apr 2024)\n"}
,{"stream_name":"stdout","time":2767.309469428,"data":"Creating model cache for 37 durations\n"}
,{"stream_name":"stdout","time":2767.320441982,"data":"Searching 2889 data points, 4674 periods from 0.5 to 11.937 days\n"}
,{"stream_name":"stdout","time":2767.32061119,"data":"Using 1 of 4 CPU threads\n"}
,{"stream_name":"stdout","time":2798.747602885,"data":"Searching for best T0 for period 4.03873 days\n"}
,{"stream_name":"stdout","time":2802.10640182,"data":"Transit Least Squares TLS 1.32 (5 Apr 2024)\n"}
,{"stream_name":"stdout","time":2802.108492195,"data":"Creating model cache for 37 durations\n"}
,{"stream_name":"stdout","time":2802.119093176,"data":"Searching 2889 data points, 4674 periods from 0.5 to 11.937 days\n"}
,{"stream_name":"stdout","time":2802.119243613,"data":"Using 1 of 4 CPU threads\n"}
,{"stream_name":"stdout","time":2833.855591212,"data":"Searching for best T0 for period 9.90022 days\n"}
,{"stream_name":"stdout","time":2837.294232862,"data":"Transit Least Squares TLS 1.32 (5 Apr 2024)\n"}
,{"stream_name":"stdout","time":2837.295539157,"data":"Creating model cache for 38 durations\n"}
,{"stream_name":"stdout","time":2837.305622608,"data":"Searching 3769 data points, 2302 periods from 0.644 to 13.667 days\n"}
,{"stream_name":"stdout","time":2837.305708879,"data":"Using 1 of 4 CPU threads\n"}
,{"stream_name":"stdout","time":2857.489261749,"data":"Searching for best T0 for period 13.57272 days\n"}
,{"stream_name":"stdout","time":2861.369918449,"data":"Transit Least Squares TLS 1.32 (5 Apr 2024)\n"}
,{"stream_name":"stdout","time":2861.371494414,"data":"Creating model cache for 38 durations\n"}
,{"stream_name":"stdout","time":2861.381867223,"data":"Searching 3769 data points, 2302 periods from 0.644 to 13.667 days\n"}
,{"stream_name":"stdout","time":2861.382234594,"data":"Using 1 of 4 CPU threads\n"}
,{"stream_name":"stdout","time":2885.853498976,"data":"Searching for best T0 for period 1.56283 days\n"}
,{"stream_name":"stdout","time":2891.187952201,"data":"Transit Least Squares TLS 1.32 (5 Apr 2024)\n"}
,{"stream_name":"stdout","time":2891.189940273,"data":"Creating model cache for 38 durations\n"}
,{"stream_name":"stdout","time":2891.201481837,"data":"Searching 3769 data points, 2302 periods from 0.644 to 13.667 days\n"}
,{"stream_name":"stdout","time":2891.201801523,"data":"Using 1 of 4 CPU threads\n"}
,{"stream_name":"stdout","time":2913.106510658,"data":"Searching for best T0 for period 5.53797 days\n"}
,{"stream_name":"stdout","time":2917.076937323,"data":"Transit Least Squares TLS 1.32 (5 Apr 2024)\n"}
,{"stream_name":"stdout","time":2917.078792601,"data":"Creating model cache for 37 durations\n"}
,{"stream_name":"stdout","time":2917.089599719,"data":"Searching 3072 data points, 1950 periods from 0.674 to 12.458 days\n"}
,{"stream_name":"stdout","time":2917.089945799,"data":"Using 1 of 4 CPU threads\n"}
,{"stream_name":"stdout","time":2920.518059749,"data":"Searching for best T0 for period 0.54881 days\n"}
,{"stream_name":"stdout","time":2929.928458674,"data":"Transit Least Squares TLS 1.32 (5 Apr 2024)\n"}
,{"stream_name":"stdout","time":2929.930869799,"data":"Creating model cache for 43 durations\n"}
,{"stream_name":"stdout","time":2929.945220124,"data":"Searching 7441 data points, 13067 periods from 0.5 to 28.107 days\n"}
,{"stream_name":"stdout","time":2929.945442788,"data":"Using 1 of 4 CPU threads\n"}
,{"stream_name":"stdout","time":2931.850223251,"data":"Searching for best T0 for period 6.33195 days\n"}
,{"stream_name":"stdout","time":2932.283179829,"data":"Searching for best T0 for period 1.35574 days\n"}
,{"stream_name":"stdout","time":2935.257698987,"data":"Transit Least Squares TLS 1.32 (5 Apr 2024)\n"}
,{"stream_name":"stdout","time":2935.259189737,"data":"Creating model cache for 37 durations\n"}
,{"stream_name":"stdout","time":2935.270785918,"data":"Searching 3072 data points, 1950 periods from 0.674 to 12.458 days\n"}
,{"stream_name":"stdout","time":2935.270987129,"data":"Using 1 of 4 CPU threads\n"}
,{"stream_name":"stderr","time":2935.708392616,"data":"/usr/local/lib/python3.13/dist-packages/transitleastsquares/main.py:411: UserWarning: 136 of 142 transits without data. The true period may be twice the given period.\n"}
,{"stream_name":"stderr","time":2935.708444118,"data":"  warnings.warn(text)\n"}
,{"stream_name":"stdout","time":2940.846761301,"data":"Transit Least Squares TLS 1.32 (5 Apr 2024)\n"}
,{"stream_name":"stdout","time":2940.850189376,"data":"Creating model cache for 42 durations\n"}
,{"stream_name":"stdout","time":2940.865718291,"data":"Searching 5907 data points, 7122 periods from 0.5 to 25.183 days\n"}
,{"stream_name":"stdout","time":2940.865845633,"data":"Using 1 of 4 CPU threads\n"}
,{"stream_name":"stdout","time":2951.022278173,"data":"Searching for best T0 for period 1.25112 days\n"}
,{"stream_name":"stdout","time":2956.261110009,"data":"Transit Least Squares TLS 1.32 (5 Apr 2024)\n"}
,{"stream_name":"stdout","time":2956.266606609,"data":"Creating model cache for 42 durations\n"}
,{"stream_name":"stdout","time":2956.28115287,"data":"Searching 5469 data points, 12405 periods from 0.5 to 25.211 days\n"}
,{"stream_name":"stdout","time":2956.28163406,"data":"Using 1 of 4 CPU threads\n"}
,{"stream_name":"stdout","time":3014.989002365,"data":"Searching for best T0 for period 15.93208 days\n"}
,{"stream_name":"stdout","time":3020.087583984,"data":"Transit Least Squares TLS 1.32 (5 Apr 2024)\n"}
,{"stream_name":"stdout","time":3020.089111039,"data":"Creating model cache for 37 durations\n"}
,{"stream_name":"stdout","time":3020.100116845,"data":"Searching 3282 data points, 3108 periods from 0.5 to 12.225 days\n"}
,{"stream_name":"stdout","time":3020.100281088,"data":"Using 1 of 4 CPU threads\n"}
,{"stream_name":"stdout","time":3040.101226579,"data":"Searching for best T0 for period 0.55229 days\n"}
,{"stream_name":"stdout","time":3045.205168207,"data":"Transit Least Squares TLS 1.32 (5 Apr 2024)\n"}
,{"stream_name":"stdout","time":3045.208389472,"data":"Creating model cache for 42 durations\n"}
,{"stream_name":"stdout","time":3045.221599205,"data":"Searching 5907 data points, 7122 periods from 0.5 to 25.183 days\n"}
,{"stream_name":"stdout","time":3045.221734326,"data":"Using 1 of 4 CPU threads\n"}
,{"stream_name":"stdout","time":3131.431078349,"data":"Searching for best T0 for period 2.40227 days\n"}
,{"stream_name":"stdout","time":3137.881617189,"data":"Transit Least Squares TLS 1.32 (5 Apr 2024)\n"}
,{"stream_name":"stdout","time":3137.886505195,"data":"Creating model cache for 42 durations\n"}
,{"stream_name":"stdout","time":3137.90093079,"data":"Searching 5469 data points, 12405 periods from 0.5 to 25.211 days\n"}
,{"stream_name":"stdout","time":3137.901062111,"data":"Using 1 of 4 CPU threads\n"}
,{"stream_name":"stdout","time":3150.91641272,"data":"Searching for best T0 for period 2.52618 days\n"}
,{"stream_name":"stdout","time":3157.465826045,"data":"Transit Least Squares TLS 1.32 (5 Apr 2024)\n"}
,{"stream_name":"stdout","time":3157.46857297,"data":"Creating model cache for 42 durations\n"}
,{"stream_name":"stdout","time":3157.480946549,"data":"Searching 5907 data points, 7122 periods from 0.5 to 25.183 days\n"}
,{"stream_name":"stdout","time":3157.481086389,"data":"Using 1 of 4 CPU threads\n"}
,{"stream_name":"stdout","time":3176.966117911,"data":"Searching for best T0 for period 5.73672 days\n"}
,{"stream_name":"stdout","time":3183.888912441,"data":"Transit Least Squares TLS 1.32 (5 Apr 2024)\n"}
,{"stream_name":"stdout","time":3183.890300101,"data":"Creating model cache for 38 durations\n"}
,{"stream_name":"stdout","time":3183.899979046,"data":"Searching 3227 data points, 2335 periods from 0.614 to 13.195 days\n"}
,{"stream_name":"stdout","time":3183.900153686,"data":"Using 1 of 4 CPU threads\n"}
,{"stream_name":"stdout","time":3200.581495843,"data":"Searching for best T0 for period 1.16261 days\n"}
,{"stream_name":"stdout","time":3205.126332477,"data":"Transit Least Squares TLS 1.32 (5 Apr 2024)\n"}
,{"stream_name":"stdout","time":3205.128132522,"data":"Creating model cache for 38 durations\n"}
,{"stream_name":"stdout","time":3205.138010996,"data":"Searching 3227 data points, 2335 periods from 0.614 to 13.195 days\n"}
,{"stream_name":"stdout","time":3205.138396153,"data":"Using 1 of 4 CPU threads\n"}
,{"stream_name":"stdout","time":3220.997045241,"data":"Searching for best T0 for period 10.74233 days\n"}
,{"stream_name":"stdout","time":3224.861679041,"data":"Transit Least Squares TLS 1.32 (5 Apr 2024)\n"}
,{"stream_name":"stdout","time":3224.863157703,"data":"Creating model cache for 38 durations\n"}
,{"stream_name":"stdout","time":3224.87329294,"data":"Searching 3227 data points, 2335 periods from 0.614 to 13.195 days\n"}
,{"stream_name":"stdout","time":3224.873483947,"data":"Using 1 of 4 CPU threads\n"}
,{"stream_name":"stdout","time":3240.554136074,"data":"Searching for best T0 for period 5.42522 days\n"}
,{"stream_name":"stdout","time":3246.518214102,"data":"Transit Least Squares TLS 1.32 (5 Apr 2024)\n"}
,{"stream_name":"stdout","time":3246.532905824,"data":"Creating model cache for 43 durations\n"}
,{"stream_name":"stdout","time":3246.559457228,"data":"Searching 12351 data points, 42711 periods from 0.5 to 29.997 days\n"}
,{"stream_name":"stdout","time":3246.5594945,"data":"Using 1 of 4 CPU threads\n"}
,{"stream_name":"stdout","time":3281.477393572,"data":"Searching for best T0 for period 1.02796 days\n"}
,{"stream_name":"stdout","time":3287.484034038,"data":"Transit Least Squares TLS 1.32 (5 Apr 2024)\n"}
,{"stream_name":"stdout","time":3287.485643095,"data":"Creating model cache for 37 durations\n"}
,{"stream_name":"stdout","time":3287.495708112,"data":"Searching 3282 data points, 3108 periods from 0.5 to 12.225 days\n"}
,{"stream_name":"stdout","time":3287.495894236,"data":"Using 1 of 4 CPU threads\n"}
,{"stream_name":"stdout","time":3307.085153402,"data":"Searching for best T0 for period 5.51019 days\n"}
,{"stream_name":"stdout","time":3310.828883751,"data":"Transit Least Squares TLS 1.32 (5 Apr 2024)\n"}
,{"stream_name":"stdout","time":3310.830696588,"data":"Creating model cache for 42 durations\n"}
,{"stream_name":"stdout","time":3310.845516744,"data":"Searching 5938 data points, 2771 periods from 1.023 to 25.413 days\n"}
,{"stream_name":"stdout","time":3310.845570429,"data":"Using 1 of 4 CPU threads\n"}
,{"stream_name":"stdout","time":3327.131245606,"data":"Searching for best T0 for period 0.85765 days\n"}
,{"stream_name":"stdout","time":3327.195778498,"data":"Searching for best T0 for period 0.85902 days\n"}
,{"stream_name":"stderr","time":3330.247002369,"data":"/usr/local/lib/python3.13/dist-packages/transitleastsquares/main.py:411: UserWarning: 306 of 408 transits without data. The true period may be twice the given period.\n"}
,{"stream_name":"stderr","time":3330.247068535,"data":"  warnings.warn(text)\n"}
,{"stream_name":"stdout","time":3333.848088279,"data":"Transit Least Squares TLS 1.32 (5 Apr 2024)\n"}
,{"stream_name":"stdout","time":3333.853005321,"data":"Creating model cache for 42 durations\n"}
,{"stream_name":"stdout","time":3333.86865858,"data":"Searching 5469 data points, 12405 periods from 0.5 to 25.211 days\n"}
,{"stream_name":"stdout","time":3333.868851199,"data":"Using 1 of 4 CPU threads\n"}
,{"stream_name":"stdout","time":3343.715720524,"data":"Transit Least Squares TLS 1.32 (5 Apr 2024)\n"}
,{"stream_name":"stdout","time":3343.727432481,"data":"Creating model cache for 43 durations\n"}
,{"stream_name":"stdout","time":3343.74827853,"data":"Searching 12426 data points, 31446 periods from 0.678 to 29.995 days\n"}
,{"stream_name":"stdout","time":3343.748523028,"data":"Using 1 of 4 CPU threads\n"}
,{"stream_name":"stdout","time":3344.379064904,"data":"Searching for best T0 for period 17.57234 days\n"}
,{"stream_name":"stdout","time":3350.431852378,"data":"Transit Least Squares TLS 1.32 (5 Apr 2024)\n"}
,{"stream_name":"stdout","time":3350.433261564,"data":"Creating model cache for 42 durations\n"}
,{"stream_name":"stdout","time":3350.445189768,"data":"Searching 5938 data points, 2771 periods from 1.023 to 25.413 days\n"}
,{"stream_name":"stdout","time":3350.445396593,"data":"Using 1 of 4 CPU threads\n"}
,{"stream_name":"stdout","time":3377.281253216,"data":"Searching for best T0 for period 2.60950 days\n"}
,{"stream_name":"stdout","time":3383.914607361,"data":"Transit Least Squares TLS 1.32 (5 Apr 2024)\n"}
,{"stream_name":"stdout","time":3383.916340348,"data":"Creating model cache for 42 durations\n"}
,{"stream_name":"stdout","time":3383.92794125,"data":"Searching 5938 data points, 2771 periods from 1.023 to 25.413 days\n"}
,{"stream_name":"stdout","time":3383.929099566,"data":"Using 1 of 4 CPU threads\n"}
,{"stream_name":"stdout","time":3429.837970945,"data":"Searching for best T0 for period 1.92702 days\n"}
,{"stream_name":"stdout","time":3438.16770455,"data":"Transit Least Squares TLS 1.32 (5 Apr 2024)\n"}
,{"stream_name":"stdout","time":3438.179227426,"data":"Creating model cache for 43 durations\n"}
,{"stream_name":"stdout","time":3438.200252959,"data":"Searching 13980 data points, 31492 periods from 0.724 to 29.999 days\n"}
,{"stream_name":"stdout","time":3438.200461681,"data":"Using 1 of 4 CPU threads\n"}
,{"stream_name":"stdout","time":3473.695737494,"data":"Searching for best T0 for period 3.46081 days\n"}
,{"stream_name":"stdout","time":3479.756631312,"data":"Transit Least Squares TLS 1.32 (5 Apr 2024)\n"}
,{"stream_name":"stdout","time":3479.761739305,"data":"Creating model cache for 42 durations\n"}
,{"stream_name":"stdout","time":3479.77593681,"data":"Searching 5469 data points, 12405 periods from 0.5 to 25.211 days\n"}
,{"stream_name":"stdout","time":3479.777489904,"data":"Using 1 of 4 CPU threads\n"}
,{"stream_name":"stdout","time":3619.559952313,"data":"Searching for best T0 for period 12.23299 days\n"}
,{"stream_name":"stdout","time":3624.992559991,"data":"Transit Least Squares TLS 1.32 (5 Apr 2024)\n"}
,{"stream_name":"stdout","time":3624.997237899,"data":"Creating model cache for 42 durations\n"}
,{"stream_name":"stdout","time":3625.010995019,"data":"Searching 5469 data points, 12405 periods from 0.5 to 25.211 days\n"}
,{"stream_name":"stdout","time":3625.011134243,"data":"Using 1 of 4 CPU threads\n"}
,{"stream_name":"stdout","time":3773.312470393,"data":"Searching for best T0 for period 0.62544 days\n"}
,{"stream_name":"stdout","time":3780.440467787,"data":"Transit Least Squares TLS 1.32 (5 Apr 2024)\n"}
,{"stream_name":"stdout","time":3780.443071172,"data":"Creating model cache for 43 durations\n"}
,{"stream_name":"stdout","time":3780.455657833,"data":"Searching 6385 data points, 6385 periods from 0.525 to 27.024 days\n"}
,{"stream_name":"stdout","time":3780.455826514,"data":"Using 1 of 4 CPU threads\n"}
,{"stream_name":"stdout","time":3858.081401307,"data":"Searching for best T0 for period 13.04489 days\n"}
,{"stream_name":"stdout","time":3864.234968282,"data":"Transit Least Squares TLS 1.32 (5 Apr 2024)\n"}
,{"stream_name":"stdout","time":3864.238931832,"data":"Creating model cache for 42 durations\n"}
,{"stream_name":"stdout","time":3864.258483667,"data":"Searching 6370 data points, 8869 periods from 0.5 to 25.136 days\n"}
,{"stream_name":"stdout","time":3864.258541869,"data":"Using 1 of 4 CPU threads\n"}
,{"stream_name":"stdout","time":3985.389131884,"data":"Searching for best T0 for period 18.16858 days\n"}
,{"stream_name":"stderr","time":3991.174013835,"data":"/usr/local/lib/python3.13/dist-packages/transitleastsquares/main.py:411: UserWarning: 15 of 19 transits without data. The true period may be twice the given period.\n"}
,{"stream_name":"stderr","time":3991.174058255,"data":"  warnings.warn(text)\n"}
,{"stream_name":"stdout","time":3999.964097071,"data":"Transit Least Squares TLS 1.32 (5 Apr 2024)\n"}
,{"stream_name":"stdout","time":3999.968593864,"data":"Creating model cache for 43 durations\n"}
,{"stream_name":"stdout","time":3999.983376005,"data":"Searching 12871 data points, 12357 periods from 0.54 to 29.986 days\n"}
,{"stream_name":"stdout","time":3999.983554865,"data":"Using 1 of 4 CPU threads\n"}
,{"stream_name":"stdout","time":4010.173268202,"data":"Searching for best T0 for period 0.65012 days\n"}
,{"stream_name":"stdout","time":4017.903618185,"data":"Transit Least Squares TLS 1.32 (5 Apr 2024)\n"}
,{"stream_name":"stdout","time":4017.907640052,"data":"Creating model cache for 42 durations\n"}
,{"stream_name":"stdout","time":4017.920821989,"data":"Searching 6370 data points, 8869 periods from 0.5 to 25.136 days\n"}
,{"stream_name":"stdout","time":4017.92112821,"data":"Using 1 of 4 CPU threads\n"}
,{"stream_name":"stdout","time":4099.611449319,"data":"Searching for best T0 for period 9.72881 days\n"}
,{"stream_name":"stderr","time":4102.99485657,"data":"/usr/local/lib/python3.13/dist-packages/transitleastsquares/main.py:411: UserWarning: 28 of 39 transits without data. The true period may be twice the given period.\n"}
,{"stream_name":"stderr","time":4102.994898987,"data":"  warnings.warn(text)\n"}
,{"stream_name":"stdout","time":4111.131044978,"data":"Transit Least Squares TLS 1.32 (5 Apr 2024)\n"}
,{"stream_name":"stdout","time":4111.13192272,"data":"Creating model cache for 38 durations\n"}
,{"stream_name":"stdout","time":4111.141950348,"data":"Searching 3926 data points, 2075 periods from 0.724 to 14.097 days\n"}
,{"stream_name":"stdout","time":4111.142027066,"data":"Using 1 of 4 CPU threads\n"}
,{"stream_name":"stdout","time":4127.618505095,"data":"Searching for best T0 for period 1.54370 days\n"}
,{"stream_name":"stdout","time":4134.782186676,"data":"Transit Least Squares TLS 1.32 (5 Apr 2024)\n"}
,{"stream_name":"stdout","time":4134.79388991,"data":"Creating model cache for 43 durations\n"}
,{"stream_name":"stdout","time":4134.814446751,"data":"Searching 13980 data points, 31492 periods from 0.724 to 29.999 days\n"}
,{"stream_name":"stdout","time":4134.814769744,"data":"Using 1 of 4 CPU threads\n"}
,{"stream_name":"stdout","time":4148.218991948,"data":"Searching for best T0 for period 1.02490 days\n"}
,{"stream_name":"stdout","time":4155.414397998,"data":"Transit Least Squares TLS 1.32 (5 Apr 2024)\n"}
,{"stream_name":"stdout","time":4155.42886431,"data":"Creating model cache for 43 durations\n"}
,{"stream_name":"stdout","time":4155.45096406,"data":"Searching 6856 data points, 40167 periods from 0.555 to 29.994 days\n"}
,{"stream_name":"stdout","time":4155.451075532,"data":"Using 1 of 4 CPU threads\n"}
,{"stream_name":"stdout","time":4158.263627518,"data":"Searching for best T0 for period 29.64324 days\n"}
,{"stream_name":"stderr","time":4163.430876666,"data":"/usr/local/lib/python3.13/dist-packages/transitleastsquares/stats.py:458: RuntimeWarning: divide by zero encountered in scalar divide\n"}
,{"stream_name":"stderr","time":4163.430937882,"data":"  snr_pink_per_transit[i] = (1 - mean_flux) / pinknoise\n"}
,{"stream_name":"stderr","time":4163.462291645,"data":"/usr/local/lib/python3.13/dist-packages/transitleastsquares/main.py:411: UserWarning: 7 of 9 transits without data. The true period may be twice the given period.\n"}
,{"stream_name":"stderr","time":4163.462351628,"data":"  warnings.warn(text)\n"}
,{"stream_name":"stdout","time":4171.540310658,"data":"Transit Least Squares TLS 1.32 (5 Apr 2024)\n"}
,{"stream_name":"stdout","time":4171.550552682,"data":"Creating model cache for 43 durations\n"}
,{"stream_name":"stdout","time":4171.571758408,"data":"Searching 12997 data points, 30391 periods from 0.505 to 29.999 days\n"}
,{"stream_name":"stdout","time":4171.571941663,"data":"Using 1 of 4 CPU threads\n"}
,{"stream_name":"stdout","time":4262.323230798,"data":"Searching for best T0 for period 22.59647 days\n"}
,{"stream_name":"stdout","time":4275.991431711,"data":"Transit Least Squares TLS 1.32 (5 Apr 2024)\n"}
,{"stream_name":"stdout","time":4275.995197678,"data":"Creating model cache for 43 durations\n"}
,{"stream_name":"stdout","time":4276.009755458,"data":"Searching 9501 data points, 9083 periods from 0.54 to 29.998 days\n"}
,{"stream_name":"stdout","time":4276.009928182,"data":"Using 1 of 4 CPU threads\n"}
,{"stream_name":"stdout","time":4426.311187062,"data":"Searching for best T0 for period 3.09868 days\n"}
,{"stream_name":"stdout","time":4435.751622172,"data":"Transit Least Squares TLS 1.32 (5 Apr 2024)\n"}
,{"stream_name":"stdout","time":4435.75645243,"data":"Creating model cache for 43 durations\n"}
,{"stream_name":"stdout","time":4435.768866902,"data":"Searching 9501 data points, 9083 periods from 0.54 to 29.998 days\n"}
,{"stream_name":"stdout","time":4435.769151478,"data":"Using 1 of 4 CPU threads\n"}
,{"stream_name":"stdout","time":4639.389102579,"data":"Searching for best T0 for period 26.03868 days\n"}
,{"stream_name":"stderr","time":4641.218849215,"data":"/usr/local/lib/python3.13/dist-packages/transitleastsquares/main.py:411: UserWarning: 12 of 13 transits without data. The true period may be twice the given period.\n"}
,{"stream_name":"stderr","time":4641.21888942,"data":"  warnings.warn(text)\n"}
,{"stream_name":"stdout","time":4644.767451994,"data":"Transit Least Squares TLS 1.32 (5 Apr 2024)\n"}
,{"stream_name":"stdout","time":4644.768922561,"data":"Creating model cache for 38 durations\n"}
,{"stream_name":"stdout","time":4644.780207151,"data":"Searching 3496 data points, 3398 periods from 0.5 to 13.61 days\n"}
,{"stream_name":"stdout","time":4644.780561229,"data":"Using 1 of 4 CPU threads\n"}
,{"stream_name":"stdout","time":4668.294422884,"data":"Searching for best T0 for period 1.05123 days\n"}
,{"stream_name":"stdout","time":4673.207894729,"data":"Transit Least Squares TLS 1.32 (5 Apr 2024)\n"}
,{"stream_name":"stdout","time":4673.209582398,"data":"Creating model cache for 38 durations\n"}
,{"stream_name":"stdout","time":4673.219643829,"data":"Searching 3496 data points, 3398 periods from 0.5 to 13.61 days\n"}
,{"stream_name":"stdout","time":4673.219677502,"data":"Using 1 of 4 CPU threads\n"}
,{"stream_name":"stdout","time":4674.647146842,"data":"Searching for best T0 for period 0.91662 days\n"}
,{"stream_name":"stdout","time":4684.940395182,"data":"Transit Least Squares TLS 1.32 (5 Apr 2024)\n"}
,{"stream_name":"stdout","time":4684.95172433,"data":"Creating model cache for 43 durations\n"}
,{"stream_name":"stdout","time":4684.972034345,"data":"Searching 6450 data points, 31381 periods from 0.5 to 29.999 days\n"}
,{"stream_name":"stdout","time":4684.972366037,"data":"Using 1 of 4 CPU threads\n"}
,{"stream_name":"stdout","time":4698.308780756,"data":"Searching for best T0 for period 4.36962 days\n"}
,{"stream_name":"stdout","time":4703.199777918,"data":"Transit Least Squares TLS 1.32 (5 Apr 2024)\n"}
,{"stream_name":"stdout","time":4703.20102108,"data":"Creating model cache for 42 durations\n"}
,{"stream_name":"stdout","time":4703.214991161,"data":"Searching 5591 data points, 2420 periods from 1.137 to 25.193 days\n"}
,{"stream_name":"stdout","time":4703.215111462,"data":"Using 1 of 4 CPU threads\n"}
,{"stream_name":"stdout","time":4741.191835907,"data":"Searching for best T0 for period 1.67388 days\n"}
,{"stream_name":"stdout","time":4748.358875073,"data":"Transit Least Squares TLS 1.32 (5 Apr 2024)\n"}
,{"stream_name":"stdout","time":4748.363957907,"data":"Creating model cache for 43 durations\n"}
,{"stream_name":"stdout","time":4748.378572544,"data":"Searching 8803 data points, 10651 periods from 1.138 to 29.998 days\n"}
,{"stream_name":"stdout","time":4748.378955083,"data":"Using 1 of 4 CPU threads\n"}
,{"stream_name":"stdout","time":4925.889467113,"data":"Searching for best T0 for period 9.62321 days\n"}
,{"stream_name":"stderr","time":4927.351877636,"data":"/usr/local/lib/python3.13/dist-packages/transitleastsquares/main.py:411: UserWarning: 16 of 22 transits without data. The true period may be twice the given period.\n"}
,{"stream_name":"stderr","time":4927.351940421,"data":"  warnings.warn(text)\n"}
,{"stream_name":"stdout","time":4934.452657296,"data":"Transit Least Squares TLS 1.32 (5 Apr 2024)\n"}
,{"stream_name":"stdout","time":4934.456895509,"data":"Creating model cache for 43 durations\n"}
,{"stream_name":"stdout","time":4934.471020263,"data":"Searching 8803 data points, 10651 periods from 1.138 to 29.998 days\n"}
,{"stream_name":"stdout","time":4934.471372142,"data":"Using 1 of 4 CPU threads\n"}
,{"stream_name":"stdout","time":5072.226545826,"data":"Searching for best T0 for period 4.47983 days\n"}
,{"stream_name":"stderr","time":5073.457964451,"data":"/usr/local/lib/python3.13/dist-packages/transitleastsquares/main.py:411: UserWarning: 32 of 48 transits without data. The true period may be twice the given period.\n"}
,{"stream_name":"stderr","time":5073.458023201,"data":"  warnings.warn(text)\n"}
,{"stream_name":"stdout","time":5082.942155466,"data":"Transit Least Squares TLS 1.32 (5 Apr 2024)\n"}
,{"stream_name":"stdout","time":5082.948696904,"data":"Creating model cache for 43 durations\n"}
,{"stream_name":"stdout","time":5082.965259342,"data":"Searching 13697 data points, 17578 periods from 0.747 to 29.994 days\n"}
,{"stream_name":"stdout","time":5082.965481163,"data":"Using 1 of 4 CPU threads\n"}
,{"stream_name":"stdout","time":5185.649271374,"data":"Searching for best T0 for period 0.62061 days\n"}
,{"stream_name":"stderr","time":5187.133169491,"data":"/usr/local/lib/python3.13/dist-packages/transitleastsquares/main.py:411: UserWarning: 239 of 310 transits without data. The true period may be twice the given period.\n"}
,{"stream_name":"stderr","time":5187.133237332,"data":"  warnings.warn(text)\n"}
,{"stream_name":"stdout","time":5193.817201642,"data":"Transit Least Squares TLS 1.32 (5 Apr 2024)\n"}
,{"stream_name":"stdout","time":5193.828502361,"data":"Creating model cache for 43 durations\n"}
,{"stream_name":"stdout","time":5193.847004384,"data":"Searching 6450 data points, 31381 periods from 0.5 to 29.999 days\n"}
,{"stream_name":"stdout","time":5193.847082082,"data":"Using 1 of 4 CPU threads\n"}
,{"stream_name":"stdout","time":5197.025185967,"data":"Searching for best T0 for period 1.24586 days\n"}
,{"stream_name":"stderr","time":5199.297289017,"data":"/usr/local/lib/python3.13/dist-packages/transitleastsquares/main.py:411: UserWarning: 122 of 195 transits without data. The true period may be twice the given period.\n"}
,{"stream_name":"stderr","time":5199.297448628,"data":"  warnings.warn(text)\n"}
,{"stream_name":"stdout","time":5209.672444148,"data":"Transit Least Squares TLS 1.32 (5 Apr 2024)\n"}
,{"stream_name":"stdout","time":5209.673843561,"data":"Creating model cache for 37 durations\n"}
,{"stream_name":"stdout","time":5209.68388425,"data":"Searching 3292 data points, 2783 periods from 0.504 to 12.582 days\n"}
,{"stream_name":"stdout","time":5209.684020879,"data":"Using 1 of 4 CPU threads\n"}
,{"stream_name":"stdout","time":5226.264219563,"data":"Searching for best T0 for period 4.25009 days\n"}
,{"stream_name":"stdout","time":5227.722651187,"data":"Searching for best T0 for period 0.83793 days\n"}
,{"stream_name":"stderr","time":5231.229850357,"data":"/usr/local/lib/python3.13/dist-packages/transitleastsquares/main.py:411: UserWarning: 336 of 451 transits without data. The true period may be twice the given period.\n"}
,{"stream_name":"stderr","time":5231.229891983,"data":"  warnings.warn(text)\n"}
,{"stream_name":"stdout","time":5232.712933093,"data":"Transit Least Squares TLS 1.32 (5 Apr 2024)\n"}
,{"stream_name":"stdout","time":5232.7236933,"data":"Creating model cache for 43 durations\n"}
,{"stream_name":"stdout","time":5232.744374812,"data":"Searching 12997 data points, 30391 periods from 0.505 to 29.999 days\n"}
,{"stream_name":"stdout","time":5232.74454791,"data":"Using 1 of 4 CPU threads\n"}
,{"stream_name":"stdout","time":5242.16589886,"data":"Transit Least Squares TLS 1.32 (5 Apr 2024)\n"}
,{"stream_name":"stdout","time":5242.16943386,"data":"Creating model cache for 37 durations\n"}
,{"stream_name":"stdout","time":5242.177144762,"data":"Searching 3062 data points, 2046 periods from 0.626 to 12.038 days\n"}
,{"stream_name":"stdout","time":5242.177441604,"data":"Using 1 of 4 CPU threads\n"}
,{"stream_name":"stdout","time":5260.915480896,"data":"Searching for best T0 for period 1.76632 days\n"}
,{"stream_name":"stdout","time":5267.212112281,"data":"Transit Least Squares TLS 1.32 (5 Apr 2024)\n"}
,{"stream_name":"stdout","time":5267.217440038,"data":"Creating model cache for 43 durations\n"}
,{"stream_name":"stdout","time":5267.232960348,"data":"Searching 12734 data points, 13320 periods from 0.626 to 29.989 days\n"}
,{"stream_name":"stdout","time":5267.235460783,"data":"Using 1 of 4 CPU threads\n"}
,{"stream_name":"stdout","time":5635.590094776,"data":"Searching for best T0 for period 10.77786 days\n"}
,{"stream_name":"stderr","time":5637.361473406,"data":"/usr/local/lib/python3.13/dist-packages/transitleastsquares/main.py:411: UserWarning: 14 of 18 transits without data. The true period may be twice the given period.\n"}
,{"stream_name":"stderr","time":5637.361512331,"data":"  warnings.warn(text)\n"}
,{"stream_name":"stdout","time":5642.243172077,"data":"Transit Least Squares TLS 1.32 (5 Apr 2024)\n"}
,{"stream_name":"stdout","time":5642.254955033,"data":"Creating model cache for 43 durations\n"}
,{"stream_name":"stdout","time":5642.274280711,"data":"Searching 6450 data points, 31381 periods from 0.5 to 29.999 days\n"}
,{"stream_name":"stdout","time":5642.274511876,"data":"Using 1 of 4 CPU threads\n"}
,{"stream_name":"stdout","time":5724.710593237,"data":"Searching for best T0 for period 2.20646 days\n"}
,{"stream_name":"stderr","time":5728.388084689,"data":"/usr/local/lib/python3.13/dist-packages/transitleastsquares/main.py:411: UserWarning: 54 of 99 transits without data. The true period may be twice the given period.\n"}
,{"stream_name":"stderr","time":5728.388125302,"data":"  warnings.warn(text)\n"}
,{"stream_name":"stdout","time":5736.694028753,"data":"Transit Least Squares TLS 1.32 (5 Apr 2024)\n"}
,{"stream_name":"stdout","time":5736.699447177,"data":"Creating model cache for 43 durations\n"}
,{"stream_name":"stdout","time":5736.714904495,"data":"Searching 6843 data points, 14673 periods from 0.876 to 29.999 days\n"}
,{"stream_name":"stdout","time":5736.715059835,"data":"Using 1 of 4 CPU threads\n"}
,{"stream_name":"stdout","time":5738.344403637,"data":"Searching for best T0 for period 1.24675 days\n"}
,{"stream_name":"stderr","time":5740.385521548,"data":"/usr/local/lib/python3.13/dist-packages/transitleastsquares/main.py:411: UserWarning: 38 of 109 transits without data. The true period may be twice the given period.\n"}
,{"stream_name":"stderr","time":5740.385557395,"data":"  warnings.warn(text)\n"}
,{"stream_name":"stdout","time":5751.848119061,"data":"Transit Least Squares TLS 1.32 (5 Apr 2024)\n"}
,{"stream_name":"stdout","time":5751.855134775,"data":"Creating model cache for 43 durations\n"}
,{"stream_name":"stdout","time":5751.873449958,"data":"Searching 12734 data points, 13320 periods from 0.626 to 29.989 days\n"}
,{"stream_name":"stdout","time":5751.873482755,"data":"Using 1 of 4 CPU threads\n"}
,{"stream_name":"stdout","time":5902.673186518,"data":"Searching for best T0 for period 26.48436 days\n"}
,{"stream_name":"stderr","time":5908.733708482,"data":"/usr/local/lib/python3.13/dist-packages/transitleastsquares/main.py:411: UserWarning: 6 of 9 transits without data. The true period may be twice the given period.\n"}
,{"stream_name":"stderr","time":5908.733763939,"data":"  warnings.warn(text)\n"}
,{"stream_name":"stdout","time":5916.832552903,"data":"Transit Least Squares TLS 1.32 (5 Apr 2024)\n"}
,{"stream_name":"stdout","time":5916.843476389,"data":"Creating model cache for 43 durations\n"}
,{"stream_name":"stdout","time":5916.863849016,"data":"Searching 12997 data points, 30391 periods from 0.505 to 29.999 days\n"}
,{"stream_name":"stdout","time":5916.863956679,"data":"Using 1 of 4 CPU threads\n"}
,{"stream_name":"stdout","time":6005.341268919,"data":"Searching for best T0 for period 3.16571 days\n"}
,{"stream_name":"stderr","time":6007.733900909,"data":"/usr/local/lib/python3.13/dist-packages/transitleastsquares/main.py:411: UserWarning: 50 of 61 transits without data. The true period may be twice the given period.\n"}
,{"stream_name":"stderr","time":6007.73394139,"data":"  warnings.warn(text)\n"}
,{"stream_name":"stdout","time":6014.11657407,"data":"Transit Least Squares TLS 1.32 (5 Apr 2024)\n"}
,{"stream_name":"stdout","time":6014.120746903,"data":"Creating model cache for 43 durations\n"}
,{"stream_name":"stdout","time":6014.135587073,"data":"Searching 12986 data points, 9962 periods from 0.92 to 29.997 days\n"}
,{"stream_name":"stdout","time":6014.135944117,"data":"Using 1 of 4 CPU threads\n"}
,{"stream_name":"stdout","time":6019.790586682,"data":"Searching for best T0 for period 2.21521 days\n"}
,{"stream_name":"stderr","time":6021.744086182,"data":"/usr/local/lib/python3.13/dist-packages/transitleastsquares/main.py:411: UserWarning: 22 of 61 transits without data. The true period may be twice the given period.\n"}
,{"stream_name":"stderr","time":6021.7441245,"data":"  warnings.warn(text)\n"}
,{"stream_name":"stdout","time":6031.05147155,"data":"Transit Least Squares TLS 1.32 (5 Apr 2024)\n"}
,{"stream_name":"stdout","time":6031.053672676,"data":"Creating model cache for 42 durations\n"}
,{"stream_name":"stdout","time":6031.070409739,"data":"Searching 6275 data points, 4824 periods from 0.626 to 25.131 days\n"}
,{"stream_name":"stdout","time":6031.070473572,"data":"Using 1 of 4 CPU threads\n"}
,{"stream_name":"stdout","time":6039.497676102,"data":"Searching for best T0 for period 1.65804 days\n"}
,{"stream_name":"stderr","time":6040.669740556,"data":"/usr/local/lib/python3.13/dist-packages/transitleastsquares/main.py:411: UserWarning: 103 of 132 transits without data. The true period may be twice the given period.\n"}
,{"stream_name":"stderr","time":6040.669815593,"data":"  warnings.warn(text)\n"}
,{"stream_name":"stdout","time":6046.803607393,"data":"Transit Least Squares TLS 1.32 (5 Apr 2024)\n"}
,{"stream_name":"stdout","time":6046.808863256,"data":"Creating model cache for 43 durations\n"}
,{"stream_name":"stdout","time":6046.824632883,"data":"Searching 6843 data points, 14673 periods from 0.876 to 29.999 days\n"}
,{"stream_name":"stdout","time":6046.824804947,"data":"Using 1 of 4 CPU threads\n"}
,{"stream_name":"stdout","time":6085.785738905,"data":"Searching for best T0 for period 8.00887 days\n"}
,{"stream_name":"stdout","time":6095.343486767,"data":"Transit Least Squares TLS 1.32 (5 Apr 2024)\n"}
,{"stream_name":"stdout","time":6095.34747596,"data":"Creating model cache for 43 durations\n"}
,{"stream_name":"stdout","time":6095.36236248,"data":"Searching 16045 data points, 10890 periods from 0.995 to 29.986 days\n"}
,{"stream_name":"stdout","time":6095.362500977,"data":"Using 1 of 4 CPU threads\n"}
,{"stream_name":"stdout","time":6185.998633403,"data":"Searching for best T0 for period 1.32076 days\n"}
,{"stream_name":"stderr","time":6187.209364958,"data":"/usr/local/lib/python3.13/dist-packages/transitleastsquares/main.py:411: UserWarning: 130 of 166 transits without data. The true period may be twice the given period.\n"}
,{"stream_name":"stderr","time":6187.209422971,"data":"  warnings.warn(text)\n"}
,{"stream_name":"stdout","time":6195.293103498,"data":"Transit Least Squares TLS 1.32 (5 Apr 2024)\n"}
,{"stream_name":"stdout","time":6195.295253866,"data":"Creating model cache for 43 durations\n"}
,{"stream_name":"stdout","time":6195.308345121,"data":"Searching 6437 data points, 5971 periods from 0.77 to 29.988 days\n"}
,{"stream_name":"stdout","time":6195.31051618,"data":"Using 1 of 4 CPU threads\n"}
,{"stream_name":"stdout","time":6288.787379799,"data":"Searching for best T0 for period 1.48880 days\n"}
,{"stream_name":"stderr","time":6289.554181158,"data":"/usr/local/lib/python3.13/dist-packages/transitleastsquares/main.py:411: UserWarning: 22 of 51 transits without data. The true period may be twice the given period.\n"}
,{"stream_name":"stderr","time":6289.554223171,"data":"  warnings.warn(text)\n"}
,{"stream_name":"stdout","time":6296.295845124,"data":"Transit Least Squares TLS 1.32 (5 Apr 2024)\n"}
,{"stream_name":"stdout","time":6296.298621715,"data":"Creating model cache for 43 durations\n"}
,{"stream_name":"stdout","time":6296.311408581,"data":"Searching 6437 data points, 5971 periods from 0.77 to 29.988 days\n"}
,{"stream_name":"stdout","time":6296.311696858,"data":"Using 1 of 4 CPU threads\n"}
,{"stream_name":"stdout","time":6341.419809719,"data":"Searching for best T0 for period 4.00160 days\n"}
,{"stream_name":"stderr","time":6343.547614521,"data":"/usr/local/lib/python3.13/dist-packages/transitleastsquares/main.py:411: UserWarning: 16 of 39 transits without data. The true period may be twice the given period.\n"}
,{"stream_name":"stderr","time":6343.547668535,"data":"  warnings.warn(text)\n"}
,{"stream_name":"stdout","time":6357.32769036,"data":"Transit Least Squares TLS 1.32 (5 Apr 2024)\n"}
,{"stream_name":"stdout","time":6357.335618293,"data":"Creating model cache for 43 durations\n"}
,{"stream_name":"stdout","time":6357.355549753,"data":"Searching 26859 data points, 22266 periods from 0.921 to 29.991 days\n"}
,{"stream_name":"stdout","time":6357.355835339,"data":"Using 1 of 4 CPU threads\n"}
,{"stream_name":"stdout","time":6402.636271359,"data":"Searching for best T0 for period 25.02963 days\n"}
,{"stream_name":"stderr","time":6408.76014801,"data":"/usr/local/lib/python3.13/dist-packages/transitleastsquares/main.py:411: UserWarning: 3 of 7 transits without data. The true period may be twice the given period.\n"}
,{"stream_name":"stderr","time":6408.760191412,"data":"  warnings.warn(text)\n"}
,{"stream_name":"stdout","time":6416.423290355,"data":"Transit Least Squares TLS 1.32 (5 Apr 2024)\n"}
,{"stream_name":"stdout","time":6416.42413662,"data":"Creating model cache for 37 durations\n"}
,{"stream_name":"stdout","time":6416.43375675,"data":"Searching 2677 data points, 1112 periods from 0.994 to 11.64 days\n"}
,{"stream_name":"stdout","time":6416.433875934,"data":"Using 1 of 4 CPU threads\n"}
,{"stream_name":"stdout","time":6416.683311588,"data":"Searching for best T0 for period 1.03279 days\n"}
,{"stream_name":"stderr","time":6417.489109167,"data":"/usr/local/lib/python3.13/dist-packages/transitleastsquares/main.py:411: UserWarning: 31 of 74 transits without data. The true period may be twice the given period.\n"}
,{"stream_name":"stderr","time":6417.489148695,"data":"  warnings.warn(text)\n"}
,{"stream_name":"stdout","time":6424.073376777,"data":"Searching for best T0 for period 1.61926 days\n"}
,{"stream_name":"stdout","time":6429.250989578,"data":"Transit Least Squares TLS 1.32 (5 Apr 2024)\n"}
,{"stream_name":"stdout","time":6429.257937183,"data":"Creating model cache for 43 durations\n"}
,{"stream_name":"stdout","time":6429.275937741,"data":"Searching 25366 data points, 14443 periods from 0.88 to 29.997 days\n"}
,{"stream_name":"stdout","time":6429.276117231,"data":"Using 1 of 4 CPU threads\n"}
,{"stream_name":"stdout","time":6430.325024467,"data":"Transit Least Squares TLS 1.32 (5 Apr 2024)\n"}
,{"stream_name":"stdout","time":6430.330665425,"data":"Creating model cache for 43 durations\n"}
,{"stream_name":"stdout","time":6430.348458329,"data":"Searching 11685 data points, 13271 periods from 0.5 to 29.998 days\n"}
,{"stream_name":"stdout","time":6430.348496224,"data":"Using 1 of 4 CPU threads\n"}
,{"stream_name":"stdout","time":6492.840386158,"data":"Searching for best T0 for period 5.13901 days\n"}
,{"stream_name":"stderr","time":6495.845812888,"data":"/usr/local/lib/python3.13/dist-packages/transitleastsquares/main.py:411: UserWarning: 31 of 48 transits without data. The true period may be twice the given period.\n"}
,{"stream_name":"stderr","time":6495.845876582,"data":"  warnings.warn(text)\n"}
,{"stream_name":"stdout","time":6507.811231008,"data":"Transit Least Squares TLS 1.32 (5 Apr 2024)\n"}
,{"stream_name":"stdout","time":6507.818379798,"data":"Creating model cache for 43 durations\n"}
,{"stream_name":"stdout","time":6507.836104109,"data":"Searching 22671 data points, 20455 periods from 0.858 to 29.995 days\n"}
,{"stream_name":"stdout","time":6507.836303451,"data":"Using 1 of 4 CPU threads\n"}
,{"stream_name":"stdout","time":6670.392092122,"data":"Searching for best T0 for period 14.97068 days\n"}
,{"stream_name":"stdout","time":6687.137388742,"data":"Transit Least Squares TLS 1.32 (5 Apr 2024)\n"}
,{"stream_name":"stdout","time":6687.148267878,"data":"Creating model cache for 43 durations\n"}
,{"stream_name":"stdout","time":6687.169190723,"data":"Searching 25269 data points, 31811 periods from 0.5 to 29.993 days\n"}
,{"stream_name":"stdout","time":6687.169430953,"data":"Using 1 of 4 CPU threads\n"}
,{"stream_name":"stdout","time":7144.890070036,"data":"Searching for best T0 for period 0.95502 days\n"}
,{"stream_name":"stderr","time":7150.619237093,"data":"/usr/local/lib/python3.13/dist-packages/transitleastsquares/main.py:411: UserWarning: 172 of 368 transits without data. The true period may be twice the given period.\n"}
,{"stream_name":"stderr","time":7150.619309483,"data":"  warnings.warn(text)\n"}
,{"stream_name":"stdout","time":7178.272235861,"data":"Transit Least Squares TLS 1.32 (5 Apr 2024)\n"}
,{"stream_name":"stdout","time":7178.280029383,"data":"Creating model cache for 43 durations\n"}
,{"stream_name":"stdout","time":7178.298219305,"data":"Searching 26859 data points, 22266 periods from 0.921 to 29.991 days\n"}
,{"stream_name":"stdout","time":7178.298385842,"data":"Using 1 of 4 CPU threads\n"}
,{"stream_name":"stdout","time":7443.631648859,"data":"Searching for best T0 for period 1.19921 days\n"}
,{"stream_name":"stdout","time":7470.846847686,"data":"Transit Least Squares TLS 1.32 (5 Apr 2024)\n"}
,{"stream_name":"stdout","time":7470.850964569,"data":"Creating model cache for 43 durations\n"}
,{"stream_name":"stdout","time":7470.866228627,"data":"Searching 16538 data points, 9221 periods from 0.88 to 29.988 days\n"}
,{"stream_name":"stdout","time":7470.866597154,"data":"Using 1 of 4 CPU threads\n"}
,{"stream_name":"stdout","time":7653.032068674,"data":"Searching for best T0 for period 5.09945 days\n"}
,{"stream_name":"stderr","time":7657.504762295,"data":"/usr/local/lib/python3.13/dist-packages/transitleastsquares/main.py:411: UserWarning: 27 of 59 transits without data. The true period may be twice the given period.\n"}
,{"stream_name":"stderr","time":7657.50480299,"data":"  warnings.warn(text)\n"}
,{"stream_name":"stdout","time":7663.244495581,"data":"Searching for best T0 for period 17.63658 days\n"}
,{"stream_name":"stdout","time":7674.616818499,"data":"Transit Least Squares TLS 1.32 (5 Apr 2024)\n"}
,{"stream_name":"stdout","time":7674.624493976,"data":"Creating model cache for 43 durations\n"}
,{"stream_name":"stdout","time":7674.64554892,"data":"Searching 22671 data points, 20455 periods from 0.858 to 29.995 days\n"}
,{"stream_name":"stdout","time":7674.6457821,"data":"Using 1 of 4 CPU threads\n"}
,{"stream_name":"stdout","time":7679.843598717,"data":"Transit Least Squares TLS 1.32 (5 Apr 2024)\n"}
,{"stream_name":"stdout","time":7679.851424229,"data":"Creating model cache for 43 durations\n"}
,{"stream_name":"stdout","time":7679.869690013,"data":"Searching 20053 data points, 21861 periods from 0.812 to 29.991 days\n"}
,{"stream_name":"stdout","time":7679.86990159,"data":"Using 1 of 4 CPU threads\n"}
,{"stream_name":"stdout","time":7863.422499004,"data":"Searching for best T0 for period 14.87962 days\n"}
,{"stream_name":"stderr","time":7870.742039897,"data":"/usr/local/lib/python3.13/dist-packages/transitleastsquares/main.py:411: UserWarning: 11 of 23 transits without data. The true period may be twice the given period.\n"}
,{"stream_name":"stderr","time":7870.742120162,"data":"  warnings.warn(text)\n"}
,{"stream_name":"stdout","time":7883.846985933,"data":"Transit Least Squares TLS 1.32 (5 Apr 2024)\n"}
,{"stream_name":"stdout","time":7883.849039731,"data":"Creating model cache for 43 durations\n"}
,{"stream_name":"stdout","time":7883.861500261,"data":"Searching 7643 data points, 5214 periods from 0.862 to 29.973 days\n"}
,{"stream_name":"stdout","time":7883.861604141,"data":"Using 1 of 4 CPU threads\n"}
,{"stream_name":"stdout","time":7950.709732504,"data":"Searching for best T0 for period 3.93832 days\n"}
,{"stream_name":"stdout","time":7959.081012862,"data":"Transit Least Squares TLS 1.32 (5 Apr 2024)\n"}
,{"stream_name":"stdout","time":7959.083988888,"data":"Creating model cache for 43 durations\n"}
,{"stream_name":"stdout","time":7959.096758833,"data":"Searching 10607 data points, 7003 periods from 0.862 to 29.991 days\n"}
,{"stream_name":"stdout","time":7959.096922657,"data":"Using 1 of 4 CPU threads\n"}
,{"stream_name":"stdout","time":8054.448939041,"data":"Searching for best T0 for period 3.24428 days\n"}
,{"stream_name":"stdout","time":8063.265401944,"data":"Transit Least Squares TLS 1.32 (5 Apr 2024)\n"}
,{"stream_name":"stdout","time":8063.269447574,"data":"Creating model cache for 42 durations\n"}
,{"stream_name":"stdout","time":8063.279759069,"data":"Searching 5919 data points, 6544 periods from 0.5 to 25.183 days\n"}
,{"stream_name":"stdout","time":8063.279867478,"data":"Using 1 of 4 CPU threads\n"}
,{"stream_name":"stdout","time":8169.513121206,"data":"Searching for best T0 for period 1.63325 days\n"}
,{"stream_name":"stdout","time":8175.019542429,"data":"Transit Least Squares TLS 1.32 (5 Apr 2024)\n"}
,{"stream_name":"stdout","time":8175.021237527,"data":"Creating model cache for 37 durations\n"}
,{"stream_name":"stdout","time":8175.03058375,"data":"Searching 3282 data points, 2856 periods from 0.5 to 12.225 days\n"}
,{"stream_name":"stdout","time":8175.030702997,"data":"Using 1 of 4 CPU threads\n"}
,{"stream_name":"stdout","time":8192.267754479,"data":"Searching for best T0 for period 10.05216 days\n"}
,{"stream_name":"stderr","time":8197.756852399,"data":"/usr/local/lib/python3.13/dist-packages/transitleastsquares/main.py:411: UserWarning: 16 of 30 transits without data. The true period may be twice the given period.\n"}
,{"stream_name":"stderr","time":8197.756887857,"data":"  warnings.warn(text)\n"}
,{"stream_name":"stdout","time":8204.987113974,"data":"Searching for best T0 for period 0.54889 days\n"}
,{"stream_name":"stdout","time":8209.828744298,"data":"Transit Least Squares TLS 1.32 (5 Apr 2024)\n"}
,{"stream_name":"stdout","time":8209.83190912,"data":"Creating model cache for 42 durations\n"}
,{"stream_name":"stdout","time":8209.844480721,"data":"Searching 5919 data points, 6544 periods from 0.5 to 25.183 days\n"}
,{"stream_name":"stdout","time":8209.844827849,"data":"Using 1 of 4 CPU threads\n"}
,{"stream_name":"stdout","time":8212.206030596,"data":"Transit Least Squares TLS 1.32 (5 Apr 2024)\n"}
,{"stream_name":"stdout","time":8212.213493821,"data":"Creating model cache for 43 durations\n"}
,{"stream_name":"stdout","time":8212.232775504,"data":"Searching 20053 data points, 21861 periods from 0.812 to 29.991 days\n"}
,{"stream_name":"stdout","time":8212.232864359,"data":"Using 1 of 4 CPU threads\n"}
,{"stream_name":"stdout","time":8281.348641713,"data":"Searching for best T0 for period 3.57517 days\n"}
,{"stream_name":"stdout","time":8289.726584667,"data":"Transit Least Squares TLS 1.32 (5 Apr 2024)\n"}
,{"stream_name":"stdout","time":8289.730504943,"data":"Creating model cache for 43 durations\n"}
,{"stream_name":"stdout","time":8289.744826728,"data":"Searching 15077 data points, 11276 periods from 0.704 to 29.985 days\n"}
,{"stream_name":"stdout","time":8289.744903098,"data":"Using 1 of 4 CPU threads\n"}
,{"stream_name":"stdout","time":8500.170930035,"data":"Searching for best T0 for period 7.33841 days\n"}
,{"stream_name":"stdout","time":8523.511531129,"data":"Transit Least Squares TLS 1.32 (5 Apr 2024)\n"}
,{"stream_name":"stdout","time":8523.516046442,"data":"Creating model cache for 43 durations\n"}
,{"stream_name":"stdout","time":8523.53440239,"data":"Searching 22060 data points, 11436 periods from 1.287 to 29.994 days\n"}
,{"stream_name":"stdout","time":8523.534535879,"data":"Using 1 of 4 CPU threads\n"}
,{"stream_name":"stdout","time":8540.75407062,"data":"Searching for best T0 for period 29.18446 days\n"}
,{"stream_name":"stdout","time":8553.95097891,"data":"Transit Least Squares TLS 1.32 (5 Apr 2024)\n"}
,{"stream_name":"stdout","time":8553.951987021,"data":"Creating model cache for 37 durations\n"}
,{"stream_name":"stdout","time":8553.961620423,"data":"Searching 2965 data points, 1902 periods from 0.704 to 12.739 days\n"}
,{"stream_name":"stdout","time":8553.96171935,"data":"Using 1 of 4 CPU threads\n"}
,{"stream_name":"stdout","time":8571.116342454,"data":"Searching for best T0 for period 0.98665 days\n"}
,{"stream_name":"stdout","time":8577.461483725,"data":"Transit Least Squares TLS 1.32 (5 Apr 2024)\n"}
,{"stream_name":"stdout","time":8577.467421902,"data":"Creating model cache for 43 durations\n"}
,{"stream_name":"stdout","time":8577.482418781,"data":"Searching 12531 data points, 9048 periods from 0.704 to 29.981 days\n"}
,{"stream_name":"stdout","time":8577.482743324,"data":"Using 1 of 4 CPU threads\n"}
,{"stream_name":"stdout","time":8758.917641248,"data":"Searching for best T0 for period 11.82225 days\n"}
,{"stream_name":"stderr","time":8763.811126163,"data":"/usr/local/lib/python3.13/dist-packages/transitleastsquares/main.py:411: UserWarning: 3 of 9 transits without data. The true period may be twice the given period.\n"}
,{"stream_name":"stderr","time":8763.811164984,"data":"  warnings.warn(text)\n"}
,{"stream_name":"stdout","time":8772.47268587,"data":"Transit Least Squares TLS 1.32 (5 Apr 2024)\n"}
,{"stream_name":"stdout","time":8772.478453472,"data":"Creating model cache for 43 durations\n"}
,{"stream_name":"stdout","time":8772.489752286,"data":"Searching 12531 data points, 9048 periods from 0.704 to 29.981 days\n"}
,{"stream_name":"stdout","time":8772.490004017,"data":"Using 1 of 4 CPU threads\n"}
,{"stream_name":"stdout","time":8901.947482744,"data":"Searching for best T0 for period 1.26621 days\n"}
,{"stream_name":"stderr","time":8905.831936151,"data":"/usr/local/lib/python3.13/dist-packages/transitleastsquares/main.py:411: UserWarning: 109 of 236 transits without data. The true period may be twice the given period.\n"}
,{"stream_name":"stderr","time":8905.831978127,"data":"  warnings.warn(text)\n"}
,{"stream_name":"stdout","time":8923.434004844,"data":"Transit Least Squares TLS 1.32 (5 Apr 2024)\n"}
,{"stream_name":"stdout","time":8923.435816862,"data":"Creating model cache for 43 durations\n"}
,{"stream_name":"stdout","time":8923.450455445,"data":"Searching 6262 data points, 4033 periods from 0.759 to 26.051 days\n"}
,{"stream_name":"stdout","time":8923.45048992,"data":"Using 1 of 4 CPU threads\n"}
,{"stream_name":"stdout","time":8973.340382601,"data":"Searching for best T0 for period 0.98779 days\n"}
,{"stream_name":"stdout","time":8982.521853407,"data":"Transit Least Squares TLS 1.32 (5 Apr 2024)\n"}
,{"stream_name":"stdout","time":8982.52542118,"data":"Creating model cache for 43 durations\n"}
,{"stream_name":"stdout","time":8982.538891307,"data":"Searching 12649 data points, 8650 periods from 0.759 to 29.983 days\n"}
,{"stream_name":"stdout","time":8982.538957378,"data":"Using 1 of 4 CPU threads\n"}
,{"stream_name":"stdout","time":8992.012370968,"data":"Searching for best T0 for period 1.18685 days\n"}
,{"stream_name":"stdout","time":9004.753711504,"data":"Searching for best T0 for period 11.07992 days\n"}
,{"stream_name":"stderr","time":9009.209577034,"data":"/usr/local/lib/python3.13/dist-packages/transitleastsquares/main.py:411: UserWarning: 10 of 24 transits without data. The true period may be twice the given period.\n"}
,{"stream_name":"stderr","time":9009.209764736,"data":"  warnings.warn(text)\n"}
,{"stream_name":"stdout","time":9009.529454795,"data":"Transit Least Squares TLS 1.32 (5 Apr 2024)\n"}
,{"stream_name":"stdout","time":9009.53222333,"data":"Creating model cache for 43 durations\n"}
,{"stream_name":"stdout","time":9009.546347771,"data":"Searching 9320 data points, 6808 periods from 0.704 to 29.99 days\n"}
,{"stream_name":"stdout","time":9009.546556641,"data":"Using 1 of 4 CPU threads\n"}
,{"stream_name":"stdout","time":9025.570263414,"data":"Transit Least Squares TLS 1.32 (5 Apr 2024)\n"}
,{"stream_name":"stdout","time":9025.575519814,"data":"Creating model cache for 43 durations\n"}
,{"stream_name":"stdout","time":9025.591374648,"data":"Searching 22060 data points, 11436 periods from 1.287 to 29.994 days\n"}
,{"stream_name":"stdout","time":9025.591526358,"data":"Using 1 of 4 CPU threads\n"}
,{"stream_name":"stdout","time":9175.910395778,"data":"Searching for best T0 for period 4.02977 days\n"}
,{"stream_name":"stdout","time":9188.117592909,"data":"Transit Least Squares TLS 1.32 (5 Apr 2024)\n"}
,{"stream_name":"stdout","time":9188.120708965,"data":"Creating model cache for 43 durations\n"}
,{"stream_name":"stdout","time":9188.13468613,"data":"Searching 12649 data points, 8650 periods from 0.759 to 29.983 days\n"}
,{"stream_name":"stdout","time":9188.134828523,"data":"Using 1 of 4 CPU threads\n"}
,{"stream_name":"stdout","time":9190.588754611,"data":"Searching for best T0 for period 1.05196 days\n"}
,{"stream_name":"stdout","time":9205.874760579,"data":"Transit Least Squares TLS 1.32 (5 Apr 2024)\n"}
,{"stream_name":"stdout","time":9205.880418724,"data":"Creating model cache for 43 durations\n"}
,{"stream_name":"stdout","time":9205.897031895,"data":"Searching 28734 data points, 13074 periods from 1.161 to 29.994 days\n"}
,{"stream_name":"stdout","time":9205.897181748,"data":"Using 1 of 4 CPU threads\n"}
,{"stream_name":"stdout","time":9437.502245864,"data":"Searching for best T0 for period 0.91887 days\n"}
,{"stream_name":"stderr","time":9441.525400572,"data":"/usr/local/lib/python3.13/dist-packages/transitleastsquares/main.py:411: UserWarning: 172 of 325 transits without data. The true period may be twice the given period.\n"}
,{"stream_name":"stderr","time":9441.525439231,"data":"  warnings.warn(text)\n"}
,{"stream_name":"stdout","time":9442.829100729,"data":"Searching for best T0 for period 1.24253 days\n"}
,{"stream_name":"stdout","time":9455.631515356,"data":"Transit Least Squares TLS 1.32 (5 Apr 2024)\n"}
,{"stream_name":"stdout","time":9455.632986724,"data":"Creating model cache for 38 durations\n"}
,{"stream_name":"stdout","time":9455.644831607,"data":"Searching 3727 data points, 1897 periods from 0.758 to 13.701 days\n"}
,{"stream_name":"stdout","time":9455.645039609,"data":"Using 1 of 4 CPU threads\n"}
,{"stream_name":"stdout","time":9462.34663867,"data":"Transit Least Squares TLS 1.32 (5 Apr 2024)\n"}
,{"stream_name":"stdout","time":9462.354908505,"data":"Creating model cache for 43 durations\n"}
,{"stream_name":"stdout","time":9462.374207228,"data":"Searching 20053 data points, 21861 periods from 0.812 to 29.991 days\n"}
,{"stream_name":"stdout","time":9462.374374134,"data":"Using 1 of 4 CPU threads\n"}
,{"stream_name":"stdout","time":9472.609394432,"data":"Searching for best T0 for period 1.30196 days\n"}
,{"stream_name":"stdout","time":9477.372621466,"data":"Transit Least Squares TLS 1.32 (5 Apr 2024)\n"}
,{"stream_name":"stdout","time":9477.373872658,"data":"Creating model cache for 38 durations\n"}
,{"stream_name":"stdout","time":9477.383230687,"data":"Searching 2699 data points, 3202 periods from 0.5 to 13.02 days\n"}
,{"stream_name":"stdout","time":9477.383362703,"data":"Using 1 of 4 CPU threads\n"}
,{"stream_name":"stdout","time":9496.210383978,"data":"Searching for best T0 for period 4.99064 days\n"}
,{"stream_name":"stdout","time":9500.371094005,"data":"Searching for best T0 for period 2.03778 days\n"}
,{"stream_name":"stderr","time":9503.545202479,"data":"/usr/local/lib/python3.13/dist-packages/transitleastsquares/main.py:411: UserWarning: 53 of 131 transits without data. The true period may be twice the given period.\n"}
,{"stream_name":"stderr","time":9503.54525881,"data":"  warnings.warn(text)\n"}
,{"stream_name":"stdout","time":9504.020889581,"data":"Transit Least Squares TLS 1.32 (5 Apr 2024)\n"}
,{"stream_name":"stdout","time":9504.025519057,"data":"Creating model cache for 43 durations\n"}
,{"stream_name":"stdout","time":9504.03963562,"data":"Searching 19942 data points, 9251 periods from 1.161 to 29.99 days\n"}
,{"stream_name":"stdout","time":9504.039799109,"data":"Using 1 of 4 CPU threads\n"}
,{"stream_name":"stdout","time":9526.733997647,"data":"Transit Least Squares TLS 1.32 (5 Apr 2024)\n"}
,{"stream_name":"stdout","time":9526.74723436,"data":"Creating model cache for 43 durations\n"}
,{"stream_name":"stdout","time":9526.770693129,"data":"Searching 27378 data points, 37350 periods from 0.5 to 29.994 days\n"}
,{"stream_name":"stdout","time":9526.771003672,"data":"Using 1 of 4 CPU threads\n"}
,{"stream_name":"stdout","time":9934.055124805,"data":"Searching for best T0 for period 8.24602 days\n"}
,{"stream_name":"stdout","time":9948.075014346,"data":"Transit Least Squares TLS 1.32 (5 Apr 2024)\n"}
,{"stream_name":"stdout","time":9948.077530259,"data":"Creating model cache for 37 durations\n"}
,{"stream_name":"stdout","time":9948.088332806,"data":"Searching 3367 data points, 5905 periods from 0.5 to 12.419 days\n"}
,{"stream_name":"stdout","time":9948.08847405,"data":"Using 1 of 4 CPU threads\n"}
,{"stream_name":"stdout","time":9960.492512419,"data":"Searching for best T0 for period 1.67815 days\n"}
,{"stream_name":"stderr","time":9964.696748627,"data":"/usr/local/lib/python3.13/dist-packages/transitleastsquares/main.py:411: UserWarning: 93 of 178 transits without data. The true period may be twice the given period.\n"}
,{"stream_name":"stderr","time":9964.696804431,"data":"  warnings.warn(text)\n"}
,{"stream_name":"stdout","time":9982.227427021,"data":"Transit Least Squares TLS 1.32 (5 Apr 2024)\n"}
,{"stream_name":"stdout","time":9982.23527667,"data":"Creating model cache for 43 durations\n"}
,{"stream_name":"stdout","time":9982.254308437,"data":"Searching 20053 data points, 21861 periods from 0.812 to 29.991 days\n"}
,{"stream_name":"stdout","time":9982.254495699,"data":"Using 1 of 4 CPU threads\n"}
,{"stream_name":"stdout","time":9994.584806043,"data":"Searching for best T0 for period 3.08877 days\n"}
,{"stream_name":"stdout","time":10000.682495761,"data":"Transit Least Squares TLS 1.32 (5 Apr 2024)\n"}
,{"stream_name":"stdout","time":10000.703944786,"data":"Creating model cache for 43 durations\n"}
,{"stream_name":"stdout","time":10000.730442701,"data":"Searching 10386 data points, 58987 periods from 0.5 to 29.996 days\n"}
,{"stream_name":"stdout","time":10000.730591657,"data":"Using 1 of 4 CPU threads\n"}
,{"stream_name":"stdout","time":10178.203515461,"data":"Searching for best T0 for period 2.87630 days\n"}
,{"stream_name":"stdout","time":10204.462653771,"data":"Transit Least Squares TLS 1.32 (5 Apr 2024)\n"}
,{"stream_name":"stdout","time":10204.467154102,"data":"Creating model cache for 43 durations\n"}
,{"stream_name":"stdout","time":10204.483018755,"data":"Searching 22502 data points, 10479 periods from 1.161 to 29.998 days\n"}
,{"stream_name":"stdout","time":10204.483376795,"data":"Using 1 of 4 CPU threads\n"}
,{"stream_name":"stdout","time":10636.625014732,"data":"Searching for best T0 for period 13.94614 days\n"}
,{"stream_name":"stderr","time":10641.923838796,"data":"/usr/local/lib/python3.13/dist-packages/transitleastsquares/main.py:411: UserWarning: 10 of 22 transits without data. The true period may be twice the given period.\n"}
,{"stream_name":"stderr","time":10641.923966788,"data":"  warnings.warn(text)\n"}
,{"stream_name":"stdout","time":10650.289549819,"data":"203/399 10243s\n"}
,{"stream_name":"stdout","time":10651.948250732,"data":"Transit Least Squares TLS 1.32 (5 Apr 2024)\n"}
,{"stream_name":"stdout","time":10651.950019875,"data":"Creating model cache for 42 durations\n"}
,{"stream_name":"stdout","time":10651.960878739,"data":"Searching 6485 data points, 4285 periods from 0.711 to 25.747 days\n"}
,{"stream_name":"stdout","time":10651.960907824,"data":"Using 1 of 4 CPU threads\n"}
,{"stream_name":"stdout","time":10706.486455675,"data":"Searching for best T0 for period 4.07244 days\n"}
,{"stream_name":"stdout","time":10713.880725548,"data":"Transit Least Squares TLS 1.32 (5 Apr 2024)\n"}
,{"stream_name":"stdout","time":10713.882571093,"data":"Creating model cache for 42 durations\n"}
,{"stream_name":"stdout","time":10713.894787435,"data":"Searching 6485 data points, 4285 periods from 0.711 to 25.747 days\n"}
,{"stream_name":"stdout","time":10713.894950044,"data":"Using 1 of 4 CPU threads\n"}
,{"stream_name":"stdout","time":10767.62327408,"data":"Searching for best T0 for period 6.72894 days\n"}
,{"stream_name":"stdout","time":10773.954296355,"data":"Transit Least Squares TLS 1.32 (5 Apr 2024)\n"}
,{"stream_name":"stdout","time":10773.955394899,"data":"Creating model cache for 38 durations\n"}
,{"stream_name":"stdout","time":10773.966478513,"data":"Searching 3039 data points, 1895 periods from 0.711 to 12.833 days\n"}
,{"stream_name":"stdout","time":10773.966528023,"data":"Using 1 of 4 CPU threads\n"}
,{"stream_name":"stdout","time":10786.780441903,"data":"Searching for best T0 for period 0.97831 days\n"}
,{"stream_name":"stdout","time":10792.407453677,"data":"Transit Least Squares TLS 1.32 (5 Apr 2024)\n"}
,{"stream_name":"stdout","time":10792.409370762,"data":"Creating model cache for 42 durations\n"}
,{"stream_name":"stdout","time":10792.420526679,"data":"Searching 6485 data points, 4285 periods from 0.711 to 25.747 days\n"}
,{"stream_name":"stdout","time":10792.420702587,"data":"Using 1 of 4 CPU threads\n"}
,{"stream_name":"stdout","time":10814.234587518,"data":"Searching for best T0 for period 26.32845 days\n"}
,{"stream_name":"stderr","time":10840.299787936,"data":"/usr/local/lib/python3.13/dist-packages/transitleastsquares/main.py:411: UserWarning: 7 of 10 transits without data. The true period may be twice the given period.\n"}
,{"stream_name":"stderr","time":10840.299850148,"data":"  warnings.warn(text)\n"}
,{"stream_name":"stdout","time":10845.576307199,"data":"Searching for best T0 for period 1.05077 days\n"}
,{"stream_name":"stdout","time":10851.910088998,"data":"Searching for best T0 for period 1.81233 days\n"}
,{"stream_name":"stdout","time":10853.793849088,"data":"Transit Least Squares TLS 1.32 (5 Apr 2024)\n"}
,{"stream_name":"stdout","time":10853.804019102,"data":"Creating model cache for 43 durations\n"}
,{"stream_name":"stdout","time":10853.827377974,"data":"Searching 18683 data points, 26355 periods from 0.5 to 29.991 days\n"}
,{"stream_name":"stdout","time":10853.82743054,"data":"Using 1 of 4 CPU threads\n"}
,{"stream_name":"stdout","time":10859.705654243,"data":"Transit Least Squares TLS 1.32 (5 Apr 2024)\n"}
,{"stream_name":"stdout","time":10859.718037308,"data":"Creating model cache for 43 durations\n"}
,{"stream_name":"stdout","time":10859.741005716,"data":"Searching 27384 data points, 32502 periods from 0.5 to 29.995 days\n"}
,{"stream_name":"stdout","time":10859.741400761,"data":"Using 1 of 4 CPU threads\n"}
,{"stream_name":"stdout","time":10870.532099623,"data":"Transit Least Squares TLS 1.32 (5 Apr 2024)\n"}
,{"stream_name":"stdout","time":10870.534027978,"data":"Creating model cache for 38 durations\n"}
,{"stream_name":"stdout","time":10870.544063459,"data":"Searching 3565 data points, 3520 periods from 0.5 to 13.156 days\n"}
,{"stream_name":"stdout","time":10870.54416358,"data":"Using 1 of 4 CPU threads\n"}
,{"stream_name":"stdout","time":10905.459717819,"data":"Searching for best T0 for period 2.60755 days\n"}
,{"stream_name":"stdout","time":10911.533141807,"data":"Transit Least Squares TLS 1.32 (5 Apr 2024)\n"}
,{"stream_name":"stdout","time":10911.537783999,"data":"Creating model cache for 43 durations\n"}
,{"stream_name":"stdout","time":10911.552425556,"data":"Searching 10650 data points, 12602 periods from 0.5 to 29.989 days\n"}
,{"stream_name":"stdout","time":10911.552593242,"data":"Using 1 of 4 CPU threads\n"}
,{"stream_name":"stdout","time":11072.047789556,"data":"Searching for best T0 for period 1.09794 days\n"}
,{"stream_name":"stderr","time":11075.915637484,"data":"/usr/local/lib/python3.13/dist-packages/transitleastsquares/main.py:411: UserWarning: 133 of 200 transits without data. The true period may be twice the given period.\n"}
,{"stream_name":"stderr","time":11075.915683386,"data":"  warnings.warn(text)\n"}
,{"stream_name":"stdout","time":11082.287996331,"data":"Transit Least Squares TLS 1.32 (5 Apr 2024)\n"}
,{"stream_name":"stdout","time":11082.28915667,"data":"Creating model cache for 37 durations\n"}
,{"stream_name":"stdout","time":11082.29861448,"data":"Searching 2933 data points, 2389 periods from 0.531 to 11.645 days\n"}
,{"stream_name":"stdout","time":11082.298751919,"data":"Using 1 of 4 CPU threads\n"}
,{"stream_name":"stdout","time":11097.178153277,"data":"Searching for best T0 for period 3.76960 days\n"}
,{"stream_name":"stdout","time":11101.58265542,"data":"Transit Least Squares TLS 1.32 (5 Apr 2024)\n"}
,{"stream_name":"stdout","time":11101.582691039,"data":"Creating model cache for 43 durations\n"}
,{"stream_name":"stdout","time":11101.593915469,"data":"Searching 6399 data points, 4066 periods from 0.763 to 26.395 days\n"}
,{"stream_name":"stdout","time":11101.594075847,"data":"Using 1 of 4 CPU threads\n"}
,{"stream_name":"stdout","time":11138.329871474,"data":"Searching for best T0 for period 7.21281 days\n"}
,{"stream_name":"stdout","time":11144.949214299,"data":"Transit Least Squares TLS 1.32 (5 Apr 2024)\n"}
,{"stream_name":"stdout","time":11144.952428022,"data":"Creating model cache for 43 durations\n"}
,{"stream_name":"stdout","time":11144.962527259,"data":"Searching 6399 data points, 4066 periods from 0.763 to 26.395 days\n"}
,{"stream_name":"stdout","time":11144.962667649,"data":"Using 1 of 4 CPU threads\n"}
,{"stream_name":"stdout","time":11204.612922714,"data":"Searching for best T0 for period 6.52667 days\n"}
,{"stream_name":"stdout","time":11212.611476381,"data":"Transit Least Squares TLS 1.32 (5 Apr 2024)\n"}
,{"stream_name":"stdout","time":11212.614699116,"data":"Creating model cache for 43 durations\n"}
,{"stream_name":"stdout","time":11212.628304242,"data":"Searching 13360 data points, 8285 periods from 0.763 to 29.982 days\n"}
,{"stream_name":"stdout","time":11212.628657461,"data":"Using 1 of 4 CPU threads\n"}
,{"stream_name":"stdout","time":11245.458682205,"data":"Searching for best T0 for period 1.93258 days\n"}
,{"stream_name":"stdout","time":11260.181214503,"data":"Transit Least Squares TLS 1.32 (5 Apr 2024)\n"}
,{"stream_name":"stdout","time":11260.187141222,"data":"Creating model cache for 43 durations\n"}
,{"stream_name":"stdout","time":11260.204767951,"data":"Searching 26143 data points, 16508 periods from 0.787 to 29.999 days\n"}
,{"stream_name":"stdout","time":11260.207402594,"data":"Using 1 of 4 CPU threads\n"}
,{"stream_name":"stdout","time":11535.10677555,"data":"Searching for best T0 for period 1.18715 days\n"}
,{"stream_name":"stdout","time":11549.653385979,"data":"Transit Least Squares TLS 1.32 (5 Apr 2024)\n"}
,{"stream_name":"stdout","time":11549.656616612,"data":"Creating model cache for 43 durations\n"}
,{"stream_name":"stdout","time":11549.668942152,"data":"Searching 9912 data points, 6260 periods from 0.763 to 29.988 days\n"}
,{"stream_name":"stdout","time":11549.66925074,"data":"Using 1 of 4 CPU threads\n"}
,{"stream_name":"stdout","time":11720.11716456,"data":"Searching for best T0 for period 2.11407 days\n"}
,{"stream_name":"stdout","time":11730.213830703,"data":"Transit Least Squares TLS 1.32 (5 Apr 2024)\n"}
,{"stream_name":"stdout","time":11730.220292345,"data":"Creating model cache for 43 durations\n"}
,{"stream_name":"stdout","time":11730.235999949,"data":"Searching 10380 data points, 18399 periods from 0.705 to 29.993 days\n"}
,{"stream_name":"stdout","time":11730.236161474,"data":"Using 1 of 4 CPU threads\n"}
,{"stream_name":"stdout","time":11829.171536832,"data":"Searching for best T0 for period 23.07283 days\n"}
,{"stream_name":"stdout","time":11845.690241921,"data":"Searching for best T0 for period 16.88711 days\n"}
,{"stream_name":"stderr","time":11854.914134237,"data":"/usr/local/lib/python3.13/dist-packages/transitleastsquares/main.py:411: UserWarning: 4 of 11 transits without data. The true period may be twice the given period.\n"}
,{"stream_name":"stderr","time":11854.914177979,"data":"  warnings.warn(text)\n"}
,{"stream_name":"stdout","time":11855.732065016,"data":"Transit Least Squares TLS 1.32 (5 Apr 2024)\n"}
,{"stream_name":"stdout","time":11855.740291536,"data":"Creating model cache for 43 durations\n"}
,{"stream_name":"stdout","time":11855.758621736,"data":"Searching 29107 data points, 20443 periods from 0.787 to 29.997 days\n"}
,{"stream_name":"stdout","time":11855.75885677,"data":"Using 1 of 4 CPU threads\n"}
,{"stream_name":"stdout","time":11866.825472314,"data":"Transit Least Squares TLS 1.32 (5 Apr 2024)\n"}
,{"stream_name":"stdout","time":11866.831207145,"data":"Creating model cache for 43 durations\n"}
,{"stream_name":"stdout","time":11866.853069881,"data":"Searching 15718 data points, 22304 periods from 0.5 to 29.998 days\n"}
,{"stream_name":"stdout","time":11866.85323002,"data":"Using 1 of 4 CPU threads\n"}
,{"stream_name":"stdout","time":11989.683980527,"data":"Searching for best T0 for period 0.90697 days\n"}
,{"stream_name":"stderr","time":11991.547096782,"data":"/usr/local/lib/python3.13/dist-packages/transitleastsquares/main.py:411: UserWarning: 157 of 237 transits without data. The true period may be twice the given period.\n"}
,{"stream_name":"stderr","time":11991.547145031,"data":"  warnings.warn(text)\n"}
,{"stream_name":"stdout","time":12004.471635521,"data":"Transit Least Squares TLS 1.32 (5 Apr 2024)\n"}
,{"stream_name":"stdout","time":12004.478835639,"data":"Creating model cache for 43 durations\n"}
,{"stream_name":"stdout","time":12004.495184498,"data":"Searching 13320 data points, 20862 periods from 0.705 to 29.992 days\n"}
,{"stream_name":"stdout","time":12004.495335664,"data":"Using 1 of 4 CPU threads\n"}
,{"stream_name":"stdout","time":12496.446458248,"data":"Searching for best T0 for period 9.36960 days\n"}
,{"stream_name":"stdout","time":12512.950445247,"data":"Transit Least Squares TLS 1.32 (5 Apr 2024)\n"}
,{"stream_name":"stdout","time":12512.956643446,"data":"Creating model cache for 43 durations\n"}
,{"stream_name":"stdout","time":12512.972799626,"data":"Searching 12277 data points, 17471 periods from 0.5 to 29.997 days\n"}
,{"stream_name":"stdout","time":12512.972904002,"data":"Using 1 of 4 CPU threads\n"}
,{"stream_name":"stdout","time":12747.913439313,"data":"Searching for best T0 for period 0.81451 days\n"}
,{"stream_name":"stderr","time":12750.534486205,"data":"/usr/local/lib/python3.13/dist-packages/transitleastsquares/main.py:411: UserWarning: 185 of 299 transits without data. The true period may be twice the given period.\n"}
,{"stream_name":"stderr","time":12750.535363823,"data":"  warnings.warn(text)\n"}
,{"stream_name":"stdout","time":12763.684334571,"data":"Transit Least Squares TLS 1.32 (5 Apr 2024)\n"}
,{"stream_name":"stdout","time":12763.68945102,"data":"Creating model cache for 43 durations\n"}
,{"stream_name":"stdout","time":12763.7046689,"data":"Searching 13060 data points, 12577 periods from 1.097 to 29.989 days\n"}
,{"stream_name":"stdout","time":12763.704982215,"data":"Using 1 of 4 CPU threads\n"}
,{"stream_name":"stdout","time":12905.773385114,"data":"Searching for best T0 for period 7.37014 days\n"}
,{"stream_name":"stdout","time":12918.803382759,"data":"Transit Least Squares TLS 1.32 (5 Apr 2024)\n"}
,{"stream_name":"stdout","time":12918.804993607,"data":"Creating model cache for 38 durations\n"}
,{"stream_name":"stdout","time":12918.814367296,"data":"Searching 3756 data points, 1874 periods from 0.78 to 13.938 days\n"}
,{"stream_name":"stdout","time":12918.814704501,"data":"Using 1 of 4 CPU threads\n"}
,{"stream_name":"stdout","time":12938.447839905,"data":"Searching for best T0 for period 1.72392 days\n"}
,{"stream_name":"stdout","time":12942.232379174,"data":"Transit Least Squares TLS 1.32 (5 Apr 2024)\n"}
,{"stream_name":"stdout","time":12942.235390137,"data":"Creating model cache for 38 durations\n"}
,{"stream_name":"stdout","time":12942.242947777,"data":"Searching 3756 data points, 1874 periods from 0.78 to 13.938 days\n"}
,{"stream_name":"stdout","time":12942.243058978,"data":"Using 1 of 4 CPU threads\n"}
,{"stream_name":"stdout","time":12960.723388421,"data":"Searching for best T0 for period 1.15560 days\n"}
,{"stream_name":"stdout","time":12965.2659918,"data":"Transit Least Squares TLS 1.32 (5 Apr 2024)\n"}
,{"stream_name":"stdout","time":12965.268382069,"data":"Creating model cache for 38 durations\n"}
,{"stream_name":"stdout","time":12965.276711069,"data":"Searching 3756 data points, 1874 periods from 0.78 to 13.938 days\n"}
,{"stream_name":"stdout","time":12965.27682682,"data":"Using 1 of 4 CPU threads\n"}
,{"stream_name":"stdout","time":12979.652094995,"data":"Searching for best T0 for period 13.07395 days\n"}
,{"stream_name":"stdout","time":12984.522641222,"data":"Transit Least Squares TLS 1.32 (5 Apr 2024)\n"}
,{"stream_name":"stdout","time":12984.524951561,"data":"Creating model cache for 43 durations\n"}
,{"stream_name":"stdout","time":12984.537420102,"data":"Searching 9943 data points, 3926 periods from 1.155 to 29.978 days\n"}
,{"stream_name":"stdout","time":12984.537701229,"data":"Using 1 of 4 CPU threads\n"}
,{"stream_name":"stdout","time":13078.277976028,"data":"Searching for best T0 for period 1.57334 days\n"}
,{"stream_name":"stdout","time":13093.043555987,"data":"Transit Least Squares TLS 1.32 (5 Apr 2024)\n"}
,{"stream_name":"stdout","time":13093.048825386,"data":"Creating model cache for 43 durations\n"}
,{"stream_name":"stdout","time":13093.063821257,"data":"Searching 21998 data points, 12975 periods from 1.155 to 29.996 days\n"}
,{"stream_name":"stdout","time":13093.063959901,"data":"Using 1 of 4 CPU threads\n"}
,{"stream_name":"stdout","time":13122.995810259,"data":"Searching for best T0 for period 1.24781 days\n"}
,{"stream_name":"stdout","time":13152.489113428,"data":"Transit Least Squares TLS 1.32 (5 Apr 2024)\n"}
,{"stream_name":"stdout","time":13152.497240971,"data":"Creating model cache for 43 durations\n"}
,{"stream_name":"stdout","time":13152.516336333,"data":"Searching 20829 data points, 24793 periods from 0.5 to 29.996 days\n"}
,{"stream_name":"stdout","time":13152.516460637,"data":"Using 1 of 4 CPU threads\n"}
,{"stream_name":"stdout","time":13245.368216351,"data":"Searching for best T0 for period 1.23166 days\n"}
,{"stream_name":"stderr","time":13247.33263096,"data":"/usr/local/lib/python3.13/dist-packages/transitleastsquares/main.py:411: UserWarning: 123 of 198 transits without data. The true period may be twice the given period.\n"}
,{"stream_name":"stderr","time":13247.332671437,"data":"  warnings.warn(text)\n"}
,{"stream_name":"stdout","time":13261.585367966,"data":"Transit Least Squares TLS 1.32 (5 Apr 2024)\n"}
,{"stream_name":"stdout","time":13261.593611405,"data":"Creating model cache for 43 durations\n"}
,{"stream_name":"stdout","time":13261.60840893,"data":"Searching 13060 data points, 12577 periods from 1.097 to 29.989 days\n"}
,{"stream_name":"stdout","time":13261.608878289,"data":"Using 1 of 4 CPU threads\n"}
,{"stream_name":"stdout","time":13358.011375035,"data":"Searching for best T0 for period 3.20299 days\n"}
,{"stream_name":"stdout","time":13383.171342461,"data":"Transit Least Squares TLS 1.32 (5 Apr 2024)\n"}
,{"stream_name":"stdout","time":13383.17607017,"data":"Creating model cache for 43 durations\n"}
,{"stream_name":"stdout","time":13383.192201141,"data":"Searching 19297 data points, 12412 periods from 0.787 to 29.997 days\n"}
,{"stream_name":"stdout","time":13383.192498819,"data":"Using 1 of 4 CPU threads\n"}
,{"stream_name":"stdout","time":13501.139425499,"data":"Searching for best T0 for period 3.84426 days\n"}
,{"stream_name":"stderr","time":13502.962706379,"data":"/usr/local/lib/python3.13/dist-packages/transitleastsquares/main.py:411: UserWarning: 40 of 64 transits without data. The true period may be twice the given period.\n"}
,{"stream_name":"stderr","time":13502.962758127,"data":"  warnings.warn(text)\n"}
,{"stream_name":"stdout","time":13513.36333584,"data":"Transit Least Squares TLS 1.32 (5 Apr 2024)\n"}
,{"stream_name":"stdout","time":13513.365976603,"data":"Creating model cache for 43 durations\n"}
,{"stream_name":"stdout","time":13513.378469251,"data":"Searching 7485 data points, 6554 periods from 0.534 to 28.107 days\n"}
,{"stream_name":"stdout","time":13513.378661264,"data":"Using 1 of 4 CPU threads\n"}
,{"stream_name":"stdout","time":13582.177233308,"data":"Searching for best T0 for period 1.27116 days\n"}
,{"stream_name":"stderr","time":13585.421757558,"data":"/usr/local/lib/python3.13/dist-packages/transitleastsquares/main.py:411: UserWarning: 88 of 210 transits without data. The true period may be twice the given period.\n"}
,{"stream_name":"stderr","time":13585.421794628,"data":"  warnings.warn(text)\n"}
,{"stream_name":"stdout","time":13599.210505451,"data":"Searching for best T0 for period 14.80403 days\n"}
,{"stream_name":"stdout","time":13605.761132487,"data":"Transit Least Squares TLS 1.32 (5 Apr 2024)\n"}
,{"stream_name":"stdout","time":13605.762684373,"data":"Creating model cache for 38 durations\n"}
,{"stream_name":"stdout","time":13605.772755953,"data":"Searching 3753 data points, 1991 periods from 0.741 to 13.938 days\n"}
,{"stream_name":"stdout","time":13605.773063973,"data":"Using 1 of 4 CPU threads\n"}
,{"stream_name":"stdout","time":13610.033351532,"data":"Transit Least Squares TLS 1.32 (5 Apr 2024)\n"}
,{"stream_name":"stdout","time":13610.038075807,"data":"Creating model cache for 43 durations\n"}
,{"stream_name":"stdout","time":13610.054237959,"data":"Searching 21998 data points, 12975 periods from 1.155 to 29.996 days\n"}
,{"stream_name":"stdout","time":13610.054451613,"data":"Using 1 of 4 CPU threads\n"}
,{"stream_name":"stdout","time":13625.226425901,"data":"Searching for best T0 for period 3.92792 days\n"}
,{"stream_name":"stdout","time":13633.683586704,"data":"Transit Least Squares TLS 1.32 (5 Apr 2024)\n"}
,{"stream_name":"stdout","time":13633.690426703,"data":"Creating model cache for 43 durations\n"}
,{"stream_name":"stdout","time":13633.711464898,"data":"Searching 22580 data points, 19730 periods from 0.672 to 29.998 days\n"}
,{"stream_name":"stdout","time":13633.711503781,"data":"Using 1 of 4 CPU threads\n"}
,{"stream_name":"stdout","time":13945.721596284,"data":"Searching for best T0 for period 7.06602 days\n"}
,{"stream_name":"stdout","time":13964.574819264,"data":"Transit Least Squares TLS 1.32 (5 Apr 2024)\n"}
,{"stream_name":"stdout","time":13964.580516032,"data":"Creating model cache for 43 durations\n"}
,{"stream_name":"stdout","time":13964.597530731,"data":"Searching 26143 data points, 16508 periods from 0.787 to 29.999 days\n"}
,{"stream_name":"stdout","time":13964.597664447,"data":"Using 1 of 4 CPU threads\n"}
,{"stream_name":"stdout","time":14291.558605492,"data":"Searching for best T0 for period 4.14047 days\n"}
,{"stream_name":"stdout","time":14296.773410929,"data":"Searching for best T0 for period 5.99187 days\n"}
,{"stream_name":"stdout","time":14314.566665527,"data":"Transit Least Squares TLS 1.32 (5 Apr 2024)\n"}
,{"stream_name":"stdout","time":14314.573823142,"data":"Creating model cache for 43 durations\n"}
,{"stream_name":"stdout","time":14314.591613898,"data":"Searching 22580 data points, 19730 periods from 0.672 to 29.998 days\n"}
,{"stream_name":"stdout","time":14314.591723448,"data":"Using 1 of 4 CPU threads\n"}
,{"stream_name":"stdout","time":14316.222490484,"data":"Transit Least Squares TLS 1.32 (5 Apr 2024)\n"}
,{"stream_name":"stdout","time":14316.226469181,"data":"Creating model cache for 42 durations\n"}
,{"stream_name":"stdout","time":14316.236764806,"data":"Searching 5549 data points, 4635 periods from 0.649 to 25.17 days\n"}
,{"stream_name":"stdout","time":14316.236944665,"data":"Using 1 of 4 CPU threads\n"}
,{"stream_name":"stdout","time":14372.329284657,"data":"Searching for best T0 for period 4.19778 days\n"}
,{"stream_name":"stdout","time":14378.787125798,"data":"Transit Least Squares TLS 1.32 (5 Apr 2024)\n"}
,{"stream_name":"stdout","time":14378.790372507,"data":"Creating model cache for 43 durations\n"}
,{"stream_name":"stdout","time":14378.803745145,"data":"Searching 7941 data points, 7403 periods from 0.649 to 29.987 days\n"}
,{"stream_name":"stdout","time":14378.804058317,"data":"Using 1 of 4 CPU threads\n"}
,{"stream_name":"stdout","time":14391.31643345,"data":"Searching for best T0 for period 1.48638 days\n"}
,{"stream_name":"stderr","time":14395.179289149,"data":"/usr/local/lib/python3.13/dist-packages/transitleastsquares/main.py:411: UserWarning: 75 of 180 transits without data. The true period may be twice the given period.\n"}
,{"stream_name":"stderr","time":14395.179344041,"data":"  warnings.warn(text)\n"}
,{"stream_name":"stdout","time":14409.376443373,"data":"Transit Least Squares TLS 1.32 (5 Apr 2024)\n"}
,{"stream_name":"stdout","time":14409.377339733,"data":"Creating model cache for 37 durations\n"}
,{"stream_name":"stdout","time":14409.388808111,"data":"Searching 2769 data points, 935 periods from 1.154 to 11.795 days\n"}
,{"stream_name":"stdout","time":14409.3890021,"data":"Using 1 of 4 CPU threads\n"}
,{"stream_name":"stdout","time":14415.870919322,"data":"Searching for best T0 for period 8.56099 days\n"}
,{"stream_name":"stdout","time":14418.921308277,"data":"Transit Least Squares TLS 1.32 (5 Apr 2024)\n"}
,{"stream_name":"stdout","time":14418.922164626,"data":"Creating model cache for 37 durations\n"}
,{"stream_name":"stdout","time":14418.931132867,"data":"Searching 2769 data points, 935 periods from 1.154 to 11.795 days\n"}
,{"stream_name":"stdout","time":14418.931374976,"data":"Using 1 of 4 CPU threads\n"}
,{"stream_name":"stdout","time":14426.322177925,"data":"Searching for best T0 for period 3.77276 days\n"}
,{"stream_name":"stdout","time":14431.288456423,"data":"Transit Least Squares TLS 1.32 (5 Apr 2024)\n"}
,{"stream_name":"stdout","time":14431.289979553,"data":"Creating model cache for 43 durations\n"}
,{"stream_name":"stdout","time":14431.306311953,"data":"Searching 9944 data points, 11005 periods from 0.5 to 29.984 days\n"}
,{"stream_name":"stdout","time":14431.306477823,"data":"Using 1 of 4 CPU threads\n"}
,{"stream_name":"stdout","time":14514.90923453,"data":"Searching for best T0 for period 7.10974 days\n"}
,{"stream_name":"stderr","time":14517.623304705,"data":"/usr/local/lib/python3.13/dist-packages/transitleastsquares/main.py:411: UserWarning: 5 of 11 transits without data. The true period may be twice the given period.\n"}
,{"stream_name":"stderr","time":14517.623361984,"data":"  warnings.warn(text)\n"}
,{"stream_name":"stdout","time":14523.426015097,"data":"Transit Least Squares TLS 1.32 (5 Apr 2024)\n"}
,{"stream_name":"stdout","time":14523.429257047,"data":"Creating model cache for 43 durations\n"}
,{"stream_name":"stdout","time":14523.442186659,"data":"Searching 7941 data points, 7403 periods from 0.649 to 29.987 days\n"}
,{"stream_name":"stdout","time":14523.442340386,"data":"Using 1 of 4 CPU threads\n"}
,{"stream_name":"stdout","time":14602.593411512,"data":"Searching for best T0 for period 1.01029 days\n"}
,{"stream_name":"stdout","time":14615.507414901,"data":"Transit Least Squares TLS 1.32 (5 Apr 2024)\n"}
,{"stream_name":"stdout","time":14615.510813518,"data":"Creating model cache for 42 durations\n"}
,{"stream_name":"stdout","time":14615.52407271,"data":"Searching 6511 data points, 8580 periods from 0.5 to 25.341 days\n"}
,{"stream_name":"stdout","time":14615.524183404,"data":"Using 1 of 4 CPU threads\n"}
,{"stream_name":"stdout","time":14676.399455311,"data":"Searching for best T0 for period 1.46373 days\n"}
,{"stream_name":"stderr","time":14677.540255676,"data":"/usr/local/lib/python3.13/dist-packages/transitleastsquares/main.py:411: UserWarning: 18 of 54 transits without data. The true period may be twice the given period.\n"}
,{"stream_name":"stderr","time":14677.540296779,"data":"  warnings.warn(text)\n"}
,{"stream_name":"stdout","time":14686.185959353,"data":"Transit Least Squares TLS 1.32 (5 Apr 2024)\n"}
,{"stream_name":"stdout","time":14686.201947143,"data":"Creating model cache for 43 durations\n"}
,{"stream_name":"stdout","time":14686.225661183,"data":"Searching 10375 data points, 45577 periods from 0.5 to 29.997 days\n"}
,{"stream_name":"stdout","time":14686.225798263,"data":"Using 1 of 4 CPU threads\n"}
,{"stream_name":"stdout","time":14723.645778997,"data":"Searching for best T0 for period 0.73391 days\n"}
,{"stream_name":"stderr","time":14726.586796566,"data":"/usr/local/lib/python3.13/dist-packages/transitleastsquares/main.py:411: UserWarning: 48 of 69 transits without data. The true period may be twice the given period.\n"}
,{"stream_name":"stderr","time":14726.58685636,"data":"  warnings.warn(text)\n"}
,{"stream_name":"stdout","time":14731.929138959,"data":"Transit Least Squares TLS 1.32 (5 Apr 2024)\n"}
,{"stream_name":"stdout","time":14731.930507819,"data":"Creating model cache for 43 durations\n"}
,{"stream_name":"stdout","time":14731.94177508,"data":"Searching 7485 data points, 2734 periods from 1.144 to 28.107 days\n"}
,{"stream_name":"stdout","time":14731.941879807,"data":"Using 1 of 4 CPU threads\n"}
,{"stream_name":"stdout","time":14759.255716401,"data":"Searching for best T0 for period 7.29839 days\n"}
,{"stream_name":"stdout","time":14779.770242881,"data":"Transit Least Squares TLS 1.32 (5 Apr 2024)\n"}
,{"stream_name":"stdout","time":14779.781699686,"data":"Creating model cache for 43 durations\n"}
,{"stream_name":"stdout","time":14779.802651816,"data":"Searching 11090 data points, 31379 periods from 0.5 to 30.0 days\n"}
,{"stream_name":"stdout","time":14779.802954381,"data":"Using 1 of 4 CPU threads\n"}
,{"stream_name":"stdout","time":14783.018818777,"data":"Searching for best T0 for period 3.76802 days\n"}
,{"stream_name":"stdout","time":14791.653371558,"data":"Transit Least Squares TLS 1.32 (5 Apr 2024)\n"}
,{"stream_name":"stdout","time":14791.656775967,"data":"Creating model cache for 43 durations\n"}
,{"stream_name":"stdout","time":14791.670379064,"data":"Searching 10437 data points, 8098 periods from 1.145 to 29.995 days\n"}
,{"stream_name":"stdout","time":14791.670718543,"data":"Using 1 of 4 CPU threads\n"}
,{"stream_name":"stdout","time":15046.598067956,"data":"Searching for best T0 for period 1.45231 days\n"}
,{"stream_name":"stderr","time":15048.459043824,"data":"/usr/local/lib/python3.13/dist-packages/transitleastsquares/main.py:411: UserWarning: 64 of 114 transits without data. The true period may be twice the given period.\n"}
,{"stream_name":"stderr","time":15048.459087525,"data":"  warnings.warn(text)\n"}
,{"stream_name":"stdout","time":15055.29258776,"data":"Transit Least Squares TLS 1.32 (5 Apr 2024)\n"}
,{"stream_name":"stdout","time":15055.293706043,"data":"Creating model cache for 38 durations\n"}
,{"stream_name":"stdout","time":15055.30547331,"data":"Searching 3756 data points, 1169 periods from 1.144 to 13.938 days\n"}
,{"stream_name":"stdout","time":15055.30572127,"data":"Using 1 of 4 CPU threads\n"}
,{"stream_name":"stdout","time":15064.624497065,"data":"Searching for best T0 for period 2.01088 days\n"}
,{"stream_name":"stdout","time":15069.731418447,"data":"Transit Least Squares TLS 1.32 (5 Apr 2024)\n"}
,{"stream_name":"stdout","time":15069.732704803,"data":"Creating model cache for 43 durations\n"}
,{"stream_name":"stdout","time":15069.745074711,"data":"Searching 7053 data points, 2476 periods from 1.202 to 27.145 days\n"}
,{"stream_name":"stdout","time":15069.745308666,"data":"Using 1 of 4 CPU threads\n"}
,{"stream_name":"stdout","time":15121.281790423,"data":"Searching for best T0 for period 1.41868 days\n"}
,{"stream_name":"stdout","time":15129.84070498,"data":"Transit Least Squares TLS 1.32 (5 Apr 2024)\n"}
,{"stream_name":"stdout","time":15129.842035116,"data":"Creating model cache for 43 durations\n"}
,{"stream_name":"stdout","time":15129.853597097,"data":"Searching 7053 data points, 2476 periods from 1.202 to 27.145 days\n"}
,{"stream_name":"stdout","time":15129.85376266,"data":"Using 1 of 4 CPU threads\n"}
,{"stream_name":"stdout","time":15185.691939102,"data":"Searching for best T0 for period 2.37521 days\n"}
,{"stream_name":"stdout","time":15192.959019816,"data":"Transit Least Squares TLS 1.32 (5 Apr 2024)\n"}
,{"stream_name":"stdout","time":15192.971165306,"data":"Creating model cache for 43 durations\n"}
,{"stream_name":"stdout","time":15192.989911032,"data":"Searching 8494 data points, 31116 periods from 0.687 to 29.996 days\n"}
,{"stream_name":"stdout","time":15192.990099509,"data":"Using 1 of 4 CPU threads\n"}
,{"stream_name":"stdout","time":15477.769395131,"data":"Searching for best T0 for period 1.24695 days\n"}
,{"stream_name":"stdout","time":15499.77879847,"data":"Transit Least Squares TLS 1.32 (5 Apr 2024)\n"}
,{"stream_name":"stdout","time":15499.781124107,"data":"Creating model cache for 42 durations\n"}
,{"stream_name":"stdout","time":15499.793546128,"data":"Searching 6061 data points, 6715 periods from 0.5 to 25.527 days\n"}
,{"stream_name":"stdout","time":15499.793606481,"data":"Using 1 of 4 CPU threads\n"}
,{"stream_name":"stdout","time":15549.773261859,"data":"Searching for best T0 for period 11.21631 days\n"}
,{"stream_name":"stderr","time":15554.225950295,"data":"/usr/local/lib/python3.13/dist-packages/transitleastsquares/main.py:411: UserWarning: 12 of 18 transits without data. The true period may be twice the given period.\n"}
,{"stream_name":"stderr","time":15554.225988065,"data":"  warnings.warn(text)\n"}
,{"stream_name":"stdout","time":15561.676468569,"data":"Transit Least Squares TLS 1.32 (5 Apr 2024)\n"}
,{"stream_name":"stdout","time":15561.692509522,"data":"Creating model cache for 43 durations\n"}
,{"stream_name":"stdout","time":15561.715958356,"data":"Searching 10375 data points, 45577 periods from 0.5 to 29.997 days\n"}
,{"stream_name":"stdout","time":15561.71606245,"data":"Using 1 of 4 CPU threads\n"}
,{"stream_name":"stdout","time":15613.181295178,"data":"Searching for best T0 for period 0.75066 days\n"}
,{"stream_name":"stdout","time":15624.295659073,"data":"Transit Least Squares TLS 1.32 (5 Apr 2024)\n"}
,{"stream_name":"stdout","time":15624.307225977,"data":"Creating model cache for 43 durations\n"}
,{"stream_name":"stdout","time":15624.328510826,"data":"Searching 24432 data points, 32644 periods from 0.5 to 29.994 days\n"}
,{"stream_name":"stdout","time":15624.328615873,"data":"Using 1 of 4 CPU threads\n"}
,{"stream_name":"stdout","time":15676.753254653,"data":"Searching for best T0 for period 19.55986 days\n"}
,{"stream_name":"stdout","time":15677.300038196,"data":"Searching for best T0 for period 1.37699 days\n"}
,{"stream_name":"stderr","time":15679.5909664,"data":"/usr/local/lib/python3.13/dist-packages/transitleastsquares/main.py:411: UserWarning: 15 of 18 transits without data. The true period may be twice the given period.\n"}
,{"stream_name":"stderr","time":15679.591030602,"data":"  warnings.warn(text)\n"}
,{"stream_name":"stderr","time":15679.879831429,"data":"/usr/local/lib/python3.13/dist-packages/transitleastsquares/main.py:411: UserWarning: 100 of 156 transits without data. The true period may be twice the given period.\n"}
,{"stream_name":"stderr","time":15679.879867495,"data":"  warnings.warn(text)\n"}
,{"stream_name":"stdout","time":15684.976268522,"data":"Transit Least Squares TLS 1.32 (5 Apr 2024)\n"}
,{"stream_name":"stdout","time":15684.989475365,"data":"Creating model cache for 43 durations\n"}
,{"stream_name":"stdout","time":15685.006701113,"data":"Searching 8494 data points, 31116 periods from 0.687 to 29.996 days\n"}
,{"stream_name":"stdout","time":15685.007034993,"data":"Using 1 of 4 CPU threads\n"}
,{"stream_name":"stdout","time":15688.794857517,"data":"Transit Least Squares TLS 1.32 (5 Apr 2024)\n"}
,{"stream_name":"stdout","time":15688.808454955,"data":"Creating model cache for 43 durations\n"}
,{"stream_name":"stdout","time":15688.8260282,"data":"Searching 11090 data points, 31379 periods from 0.5 to 30.0 days\n"}
,{"stream_name":"stdout","time":15688.826164134,"data":"Using 1 of 4 CPU threads\n"}
,{"stream_name":"stdout","time":16306.991490531,"data":"Searching for best T0 for period 2.74084 days\n"}
,{"stream_name":"stderr","time":16309.418907434,"data":"/usr/local/lib/python3.13/dist-packages/transitleastsquares/main.py:411: UserWarning: 105 of 128 transits without data. The true period may be twice the given period.\n"}
,{"stream_name":"stderr","time":16309.418975805,"data":"  warnings.warn(text)\n"}
,{"stream_name":"stdout","time":16315.482969382,"data":"Transit Least Squares TLS 1.32 (5 Apr 2024)\n"}
,{"stream_name":"stdout","time":16315.494476473,"data":"Creating model cache for 43 durations\n"}
,{"stream_name":"stdout","time":16315.513639027,"data":"Searching 8494 data points, 31116 periods from 0.687 to 29.996 days\n"}
,{"stream_name":"stdout","time":16315.513889612,"data":"Using 1 of 4 CPU threads\n"}
,{"stream_name":"stdout","time":16427.944290034,"data":"Searching for best T0 for period 1.14551 days\n"}
,{"stream_name":"stderr","time":16432.562992131,"data":"/usr/local/lib/python3.13/dist-packages/transitleastsquares/main.py:411: UserWarning: 106 of 169 transits without data. The true period may be twice the given period.\n"}
,{"stream_name":"stderr","time":16432.5630321,"data":"  warnings.warn(text)\n"}
,{"stream_name":"stdout","time":16440.515078733,"data":"Transit Least Squares TLS 1.32 (5 Apr 2024)\n"}
,{"stream_name":"stdout","time":16440.532709666,"data":"Creating model cache for 43 durations\n"}
,{"stream_name":"stdout","time":16440.555364316,"data":"Searching 10375 data points, 45577 periods from 0.5 to 29.997 days\n"}
,{"stream_name":"stdout","time":16440.555465024,"data":"Using 1 of 4 CPU threads\n"}
,{"stream_name":"stdout","time":16620.929068708,"data":"Searching for best T0 for period 0.63397 days\n"}
,{"stream_name":"stderr","time":16623.74408953,"data":"/usr/local/lib/python3.13/dist-packages/transitleastsquares/main.py:411: UserWarning: 216 of 338 transits without data. The true period may be twice the given period.\n"}
,{"stream_name":"stderr","time":16623.744131483,"data":"  warnings.warn(text)\n"}
,{"stream_name":"stdout","time":16634.199223466,"data":"Transit Least Squares TLS 1.32 (5 Apr 2024)\n"}
,{"stream_name":"stdout","time":16634.202893774,"data":"Creating model cache for 43 durations\n"}
,{"stream_name":"stdout","time":16634.217564511,"data":"Searching 15206 data points, 8478 periods from 0.903 to 29.98 days\n"}
,{"stream_name":"stdout","time":16634.217713423,"data":"Using 1 of 4 CPU threads\n"}
,{"stream_name":"stdout","time":16752.522915715,"data":"Searching for best T0 for period 15.88817 days\n"}
,{"stream_name":"stderr","time":16755.630552072,"data":"/usr/local/lib/python3.13/dist-packages/transitleastsquares/main.py:411: UserWarning: 19 of 22 transits without data. The true period may be twice the given period.\n"}
,{"stream_name":"stderr","time":16755.630617691,"data":"  warnings.warn(text)\n"}
,{"stream_name":"stdout","time":16761.169402551,"data":"Transit Least Squares TLS 1.32 (5 Apr 2024)\n"}
,{"stream_name":"stdout","time":16761.180470745,"data":"Creating model cache for 43 durations\n"}
,{"stream_name":"stdout","time":16761.202465193,"data":"Searching 8494 data points, 31116 periods from 0.687 to 29.996 days\n"}
,{"stream_name":"stdout","time":16761.20252217,"data":"Using 1 of 4 CPU threads\n"}
,{"stream_name":"stdout","time":16831.102556891,"data":"Searching for best T0 for period 15.42162 days\n"}
,{"stream_name":"stdout","time":16844.571289287,"data":"Transit Least Squares TLS 1.32 (5 Apr 2024)\n"}
,{"stream_name":"stdout","time":16844.573111887,"data":"Creating model cache for 43 durations\n"}
,{"stream_name":"stdout","time":16844.584929656,"data":"Searching 6367 data points, 3340 periods from 0.903 to 26.34 days\n"}
,{"stream_name":"stdout","time":16844.585089939,"data":"Using 1 of 4 CPU threads\n"}
,{"stream_name":"stdout","time":16884.293786935,"data":"Searching for best T0 for period 1.82681 days\n"}
,{"stream_name":"stdout","time":16894.461268916,"data":"Transit Least Squares TLS 1.32 (5 Apr 2024)\n"}
,{"stream_name":"stdout","time":16894.464993981,"data":"Creating model cache for 43 durations\n"}
,{"stream_name":"stdout","time":16894.478729787,"data":"Searching 15206 data points, 8478 periods from 0.903 to 29.98 days\n"}
,{"stream_name":"stdout","time":16894.479056543,"data":"Using 1 of 4 CPU threads\n"}
,{"stream_name":"stdout","time":17091.797427819,"data":"Searching for best T0 for period 22.28536 days\n"}
,{"stream_name":"stderr","time":17097.329436306,"data":"/usr/local/lib/python3.13/dist-packages/transitleastsquares/main.py:411: UserWarning: 2 of 6 transits without data. The true period may be twice the given period.\n"}
,{"stream_name":"stderr","time":17097.329479877,"data":"  warnings.warn(text)\n"}
,{"stream_name":"stdout","time":17106.996823105,"data":"Transit Least Squares TLS 1.32 (5 Apr 2024)\n"}
,{"stream_name":"stdout","time":17107.000292653,"data":"Creating model cache for 43 durations\n"}
,{"stream_name":"stdout","time":17107.01469304,"data":"Searching 15206 data points, 8478 periods from 0.903 to 29.98 days\n"}
,{"stream_name":"stdout","time":17107.015054741,"data":"Using 1 of 4 CPU threads\n"}
,{"stream_name":"stdout","time":17322.992900961,"data":"Searching for best T0 for period 0.59660 days\n"}
,{"stream_name":"stderr","time":17325.733621312,"data":"/usr/local/lib/python3.13/dist-packages/transitleastsquares/main.py:411: UserWarning: 202 of 324 transits without data. The true period may be twice the given period.\n"}
,{"stream_name":"stderr","time":17325.733661158,"data":"  warnings.warn(text)\n"}
,{"stream_name":"stdout","time":17337.826759713,"data":"Transit Least Squares TLS 1.32 (5 Apr 2024)\n"}
,{"stream_name":"stdout","time":17337.837592051,"data":"Creating model cache for 43 durations\n"}
,{"stream_name":"stdout","time":17337.858251589,"data":"Searching 20161 data points, 31823 periods from 0.535 to 30.0 days\n"}
,{"stream_name":"stdout","time":17337.858435776,"data":"Using 1 of 4 CPU threads\n"}
,{"stream_name":"stdout","time":17433.486780558,"data":"Searching for best T0 for period 1.22285 days\n"}
,{"stream_name":"stderr","time":17435.065964167,"data":"/usr/local/lib/python3.13/dist-packages/transitleastsquares/main.py:411: UserWarning: 239 of 288 transits without data. The true period may be twice the given period.\n"}
,{"stream_name":"stderr","time":17435.066003956,"data":"  warnings.warn(text)\n"}
,{"stream_name":"stdout","time":17444.464602521,"data":"Transit Least Squares TLS 1.32 (5 Apr 2024)\n"}
,{"stream_name":"stdout","time":17444.467087527,"data":"Creating model cache for 43 durations\n"}
,{"stream_name":"stdout","time":17444.483858742,"data":"Searching 9696 data points, 6788 periods from 0.697 to 29.976 days\n"}
,{"stream_name":"stdout","time":17444.484102302,"data":"Using 1 of 4 CPU threads\n"}
,{"stream_name":"stdout","time":17462.437924808,"data":"Searching for best T0 for period 1.95993 days\n"}
,{"stream_name":"stdout","time":17478.026077231,"data":"Transit Least Squares TLS 1.32 (5 Apr 2024)\n"}
,{"stream_name":"stdout","time":17478.02958553,"data":"Creating model cache for 43 durations\n"}
,{"stream_name":"stdout","time":17478.042529389,"data":"Searching 10632 data points, 8895 periods from 0.585 to 29.985 days\n"}
,{"stream_name":"stdout","time":17478.042645025,"data":"Using 1 of 4 CPU threads\n"}
,{"stream_name":"stdout","time":17541.317814717,"data":"Searching for best T0 for period 12.10110 days\n"}
,{"stream_name":"stdout","time":17551.832288421,"data":"Transit Least Squares TLS 1.32 (5 Apr 2024)\n"}
,{"stream_name":"stdout","time":17551.835152786,"data":"Creating model cache for 43 durations\n"}
,{"stream_name":"stdout","time":17551.854803311,"data":"Searching 9696 data points, 6788 periods from 0.697 to 29.976 days\n"}
,{"stream_name":"stdout","time":17551.85745104,"data":"Using 1 of 4 CPU threads\n"}
,{"stream_name":"stdout","time":17557.159565242,"data":"Searching for best T0 for period 0.68746 days\n"}
,{"stream_name":"stdout","time":17585.209451684,"data":"Transit Least Squares TLS 1.32 (5 Apr 2024)\n"}
,{"stream_name":"stdout","time":17585.214992973,"data":"Creating model cache for 43 durations\n"}
,{"stream_name":"stdout","time":17585.233488401,"data":"Searching 18040 data points, 21108 periods from 0.5 to 29.993 days\n"}
,{"stream_name":"stdout","time":17585.233631472,"data":"Using 1 of 4 CPU threads\n"}
,{"stream_name":"stdout","time":17615.893705894,"data":"Searching for best T0 for period 9.53569 days\n"}
,{"stream_name":"stdout","time":17627.524963519,"data":"Transit Least Squares TLS 1.32 (5 Apr 2024)\n"}
,{"stream_name":"stdout","time":17627.528436196,"data":"Creating model cache for 43 durations\n"}
,{"stream_name":"stdout","time":17627.541982515,"data":"Searching 10632 data points, 8895 periods from 0.585 to 29.985 days\n"}
,{"stream_name":"stdout","time":17627.542216267,"data":"Using 1 of 4 CPU threads\n"}
,{"stream_name":"stdout","time":17646.297423496,"data":"Searching for best T0 for period 0.97636 days\n"}
,{"stream_name":"stdout","time":17656.236386041,"data":"Transit Least Squares TLS 1.32 (5 Apr 2024)\n"}
,{"stream_name":"stdout","time":17656.239043173,"data":"Creating model cache for 43 durations\n"}
,{"stream_name":"stdout","time":17656.252777982,"data":"Searching 8676 data points, 4800 periods from 0.933 to 29.994 days\n"}
,{"stream_name":"stdout","time":17656.253072273,"data":"Using 1 of 4 CPU threads\n"}
,{"stream_name":"stdout","time":17739.546256058,"data":"Searching for best T0 for period 6.05236 days\n"}
,{"stream_name":"stdout","time":17747.929609102,"data":"Transit Least Squares TLS 1.32 (5 Apr 2024)\n"}
,{"stream_name":"stdout","time":17747.931305491,"data":"Creating model cache for 43 durations\n"}
,{"stream_name":"stdout","time":17747.943988001,"data":"Searching 6284 data points, 3314 periods from 0.933 to 27.027 days\n"}
,{"stream_name":"stdout","time":17747.944138131,"data":"Using 1 of 4 CPU threads\n"}
,{"stream_name":"stdout","time":17767.237595647,"data":"Searching for best T0 for period 2.54486 days\n"}
,{"stream_name":"stdout","time":17778.642649957,"data":"Transit Least Squares TLS 1.32 (5 Apr 2024)\n"}
,{"stream_name":"stdout","time":17778.646819841,"data":"Creating model cache for 43 durations\n"}
,{"stream_name":"stdout","time":17778.660585641,"data":"Searching 10632 data points, 8895 periods from 0.585 to 29.985 days\n"}
,{"stream_name":"stdout","time":17778.660892985,"data":"Using 1 of 4 CPU threads\n"}
,{"stream_name":"stdout","time":17811.638651785,"data":"Searching for best T0 for period 1.29559 days\n"}
,{"stream_name":"stdout","time":17819.081229748,"data":"Transit Least Squares TLS 1.32 (5 Apr 2024)\n"}
,{"stream_name":"stdout","time":17819.082801205,"data":"Creating model cache for 43 durations\n"}
,{"stream_name":"stdout","time":17819.095650194,"data":"Searching 6284 data points, 3314 periods from 0.933 to 27.027 days\n"}
,{"stream_name":"stdout","time":17819.095751313,"data":"Using 1 of 4 CPU threads\n"}
,{"stream_name":"stdout","time":17853.195437576,"data":"Searching for best T0 for period 3.50737 days\n"}
,{"stream_name":"stdout","time":17862.967914919,"data":"Transit Least Squares TLS 1.32 (5 Apr 2024)\n"}
,{"stream_name":"stdout","time":17862.971907715,"data":"Creating model cache for 43 durations\n"}
,{"stream_name":"stdout","time":17862.987558738,"data":"Searching 19393 data points, 10889 periods from 0.887 to 29.982 days\n"}
,{"stream_name":"stdout","time":17862.987828363,"data":"Using 1 of 4 CPU threads\n"}
,{"stream_name":"stdout","time":17976.697313498,"data":"Searching for best T0 for period 0.58955 days\n"}
,{"stream_name":"stderr","time":17981.550023084,"data":"/usr/local/lib/python3.13/dist-packages/transitleastsquares/main.py:411: UserWarning: 224 of 460 transits without data. The true period may be twice the given period.\n"}
,{"stream_name":"stderr","time":17981.550087272,"data":"  warnings.warn(text)\n"}
,{"stream_name":"stdout","time":18002.026896985,"data":"Transit Least Squares TLS 1.32 (5 Apr 2024)\n"}
,{"stream_name":"stdout","time":18002.037627925,"data":"Creating model cache for 43 durations\n"}
,{"stream_name":"stdout","time":18002.063125049,"data":"Searching 20161 data points, 31823 periods from 0.535 to 30.0 days\n"}
,{"stream_name":"stdout","time":18002.063406376,"data":"Using 1 of 4 CPU threads\n"}
,{"stream_name":"stdout","time":18046.657186193,"data":"Searching for best T0 for period 0.75253 days\n"}
,{"stream_name":"stdout","time":18061.650960747,"data":"Transit Least Squares TLS 1.32 (5 Apr 2024)\n"}
,{"stream_name":"stdout","time":18061.658814716,"data":"Creating model cache for 43 durations\n"}
,{"stream_name":"stdout","time":18061.681628961,"data":"Searching 20454 data points, 20830 periods from 0.571 to 29.989 days\n"}
,{"stream_name":"stdout","time":18061.681924669,"data":"Using 1 of 4 CPU threads\n"}
,{"stream_name":"stdout","time":18359.82702584,"data":"Searching for best T0 for period 5.71107 days\n"}
,{"stream_name":"stdout","time":18375.549981983,"data":"Transit Least Squares TLS 1.32 (5 Apr 2024)\n"}
,{"stream_name":"stdout","time":18375.552720154,"data":"Creating model cache for 43 durations\n"}
,{"stream_name":"stdout","time":18375.567458687,"data":"Searching 10045 data points, 5348 periods from 0.887 to 29.965 days\n"}
,{"stream_name":"stdout","time":18375.567517498,"data":"Using 1 of 4 CPU threads\n"}
,{"stream_name":"stdout","time":18451.729304987,"data":"Searching for best T0 for period 2.73182 days\n"}
,{"stream_name":"stdout","time":18469.170994799,"data":"Transit Least Squares TLS 1.32 (5 Apr 2024)\n"}
,{"stream_name":"stdout","time":18469.179500502,"data":"Creating model cache for 43 durations\n"}
,{"stream_name":"stdout","time":18469.198203688,"data":"Searching 14475 data points, 17323 periods from 0.5 to 29.985 days\n"}
,{"stream_name":"stdout","time":18469.198522207,"data":"Using 1 of 4 CPU threads\n"}
,{"stream_name":"stdout","time":18516.525359635,"data":"Searching for best T0 for period 1.18517 days\n"}
,{"stream_name":"stdout","time":18530.215829483,"data":"Transit Least Squares TLS 1.32 (5 Apr 2024)\n"}
,{"stream_name":"stdout","time":18530.222891111,"data":"Creating model cache for 43 durations\n"}
,{"stream_name":"stdout","time":18530.24096372,"data":"Searching 19364 data points, 19647 periods from 0.595 to 29.998 days\n"}
,{"stream_name":"stdout","time":18530.241091235,"data":"Using 1 of 4 CPU threads\n"}
,{"stream_name":"stdout","time":18668.049652113,"data":"Searching for best T0 for period 22.74947 days\n"}
,{"stream_name":"stdout","time":18691.27839415,"data":"Transit Least Squares TLS 1.32 (5 Apr 2024)\n"}
,{"stream_name":"stdout","time":18691.295200775,"data":"Creating model cache for 43 durations\n"}
,{"stream_name":"stdout","time":18691.32029038,"data":"Searching 22681 data points, 46910 periods from 0.5 to 29.999 days\n"}
,{"stream_name":"stdout","time":18691.320576502,"data":"Using 1 of 4 CPU threads\n"}
,{"stream_name":"stdout","time":18941.140095253,"data":"Searching for best T0 for period 0.54345 days\n"}
,{"stream_name":"stderr","time":18946.197875694,"data":"/usr/local/lib/python3.13/dist-packages/transitleastsquares/main.py:411: UserWarning: 242 of 500 transits without data. The true period may be twice the given period.\n"}
,{"stream_name":"stderr","time":18946.197939197,"data":"  warnings.warn(text)\n"}
,{"stream_name":"stdout","time":18969.881913457,"data":"Transit Least Squares TLS 1.32 (5 Apr 2024)\n"}
,{"stream_name":"stdout","time":18969.905863709,"data":"Creating model cache for 43 durations\n"}
,{"stream_name":"stdout","time":18969.937059837,"data":"Searching 29040 data points, 67560 periods from 0.5 to 29.999 days\n"}
,{"stream_name":"stdout","time":18969.937156038,"data":"Using 1 of 4 CPU threads\n"}
,{"stream_name":"stdout","time":19044.426713034,"data":"Searching for best T0 for period 10.07858 days\n"}
,{"stream_name":"stdout","time":19059.797450965,"data":"Transit Least Squares TLS 1.32 (5 Apr 2024)\n"}
,{"stream_name":"stdout","time":19059.804842386,"data":"Creating model cache for 43 durations\n"}
,{"stream_name":"stdout","time":19059.82188716,"data":"Searching 18040 data points, 21108 periods from 0.5 to 29.993 days\n"}
,{"stream_name":"stdout","time":19059.822041508,"data":"Using 1 of 4 CPU threads\n"}
,{"stream_name":"stdout","time":19244.66494346,"data":"Searching for best T0 for period 9.84024 days\n"}
,{"stream_name":"stdout","time":19259.614843204,"data":"Transit Least Squares TLS 1.32 (5 Apr 2024)\n"}
,{"stream_name":"stdout","time":19259.616442947,"data":"Creating model cache for 38 durations\n"}
,{"stream_name":"stdout","time":19259.626638203,"data":"Searching 3438 data points, 2372 periods from 0.594 to 12.941 days\n"}
,{"stream_name":"stdout","time":19259.626811675,"data":"Using 1 of 4 CPU threads\n"}
,{"stream_name":"stdout","time":19275.92276835,"data":"Searching for best T0 for period 7.27398 days\n"}
,{"stream_name":"stdout","time":19284.641357778,"data":"Transit Least Squares TLS 1.32 (5 Apr 2024)\n"}
,{"stream_name":"stdout","time":19284.650001643,"data":"Creating model cache for 43 durations\n"}
,{"stream_name":"stdout","time":19284.672529272,"data":"Searching 24869 data points, 25099 periods from 0.594 to 29.993 days\n"}
,{"stream_name":"stdout","time":19284.672700055,"data":"Using 1 of 4 CPU threads\n"}
,{"stream_name":"stdout","time":19940.523901514,"data":"Searching for best T0 for period 0.80576 days\n"}
,{"stream_name":"stdout","time":19971.952140293,"data":"Transit Least Squares TLS 1.32 (5 Apr 2024)\n"}
,{"stream_name":"stdout","time":19971.964170269,"data":"Creating model cache for 43 durations\n"}
,{"stream_name":"stdout","time":19971.987622644,"data":"Searching 30816 data points, 34790 periods from 0.5 to 29.997 days\n"}
,{"stream_name":"stdout","time":19971.987855716,"data":"Using 1 of 4 CPU threads\n"}
,{"stream_name":"stdout","time":20025.584382881,"data":"Searching for best T0 for period 1.76668 days\n"}
,{"stream_name":"stdout","time":20044.656475292,"data":"Transit Least Squares TLS 1.32 (5 Apr 2024)\n"}
,{"stream_name":"stdout","time":20044.66377902,"data":"Creating model cache for 43 durations\n"}
,{"stream_name":"stdout","time":20044.686363426,"data":"Searching 21365 data points, 28840 periods from 0.5 to 29.997 days\n"}
,{"stream_name":"stdout","time":20044.686729922,"data":"Using 1 of 4 CPU threads\n"}
,{"stream_name":"stdout","time":20308.960625731,"data":"Searching for best T0 for period 0.68793 days\n"}
,{"stream_name":"stderr","time":20314.587567372,"data":"/usr/local/lib/python3.13/dist-packages/transitleastsquares/main.py:411: UserWarning: 124 of 353 transits without data. The true period may be twice the given period.\n"}
,{"stream_name":"stderr","time":20314.587643193,"data":"  warnings.warn(text)\n"}
,{"stream_name":"stdout","time":20337.224446662,"data":"Transit Least Squares TLS 1.32 (5 Apr 2024)\n"}
,{"stream_name":"stdout","time":20337.245335247,"data":"Creating model cache for 43 durations\n"}
,{"stream_name":"stdout","time":20337.275831504,"data":"Searching 29876 data points, 62888 periods from 0.5 to 29.999 days\n"}
,{"stream_name":"stdout","time":20337.27603697,"data":"Using 1 of 4 CPU threads\n"}
,{"stream_name":"stdout","time":20820.666125085,"data":"Searching for best T0 for period 1.69282 days\n"}
,{"stream_name":"stdout","time":20838.720615082,"data":"Transit Least Squares TLS 1.32 (5 Apr 2024)\n"}
,{"stream_name":"stdout","time":20838.723146366,"data":"Creating model cache for 43 durations\n"}
,{"stream_name":"stdout","time":20838.735098454,"data":"Searching 7198 data points, 5417 periods from 0.613 to 27.246 days\n"}
,{"stream_name":"stdout","time":20838.736427753,"data":"Using 1 of 4 CPU threads\n"}
,{"stream_name":"stdout","time":20912.745503747,"data":"Searching for best T0 for period 10.45511 days\n"}
,{"stream_name":"stdout","time":20920.494839855,"data":"Transit Least Squares TLS 1.32 (5 Apr 2024)\n"}
,{"stream_name":"stdout","time":20920.498581973,"data":"Creating model cache for 43 durations\n"}
,{"stream_name":"stdout","time":20920.512260038,"data":"Searching 9558 data points, 9021 periods from 0.545 to 29.974 days\n"}
,{"stream_name":"stdout","time":20920.512644917,"data":"Using 1 of 4 CPU threads\n"}
,{"stream_name":"stdout","time":21064.907599231,"data":"Searching for best T0 for period 1.08394 days\n"}
,{"stream_name":"stdout","time":21076.425025167,"data":"Transit Least Squares TLS 1.32 (5 Apr 2024)\n"}
,{"stream_name":"stdout","time":21076.43096086,"data":"Creating model cache for 43 durations\n"}
,{"stream_name":"stdout","time":21076.449161566,"data":"Searching 14216 data points, 14818 periods from 0.545 to 29.986 days\n"}
,{"stream_name":"stdout","time":21076.449469664,"data":"Using 1 of 4 CPU threads\n"}
,{"stream_name":"stdout","time":21157.063692406,"data":"Searching for best T0 for period 3.24857 days\n"}
,{"stream_name":"stdout","time":21182.230599382,"data":"Transit Least Squares TLS 1.32 (5 Apr 2024)\n"}
,{"stream_name":"stdout","time":21182.232972218,"data":"Creating model cache for 38 durations\n"}
,{"stream_name":"stdout","time":21182.243558688,"data":"Searching 3731 data points, 5024 periods from 0.5 to 13.423 days\n"}
,{"stream_name":"stdout","time":21182.246472152,"data":"Using 1 of 4 CPU threads\n"}
,{"stream_name":"stdout","time":21223.248073678,"data":"Searching for best T0 for period 2.07567 days\n"}
,{"stream_name":"stdout","time":21230.450025608,"data":"Transit Least Squares TLS 1.32 (5 Apr 2024)\n"}
,{"stream_name":"stdout","time":21230.463365104,"data":"Creating model cache for 43 durations\n"}
,{"stream_name":"stdout","time":21230.48747281,"data":"Searching 14184 data points, 38798 periods from 0.5 to 30.0 days\n"}
,{"stream_name":"stdout","time":21230.487505922,"data":"Using 1 of 4 CPU threads\n"}
,{"stream_name":"stdout","time":21398.744700166,"data":"Searching for best T0 for period 1.04829 days\n"}
,{"stream_name":"stdout","time":21415.507968892,"data":"Transit Least Squares TLS 1.32 (5 Apr 2024)\n"}
,{"stream_name":"stdout","time":21415.517521965,"data":"Creating model cache for 43 durations\n"}
,{"stream_name":"stdout","time":21415.53669809,"data":"Searching 15346 data points, 28266 periods from 0.5 to 29.995 days\n"}
,{"stream_name":"stdout","time":21415.536795148,"data":"Using 1 of 4 CPU threads\n"}
,{"stream_name":"stdout","time":22043.962382614,"data":"Searching for best T0 for period 2.16388 days\n"}
,{"stream_name":"stderr","time":22047.471874551,"data":"/usr/local/lib/python3.13/dist-packages/transitleastsquares/main.py:411: UserWarning: 51 of 99 transits without data. The true period may be twice the given period.\n"}
,{"stream_name":"stderr","time":22047.471939012,"data":"  warnings.warn(text)\n"}
,{"stream_name":"stdout","time":22056.741762938,"data":"Transit Least Squares TLS 1.32 (5 Apr 2024)\n"}
,{"stream_name":"stdout","time":22056.744344504,"data":"Creating model cache for 42 durations\n"}
,{"stream_name":"stdout","time":22056.757313364,"data":"Searching 5925 data points, 6492 periods from 0.5 to 25.219 days\n"}
,{"stream_name":"stdout","time":22056.757500349,"data":"Using 1 of 4 CPU threads\n"}
,{"stream_name":"stdout","time":22132.767251039,"data":"Searching for best T0 for period 5.19499 days\n"}
,{"stream_name":"stdout","time":22144.686433547,"data":"Transit Least Squares TLS 1.32 (5 Apr 2024)\n"}
,{"stream_name":"stdout","time":22144.699905461,"data":"Creating model cache for 43 durations\n"}
,{"stream_name":"stdout","time":22144.726088266,"data":"Searching 25073 data points, 39147 periods from 0.5 to 29.994 days\n"}
,{"stream_name":"stdout","time":22144.726308526,"data":"Using 1 of 4 CPU threads\n"}
,{"stream_name":"stdout","time":22209.594168795,"data":"Searching for best T0 for period 9.15745 days\n"}
,{"stream_name":"stderr","time":22217.683469726,"data":"/usr/local/lib/python3.13/dist-packages/transitleastsquares/main.py:411: UserWarning: 10 of 20 transits without data. The true period may be twice the given period.\n"}
,{"stream_name":"stderr","time":22217.68351772,"data":"  warnings.warn(text)\n"}
,{"stream_name":"stdout","time":22227.48810088,"data":"Transit Least Squares TLS 1.32 (5 Apr 2024)\n"}
,{"stream_name":"stdout","time":22227.492677455,"data":"Creating model cache for 43 durations\n"}
,{"stream_name":"stdout","time":22227.509510073,"data":"Searching 15837 data points, 12977 periods from 0.618 to 29.99 days\n"}
,{"stream_name":"stdout","time":22227.509797697,"data":"Using 1 of 4 CPU threads\n"}
,{"stream_name":"stdout","time":22475.096093565,"data":"Searching for best T0 for period 4.17264 days\n"}
,{"stream_name":"stdout","time":22493.17575217,"data":"Transit Least Squares TLS 1.32 (5 Apr 2024)\n"}
,{"stream_name":"stdout","time":22493.184228315,"data":"Creating model cache for 43 durations\n"}
,{"stream_name":"stdout","time":22493.20260779,"data":"Searching 26442 data points, 21355 periods from 0.618 to 29.991 days\n"}
,{"stream_name":"stdout","time":22493.202789711,"data":"Using 1 of 4 CPU threads\n"}
,{"stream_name":"stdout","time":23078.001640517,"data":"Searching for best T0 for period 4.02566 days\n"}
,{"stream_name":"stdout","time":23104.888865879,"data":"Transit Least Squares TLS 1.32 (5 Apr 2024)\n"}
,{"stream_name":"stdout","time":23104.900705361,"data":"Creating model cache for 43 durations\n"}
,{"stream_name":"stdout","time":23104.922159279,"data":"Searching 25505 data points, 34310 periods from 0.5 to 29.997 days\n"}
,{"stream_name":"stdout","time":23104.922271748,"data":"Using 1 of 4 CPU threads\n"}
,{"stream_name":"stdout","time":23137.673905754,"data":"Searching for best T0 for period 0.56789 days\n"}
,{"stream_name":"stderr","time":23147.3980293,"data":"/usr/local/lib/python3.13/dist-packages/transitleastsquares/main.py:411: UserWarning: 205 of 574 transits without data. The true period may be twice the given period.\n"}
,{"stream_name":"stderr","time":23147.398098139,"data":"  warnings.warn(text)\n"}
,{"stream_name":"stdout","time":23176.521919836,"data":"Transit Least Squares TLS 1.32 (5 Apr 2024)\n"}
,{"stream_name":"stdout","time":23176.54635864,"data":"Creating model cache for 43 durations\n"}
,{"stream_name":"stdout","time":23176.577262212,"data":"Searching 33326 data points, 67872 periods from 0.5 to 29.998 days\n"}
,{"stream_name":"stdout","time":23176.57743467,"data":"Using 1 of 4 CPU threads\n"}
,{"stream_name":"stdout","time":23844.569418712,"data":"Searching for best T0 for period 1.68899 days\n"}
,{"stream_name":"stdout","time":23874.921502751,"data":"Transit Least Squares TLS 1.32 (5 Apr 2024)\n"}
,{"stream_name":"stdout","time":23874.94592963,"data":"Creating model cache for 43 durations\n"}
,{"stream_name":"stdout","time":23874.975363424,"data":"Searching 25959 data points, 61044 periods from 0.5 to 29.998 days\n"}
,{"stream_name":"stdout","time":23874.975669179,"data":"Using 1 of 4 CPU threads\n"}
,{"stream_name":"stdout","time":24383.006390352,"data":"Searching for best T0 for period 6.35554 days\n"}
,{"stream_name":"stdout","time":24404.004063404,"data":"Transit Least Squares TLS 1.32 (5 Apr 2024)\n"}
,{"stream_name":"stdout","time":24404.006889399,"data":"Creating model cache for 43 durations\n"}
,{"stream_name":"stdout","time":24404.019179529,"data":"Searching 6669 data points, 7535 periods from 0.5 to 27.026 days\n"}
,{"stream_name":"stdout","time":24404.01930021,"data":"Using 1 of 4 CPU threads\n"}
,{"stream_name":"stdout","time":24534.815145072,"data":"Searching for best T0 for period 2.06077 days\n"}
,{"stream_name":"stdout","time":24546.246326721,"data":"Transit Least Squares TLS 1.32 (5 Apr 2024)\n"}
,{"stream_name":"stdout","time":24546.264373236,"data":"Creating model cache for 43 durations\n"}
,{"stream_name":"stdout","time":24546.280864712,"data":"Searching 21975 data points, 14188 periods from 0.886 to 29.992 days\n"}
,{"stream_name":"stdout","time":24546.281178428,"data":"Using 1 of 4 CPU threads\n"}
,{"stream_name":"stdout","time":24669.434251767,"data":"Searching for best T0 for period 0.52437 days\n"}
,{"stream_name":"stderr","time":24676.001638723,"data":"/usr/local/lib/python3.13/dist-packages/transitleastsquares/main.py:411: UserWarning: 235 of 569 transits without data. The true period may be twice the given period.\n"}
,{"stream_name":"stderr","time":24676.00171146,"data":"  warnings.warn(text)\n"}
,{"stream_name":"stdout","time":24697.850223879,"data":"Transit Least Squares TLS 1.32 (5 Apr 2024)\n"}
,{"stream_name":"stdout","time":24697.855550044,"data":"Creating model cache for 43 durations\n"}
,{"stream_name":"stdout","time":24697.870753492,"data":"Searching 9286 data points, 12066 periods from 0.5 to 29.994 days\n"}
,{"stream_name":"stdout","time":24697.871121571,"data":"Using 1 of 4 CPU threads\n"}
,{"stream_name":"stdout","time":24991.326961666,"data":"Searching for best T0 for period 1.67100 days\n"}
,{"stream_name":"stdout","time":25004.516642728,"data":"Transit Least Squares TLS 1.32 (5 Apr 2024)\n"}
,{"stream_name":"stdout","time":25004.524934058,"data":"Creating model cache for 43 durations\n"}
,{"stream_name":"stdout","time":25004.544908597,"data":"Searching 22252 data points, 23234 periods from 0.517 to 29.99 days\n"}
,{"stream_name":"stdout","time":25004.545101917,"data":"Using 1 of 4 CPU threads\n"}
,{"stream_name":"stdout","time":25401.881356874,"data":"Searching for best T0 for period 1.16933 days\n"}
,{"stream_name":"stdout","time":25428.757436213,"data":"Transit Least Squares TLS 1.32 (5 Apr 2024)\n"}
,{"stream_name":"stdout","time":25428.766438627,"data":"Creating model cache for 43 durations\n"}
,{"stream_name":"stdout","time":25428.783000806,"data":"Searching 32060 data points, 19779 periods from 0.886 to 29.992 days\n"}
,{"stream_name":"stdout","time":25428.783094108,"data":"Using 1 of 4 CPU threads\n"}
,{"stream_name":"stdout","time":26270.283649651,"data":"Searching for best T0 for period 17.22292 days\n"}
,{"stream_name":"stdout","time":26273.647469486,"data":"Searching for best T0 for period 15.78482 days\n"}
,{"stream_name":"stderr","time":26294.338293091,"data":"/usr/local/lib/python3.13/dist-packages/transitleastsquares/main.py:411: UserWarning: 5 of 14 transits without data. The true period may be twice the given period.\n"}
,{"stream_name":"stderr","time":26294.338364181,"data":"  warnings.warn(text)\n"}
,{"stream_name":"stdout","time":26298.555078639,"data":"Transit Least Squares TLS 1.32 (5 Apr 2024)\n"}
,{"stream_name":"stdout","time":26298.555926837,"data":"Creating model cache for 38 durations\n"}
,{"stream_name":"stdout","time":26298.565528678,"data":"Searching 3238 data points, 1533 periods from 0.886 to 13.423 days\n"}
,{"stream_name":"stdout","time":26298.565633375,"data":"Using 1 of 4 CPU threads\n"}
,{"stream_name":"stdout","time":26310.156447362,"data":"Searching for best T0 for period 4.78785 days\n"}
,{"stream_name":"stdout","time":26310.397518915,"data":"Searching for best T0 for period 1.84649 days\n"}
,{"stream_name":"stdout","time":26310.766536446,"data":"Transit Least Squares TLS 1.32 (5 Apr 2024)\n"}
,{"stream_name":"stdout","time":26310.791010731,"data":"Creating model cache for 43 durations\n"}
,{"stream_name":"stdout","time":26310.823550203,"data":"Searching 25959 data points, 61044 periods from 0.5 to 29.998 days\n"}
,{"stream_name":"stdout","time":26310.823689008,"data":"Using 1 of 4 CPU threads\n"}
,{"stream_name":"stdout","time":26316.213467592,"data":"Transit Least Squares TLS 1.32 (5 Apr 2024)\n"}
,{"stream_name":"stdout","time":26316.215547347,"data":"Creating model cache for 43 durations\n"}
,{"stream_name":"stdout","time":26316.232523664,"data":"Searching 12596 data points, 13400 periods from 0.939 to 29.994 days\n"}
,{"stream_name":"stdout","time":26316.23272551,"data":"Using 1 of 4 CPU threads\n"}
,{"stream_name":"stdout","time":26330.945407669,"data":"Transit Least Squares TLS 1.32 (5 Apr 2024)\n"}
,{"stream_name":"stdout","time":26330.950302207,"data":"Creating model cache for 43 durations\n"}
,{"stream_name":"stdout","time":26330.966075639,"data":"Searching 12618 data points, 13534 periods from 0.517 to 29.999 days\n"}
,{"stream_name":"stdout","time":26330.966252938,"data":"Using 1 of 4 CPU threads\n"}
,{"stream_name":"stdout","time":26679.667746824,"data":"Searching for best T0 for period 8.23483 days\n"}
,{"stream_name":"stdout","time":26696.376970866,"data":"Transit Least Squares TLS 1.32 (5 Apr 2024)\n"}
,{"stream_name":"stdout","time":26696.385996213,"data":"Creating model cache for 43 durations\n"}
,{"stream_name":"stdout","time":26696.406903792,"data":"Searching 24817 data points, 26390 periods from 0.517 to 29.993 days\n"}
,{"stream_name":"stdout","time":26696.407013121,"data":"Using 1 of 4 CPU threads\n"}
,{"stream_name":"stdout","time":26781.636605659,"data":"Searching for best T0 for period 2.99211 days\n"}
,{"stream_name":"stderr","time":26783.402195308,"data":"/usr/local/lib/python3.13/dist-packages/transitleastsquares/main.py:411: UserWarning: 42 of 72 transits without data. The true period may be twice the given period.\n"}
,{"stream_name":"stderr","time":26783.40223355,"data":"  warnings.warn(text)\n"}
,{"stream_name":"stdout","time":26795.954956921,"data":"Transit Least Squares TLS 1.32 (5 Apr 2024)\n"}
,{"stream_name":"stdout","time":26795.962450178,"data":"Creating model cache for 43 durations\n"}
,{"stream_name":"stdout","time":26795.978949607,"data":"Searching 21825 data points, 18464 periods from 0.939 to 29.994 days\n"}
,{"stream_name":"stdout","time":26795.979107937,"data":"Using 1 of 4 CPU threads\n"}
,{"stream_name":"stdout","time":26982.610568452,"data":"Searching for best T0 for period 0.83830 days\n"}
,{"stream_name":"stderr","time":26991.958510582,"data":"/usr/local/lib/python3.13/dist-packages/transitleastsquares/main.py:411: UserWarning: 140 of 420 transits without data. The true period may be twice the given period.\n"}
,{"stream_name":"stderr","time":26991.958571488,"data":"  warnings.warn(text)\n"}
,{"stream_name":"stdout","time":27015.390308027,"data":"Transit Least Squares TLS 1.32 (5 Apr 2024)\n"}
,{"stream_name":"stdout","time":27015.392309316,"data":"Creating model cache for 43 durations\n"}
,{"stream_name":"stdout","time":27015.40550939,"data":"Searching 8944 data points, 3423 periods from 1.276 to 29.982 days\n"}
,{"stream_name":"stdout","time":27015.405789627,"data":"Using 1 of 4 CPU threads\n"}
,{"stream_name":"stdout","time":27071.662437991,"data":"Searching for best T0 for period 17.14260 days\n"}
,{"stream_name":"stdout","time":27084.666736272,"data":"Transit Least Squares TLS 1.32 (5 Apr 2024)\n"}
,{"stream_name":"stdout","time":27084.671131267,"data":"Creating model cache for 43 durations\n"}
,{"stream_name":"stdout","time":27084.687192234,"data":"Searching 28619 data points, 10515 periods from 1.277 to 29.989 days\n"}
,{"stream_name":"stdout","time":27084.687481073,"data":"Using 1 of 4 CPU threads\n"}
,{"stream_name":"stdout","time":27413.793716106,"data":"Searching for best T0 for period 2.65956 days\n"}
,{"stream_name":"stdout","time":27436.322747332,"data":"Searching for best T0 for period 2.16034 days\n"}
,{"stream_name":"stdout","time":27439.136036,"data":"Transit Least Squares TLS 1.32 (5 Apr 2024)\n"}
,{"stream_name":"stdout","time":27439.139049454,"data":"Creating model cache for 43 durations\n"}
,{"stream_name":"stdout","time":27439.152896148,"data":"Searching 17967 data points, 6813 periods from 1.276 to 29.982 days\n"}
,{"stream_name":"stdout","time":27439.153049841,"data":"Using 1 of 4 CPU threads\n"}
,{"stream_name":"stdout","time":27457.715733196,"data":"Transit Least Squares TLS 1.32 (5 Apr 2024)\n"}
,{"stream_name":"stdout","time":27457.717870962,"data":"Creating model cache for 43 durations\n"}
,{"stream_name":"stdout","time":27457.729937084,"data":"Searching 6010 data points, 5199 periods from 1.128 to 29.981 days\n"}
,{"stream_name":"stdout","time":27457.732445481,"data":"Using 1 of 4 CPU threads\n"}
,{"stream_name":"stdout","time":27513.10804274,"data":"Searching for best T0 for period 11.45927 days\n"}
,{"stream_name":"stdout","time":27519.570566755,"data":"Transit Least Squares TLS 1.32 (5 Apr 2024)\n"}
,{"stream_name":"stdout","time":27519.57309803,"data":"Creating model cache for 43 durations\n"}
,{"stream_name":"stdout","time":27519.585836592,"data":"Searching 6010 data points, 5199 periods from 1.128 to 29.981 days\n"}
,{"stream_name":"stdout","time":27519.58619411,"data":"Using 1 of 4 CPU threads\n"}
,{"stream_name":"stdout","time":27590.37518122,"data":"Searching for best T0 for period 8.76723 days\n"}
,{"stream_name":"stderr","time":27591.740094846,"data":"/usr/local/lib/python3.13/dist-packages/transitleastsquares/main.py:411: UserWarning: 7 of 12 transits without data. The true period may be twice the given period.\n"}
,{"stream_name":"stderr","time":27591.740133335,"data":"  warnings.warn(text)\n"}
,{"stream_name":"stdout","time":27596.179950612,"data":"Transit Least Squares TLS 1.32 (5 Apr 2024)\n"}
,{"stream_name":"stdout","time":27596.182527733,"data":"Creating model cache for 43 durations\n"}
,{"stream_name":"stdout","time":27596.197440515,"data":"Searching 6010 data points, 5199 periods from 1.128 to 29.981 days\n"}
,{"stream_name":"stdout","time":27596.1974739,"data":"Using 1 of 4 CPU threads\n"}
,{"stream_name":"stdout","time":27604.020676054,"data":"Searching for best T0 for period 12.85638 days\n"}
,{"stream_name":"stdout","time":27605.710894899,"data":"Searching for best T0 for period 11.64079 days\n"}
,{"stream_name":"stderr","time":27614.960727895,"data":"/usr/local/lib/python3.13/dist-packages/transitleastsquares/main.py:411: UserWarning: 13 of 23 transits without data. The true period may be twice the given period.\n"}
,{"stream_name":"stderr","time":27614.960783996,"data":"  warnings.warn(text)\n"}
,{"stream_name":"stdout","time":27621.310783288,"data":"Transit Least Squares TLS 1.32 (5 Apr 2024)\n"}
,{"stream_name":"stdout","time":27621.313264266,"data":"Creating model cache for 43 durations\n"}
,{"stream_name":"stdout","time":27621.327373334,"data":"Searching 14613 data points, 5647 periods from 1.276 to 29.982 days\n"}
,{"stream_name":"stdout","time":27621.327492697,"data":"Using 1 of 4 CPU threads\n"}
,{"stream_name":"stdout","time":27627.412419548,"data":"Transit Least Squares TLS 1.32 (5 Apr 2024)\n"}
,{"stream_name":"stdout","time":27627.419057285,"data":"Creating model cache for 43 durations\n"}
,{"stream_name":"stdout","time":27627.440027516,"data":"Searching 21825 data points, 18464 periods from 0.939 to 29.994 days\n"}
,{"stream_name":"stdout","time":27627.440253839,"data":"Using 1 of 4 CPU threads\n"}
,{"stream_name":"stdout","time":27655.666638091,"data":"Searching for best T0 for period 25.34089 days\n"}
,{"stream_name":"stderr","time":27657.030467661,"data":"/usr/local/lib/python3.13/dist-packages/transitleastsquares/main.py:411: UserWarning: 2 of 4 transits without data. The true period may be twice the given period.\n"}
,{"stream_name":"stderr","time":27657.030536306,"data":"  warnings.warn(text)\n"}
,{"stream_name":"stdout","time":27664.643778478,"data":"Transit Least Squares TLS 1.32 (5 Apr 2024)\n"}
,{"stream_name":"stdout","time":27664.651303421,"data":"Creating model cache for 43 durations\n"}
,{"stream_name":"stdout","time":27664.668524723,"data":"Searching 18371 data points, 21599 periods from 0.5 to 29.993 days\n"}
,{"stream_name":"stdout","time":27664.668705671,"data":"Using 1 of 4 CPU threads\n"}
,{"stream_name":"stdout","time":27741.507353357,"data":"Searching for best T0 for period 5.07437 days\n"}
,{"stream_name":"stdout","time":27754.950875134,"data":"Transit Least Squares TLS 1.32 (5 Apr 2024)\n"}
,{"stream_name":"stdout","time":27754.954958976,"data":"Creating model cache for 43 durations\n"}
,{"stream_name":"stdout","time":27754.969051375,"data":"Searching 9668 data points, 10188 periods from 0.5 to 29.978 days\n"}
,{"stream_name":"stdout","time":27754.971472587,"data":"Using 1 of 4 CPU threads\n"}
,{"stream_name":"stdout","time":27922.400111642,"data":"Searching for best T0 for period 27.24931 days\n"}
,{"stream_name":"stdout","time":27935.030992417,"data":"Transit Least Squares TLS 1.32 (5 Apr 2024)\n"}
,{"stream_name":"stdout","time":27935.038667919,"data":"Creating model cache for 43 durations\n"}
,{"stream_name":"stdout","time":27935.056587271,"data":"Searching 18524 data points, 20371 periods from 0.5 to 29.996 days\n"}
,{"stream_name":"stdout","time":27935.056857425,"data":"Using 1 of 4 CPU threads\n"}
,{"stream_name":"stdout","time":28248.748684723,"data":"Searching for best T0 for period 0.83944 days\n"}
,{"stream_name":"stdout","time":28268.745802812,"data":"Transit Least Squares TLS 1.32 (5 Apr 2024)\n"}
,{"stream_name":"stdout","time":28268.753734919,"data":"Creating model cache for 43 durations\n"}
,{"stream_name":"stdout","time":28268.771866691,"data":"Searching 18371 data points, 21599 periods from 0.5 to 29.993 days\n"}
,{"stream_name":"stdout","time":28268.774464474,"data":"Using 1 of 4 CPU threads\n"}
,{"stream_name":"stdout","time":28486.865051774,"data":"Searching for best T0 for period 2.77286 days\n"}
,{"stream_name":"stdout","time":28507.484669587,"data":"Transit Least Squares TLS 1.32 (5 Apr 2024)\n"}
,{"stream_name":"stdout","time":28507.505404481,"data":"Creating model cache for 43 durations\n"}
,{"stream_name":"stdout","time":28507.52909056,"data":"Searching 27933 data points, 49421 periods from 0.5 to 29.995 days\n"}
,{"stream_name":"stdout","time":28507.529353401,"data":"Using 1 of 4 CPU threads\n"}
,{"stream_name":"stdout","time":28684.680669218,"data":"Searching for best T0 for period 0.87130 days\n"}
,{"stream_name":"stdout","time":28707.920250153,"data":"Transit Least Squares TLS 1.32 (5 Apr 2024)\n"}
,{"stream_name":"stdout","time":28707.922461242,"data":"Creating model cache for 37 durations\n"}
,{"stream_name":"stdout","time":28707.933471339,"data":"Searching 3234 data points, 5254 periods from 0.5 to 11.958 days\n"}
,{"stream_name":"stdout","time":28707.933591867,"data":"Using 1 of 4 CPU threads\n"}
,{"stream_name":"stdout","time":28711.22979918,"data":"Searching for best T0 for period 1.07757 days\n"}
,{"stream_name":"stderr","time":28715.083621667,"data":"/usr/local/lib/python3.13/dist-packages/transitleastsquares/main.py:411: UserWarning: 134 of 277 transits without data. The true period may be twice the given period.\n"}
,{"stream_name":"stderr","time":28715.083671783,"data":"  warnings.warn(text)\n"}
,{"stream_name":"stdout","time":28735.970096012,"data":"Transit Least Squares TLS 1.32 (5 Apr 2024)\n"}
,{"stream_name":"stdout","time":28735.977494908,"data":"Creating model cache for 43 durations\n"}
,{"stream_name":"stdout","time":28735.995474865,"data":"Searching 21825 data points, 18464 periods from 0.939 to 29.994 days\n"}
,{"stream_name":"stdout","time":28735.995672688,"data":"Using 1 of 4 CPU threads\n"}
,{"stream_name":"stdout","time":28746.055058754,"data":"Searching for best T0 for period 0.50554 days\n"}
,{"stream_name":"stdout","time":28756.693518927,"data":"Transit Least Squares TLS 1.32 (5 Apr 2024)\n"}
,{"stream_name":"stdout","time":28756.71710357,"data":"Creating model cache for 43 durations\n"}
,{"stream_name":"stdout","time":28756.746638221,"data":"Searching 25959 data points, 61044 periods from 0.5 to 29.998 days\n"}
,{"stream_name":"stdout","time":28756.746998135,"data":"Using 1 of 4 CPU threads\n"}
,{"stream_name":"stdout","time":28916.213053237,"data":"Searching for best T0 for period 3.92075 days\n"}
,{"stream_name":"stdout","time":28933.948280118,"data":"Transit Least Squares TLS 1.32 (5 Apr 2024)\n"}
,{"stream_name":"stdout","time":28933.95464193,"data":"Creating model cache for 43 durations\n"}
,{"stream_name":"stdout","time":28933.971214281,"data":"Searching 15087 data points, 17888 periods from 0.5 to 30.0 days\n"}
,{"stream_name":"stdout","time":28933.971357921,"data":"Using 1 of 4 CPU threads\n"}
,{"stream_name":"stdout","time":29261.614480313,"data":"Searching for best T0 for period 20.78631 days\n"}
,{"stream_name":"stderr","time":29270.904525545,"data":"/usr/local/lib/python3.13/dist-packages/transitleastsquares/main.py:411: UserWarning: 8 of 14 transits without data. The true period may be twice the given period.\n"}
,{"stream_name":"stderr","time":29270.904567165,"data":"  warnings.warn(text)\n"}
,{"stream_name":"stdout","time":29279.483104103,"data":"Transit Least Squares TLS 1.32 (5 Apr 2024)\n"}
,{"stream_name":"stdout","time":29279.483983623,"data":"Creating model cache for 38 durations\n"}
,{"stream_name":"stdout","time":29279.494144577,"data":"Searching 3753 data points, 1300 periods from 1.05 to 13.938 days\n"}
,{"stream_name":"stdout","time":29279.494273589,"data":"Using 1 of 4 CPU threads\n"}
,{"stream_name":"stdout","time":29291.07409662,"data":"Searching for best T0 for period 8.04460 days\n"}
,{"stream_name":"stdout","time":29298.947721994,"data":"Transit Least Squares TLS 1.32 (5 Apr 2024)\n"}
,{"stream_name":"stdout","time":29298.953600469,"data":"Creating model cache for 43 durations\n"}
,{"stream_name":"stdout","time":29298.977383597,"data":"Searching 21948 data points, 14670 periods from 1.052 to 30.0 days\n"}
,{"stream_name":"stdout","time":29298.977453975,"data":"Using 1 of 4 CPU threads\n"}
,{"stream_name":"stdout","time":29352.76674616,"data":"Searching for best T0 for period 0.75608 days\n"}
,{"stream_name":"stdout","time":29367.178757634,"data":"Transit Least Squares TLS 1.32 (5 Apr 2024)\n"}
,{"stream_name":"stdout","time":29367.182576555,"data":"Creating model cache for 43 durations\n"}
,{"stream_name":"stdout","time":29367.196375751,"data":"Searching 9892 data points, 9876 periods from 0.786 to 29.984 days\n"}
,{"stream_name":"stdout","time":29367.19654604,"data":"Using 1 of 4 CPU threads\n"}
,{"stream_name":"stdout","time":29503.142127541,"data":"Searching for best T0 for period 19.70217 days\n"}
,{"stream_name":"stderr","time":29506.860377892,"data":"/usr/local/lib/python3.13/dist-packages/transitleastsquares/main.py:411: UserWarning: 3 of 6 transits without data. The true period may be twice the given period.\n"}
,{"stream_name":"stderr","time":29506.86041814,"data":"  warnings.warn(text)\n"}
,{"stream_name":"stdout","time":29514.494161114,"data":"Transit Least Squares TLS 1.32 (5 Apr 2024)\n"}
,{"stream_name":"stdout","time":29514.496123548,"data":"Creating model cache for 43 durations\n"}
,{"stream_name":"stdout","time":29514.512485757,"data":"Searching 12597 data points, 4319 periods from 1.334 to 29.974 days\n"}
,{"stream_name":"stdout","time":29514.512542634,"data":"Using 1 of 4 CPU threads\n"}
,{"stream_name":"stdout","time":29622.667486385,"data":"Searching for best T0 for period 1.78411 days\n"}
,{"stream_name":"stdout","time":29635.765675314,"data":"Transit Least Squares TLS 1.32 (5 Apr 2024)\n"}
,{"stream_name":"stdout","time":29635.767126028,"data":"Creating model cache for 43 durations\n"}
,{"stream_name":"stdout","time":29635.779054272,"data":"Searching 6413 data points, 2115 periods from 1.333 to 26.37 days\n"}
,{"stream_name":"stdout","time":29635.77944837,"data":"Using 1 of 4 CPU threads\n"}
,{"stream_name":"stdout","time":29659.293094401,"data":"Searching for best T0 for period 9.67872 days\n"}
,{"stream_name":"stdout","time":29668.16359983,"data":"Transit Least Squares TLS 1.32 (5 Apr 2024)\n"}
,{"stream_name":"stdout","time":29668.166073494,"data":"Creating model cache for 43 durations\n"}
,{"stream_name":"stdout","time":29668.179478383,"data":"Searching 12597 data points, 4319 periods from 1.334 to 29.974 days\n"}
,{"stream_name":"stdout","time":29668.179509835,"data":"Using 1 of 4 CPU threads\n"}
,{"stream_name":"stdout","time":29824.443657357,"data":"Searching for best T0 for period 1.20505 days\n"}
,{"stream_name":"stderr","time":29827.625665652,"data":"/usr/local/lib/python3.13/dist-packages/transitleastsquares/main.py:411: UserWarning: 95 of 225 transits without data. The true period may be twice the given period.\n"}
,{"stream_name":"stderr","time":29827.625709726,"data":"  warnings.warn(text)\n"}
,{"stream_name":"stdout","time":29835.69444472,"data":"Searching for best T0 for period 1.55102 days\n"}
,{"stream_name":"stderr","time":29849.290932905,"data":"/usr/local/lib/python3.13/dist-packages/transitleastsquares/main.py:205: UserWarning: No transit were fit. Try smaller \"transit_depth_min\"\n"}
,{"stream_name":"stderr","time":29849.290975766,"data":"  warnings.warn('No transit were fit. Try smaller \"transit_depth_min\"')\n"}
,{"stream_name":"stdout","time":29850.276496069,"data":"Transit Least Squares TLS 1.32 (5 Apr 2024)\n"}
,{"stream_name":"stdout","time":29850.278624685,"data":"Creating model cache for 43 durations\n"}
,{"stream_name":"stdout","time":29850.291720736,"data":"Searching 12597 data points, 4319 periods from 1.334 to 29.974 days\n"}
,{"stream_name":"stdout","time":29850.291883679,"data":"Using 1 of 4 CPU threads\n"}
,{"stream_name":"stdout","time":29854.533768958,"data":"Transit Least Squares TLS 1.32 (5 Apr 2024)\n"}
,{"stream_name":"stdout","time":29854.547350538,"data":"Creating model cache for 43 durations\n"}
,{"stream_name":"stdout","time":29854.571663883,"data":"Searching 27855 data points, 39131 periods from 0.5 to 29.996 days\n"}
,{"stream_name":"stdout","time":29854.571974694,"data":"Using 1 of 4 CPU threads\n"}
,{"stream_name":"stdout","time":29860.262887457,"data":"Transit Least Squares TLS 1.32 (5 Apr 2024)\n"}
,{"stream_name":"stdout","time":29860.277439583,"data":"Creating model cache for 43 durations\n"}
,{"stream_name":"stdout","time":29860.306401162,"data":"Searching 20970 data points, 41996 periods from 0.5 to 29.999 days\n"}
,{"stream_name":"stdout","time":29860.306465453,"data":"Using 1 of 4 CPU threads\n"}
,{"stream_name":"stdout","time":29961.688458416,"data":"Searching for best T0 for period 21.90896 days\n"}
,{"stream_name":"stdout","time":29976.934685141,"data":"Transit Least Squares TLS 1.32 (5 Apr 2024)\n"}
,{"stream_name":"stdout","time":29976.941578051,"data":"Creating model cache for 43 durations\n"}
,{"stream_name":"stdout","time":29976.957458307,"data":"Searching 12031 data points, 18181 periods from 0.5 to 29.99 days\n"}
,{"stream_name":"stdout","time":29976.957562107,"data":"Using 1 of 4 CPU threads\n"}
,{"stream_name":"stdout","time":30316.931963058,"data":"Searching for best T0 for period 0.96092 days\n"}
,{"stream_name":"stderr","time":30319.201155038,"data":"/usr/local/lib/python3.13/dist-packages/transitleastsquares/main.py:411: UserWarning: 47 of 135 transits without data. The true period may be twice the given period.\n"}
,{"stream_name":"stderr","time":30319.201194384,"data":"  warnings.warn(text)\n"}
,{"stream_name":"stdout","time":30334.725808466,"data":"Transit Least Squares TLS 1.32 (5 Apr 2024)\n"}
,{"stream_name":"stdout","time":30334.736400984,"data":"Creating model cache for 43 durations\n"}
,{"stream_name":"stdout","time":30334.757385358,"data":"Searching 22600 data points, 30002 periods from 0.5 to 29.996 days\n"}
,{"stream_name":"stdout","time":30334.757714294,"data":"Using 1 of 4 CPU threads\n"}
,{"stream_name":"stdout","time":31122.915535514,"data":"Searching for best T0 for period 17.22292 days\n"}
,{"stream_name":"stdout","time":31160.629580766,"data":"Transit Least Squares TLS 1.32 (5 Apr 2024)\n"}
,{"stream_name":"stdout","time":31160.632872703,"data":"Creating model cache for 43 durations\n"}
,{"stream_name":"stdout","time":31160.647968584,"data":"Searching 16242 data points, 7318 periods from 1.2 to 29.979 days\n"}
,{"stream_name":"stdout","time":31160.64966391,"data":"Using 1 of 4 CPU threads\n"}
,{"stream_name":"stdout","time":31218.761497712,"data":"Searching for best T0 for period 1.25879 days\n"}
,{"stream_name":"stdout","time":31245.221338919,"data":"Transit Least Squares TLS 1.32 (5 Apr 2024)\n"}
,{"stream_name":"stdout","time":31245.235230761,"data":"Creating model cache for 43 durations\n"}
,{"stream_name":"stdout","time":31245.259570955,"data":"Searching 30701 data points, 37378 periods from 0.5 to 29.997 days\n"}
,{"stream_name":"stdout","time":31245.259957788,"data":"Using 1 of 4 CPU threads\n"}
,{"stream_name":"stdout","time":31326.16595983,"data":"Searching for best T0 for period 10.89209 days\n"}
,{"stream_name":"stdout","time":31341.41939996,"data":"Transit Least Squares TLS 1.32 (5 Apr 2024)\n"}
,{"stream_name":"stdout","time":31341.424015019,"data":"Creating model cache for 43 durations\n"}
,{"stream_name":"stdout","time":31341.440104643,"data":"Searching 18323 data points, 12503 periods from 0.988 to 30.0 days\n"}
,{"stream_name":"stdout","time":31341.440223099,"data":"Using 1 of 4 CPU threads\n"}
,{"stream_name":"stdout","time":31342.841178812,"data":"Searching for best T0 for period 6.04316 days\n"}
,{"stream_name":"stderr","time":31349.516428342,"data":"/usr/local/lib/python3.13/dist-packages/transitleastsquares/main.py:411: UserWarning: 27 of 49 transits without data. The true period may be twice the given period.\n"}
,{"stream_name":"stderr","time":31349.516492432,"data":"  warnings.warn(text)\n"}
,{"stream_name":"stdout","time":31364.948069047,"data":"Transit Least Squares TLS 1.32 (5 Apr 2024)\n"}
,{"stream_name":"stdout","time":31364.965117909,"data":"Creating model cache for 43 durations\n"}
,{"stream_name":"stdout","time":31364.99131664,"data":"Searching 27933 data points, 49421 periods from 0.5 to 29.995 days\n"}
,{"stream_name":"stdout","time":31364.991616018,"data":"Using 1 of 4 CPU threads\n"}
,{"stream_name":"stdout","time":31396.447650129,"data":"Searching for best T0 for period 12.93470 days\n"}
,{"stream_name":"stdout","time":31424.55212358,"data":"Transit Least Squares TLS 1.32 (5 Apr 2024)\n"}
,{"stream_name":"stdout","time":31424.556368185,"data":"Creating model cache for 43 durations\n"}
,{"stream_name":"stdout","time":31424.569890187,"data":"Searching 5724 data points, 11152 periods from 0.5 to 29.999 days\n"}
,{"stream_name":"stdout","time":31424.570053202,"data":"Using 1 of 4 CPU threads\n"}
,{"stream_name":"stdout","time":31609.259647521,"data":"Searching for best T0 for period 0.64722 days\n"}
,{"stream_name":"stderr","time":31610.084750623,"data":"/usr/local/lib/python3.13/dist-packages/transitleastsquares/main.py:411: UserWarning: 57 of 119 transits without data. The true period may be twice the given period.\n"}
,{"stream_name":"stderr","time":31610.084799302,"data":"  warnings.warn(text)\n"}
,{"stream_name":"stdout","time":31622.989581726,"data":"Transit Least Squares TLS 1.32 (5 Apr 2024)\n"}
,{"stream_name":"stdout","time":31623.004446304,"data":"Creating model cache for 43 durations\n"}
,{"stream_name":"stdout","time":31623.028960903,"data":"Searching 31537 data points, 43081 periods from 0.5 to 29.995 days\n"}
,{"stream_name":"stdout","time":31623.029164638,"data":"Using 1 of 4 CPU threads\n"}
,{"stream_name":"stdout","time":31689.232252298,"data":"Searching for best T0 for period 10.92198 days\n"}
,{"stream_name":"stderr","time":31693.071597654,"data":"/usr/local/lib/python3.13/dist-packages/transitleastsquares/main.py:411: UserWarning: 8 of 19 transits without data. The true period may be twice the given period.\n"}
,{"stream_name":"stderr","time":31693.071638205,"data":"  warnings.warn(text)\n"}
,{"stream_name":"stdout","time":31703.58187039,"data":"Transit Least Squares TLS 1.32 (5 Apr 2024)\n"}
,{"stream_name":"stdout","time":31703.583334652,"data":"Creating model cache for 43 durations\n"}
,{"stream_name":"stdout","time":31703.594424799,"data":"Searching 6288 data points, 2971 periods from 0.988 to 26.052 days\n"}
,{"stream_name":"stdout","time":31703.594525799,"data":"Using 1 of 4 CPU threads\n"}
,{"stream_name":"stdout","time":31748.921654896,"data":"Searching for best T0 for period 2.43590 days\n"}
,{"stream_name":"stdout","time":31760.214536931,"data":"Transit Least Squares TLS 1.32 (5 Apr 2024)\n"}
,{"stream_name":"stdout","time":31760.2234606,"data":"Creating model cache for 43 durations\n"}
,{"stream_name":"stdout","time":31760.2401538,"data":"Searching 25788 data points, 19143 periods from 0.988 to 29.999 days\n"}
,{"stream_name":"stdout","time":31760.240496447,"data":"Using 1 of 4 CPU threads\n"}
,{"stream_name":"stdout","time":32834.863489934,"data":"Searching for best T0 for period 13.94806 days\n"}
,{"stream_name":"stderr","time":32857.654217159,"data":"/usr/local/lib/python3.13/dist-packages/transitleastsquares/main.py:411: UserWarning: 9 of 19 transits without data. The true period may be twice the given period.\n"}
,{"stream_name":"stderr","time":32857.654258798,"data":"  warnings.warn(text)\n"}
,{"stream_name":"stdout","time":32872.561945797,"data":"Transit Least Squares TLS 1.32 (5 Apr 2024)\n"}
,{"stream_name":"stdout","time":32872.567564705,"data":"Creating model cache for 43 durations\n"}
,{"stream_name":"stdout","time":32872.582807511,"data":"Searching 11414 data points, 14331 periods from 0.5 to 29.998 days\n"}
,{"stream_name":"stdout","time":32872.583170658,"data":"Using 1 of 4 CPU threads\n"}
,{"stream_name":"stdout","time":33134.356030987,"data":"Searching for best T0 for period 1.18505 days\n"}
,{"stream_name":"stderr","time":33139.905567435,"data":"/usr/local/lib/python3.13/dist-packages/transitleastsquares/main.py:411: UserWarning: 126 of 277 transits without data. The true period may be twice the given period.\n"}
,{"stream_name":"stderr","time":33139.90561212,"data":"  warnings.warn(text)\n"}
,{"stream_name":"stdout","time":33159.688502404,"data":"Searching for best T0 for period 16.23129 days\n"}
,{"stream_name":"stdout","time":33163.438666786,"data":"Transit Least Squares TLS 1.32 (5 Apr 2024)\n"}
,{"stream_name":"stdout","time":33163.445248975,"data":"Creating model cache for 43 durations\n"}
,{"stream_name":"stdout","time":33163.462659609,"data":"Searching 25788 data points, 19143 periods from 0.988 to 29.999 days\n"}
,{"stream_name":"stdout","time":33163.462767164,"data":"Using 1 of 4 CPU threads\n"}
,{"stream_name":"stdout","time":33176.577709004,"data":"Transit Least Squares TLS 1.32 (5 Apr 2024)\n"}
,{"stream_name":"stdout","time":33176.58808722,"data":"Creating model cache for 43 durations\n"}
,{"stream_name":"stdout","time":33176.608828373,"data":"Searching 28305 data points, 29217 periods from 0.523 to 29.996 days\n"}
,{"stream_name":"stdout","time":33176.609107585,"data":"Using 1 of 4 CPU threads\n"}
,{"stream_name":"stdout","time":33571.455001086,"data":"Searching for best T0 for period 25.62280 days\n"}
,{"stream_name":"stdout","time":33611.683954793,"data":"Transit Least Squares TLS 1.32 (5 Apr 2024)\n"}
,{"stream_name":"stdout","time":33611.688154131,"data":"Creating model cache for 43 durations\n"}
,{"stream_name":"stdout","time":33611.70325946,"data":"Searching 15754 data points, 11609 periods from 0.719 to 29.985 days\n"}
,{"stream_name":"stdout","time":33611.703454303,"data":"Using 1 of 4 CPU threads\n"}
,{"stream_name":"stdout","time":33904.590508077,"data":"Searching for best T0 for period 15.13369 days\n"}
,{"stream_name":"stdout","time":33926.814377233,"data":"Transit Least Squares TLS 1.32 (5 Apr 2024)\n"}
,{"stream_name":"stdout","time":33926.828697482,"data":"Creating model cache for 43 durations\n"}
,{"stream_name":"stdout","time":33926.853100209,"data":"Searching 31679 data points, 42213 periods from 0.5 to 29.997 days\n"}
,{"stream_name":"stdout","time":33926.853259852,"data":"Using 1 of 4 CPU threads\n"}
,{"stream_name":"stdout","time":34489.120653494,"data":"Searching for best T0 for period 2.17099 days\n"}
,{"stream_name":"stderr","time":34493.416979255,"data":"/usr/local/lib/python3.13/dist-packages/transitleastsquares/main.py:411: UserWarning: 68 of 152 transits without data. The true period may be twice the given period.\n"}
,{"stream_name":"stderr","time":34493.417046252,"data":"  warnings.warn(text)\n"}
,{"stream_name":"stdout","time":34510.993959994,"data":"Transit Least Squares TLS 1.32 (5 Apr 2024)\n"}
,{"stream_name":"stdout","time":34510.999434173,"data":"Creating model cache for 43 durations\n"}
,{"stream_name":"stdout","time":34511.012524893,"data":"Searching 9244 data points, 7928 periods from 0.988 to 29.987 days\n"}
,{"stream_name":"stdout","time":34511.012756939,"data":"Using 1 of 4 CPU threads\n"}
,{"stream_name":"stdout","time":34608.855537351,"data":"Searching for best T0 for period 11.77234 days\n"}
,{"stream_name":"stderr","time":34612.28944743,"data":"/usr/local/lib/python3.13/dist-packages/transitleastsquares/main.py:411: UserWarning: 6 of 11 transits without data. The true period may be twice the given period.\n"}
,{"stream_name":"stderr","time":34612.289483585,"data":"  warnings.warn(text)\n"}
,{"stream_name":"stdout","time":34621.449411712,"data":"Transit Least Squares TLS 1.32 (5 Apr 2024)\n"}
,{"stream_name":"stdout","time":34621.461455094,"data":"Creating model cache for 43 durations\n"}
,{"stream_name":"stdout","time":34621.480964522,"data":"Searching 20323 data points, 29232 periods from 0.5 to 29.995 days\n"}
,{"stream_name":"stdout","time":34621.481054838,"data":"Using 1 of 4 CPU threads\n"}
,{"stream_name":"stdout","time":34808.239430297,"data":"Searching for best T0 for period 0.68470 days\n"}
,{"stream_name":"stderr","time":34816.182469259,"data":"/usr/local/lib/python3.13/dist-packages/transitleastsquares/main.py:411: UserWarning: 229 of 514 transits without data. The true period may be twice the given period.\n"}
,{"stream_name":"stderr","time":34816.182530782,"data":"  warnings.warn(text)\n"}
,{"stream_name":"stdout","time":34841.799360037,"data":"Transit Least Squares TLS 1.32 (5 Apr 2024)\n"}
,{"stream_name":"stdout","time":34841.817718879,"data":"Creating model cache for 43 durations\n"}
,{"stream_name":"stdout","time":34841.845937266,"data":"Searching 27584 data points, 36948 periods from 0.59 to 29.994 days\n"}
,{"stream_name":"stdout","time":34841.845989854,"data":"Using 1 of 4 CPU threads\n"}
,{"stream_name":"stdout","time":35256.642515815,"data":"Searching for best T0 for period 1.25986 days\n"}
,{"stream_name":"stdout","time":35283.316262113,"data":"Transit Least Squares TLS 1.32 (5 Apr 2024)\n"}
,{"stream_name":"stdout","time":35283.322043036,"data":"Creating model cache for 43 durations\n"}
,{"stream_name":"stdout","time":35283.338584381,"data":"Searching 17857 data points, 16318 periods from 1.203 to 29.99 days\n"}
,{"stream_name":"stdout","time":35283.338750175,"data":"Using 1 of 4 CPU threads\n"}
,{"stream_name":"stdout","time":35440.251897013,"data":"Searching for best T0 for period 27.49670 days\n"}
,{"stream_name":"stderr","time":35454.749297272,"data":"/usr/local/lib/python3.13/dist-packages/transitleastsquares/main.py:411: UserWarning: 4 of 8 transits without data. The true period may be twice the given period.\n"}
,{"stream_name":"stderr","time":35454.749367584,"data":"  warnings.warn(text)\n"}
,{"stream_name":"stdout","time":35464.420239755,"data":"Transit Least Squares TLS 1.32 (5 Apr 2024)\n"}
,{"stream_name":"stdout","time":35464.425423624,"data":"Creating model cache for 43 durations\n"}
,{"stream_name":"stdout","time":35464.441972346,"data":"Searching 9656 data points, 14436 periods from 0.5 to 29.984 days\n"}
,{"stream_name":"stdout","time":35464.44243629,"data":"Using 1 of 4 CPU threads\n"}
,{"stream_name":"stdout","time":35643.699024803,"data":"Searching for best T0 for period 8.24062 days\n"}
,{"stream_name":"stderr","time":35647.396200523,"data":"/usr/local/lib/python3.13/dist-packages/transitleastsquares/main.py:411: UserWarning: 29 of 43 transits without data. The true period may be twice the given period.\n"}
,{"stream_name":"stderr","time":35647.396251142,"data":"  warnings.warn(text)\n"}
,{"stream_name":"stdout","time":35660.285878129,"data":"Transit Least Squares TLS 1.32 (5 Apr 2024)\n"}
,{"stream_name":"stdout","time":35660.291862728,"data":"Creating model cache for 43 durations\n"}
,{"stream_name":"stdout","time":35660.308400102,"data":"Searching 17857 data points, 16318 periods from 1.203 to 29.99 days\n"}
,{"stream_name":"stdout","time":35660.308519188,"data":"Using 1 of 4 CPU threads\n"}
,{"stream_name":"stdout","time":35689.271291847,"data":"Searching for best T0 for period 1.05146 days\n"}
,{"stream_name":"stderr","time":35695.275536452,"data":"/usr/local/lib/python3.13/dist-packages/transitleastsquares/main.py:411: UserWarning: 89 of 100 transits without data. The true period may be twice the given period.\n"}
,{"stream_name":"stderr","time":35695.275597516,"data":"  warnings.warn(text)\n"}
,{"stream_name":"stdout","time":35704.365523218,"data":"Transit Least Squares TLS 1.32 (5 Apr 2024)\n"}
,{"stream_name":"stdout","time":35704.368431434,"data":"Creating model cache for 43 durations\n"}
,{"stream_name":"stdout","time":35704.380907051,"data":"Searching 6414 data points, 7128 periods from 0.5 to 26.364 days\n"}
,{"stream_name":"stdout","time":35704.381054675,"data":"Using 1 of 4 CPU threads\n"}
,{"stream_name":"stdout","time":35725.531984139,"data":"Searching for best T0 for period 20.42313 days\n"}
,{"stream_name":"stdout","time":35774.062804919,"data":"Transit Least Squares TLS 1.32 (5 Apr 2024)\n"}
,{"stream_name":"stdout","time":35774.068300241,"data":"Creating model cache for 43 durations\n"}
,{"stream_name":"stdout","time":35774.086049574,"data":"Searching 15886 data points, 12034 periods from 0.676 to 29.998 days\n"}
,{"stream_name":"stdout","time":35774.086396714,"data":"Using 1 of 4 CPU threads\n"}
,{"stream_name":"stdout","time":35794.097632561,"data":"Searching for best T0 for period 0.92170 days\n"}
,{"stream_name":"stderr","time":35800.361640506,"data":"/usr/local/lib/python3.13/dist-packages/transitleastsquares/main.py:411: UserWarning: 173 of 382 transits without data. The true period may be twice the given period.\n"}
,{"stream_name":"stderr","time":35800.361685847,"data":"  warnings.warn(text)\n"}
,{"stream_name":"stdout","time":35812.81639746,"data":"Searching for best T0 for period 3.98222 days\n"}
,{"stream_name":"stdout","time":35819.839264112,"data":"Transit Least Squares TLS 1.32 (5 Apr 2024)\n"}
,{"stream_name":"stdout","time":35819.840686459,"data":"Creating model cache for 38 durations\n"}
,{"stream_name":"stdout","time":35819.850703122,"data":"Searching 3731 data points, 2305 periods from 0.631 to 13.423 days\n"}
,{"stream_name":"stdout","time":35819.850852944,"data":"Using 1 of 4 CPU threads\n"}
,{"stream_name":"stdout","time":35824.817387917,"data":"Transit Least Squares TLS 1.32 (5 Apr 2024)\n"}
,{"stream_name":"stdout","time":35824.819601032,"data":"Creating model cache for 43 durations\n"}
,{"stream_name":"stdout","time":35824.835059046,"data":"Searching 22014 data points, 10563 periods from 1.021 to 30.0 days\n"}
,{"stream_name":"stdout","time":35824.835242303,"data":"Using 1 of 4 CPU threads\n"}
,{"stream_name":"stdout","time":35834.502657425,"data":"Searching for best T0 for period 6.76416 days\n"}
,{"stream_name":"stdout","time":35842.319162995,"data":"Transit Least Squares TLS 1.32 (5 Apr 2024)\n"}
,{"stream_name":"stdout","time":35842.324754336,"data":"Creating model cache for 43 durations\n"}
,{"stream_name":"stdout","time":35842.34076591,"data":"Searching 19411 data points, 15315 periods from 0.632 to 29.994 days\n"}
,{"stream_name":"stdout","time":35842.340800664,"data":"Using 1 of 4 CPU threads\n"}
,{"stream_name":"stdout","time":36134.264562419,"data":"Searching for best T0 for period 1.88151 days\n"}
,{"stream_name":"stdout","time":36148.273925326,"data":"Searching for best T0 for period 9.69393 days\n"}
,{"stream_name":"stdout","time":36153.346256225,"data":"Transit Least Squares TLS 1.32 (5 Apr 2024)\n"}
,{"stream_name":"stdout","time":36153.35540433,"data":"Creating model cache for 43 durations\n"}
,{"stream_name":"stdout","time":36153.374371074,"data":"Searching 28922 data points, 21938 periods from 0.676 to 29.992 days\n"}
,{"stream_name":"stdout","time":36153.374693473,"data":"Using 1 of 4 CPU threads\n"}
,{"stream_name":"stdout","time":36164.421350773,"data":"Transit Least Squares TLS 1.32 (5 Apr 2024)\n"}
,{"stream_name":"stdout","time":36164.424650381,"data":"Creating model cache for 43 durations\n"}
,{"stream_name":"stdout","time":36164.437588331,"data":"Searching 10420 data points, 7712 periods from 0.632 to 29.985 days\n"}
,{"stream_name":"stdout","time":36164.437761139,"data":"Using 1 of 4 CPU threads\n"}
,{"stream_name":"stdout","time":36267.460430784,"data":"Searching for best T0 for period 1.85628 days\n"}
,{"stream_name":"stdout","time":36270.798614179,"data":"Searching for best T0 for period 10.67853 days\n"}
,{"stream_name":"stderr","time":36274.759399722,"data":"/usr/local/lib/python3.13/dist-packages/transitleastsquares/main.py:411: UserWarning: 20 of 33 transits without data. The true period may be twice the given period.\n"}
,{"stream_name":"stderr","time":36274.759444523,"data":"  warnings.warn(text)\n"}
,{"stream_name":"stdout","time":36278.722434777,"data":"Transit Least Squares TLS 1.32 (5 Apr 2024)\n"}
,{"stream_name":"stdout","time":36278.725629905,"data":"Creating model cache for 43 durations\n"}
,{"stream_name":"stdout","time":36278.739396184,"data":"Searching 11221 data points, 8709 periods from 0.717 to 29.975 days\n"}
,{"stream_name":"stdout","time":36278.73943267,"data":"Using 1 of 4 CPU threads\n"}
,{"stream_name":"stdout","time":36286.662372037,"data":"Transit Least Squares TLS 1.32 (5 Apr 2024)\n"}
,{"stream_name":"stdout","time":36286.668465604,"data":"Creating model cache for 43 durations\n"}
,{"stream_name":"stdout","time":36286.687307948,"data":"Searching 17857 data points, 16318 periods from 1.203 to 29.99 days\n"}
,{"stream_name":"stdout","time":36286.687479549,"data":"Using 1 of 4 CPU threads\n"}
,{"stream_name":"stdout","time":36420.369412292,"data":"Searching for best T0 for period 3.15897 days\n"}
,{"stream_name":"stdout","time":36437.715427072,"data":"Transit Least Squares TLS 1.32 (5 Apr 2024)\n"}
,{"stream_name":"stdout","time":36437.715474502,"data":"Creating model cache for 43 durations\n"}
,{"stream_name":"stdout","time":36437.726850403,"data":"Searching 6810 data points, 2956 periods from 1.022 to 26.82 days\n"}
,{"stream_name":"stdout","time":36437.727092424,"data":"Using 1 of 4 CPU threads\n"}
,{"stream_name":"stdout","time":36481.585372981,"data":"Searching for best T0 for period 1.50738 days\n"}
,{"stream_name":"stdout","time":36485.295642112,"data":"Searching for best T0 for period 14.33392 days\n"}
,{"stream_name":"stdout","time":36491.999720615,"data":"Transit Least Squares TLS 1.32 (5 Apr 2024)\n"}
,{"stream_name":"stdout","time":36492.001794452,"data":"Creating model cache for 43 durations\n"}
,{"stream_name":"stdout","time":36492.013782959,"data":"Searching 5589 data points, 4487 periods from 0.717 to 27.024 days\n"}
,{"stream_name":"stdout","time":36492.016383367,"data":"Using 1 of 4 CPU threads\n"}
,{"stream_name":"stdout","time":36493.867161109,"data":"Transit Least Squares TLS 1.32 (5 Apr 2024)\n"}
,{"stream_name":"stdout","time":36493.870406853,"data":"Creating model cache for 43 durations\n"}
,{"stream_name":"stdout","time":36493.883468325,"data":"Searching 9429 data points, 4397 periods from 1.021 to 29.972 days\n"}
,{"stream_name":"stdout","time":36493.883503651,"data":"Using 1 of 4 CPU threads\n"}
,{"stream_name":"stdout","time":36555.196087734,"data":"Searching for best T0 for period 9.65908 days\n"}
,{"stream_name":"stdout","time":36563.365035903,"data":"Transit Least Squares TLS 1.32 (5 Apr 2024)\n"}
,{"stream_name":"stdout","time":36563.369791498,"data":"Creating model cache for 43 durations\n"}
,{"stream_name":"stdout","time":36563.385558209,"data":"Searching 17378 data points, 13248 periods from 0.717 to 29.989 days\n"}
,{"stream_name":"stdout","time":36563.385742892,"data":"Using 1 of 4 CPU threads\n"}
,{"stream_name":"stdout","time":36590.157098421,"data":"Searching for best T0 for period 7.07140 days\n"}
,{"stream_name":"stdout","time":36599.48272061,"data":"Transit Least Squares TLS 1.32 (5 Apr 2024)\n"}
,{"stream_name":"stdout","time":36599.485782055,"data":"Creating model cache for 43 durations\n"}
,{"stream_name":"stdout","time":36599.498861696,"data":"Searching 12420 data points, 6094 periods from 1.021 to 29.976 days\n"}
,{"stream_name":"stdout","time":36599.499072833,"data":"Using 1 of 4 CPU threads\n"}
,{"stream_name":"stdout","time":36713.644739581,"data":"Searching for best T0 for period 3.13025 days\n"}
,{"stream_name":"stdout","time":36841.109769298,"data":"Searching for best T0 for period 26.42423 days\n"}
,{"stream_name":"stderr","time":36851.204548109,"data":"/usr/local/lib/python3.13/dist-packages/transitleastsquares/main.py:411: UserWarning: 4 of 5 transits without data. The true period may be twice the given period.\n"}
,{"stream_name":"stderr","time":36851.204637296,"data":"  warnings.warn(text)\n"}
,{"stream_name":"stdout","time":36964.532742965,"data":"Searching for best T0 for period 0.94906 days\n"}
,{"stream_name":"stdout","time":36984.960077775,"data":"Transit Least Squares TLS 1.32 (5 Apr 2024)\n"}
,{"stream_name":"stdout","time":36984.962577579,"data":"Creating model cache for 43 durations\n"}
,{"stream_name":"stdout","time":36984.971760359,"data":"Searching 15886 data points, 12034 periods from 0.676 to 29.998 days\n"}
,{"stream_name":"stdout","time":36984.971812306,"data":"Using 1 of 4 CPU threads\n"}
,{"stream_name":"stdout","time":37005.695101191,"data":"Searching for best T0 for period 1.72776 days\n"}
,{"stream_name":"stderr","time":37007.888659256,"data":"/usr/local/lib/python3.13/dist-packages/transitleastsquares/main.py:411: UserWarning: 131 of 204 transits without data. The true period may be twice the given period.\n"}
,{"stream_name":"stderr","time":37007.888697548,"data":"  warnings.warn(text)\n"}
,{"stream_name":"stdout","time":37017.502682484,"data":"Transit Least Squares TLS 1.32 (5 Apr 2024)\n"}
,{"stream_name":"stdout","time":37017.505920521,"data":"Creating model cache for 43 durations\n"}
,{"stream_name":"stdout","time":37017.515850133,"data":"Searching 17857 data points, 16318 periods from 1.203 to 29.99 days\n"}
,{"stream_name":"stdout","time":37017.515880733,"data":"Using 1 of 4 CPU threads\n"}
,{"stream_name":"stdout","time":37288.110711287,"data":"Searching for best T0 for period 2.71905 days\n"}
,{"stream_name":"stdout","time":37299.817249348,"data":"Transit Least Squares TLS 1.32 (5 Apr 2024)\n"}
,{"stream_name":"stdout","time":37299.820696739,"data":"Creating model cache for 43 durations\n"}
,{"stream_name":"stdout","time":37299.832658421,"data":"Searching 22872 data points, 17221 periods from 0.676 to 29.987 days\n"}
,{"stream_name":"stdout","time":37299.832723825,"data":"Using 1 of 4 CPU threads\n"}
,{"stream_name":"stdout","time":37414.934858813,"data":"Searching for best T0 for period 10.04933 days\n"}
,{"stream_name":"stderr","time":37417.556179314,"data":"/usr/local/lib/python3.13/dist-packages/transitleastsquares/main.py:411: UserWarning: 21 of 35 transits without data. The true period may be twice the given period.\n"}
,{"stream_name":"stderr","time":37417.556219053,"data":"  warnings.warn(text)\n"}
,{"stream_name":"stdout","time":37642.418187508,"data":"Searching for best T0 for period 5.03443 days\n"}
,{"stream_name":"stderr","time":37656.520774864,"data":"/usr/local/lib/python3.13/dist-packages/mistune.py:435: SyntaxWarning: invalid escape sequence '\\|'\n"}
,{"stream_name":"stderr","time":37656.520818847,"data":"  cells[i][c] = re.sub('\\\\\\\\\\|', '|', cell)\n"}
,{"stream_name":"stderr","time":37656.845305278,"data":"/usr/local/lib/python3.13/dist-packages/nbconvert/filters/filter_links.py:36: SyntaxWarning: invalid escape sequence '\\_'\n"}
,{"stream_name":"stderr","time":37656.845353286,"data":"  text = re.sub(r'_', '\\_', text) # Escape underscores in display text\n"}
,{"stream_name":"stderr","time":37657.830337991,"data":"[NbConvertApp] Converting notebook __script__.ipynb to html\n"}
,{"stream_name":"stderr","time":37659.091081664,"data":"[NbConvertApp] Writing 276119 bytes to __results__.html\n"}
]