tic,stratum,p07,p07_reason,window_sectors,sde,p08,sde_a6,p08_a6,in_pool,in_pool_raw_rule
145708,2-3,pass,,11,6.824469835839687,pass,5.193136135545989,pass,True,True
767658,2-3,pass,,5,6.209808639025022,pass,6.11640401700777,pass,True,True
990474,2-3,pass,,45;46,6.565137766072958,pass,7.464062511780353,pass,True,True
1011451,4-6,exclude,P07: 0 sector(s) with CROWDSAP >= 0.9 after X10/X11,,,,,,False,False
1114381,2-3,pass,,4,6.32062039000578,pass,9.404118169741457,exclude,False,True
1128207,2-3,pass,,4,7.573176311116551,pass,5.372139329456889,pass,True,True
1357036,4-6,pass,,5,7.275525445671991,pass,7.935290011077724,pass,True,True
1474551,4-6,exclude,P07: 0 sector(s) with CROWDSAP >= 0.9 after X10/X11,,,,,,False,False
1509168,2-3,pass,,61;62,10.620039585435986,exclude,10.891611751341838,exclude,False,False
3576581,4-6,pass,,44;45;46;47,9.890053093094195,exclude,6.651027040201185,pass,True,False
3644771,2-3,pass,,44;45;46,9.547110559514518,exclude,7.316359934002597,pass,True,False
3663779,2-3,pass,,44;45;46,10.112355284404789,exclude,5.62906236122008,pass,True,False
3697545,2-3,exclude,P07: 0 sector(s) with CROWDSAP >= 0.9 after X10/X11,,,,,,False,False
3799379,4-6,pass,,44;45;46;47,9.316541373676069,exclude,10.214131380180948,exclude,False,False
3806602,2-3,pass,,3,5.241765918682668,pass,5.723698541109299,pass,True,True
3816082,4-6,pass,,3,5.626574257411492,pass,5.352062081876341,pass,True,True
3899820,2-3,pass,,3,6.403316231676148,pass,4.051127355188803,pass,True,True
4750725,2-3,pass,,22,6.639546765008388,pass,5.5874063356786685,pass,True,True
5641823,2-3,pass,,29;42,8.941234651865377,pass,6.238165226439489,pass,True,True
5716636,7-12,pass,,2,4.744450539820091,pass,4.4939445641098,pass,True,True
5738944,2-3,pass,,29;42,9.134794764931934,exclude,6.606800677973062,pass,True,False
6923155,4-6,pass,,34;44;45;46,6.889298789585888,pass,8.209335405165675,pass,True,True
7020982,2-3,pass,,45;46,6.108432930123449,pass,5.349504224513795,pass,True,True
7060254,2-3,pass,,45;46,8.131424664106932,pass,7.233079450803952,pass,True,True
7153462,7-12,pass,,29,7.376210699356606,pass,4.236830687919637,pass,True,True
7315512,4-6,exclude,P07: 0 sector(s) with CROWDSAP >= 0.9 after X10/X11,,,,,,False,False
7392944,4-6,pass,,4;6,7.235576430434084,pass,5.458754963334605,pass,True,True
7422813,7-12,pass,,5;6,6.867011107313809,pass,6.969611747259747,pass,True,True
7546165,4-6,pass,,24;25;26,7.872536449285953,pass,5.836831553729349,pass,True,True
7623762,2-3,pass,,31;32,9.791871778593247,exclude,8.518806472971228,pass,True,False
7980848,4-6,pass,,35;45;46,16.851522975406542,exclude,15.111791119072343,exclude,False,False
8309423,4-6,pass,,24;25,5.2407174928839755,pass,6.340179877362292,pass,True,True
8373638,2-3,exclude,P07: 0 sector(s) with CROWDSAP >= 0.9 after X10/X11,,,,,,False,False
8447415,4-6,pass,,24;25,6.647658928740384,pass,6.875273967939741,pass,True,True
8483309,4-6,pass,,24;25,6.4848695606530224,pass,6.5379161636895144,pass,True,True
8577279,4-6,pass,,24;25,6.083532858768283,pass,7.395247173552869,pass,True,True
9037787,4-6,pass,,23;24,5.723880023348965,pass,6.483786719572916,pass,True,True
9068226,2-3,pass,,2,5.761562062509275,pass,4.97078811225493,pass,True,True
9569707,4-6,pass,,25;26,9.886156027209507,exclude,6.974603779541195,pass,True,False
9571583,2-3,pass,,52;53,5.9931841619526836,pass,5.201024658808697,pass,True,True
9791472,2-3,pass,,29;42,7.780216958401472,pass,7.455061500700292,pass,True,True
9859329,2-3,pass,,4,8.125152344574147,pass,5.2924277687670935,pass,True,True
10045960,2-3,pass,,20,8.412050945071103,pass,4.771903822350752,pass,True,True
10147982,2-3,pass,,22,8.402077430667186,pass,4.574135343024588,pass,True,True
10819194,2-3,pass,,3,4.502243323961454,pass,4.2445681756040825,pass,True,True
11294075,2-3,pass,,6,4.690277589540623,pass,6.144747285291076,pass,True,True
11637943,2-3,pass,,3,6.484197454292065,pass,7.689712340617871,pass,True,True
12932104,2-3,pass,,29,6.977818407240574,pass,4.297769152702177,pass,True,True
13024362,4-6,pass,,2,5.394287626861653,pass,4.39839611178167,pass,True,True
13960421,2-3,pass,,17,5.214175495089644,pass,5.442284763039116,pass,True,True
14199559,2-3,pass,,20,6.063712910224858,pass,5.591341420697059,pass,True,True
14456477,2-3,pass,,23,5.1597129300110565,pass,6.822071855828002,pass,True,True
14780709,4-6,pass,,22,6.721019484824935,pass,5.868718649173905,pass,True,True
16370959,4-6,pass,,24,6.915477601503624,pass,5.1673811541783925,pass,True,True
17547198,4-6,pass,,35,6.986145096632252,pass,7.203912970407758,pass,True,True
17673908,2-3,pass,,44;45;46,7.641900168091243,pass,5.79697644599889,pass,True,True
17677244,4-6,pass,,7,7.472352507410478,pass,5.218218838094383,pass,True,True
17859252,2-3,pass,,20,6.153517669033905,pass,4.396941126274615,pass,True,True
17863009,4-6,pass,,7,8.557641736806861,pass,10.218723625333414,exclude,False,True
18422408,2-3,pass,,25;26,7.144310184270464,pass,5.234045064748251,pass,True,True
18634351,4-6,pass,,25;26,5.703036956796531,pass,5.99141282162256,pass,True,True
18907552,2-3,pass,,22,6.329294612867555,pass,4.129507270127148,pass,True,True
18934976,4-6,pass,,7,4.268584219308045,pass,4.022372620270078,pass,True,True
20205100,4-6,pass,,23;24,11.34221571837426,exclude,7.019074072304045,pass,True,False
20212152,2-3,pass,,24,4.827020706994092,pass,4.844270155252432,pass,True,True
20495750,2-3,pass,,44;45;46,9.069002009000464,exclude,6.11994285460803,pass,True,False
20614062,4-6,pass,,10,4.795496670073514,pass,5.917107055960838,pass,True,True
21017001,4-6,pass,,14;25;26,10.791693944827822,exclude,8.89368250791664,pass,True,False
21121180,7-12,pass,,14;25;26,8.246919369648683,pass,6.308854082754657,pass,True,True
21123949,7-12,exclude,P07: 0 sector(s) with CROWDSAP >= 0.9 after X10/X11,,,,,,False,False
21124830,4-6,exclude,P07: 0 sector(s) with CROWDSAP >= 0.9 after X10/X11,,,,,,False,False
21183716,2-3,pass,,44;45;46,9.249501886191675,exclude,6.048158482623768,pass,True,False
21185386,2-3,pass,,44;45;46,9.932824191172855,exclude,12.188351025435832,exclude,False,False
21228854,7-12,pass,,14;15;18;19;22;25;26,9.785718384644138,exclude,9.578158343031191,exclude,False,False
21274791,4-6,pass,,44;45;46,11.263445582620502,exclude,11.00051340149514,exclude,False,False
21437232,4-6,pass,,5;6,7.914006194220301,pass,6.110848753583873,pass,True,True
21501907,2-3,pass,,21,5.30801549507749,pass,4.6798279939110055,pass,True,True
21747890,4-6,pass,,5;6,11.278682502399914,exclude,11.664545737626892,exclude,False,False
21891703,4-6,pass,,8;9,9.009175503146157,exclude,7.755810947394084,pass,True,False
22237080,2-3,pass,,9,4.757252964842963,pass,5.062934803945858,pass,True,True
22313863,2-3,pass,,52;53,8.062743415446928,pass,4.99747387535384,pass,True,True
22333688,4-6,pass,,40;53,6.635469172941867,pass,8.357525396654703,pass,True,True
22522464,2-3,pass,,20,5.494476180051541,pass,4.627914748684878,pass,True,True
22740650,2-3,pass,,22;23,7.276724545787897,pass,5.549376292070717,pass,True,True
22747615,2-3,pass,,42;43;44,7.226576838726358,pass,7.614655385541392,pass,True,True
22749511,2-3,pass,,42;43,6.017141287875976,pass,7.477254313168112,pass,True,True
22818511,2-3,pass,,49;50,6.401474905849824,pass,6.343610288728473,pass,True,True
23138309,2-3,pass,,4,6.270416617480752,pass,7.487344029410433,pass,True,True
23500615,2-3,pass,,90;100,9.972380188456055,exclude,9.556198714362608,exclude,False,False
23604751,2-3,pass,,20,6.86925145780759,pass,5.4966052033506925,pass,True,True
23793707,4-6,pass,,16;23,7.22522986698248,pass,7.983531667747666,pass,True,True
24360502,2-3,pass,,5;6,7.908960726365564,pass,6.59808742984792,pass,True,True
24530425,4-6,pass,,5;6,9.119643328286774,exclude,8.414640661878444,pass,True,False
24696180,4-6,pass,,1;2,6.075099782034374,pass,6.555701919673904,pass,True,True
24750489,4-6,pass,,1;2,8.217262739189525,pass,5.982311084296893,pass,True,True
25064941,7-12,pass,,27;28;29;30;31;32;33;34;35;36,8.587582640501951,pass,9.491470013077288,exclude,False,True
25077654,13-inf,pass,,1;2;3;4;5;6;7;8;9;10,8.849864212235142,pass,10.755437178174752,exclude,False,True
25079878,7-12,pass,,61;62;63;64;66;67;68;69,17.347035115122583,exclude,17.43506136897601,exclude,False,False
25116994,7-12,pass,,2;3;4;5;6;7;8;9;10;11,9.836855552263534,exclude,8.796299194818467,pass,True,False
25131760,7-12,pass,,87;88;89;90;93;94;95,9.61195623297252,exclude,7.836728733171595,pass,True,False
25131892,13-inf,exclude,P07: 0 sector(s) with CROWDSAP >= 0.9 after X10/X11,,,,,,False,False
25153797,7-12,pass,,61;62;63;64;65;66;67;68;69,14.09445958792564,exclude,6.845543407403137,pass,True,False
25154154,7-12,pass,,4;5;6;7;8;10;12;13,15.411276858776986,exclude,8.222508155830779,pass,True,False
25196356,13-inf,pass,,1;2;3;4;5;6;7;8;9;10,12.605416092774078,exclude,7.910600775722683,pass,True,False
25300673,2-3,pass,,92;95,12.888035571115052,exclude,10.715830039521949,exclude,False,False
25898234,2-3,pass,,70;71,18.03842685202793,exclude,19.864763161452792,exclude,False,False
25904529,2-3,pass,,8;9,10.023092767168745,exclude,4.3835891589919305,pass,True,False
25909530,4-6,pass,,42;43;44,6.361889470966845,pass,5.725456935836253,pass,True,True
26078826,4-6,pass,,42;43,5.17766657527558,pass,5.128246092734447,pass,True,True
26163031,2-3,pass,,8,8.326139501812463,pass,19.58288703173497,exclude,False,True
26474039,7-12,exclude,P07: 0 sector(s) with CROWDSAP >= 0.9 after X10/X11,,,,,,False,False
26956972,4-6,pass,,21,7.1867827929009405,pass,7.332413121662118,pass,True,True
26971188,2-3,pass,,45;48,8.970437491639126,pass,6.406341517187109,pass,True,True
27227173,2-3,pass,,23,4.567551131846065,pass,4.045144521837396,pass,True,True
27229572,2-3,pass,,14;15,7.428761062179439,pass,6.464321497310035,pass,True,True
27397848,7-12,exclude,P07: 0 sector(s) with CROWDSAP >= 0.9 after X10/X11,,,,,,False,False
27664000,2-3,exclude,P07: 0 sector(s) with CROWDSAP >= 0.9 after X10/X11,,,,,,False,False
27837522,4-6,pass,,14;15;16,6.892094748626526,pass,8.040248596692692,pass,True,True
27837873,7-12,exclude,P07: 0 sector(s) with CROWDSAP >= 0.9 after X10/X11,,,,,,False,False
28079908,2-3,pass,,14;15,9.195617814764203,exclude,8.454950082835115,pass,True,False
28162661,4-6,exclude,P07: 0 sector(s) with CROWDSAP >= 0.9 after X10/X11,,,,,,False,False
28769644,2-3,pass,,14;26,9.943663523233178,exclude,8.821647743003721,pass,True,False
28796187,4-6,exclude,P07: 0 sector(s) with CROWDSAP >= 0.9 after X10/X11,,,,,,False,False
29394809,2-3,pass,,24,5.83747618139589,pass,5.392914474685093,pass,True,True
29438318,4-6,pass,,24;25,7.679530930140357,pass,10.133812330324464,exclude,False,True
29758859,13-inf,pass,,1;2;3;4;5;6;7;8;10;11,8.80350804445387,pass,9.485029883472032,exclude,False,True
29759557,13-inf,pass,,1;2;3;4;5;6;7;8;9;10,9.92913359809896,exclude,6.917982554672934,pass,True,False
29759800,13-inf,pass,,1;2;3;4;5;6;7;8;9;10,7.876565713235373,pass,8.418901020309104,pass,True,True
29761349,7-12,pass,,4;5;6;7,13.08064731476298,exclude,8.43961747302961,pass,True,False
29779125,7-12,pass,,1;2;3;4;6;7;8;9;10;11,20.49078622748892,exclude,18.617113476549612,exclude,False,False
29779237,13-inf,pass,,1;2;3;4;5;6;7;8;9;10,9.725563009091454,exclude,10.897011026190585,exclude,False,False
29781101,13-inf,pass,,1;2;3;4;6;7;8;9;10;11,8.128059834534149,pass,7.112796975710722,pass,True,True
29832604,13-inf,pass,,1;2;3;4;5;6;7;8;9;10,12.110430778736676,exclude,7.499544921991784,pass,True,False
29833504,13-inf,pass,,1;2;3;4;5;6;7;8;9;10,10.157005830456008,exclude,6.574428233501991,pass,True,False
29925675,7-12,exclude,P07: 0 sector(s) with CROWDSAP >= 0.9 after X10/X11,,,,,,False,False
30466384,13-inf,pass,,1;3;4;5;6;7;8;9;10;11,13.069648591759066,exclude,11.627262017610358,exclude,False,False
30851433,7-12,pass,,1;3;4;5;6;7;8;9;10;11,10.63304348811264,exclude,8.481666139724835,pass,True,False
30854160,13-inf,pass,,1;2;3;4;5;6;7;8;9;10,9.652194537848818,exclude,6.426052085827902,pass,True,False
30941364,7-12,pass,,4;5;6;7;8;9;10;11;12;13,8.848556040670154,pass,6.225775091248068,pass,True,True
31157818,2-3,pass,,8;9,10.429534160860293,exclude,7.117550749919842,pass,True,False
31192638,2-3,pass,,5;6,8.313989184553288,pass,4.6871890980594815,pass,True,True
31380847,13-inf,pass,,1;2;4;5;7;8;9;10;11;12,8.846740013574284,pass,9.414901878122642,exclude,False,True
31384768,7-12,pass,,1;2;4;5;7;8;9;10;11;12,9.47318159942082,exclude,7.91845217778513,pass,True,False
31527115,7-12,pass,,61;62;63;64;65;66;67;68;69,11.454900245555926,exclude,8.303616737259965,pass,True,False
31528286,4-6,pass,,87;88;93;94;95;96,10.994678775159535,exclude,9.537467979637531,exclude,False,False
31533454,13-inf,pass,,1;2;3;4;5;7;8;9;10;11,8.975415344636273,pass,6.826525113491372,pass,True,True
31652979,7-12,pass,,1;2;3,8.272184259964325,pass,6.822743991788513,pass,True,True
31675050,7-12,pass,,1;2;3;13,19.550723620968455,exclude,20.396347227493056,exclude,False,False
31780495,7-12,pass,,2;3,6.2054070988891255,pass,5.255058011867663,pass,True,True
31798927,13-inf,exclude,P07: 0 sector(s) with CROWDSAP >= 0.9 after X10/X11,,,,,,False,False
31814908,7-12,pass,,1;3;7,7.204141058603369,pass,6.495005936036755,pass,True,True
31817742,7-12,pass,,1;2;3;10;13,13.451511580310273,exclude,18.262719075220133,exclude,False,False
31850397,7-12,pass,,1;3;7,8.789159965102225,pass,7.268728558143691,pass,True,True
31851830,4-6,pass,,1;2;3;6;10;13,10.407348450522123,exclude,8.282304801883567,pass,True,False
31927196,4-6,pass,,27;28;29;30;37,8.256470137732277,pass,6.626670550319463,pass,True,True
31963524,13-inf,pass,,1;2;6;7;9;10;13,10.449068066619796,exclude,7.910036658505154,pass,True,False
32032672,13-inf,pass,,1;2;3;4;6;7;10;13,11.555222845205323,exclude,8.489865732876304,pass,True,False
32032865,13-inf,pass,,1;2;3;4;6;7;10;13,8.704084951627511,pass,7.0281394443350065,pass,True,True
32033695,7-12,pass,,4;10;11;13,9.947723257754337,exclude,9.61727050059074,exclude,False,False
32034867,13-inf,pass,,1;2;4;6;7;9;10;13,10.209536680581566,exclude,8.308875873237298,pass,True,False
32050031,7-12,pass,,1;2;3;4;6;7;10;11;13,8.553820835328631,pass,7.808116330047903,pass,True,True
32068848,7-12,pass,,27;28;29;30;31;33;34;36;37;39,10.145470409282868,exclude,8.33145160376827,pass,True,False
32069236,7-12,pass,,27;28;29;30;32;33;34;36;37;39,9.861989834253825,exclude,7.578256016017074,pass,True,False
32070488,7-12,pass,,1;2;3;4;6;7;9;10;11;13,10.488518457040636,exclude,7.426862304746432,pass,True,False
32072097,13-inf,pass,,1;2;3;4;6;7;8;9;10;11,7.873240912659409,pass,8.414694807260714,pass,True,True
32090440,13-inf,pass,,1;2;3;4;5;6;7;8;9;10,9.175172460989304,exclude,8.855330208505261,pass,True,False
32092043,13-inf,pass,,2;3;4;5;6;7;8;9;10;11,10.48406470579515,exclude,7.213481097235485,pass,True,False
32154131,13-inf,pass,,1;2;3;4;5;6;7;8;9;10,8.721802718165218,pass,9.198547266153506,exclude,False,True
32432469,4-6,pass,,3,6.283618458248071,pass,5.656850061100181,pass,True,True
32811633,4-6,exclude,P07: 0 sector(s) with CROWDSAP >= 0.9 after X10/X11,,,,,,False,False
33174824,2-3,pass,,12,6.383434580031465,pass,4.920907554137121,pass,True,True
33649266,2-3,pass,,3,6.211272196173128,pass,4.501188703008474,pass,True,True
33717119,7-12,pass,,1;2;5;9;12;13,10.100735408286956,exclude,9.880842039663536,exclude,False,False
33735178,13-inf,pass,,1;2;5;6;8;9;12;13,10.008884414622468,exclude,7.301665970734441,pass,True,False
33831130,7-12,pass,,1;2;3;5;6;7;8;9;10;11,15.01254388770844,exclude,11.128978487098578,exclude,False,False
33831261,7-12,pass,,87;88;89;90;93;94;95;96,9.466938107514643,exclude,7.551559881124645,pass,True,False
33831818,13-inf,pass,,1;2;3;5;6;8;9;10;11;12,10.690461311130411,exclude,8.460627751526808,pass,True,False
33833395,7-12,pass,,27;30;31;35;36;38;39,7.512708936638115,pass,7.280406437300604,pass,True,True
33836833,13-inf,pass,,1;2;5;6;8;9;12;13,13.49430613481076,exclude,9.19366933653178,exclude,False,False
33838936,7-12,pass,,2;3;4;5;6;7;8;9;10;11,9.173769588395947,exclude,7.487586312354248,pass,True,False
33839044,13-inf,pass,,1;2;3;4;5;6;7;8;9;10,9.085549633562747,exclude,7.563411659155637,pass,True,False
33864966,7-12,pass,,4;6;7;10;12;13,16.54159240473328,exclude,9.06878967204076,exclude,False,False
33878459,13-inf,pass,,5;6;7;8;13,8.231815806440059,pass,7.910679964258631,pass,True,True
33879345,7-12,pass,,87;88;89;93;94;95;96,9.704407960360813,exclude,6.356491112088564,pass,True,False
33946668,2-3,pass,,2,6.554811327198063,pass,6.22490948293956,pass,True,True
33949151,4-6,pass,,2,5.855030615077176,pass,6.561374367897935,pass,True,True
34468360,2-3,pass,,6,7.685604814213143,pass,4.683238171674491,pass,True,True
34821191,4-6,pass,,18,7.179739265828377,pass,5.039145961650641,pass,True,True
35423857,4-6,exclude,P07: 0 sector(s) with CROWDSAP >= 0.9 after X10/X11,,,,,,False,False
37441683,2-3,pass,,87;98,9.946408484892274,exclude,7.048944144860478,pass,True,False
37917717,2-3,exclude,P07: 0 sector(s) with CROWDSAP >= 0.9 after X10/X11,,,,,,False,False
38065293,2-3,pass,,45;46,7.634659189836902,pass,6.3002519993410715,pass,True,True
38206278,2-3,pass,,45;46,7.438953007754619,pass,7.875899440185722,pass,True,True
38396592,4-6,pass,,28;29;31;35,22.33091369654447,exclude,20.816052520647876,exclude,False,False
38459395,13-inf,pass,,2;3;4;5;11,6.814499104383689,pass,8.611698109953899,pass,True,True
38468130,13-inf,pass,,1;2;3;4;5;7;8;11;12,10.602112838273738,exclude,8.690875489228421,pass,True,False
38468688,7-12,pass,,27;28;29;30;31;35;36;37;38;39,10.938662479149196,exclude,7.411901628705615,pass,True,False
38470115,13-inf,pass,,1;2;3;4;5;7;8;11;12,10.916628728202005,exclude,5.582002493023356,pass,True,False
38503310,2-3,exclude,P07: 0 sector(s) with CROWDSAP >= 0.9 after X10/X11,,,,,,False,False
38508526,13-inf,pass,,1;2;3;4;5;6;7;8;9;10,8.089030144826538,pass,7.081979965451488,pass,True,True
38518320,4-6,pass,,3;4;11;12,9.281331052145346,exclude,6.843786725191821,pass,True,False
38570601,7-12,pass,,27;28;29;30;31;35;36;37;38;39,10.369154232965624,exclude,6.558969572771495,pass,True,False
38608928,13-inf,pass,,3;4;5;6;7;8;9;10;11;12,9.827468741441896,exclude,7.923620884901359,pass,True,False
38609021,13-inf,pass,,1;2;3;4;5;6;7;8;10;11,11.06391872042282,exclude,8.943042410881741,pass,True,False
38610352,13-inf,pass,,1;2;3;4;5;6;7;8;9;10,7.7033691151044765,pass,6.503143076850893,pass,True,True
38633112,13-inf,pass,,1;2;3;4;5;8;9;11;12,10.140332813291533,exclude,7.231357953669237,pass,True,False
38679565,13-inf,pass,,1;2;3;4;5;8;9;11;12,10.726123423939931,exclude,7.513924682634892,pass,True,False
38696692,7-12,pass,,1;2;4;5;6;7;8;9;10;11,13.13237322296185,exclude,7.169481437016233,pass,True,False
38696814,13-inf,pass,,1;2;4;5;6;7;8;9;10;11,10.05636573466067,exclude,7.767228429156294,pass,True,False
38707482,13-inf,pass,,1;2;3;4;5;6;7;8;9;11,8.187833530497688,pass,9.07784606789215,exclude,False,True
38711614,13-inf,pass,,4;5;6;7;8;9;11;12;13,8.779404020362996,pass,7.011372525944203,pass,True,True
38825084,13-inf,pass,,1;2;3;4;5;6;7;8;9;10,10.691988200856102,exclude,8.995490284431067,pass,True,False
38907328,13-inf,pass,,1;2;3;4;5;6;7;8;9;10,10.88109491143234,exclude,6.84053821624225,pass,True,False
38908923,13-inf,pass,,1;2;3;4;5;6;7;8;9;10,11.01959062004162,exclude,9.690253473680828,exclude,False,False
38941401,7-12,pass,,1;2;4;5;6;7;8;9;10;11,22.916926006610225,exclude,20.447974590949944,exclude,False,False
38941452,13-inf,pass,,4,4.424536417168164,pass,4.912049316283334,pass,True,True
39080732,2-3,pass,,27;29,6.870862927661888,pass,7.689425146818148,pass,True,True
39268506,4-6,pass,,25;26,6.657310193239926,pass,5.382744860719098,pass,True,True
39425970,4-6,pass,,25;26,8.067104984256915,pass,7.109727132787986,pass,True,True
39463754,2-3,pass,,25;26,7.042976055609743,pass,6.958508694442069,pass,True,True
39983930,4-6,pass,,24;25,4.955466491145458,pass,5.5384008147756445,pass,True,True
40048171,2-3,pass,,30;42,10.17811796555813,exclude,6.254539638149822,pass,True,False
40519210,13-inf,pass,,1;2;3;4;5;6;7;8;9;10,8.738750753933695,pass,7.257205608026328,pass,True,True
41030765,4-6,pass,,4;5;7;8,14.648372826462964,exclude,7.406642271522389,pass,True,False
41083578,13-inf,pass,,61;62;63;64;65;66;67;68;69,9.902910798291828,exclude,7.0084117028128095,pass,True,False
41529304,13-inf,pass,,2;3;5;6;7;8;9;10;12;13,16.7196147973959,exclude,10.450636403438562,exclude,False,False
41832031,4-6,pass,,2;3,5.9811899550770145,pass,6.111564811086398,pass,True,True
41859985,4-6,pass,,2;3,9.41161456955176,exclude,7.926607844230836,pass,True,False
41898667,7-12,pass,,2;3,8.474954426113602,pass,6.866296652287296,pass,True,True
44741889,2-3,pass,,4;5,9.459798055434067,exclude,6.927003548319961,pass,True,False
46850461,4-6,pass,,8,5.587572216275974,pass,5.22978128382491,pass,True,True
47480770,2-3,pass,,35;36,7.15911371155748,pass,5.086110518491802,pass,True,True
47510709,2-3,pass,,2,6.578221921820529,pass,5.224907947667826,pass,True,True
47579320,2-3,pass,,41;52,6.884322512767812,pass,5.612883920480889,pass,True,True
47730698,7-12,exclude,P07: 1 sector(s) with CROWDSAP >= 0.9 after X10/X11,,,,,,False,False
47733476,4-6,pass,,14;15;25;26,13.951203336752332,exclude,13.657096200112337,exclude,False,False
47819125,13-inf,pass,,14;15;22;25;26,9.818231327083945,exclude,7.702958403038701,pass,True,False
47934197,4-6,pass,,14;15;19;22;25;26,9.743044868966823,exclude,7.35299590946564,pass,True,False
48088111,4-6,pass,,14;15;25;26,14.099282728448207,exclude,8.015565266956028,pass,True,False
48135328,7-12,pass,,14;26,8.267508062672178,pass,8.359040162148544,pass,True,True
48302533,7-12,pass,,15;26,6.90775771023111,pass,7.989950226131791,pass,True,True
48350363,7-12,pass,,14;15;26,8.810141830355045,pass,7.13394118880258,pass,True,True
48449517,7-12,exclude,P07: 0 sector(s) with CROWDSAP >= 0.9 after X10/X11,,,,,,False,False
48530426,7-12,pass,,14;15;19;26,8.994927626385135,pass,6.745394051261949,pass,True,True
49594649,4-6,pass,,3,5.389868432447561,pass,6.466059312628216,pass,True,True
49621795,2-3,pass,,42,4.614713723044915,pass,6.133009584776757,pass,True,True
49771751,2-3,pass,,6,5.735546410213016,pass,5.122583895703779,pass,True,True
49783735,2-3,pass,,2,5.225028315630967,pass,6.292808056800997,pass,True,True
50439803,2-3,pass,,1;2;13,12.161671069435288,exclude,7.851667660099614,pass,True,False
50493502,7-12,pass,,27;28;29,7.950062858771921,pass,5.707386410449662,pass,True,True
51269643,4-6,pass,,15;16;22,9.59287026889097,exclude,10.80882915702321,exclude,False,False
52075663,4-6,pass,,2,7.310047670871955,pass,5.047233872820023,pass,True,True
52254854,2-3,pass,,36,6.637057028724026,pass,6.909930219415006,pass,True,True
52403906,2-3,pass,,2,6.2974170820611635,pass,5.641419798074664,pass,True,True
53210858,2-3,exclude,P07: 0 sector(s) with CROWDSAP >= 0.9 after X10/X11,,,,,,False,False
53578280,4-6,pass,,22,7.747678101159322,pass,6.730729970467886,pass,True,True
53990740,2-3,pass,,1,8.85140812482758,pass,9.402479509845236,exclude,False,True
54417075,4-6,pass,,9,7.885306033072524,pass,7.237637187615942,pass,True,True
54442022,2-3,pass,,9,5.287093805052603,pass,5.733456086757269,pass,True,True
54601994,2-3,pass,,11,5.272924952010826,pass,5.077077690302088,pass,True,True
54965104,2-3,pass,,9,5.149222049679191,pass,4.590802756930965,pass,True,True
55270702,7-12,pass,,9;10;11,6.951629253769482,pass,5.3751087624189875,pass,True,True
55272665,7-12,pass,,4;5;6;7;8;9;10;12;13,8.154593449039668,pass,8.260281470255352,pass,True,True
55274592,7-12,pass,,4;5;7;8;9;10;11;12;13,10.568296326549095,exclude,5.725896890580131,pass,True,False
55295030,13-inf,pass,,1;2;3;4;5;6;7;8;9;10,9.43632495356178,exclude,8.756706116020087,pass,True,False
55295497,13-inf,pass,,1;2;3;5;6;7;8;9;10;11,10.226957974796438,exclude,7.310512323916955,pass,True,False
55295753,7-12,pass,,27;28;29;30;31;32;33;35;36;37,9.059988276395364,exclude,6.141652501758239,pass,True,False
55296811,13-inf,pass,,1;2;5;6;7;8;9;10;11;12,12.320269729152804,exclude,8.226984334836379,pass,True,False
55367245,13-inf,pass,,1;2;3;4;5;6;7;8;9;10,8.310827598507865,pass,5.772650711817142,pass,True,True
55367332,7-12,exclude,P07: 0 sector(s) with CROWDSAP >= 0.9 after X10/X11,,,,,,False,False
55388535,13-inf,pass,,1;2;3;4;5;6;7;8;9;10,9.280006849167757,exclude,8.931124774597233,pass,True,False
55398952,13-inf,pass,,1;2;3;4;5;6;7;8;9;10,10.3215008920759,exclude,6.817614470863913,pass,True,False
55401965,7-12,pass,,1;2;3;5;6;7;8;9;10;11,10.873973060621436,exclude,9.20887689492892,exclude,False,False
55452577,13-inf,pass,,1;2;3;4;5;7;8;9;10;11,15.255239484681567,exclude,7.615218832528931,pass,True,False
55499665,7-12,pass,,4;5;6;7;8;9;10;11;12;13,12.811822202925091,exclude,13.942939488497588,exclude,False,False
55523322,13-inf,pass,,1;2;3;4;5;6;7;8;9;10,8.687795025781101,pass,7.937655699019372,pass,True,True
55557707,13-inf,pass,,27;28;29;30;31;32;33;34;35;36,11.051247168613909,exclude,8.508790602980962,pass,True,False
55558686,13-inf,pass,,27;28;29;30;31;32;33;34;35;36,16.027272499729534,exclude,8.547430348573412,pass,True,False
55601337,7-12,pass,,61;62;64;65;66;67;68;69,9.759435346091433,exclude,10.745914279727485,exclude,False,False
55603433,13-inf,pass,,4;5;6;7;8;9;10;12;13,9.950608177238232,exclude,7.215641651559832,pass,True,False
55603841,13-inf,pass,,1;2;3;4;5;6;8;9;10;11,11.876648584313816,exclude,15.950294082091109,exclude,False,False
55603918,13-inf,pass,,1;2;3;4;5;6;8;9;10;11,7.328596176964616,pass,7.13276111326985,pass,True,True
55604793,13-inf,pass,,1;2;3;4;5;6;8;9;10;11,10.06809723523676,exclude,8.057995758521844,pass,True,False
55647857,7-12,pass,,1;2;3;4;5;7;8;9;10;11,9.296337056086356,exclude,8.261566334185549,pass,True,False
55651898,4-6,pass,,87;88;89;93;95;96,11.663913523564943,exclude,7.847043651489174,pass,True,False
55652005,7-12,pass,,4;5;6;8;9;10;11;12;13,9.04767387768451,exclude,6.713057690688939,pass,True,False
55663810,13-inf,pass,,4;5;6;7;8;9;10;11;12;13,10.887982665070323,exclude,8.11152635964936,pass,True,False
55745481,7-12,pass,,4;5;6;7;8;9;10;11;12;13,9.033483765292234,exclude,6.966689119869256,pass,True,False
55758201,13-inf,pass,,1;2;3;4;5;7;8;9;10;11,11.649481923942986,exclude,7.274432392787444,pass,True,False
55758992,13-inf,pass,,1;2;3;4;5;6;7;8;9;10,13.181032991353971,exclude,9.593783519108175,exclude,False,False
55761742,4-6,pass,,14;15;21;22,7.929758504338509,pass,8.947029989582708,pass,True,True
55780996,13-inf,pass,,1;2;3;5;6;7;8;9;10;11,11.364069190740327,exclude,6.262235912990106,pass,True,False
55850719,13-inf,pass,,1;2;3;4;5;6;8;9;10;11,8.640273161503899,pass,6.89451170556969,pass,True,True
56753935,2-3,pass,,71;72,7.30584301185477,pass,6.789590806785559,pass,True,True
56997941,2-3,pass,,22,5.900956432425487,pass,5.313338431234267,pass,True,True
57061535,2-3,pass,,51;52,5.745604122779819,pass,4.420393825372472,pass,True,True
57232494,2-3,pass,,51;52,7.825090519225602,pass,7.379583981098781,pass,True,True
57609213,2-3,pass,,10,5.703080042392974,pass,4.198330241373048,pass,True,True
58172624,4-6,pass,,43;44,8.915451359459597,pass,10.96281613530732,exclude,False,True
58791910,4-6,pass,,44;45,7.314522857591612,pass,6.331306679771921,pass,True,True
58857879,2-3,exclude,P07: 0 sector(s) with CROWDSAP >= 0.9 after X10/X11,,,,,,False,False
59081015,2-3,pass,,71;72,9.527737186027082,exclude,9.164007623809038,exclude,False,False
59087122,4-6,pass,,43;44,7.689543242349988,pass,6.871835444305388,pass,True,True
60544623,2-3,pass,,55,6.865578456750586,pass,6.118058486609079,pass,True,True
61044859,4-6,pass,,18,7.33521331366045,pass,6.1079991581154225,pass,True,True
61107882,2-3,pass,,45;46,6.941276217526011,pass,5.674482147548352,pass,True,True
61542066,2-3,pass,,63;64,10.445418209925268,exclude,6.425662392203832,pass,True,False
61717033,4-6,pass,,43;44;45,9.091352845068672,exclude,6.317895145085938,pass,True,False
62917929,2-3,pass,,14;15,6.997347751990914,pass,7.698102914274703,pass,True,True
63075084,4-6,pass,,74;75;81,9.56901735796582,exclude,10.676439053771622,exclude,False,False
63627476,2-3,pass,,18,7.429284416777424,pass,7.085730425740218,pass,True,True
63695346,2-3,pass,,2,7.564635241616545,pass,3.967219845601477,pass,True,True
64047285,2-3,exclude,P07: 0 sector(s) with CROWDSAP >= 0.9 after X10/X11,,,,,,False,False
64105494,4-6,pass,,4,5.588788891643806,pass,5.862930011411744,pass,True,True
64111053,2-3,pass,,4,4.343280507991936,pass,5.3460073676484985,pass,True,True
64926394,2-3,exclude,P07: 0 sector(s) with CROWDSAP >= 0.9 after X10/X11,,,,,,False,False
65143950,4-6,pass,,7,8.859771012271457,pass,5.074776201567951,pass,True,True
65414448,2-3,pass,,30;31,11.114177034011886,exclude,7.2534461698713235,pass,True,False
66459601,2-3,pass,,19,6.139202681521239,pass,5.732425746063509,pass,True,True
67475670,2-3,pass,,45;46;49,8.152097901157559,pass,7.574739551968293,pass,True,True
67503569,4-6,pass,,22,5.370373753074904,pass,6.617243279065317,pass,True,True
67509129,2-3,pass,,20,5.836537778935294,pass,5.784371595804461,pass,True,True
67582878,4-6,pass,,3,5.998756345662003,pass,4.868410142505188,pass,True,True
67831314,2-3,pass,,70;71,6.659697249525599,pass,6.240943411186432,pass,True,True
67959900,2-3,pass,,23,5.038131072931,pass,4.449090016701189,pass,True,True
68071947,2-3,pass,,16;23,11.456381001700786,exclude,6.90111888345885,pass,True,False
68257776,2-3,pass,,65,6.796890977007842,pass,4.079683759286267,pass,True,True
68414973,7-12,pass,,11,8.859755434588536,pass,4.513630714931199,pass,True,True
68448534,4-6,pass,,20,5.399611913874112,pass,6.221791406744622,pass,True,True
68687178,4-6,pass,,20,6.7919729234062,pass,5.41117800635357,pass,True,True
68874932,4-6,pass,,24;25,5.818764162783541,pass,5.360439295699128,pass,True,True
69222462,2-3,pass,,43;44,6.805406613114516,pass,6.49287099465401,pass,True,True
69468957,2-3,pass,,43;44,6.040619130784127,pass,7.167709954211147,pass,True,True
70555490,4-6,pass,,97;104;105;106,9.94551139409706,exclude,8.508208473735777,pass,True,False
70712605,2-3,pass,,45;46,5.54158766624167,pass,7.36092012327362,pass,True,True
70999970,2-3,pass,,59;60,6.6778519614381935,pass,5.190546615275499,pass,True,True
71038757,4-6,exclude,P07: 0 sector(s) with CROWDSAP >= 0.9 after X10/X11,,,,,,False,False
71110165,2-3,pass,,5,5.467764594817725,pass,4.65155066505964,pass,True,True
71293147,4-6,pass,,20,7.059083972636332,pass,5.756431403006533,pass,True,True
71488247,2-3,exclude,P07: 0 sector(s) with CROWDSAP >= 0.9 after X10/X11,,,,,,False,False
71591972,2-3,pass,,99;100,5.883172485612714,pass,5.83005991052828,pass,True,True
71677236,2-3,pass,,6,5.445906379759196,pass,5.974177462614802,pass,True,True
72600876,4-6,pass,,36,5.838192370078182,pass,5.262861443120456,pass,True,True
72705651,4-6,exclude,P07: 0 sector(s) with CROWDSAP >= 0.9 after X10/X11,,,,,,False,False
72883260,2-3,pass,,6,7.133189903921419,pass,4.554122992415707,pass,True,True
72888698,4-6,pass,,24;25,6.013540844684423,pass,5.737484009647462,pass,True,True
73714873,2-3,pass,,10;11,10.60395276016935,exclude,12.777044153763743,exclude,False,False
74787842,4-6,pass,,8;9,7.143865857748647,pass,7.238463314481585,pass,True,True
75135208,4-6,pass,,8;9,11.60548299036098,exclude,8.039946931159072,pass,True,False
75145437,4-6,pass,,8;9,6.6358691030142305,pass,8.200836154157704,pass,True,True
75160399,7-12,exclude,P07: 0 sector(s) with CROWDSAP >= 0.9 after X10/X11,,,,,,False,False
76102581,2-3,exclude,P07: 1 sector(s) with CROWDSAP >= 0.9 after X10/X11,,,,,,False,False
76349243,4-6,exclude,P07: 0 sector(s) with CROWDSAP >= 0.9 after X10/X11,,,,,,False,False
76378190,4-6,exclude,P07: 0 sector(s) with CROWDSAP >= 0.9 after X10/X11,,,,,,False,False
77108848,4-6,pass,,22,5.088247918216629,pass,4.7722584788612465,pass,True,True
77176261,4-6,pass,,4;5,6.99036302229268,pass,5.501862956543436,pass,True,True
77207257,4-6,pass,,4;5,7.74699447011765,pass,7.375798890489606,pass,True,True
77351431,2-3,pass,,4;5,5.658745667643159,pass,5.37240089655071,pass,True,True
77562120,2-3,exclude,P07: 1 sector(s) with CROWDSAP >= 0.9 after X10/X11,,,,,,False,False
77897707,2-3,pass,,5;6,9.641992892514631,exclude,7.987105477820933,pass,True,False
79531088,4-6,pass,,3;4,9.091958645658684,exclude,6.997116809662095,pass,True,False
80128040,2-3,pass,,7;8,8.350521385899013,pass,5.655924109951707,pass,True,True
80431315,7-12,pass,,2,5.198329914398842,pass,4.793662778592529,pass,True,True
80995687,7-12,pass,,7;8,7.900336496979408,pass,6.78599329416487,pass,True,True
81103318,2-3,pass,,20,5.79923999866854,pass,5.166130602190797,pass,True,True
82120769,2-3,pass,,8;9,6.986003898704193,pass,6.876685154112263,pass,True,True
82160047,2-3,pass,,45;46,11.579052421057805,exclude,8.607575628678529,pass,True,False
82203010,2-3,pass,,45;46;48,9.152566792592069,exclude,5.508743961134656,pass,True,False
82457803,2-3,pass,,71;72,8.286327719562761,pass,6.57637547084685,pass,True,True
82460214,2-3,exclude,P07: 0 sector(s) with CROWDSAP >= 0.9 after X10/X11,,,,,,False,False
82524967,2-3,pass,,22,5.294341438471888,pass,6.864238041961557,pass,True,True
82605922,4-6,pass,,22,4.620821516615931,pass,5.0073796198743725,pass,True,True
82609429,2-3,pass,,51;52;53,10.210256476019412,exclude,8.997222369968965,pass,True,False
83133371,2-3,pass,,37,6.203897801200448,pass,5.169711076270873,pass,True,True
85161978,2-3,pass,,20,9.037387804887606,exclude,9.857817080088314,exclude,False,False
85288867,2-3,pass,,19;25,7.821762114898234,pass,6.64360587369355,pass,True,True
85463294,4-6,pass,,25;26,5.243182709335138,pass,5.412908284543958,pass,True,True
85663555,4-6,exclude,P07: 0 sector(s) with CROWDSAP >= 0.9 after X10/X11,,,,,,False,False
85879267,2-3,pass,,19;25;26,7.572191979952563,pass,6.3783862687284385,pass,True,True
85910900,4-6,pass,,21,5.880242705195649,pass,6.822675466282704,pass,True,True
86103182,4-6,pass,,44;45;46;48,9.154481088726294,exclude,8.629541737983175,pass,True,False
86271137,2-3,exclude,P07: 0 sector(s) with CROWDSAP >= 0.9 after X10/X11,,,,,,False,False
86371937,2-3,pass,,20;21,6.9957137719031035,pass,4.956222514327427,pass,True,True
86375601,7-12,pass,,20;21,7.428661864167534,pass,7.158426131013881,pass,True,True
87952740,2-3,exclude,P07: 1 sector(s) with CROWDSAP >= 0.9 after X10/X11,,,,,,False,False
87955155,2-3,pass,,45;46;48,9.472182467072397,exclude,6.502025749645963,pass,True,False
88191957,2-3,pass,,23,6.543423900500114,pass,5.437629055852205,pass,True,True
88338781,2-3,pass,,97;105;106,9.065693627059993,exclude,10.682370770003368,exclude,False,False
88381767,2-3,pass,,105;106,6.206972258890763,pass,5.550756196110657,pass,True,True
88523474,2-3,pass,,105;106,7.320939637892649,pass,7.0252730676478015,pass,True,True
88525305,2-3,pass,,105;106,7.561569112102914,pass,6.138663464612832,pass,True,True
88840606,2-3,pass,,52;53,6.631741034748801,pass,4.970996407865026,pass,True,True
88874569,4-6,pass,,25;26,9.03323132220398,exclude,8.35116005552339,pass,True,False
89093987,2-3,pass,,105;106,7.786060931259124,pass,6.84753256626197,pass,True,True
89182964,2-3,pass,,105;106,7.511734251439528,pass,6.326479236652587,pass,True,True
89188478,2-3,pass,,4,4.947858754280425,pass,5.621239812985326,pass,True,True
89255038,4-6,pass,,4,5.516900838021693,pass,4.20105531614451,pass,True,True
89263085,2-3,pass,,1,5.835485845711577,pass,5.572928427110945,pass,True,True
89632626,2-3,pass,,64;65,6.5283544616513165,pass,6.202657926538596,pass,True,True
90266830,2-3,exclude,P07: 0 sector(s) with CROWDSAP >= 0.9 after X10/X11,,,,,,False,False
91354281,2-3,pass,,17,3.8758129150898144,pass,4.548590460669229,pass,True,True
91399407,2-3,pass,,42;43,7.419243294691539,pass,5.34685163903629,pass,True,True
91594813,4-6,pass,,97;104;105;106,9.317432359385268,exclude,9.575699376312292,exclude,False,False
91637387,2-3,pass,,3,4.32615502297652,pass,5.12592489011359,pass,True,True
91637711,2-3,pass,,3,5.5179555003969885,pass,5.185063587763761,pass,True,True
91796177,2-3,exclude,P07: 0 sector(s) with CROWDSAP >= 0.9 after X10/X11,,,,,,False,False
92241508,4-6,pass,,10,6.066113156749097,pass,3.4735289401267835,pass,True,True
92833356,2-3,exclude,P07: 0 sector(s) with CROWDSAP >= 0.9 after X10/X11,,,,,,False,False
93331588,2-3,exclude,P07: 0 sector(s) with CROWDSAP >= 0.9 after X10/X11,,,,,,False,False
94017782,4-6,pass,,37,6.6969931124717,pass,5.400532573415669,pass,True,True
94189737,4-6,exclude,P07: 0 sector(s) with CROWDSAP >= 0.9 after X10/X11,,,,,,False,False
95310318,4-6,pass,,21,8.473034699019404,pass,5.460818291411183,pass,True,True
95362101,2-3,pass,,45;46,7.261432044800532,pass,6.025286713988007,pass,True,True
95432896,2-3,pass,,45;46;48,6.92135364913057,pass,7.371946390424314,pass,True,True
95437024,2-3,pass,,45;46,11.196767992034257,exclude,7.31032288412884,pass,True,False
95437416,2-3,exclude,P07: 1 sector(s) with CROWDSAP >= 0.9 after X10/X11,,,,,,False,False
95571557,4-6,pass,,44;45;46;47,9.91268173835432,exclude,8.300423912081346,pass,True,False
95661024,2-3,pass,,44;45;46,9.29804206955438,exclude,8.791536205218302,pass,True,False
95695647,4-6,exclude,P07: 1 sector(s) with CROWDSAP >= 0.9 after X10/X11,,,,,,False,False
95932700,4-6,pass,,8,6.258416425079894,pass,4.989758824756784,pass,True,True
95939159,2-3,exclude,P07: 0 sector(s) with CROWDSAP >= 0.9 after X10/X11,,,,,,False,False
97484419,4-6,pass,,4,6.241264303366904,pass,4.761910667472201,pass,True,True
97487557,4-6,pass,,22,5.269510233213122,pass,4.406058216410938,pass,True,True
97624857,4-6,pass,,27,6.76585947229988,pass,7.568261975284043,pass,True,True
97966400,4-6,pass,,33;43;44;45,8.398658685547433,pass,7.605540093591061,pass,True,True
99059830,4-6,pass,,10,7.24942916488879,pass,4.81259554653629,pass,True,True
99475677,4-6,pass,,19;20;26,17.697442411857995,exclude,15.186339006008192,exclude,False,False
99840867,2-3,pass,,21,5.402622452850926,pass,5.745325206259822,pass,True,True
99920000,4-6,pass,,14;15;21,9.646220100805698,exclude,6.451553774464942,pass,True,False
99920924,2-3,pass,,41;48,11.978440504721643,exclude,6.454058272079306,pass,True,False
99936548,2-3,pass,,41;48,9.230189245141476,exclude,6.447396586771087,pass,True,False
100105797,2-3,pass,,29;30,9.011210296696015,exclude,7.456211603881235,pass,True,False
100588940,2-3,pass,,5;6,7.806434760995048,pass,5.177835687147961,pass,True,True
100612261,2-3,pass,,32;33,10.324996087954624,exclude,5.459960719547478,pass,True,False
100668092,4-6,pass,,27,7.226611499561749,pass,4.524542808832006,pass,True,True
100919976,4-6,pass,,3;4,7.6040182694834195,pass,6.306249615598093,pass,True,True
101098910,4-6,pass,,3;4,5.561793423216535,pass,4.368593469734484,pass,True,True
101101702,4-6,pass,,4,4.9737565991549,pass,5.058486698542065,pass,True,True
101277731,4-6,pass,,13,5.30903356454439,pass,6.429350934956757,pass,True,True
101549557,4-6,pass,,44;45;46;47,8.360189687807514,pass,5.1930674633149,pass,True,True
101718218,2-3,pass,,25,7.738208166932536,pass,5.136889458676984,pass,True,True
101724919,2-3,pass,,44;45,7.224240158207832,pass,6.30789507920191,pass,True,True
101726981,2-3,pass,,44;45,6.31573329915682,pass,6.093970293947135,pass,True,True
102050449,7-12,pass,,2,5.304429253438425,pass,4.879837919880118,pass,True,True
102720812,2-3,pass,,19;25;26,10.043471605982038,exclude,7.876545687086893,pass,True,False
103193203,2-3,pass,,19;25;26,13.937197124027294,exclude,9.59313151647038,exclude,False,False
103348849,4-6,pass,,25;26,10.34553851557149,exclude,6.623462115482589,pass,True,False
103450344,2-3,pass,,19;25;26,8.862326970642302,pass,5.35383559068395,pass,True,True
103687616,4-6,pass,,14;20;21,9.549275709282716,exclude,11.177529390315522,exclude,False,False
103702088,4-6,pass,,14;20;21,8.275425492663768,pass,7.610216888887805,pass,True,True
103743667,7-12,pass,,14;20;21,12.6489690931492,exclude,9.968849336849612,exclude,False,False
103750651,7-12,pass,,14;20;21,7.933280374187657,pass,7.053146903020722,pass,True,True
106991368,2-3,pass,,9;10,9.64343997383002,exclude,5.661881735341281,pass,True,False
107619953,2-3,exclude,P07: 1 sector(s) with CROWDSAP >= 0.9 after X10/X11,,,,,,False,False
112243062,4-6,pass,,13,7.470352334113045,pass,6.933399929008426,pass,True,True
113799220,2-3,exclude,P07: 0 sector(s) with CROWDSAP >= 0.9 after X10/X11,,,,,,False,False
113878726,2-3,pass,,70;71,10.998403715849586,exclude,5.281313784046243,pass,True,False
114060038,2-3,pass,,42;43;44,8.438403757269333,pass,5.407378398769677,pass,True,True
114592893,2-3,pass,,44;45,5.709526446311753,pass,6.40391490574981,pass,True,True
115325744,4-6,pass,,24;25,6.217600763416592,pass,6.012687641643269,pass,True,True
115353752,4-6,pass,,24;25,6.138494461096214,pass,6.854193736722178,pass,True,True
115510185,4-6,pass,,24;25;26,7.625432411254942,pass,9.4047414855479,exclude,False,True
115517537,7-12,pass,,24;25;26,5.851640356647372,pass,5.921817933034941,pass,True,True
115612391,2-3,pass,,51;52,6.480838675795172,pass,6.518561847007088,pass,True,True
115892089,2-3,pass,,22,6.499931796719184,pass,6.00678901847739,pass,True,True
116306278,2-3,pass,,16;23,9.307157034741984,exclude,6.100128269484226,pass,True,False
116542530,4-6,pass,,23;24,6.898014465150032,pass,4.947947363126145,pass,True,True
116550185,2-3,exclude,P07: 0 sector(s) with CROWDSAP >= 0.9 after X10/X11,,,,,,False,False
116881281,2-3,pass,,2,6.358665127319941,pass,5.088986637530376,pass,True,True
116896152,4-6,pass,,74;75;81;82,12.4895542271579,exclude,9.22837342367936,exclude,False,False
117123472,4-6,pass,,44;45;46;47,6.417774784508051,pass,6.938822360219,pass,True,True
117299081,4-6,pass,,21,5.475425885431849,pass,4.973333326782157,pass,True,True
117414377,4-6,pass,,21,6.317015552876469,pass,5.05943107674091,pass,True,True
117515674,4-6,pass,,1,6.036173779144715,pass,7.248048939958772,pass,True,True
117776365,2-3,pass,,5,6.6312485116780255,pass,5.79136079494943,pass,True,True
117921924,4-6,pass,,5,11.369254589792806,exclude,13.99900714386344,exclude,False,False
118444304,7-12,pass,,18,6.935196673231104,pass,8.136521151067766,pass,True,True
119954197,2-3,pass,,51;52,4.542531913343822,pass,5.846432410552837,pass,True,True
120298397,4-6,exclude,P07: 0 sector(s) with CROWDSAP >= 0.9 after X10/X11,,,,,,False,False
120461208,2-3,pass,,2,5.122441287761329,pass,5.172136702057658,pass,True,True
120566981,4-6,exclude,P07: 0 sector(s) with CROWDSAP >= 0.9 after X10/X11,,,,,,False,False
120960091,4-6,pass,,4,5.20634083520558,pass,5.346120573882543,pass,True,True
121051065,2-3,pass,,4,6.715115880624731,pass,5.756255057457182,pass,True,True
121276638,4-6,exclude,P07: 0 sector(s) with CROWDSAP >= 0.9 after X10/X11,,,,,,False,False
121327187,7-12,exclude,P07: 0 sector(s) with CROWDSAP >= 0.9 after X10/X11,,,,,,False,False
121333398,4-6,exclude,P07: 0 sector(s) with CROWDSAP >= 0.9 after X10/X11,,,,,,False,False
121457557,2-3,exclude,P07: 1 sector(s) with CROWDSAP >= 0.9 after X10/X11,,,,,,False,False
121660708,7-12,pass,,40;41,6.711305545387313,pass,7.635238504656715,pass,True,True
122558413,2-3,pass,,105;106,6.396246727539585,pass,7.242249946597282,pass,True,True
122574940,4-6,pass,,3;4,8.271133732511641,pass,5.386235822747495,pass,True,True
122616902,2-3,pass,,105;106,8.144340654139148,pass,6.209192245638456,pass,True,True
122680921,4-6,exclude,P07: 1 sector(s) with CROWDSAP >= 0.9 after X10/X11,,,,,,False,False
122686023,2-3,pass,,105;106,11.215252826621304,exclude,12.469082305110998,exclude,False,False
122687138,4-6,pass,,30;31,7.907576738678302,pass,6.015359549147076,pass,True,True
122841001,2-3,pass,,14;26,8.498562296338816,pass,8.195691293444217,pass,True,True
123097488,2-3,pass,,14;26,8.143055026164486,pass,7.005468980414842,pass,True,True
123203822,4-6,pass,,14;26,8.324401231636879,pass,7.443805926640448,pass,True,True
123206180,7-12,pass,,14;26,8.208259879898257,pass,8.403199709203413,pass,True,True
123254075,2-3,exclude,P07: 0 sector(s) with CROWDSAP >= 0.9 after X10/X11,,,,,,False,False
123405803,2-3,exclude,P07: 0 sector(s) with CROWDSAP >= 0.9 after X10/X11,,,,,,False,False
124536339,4-6,pass,,9,4.639178085546684,pass,6.100257565996972,pass,True,True
126237012,4-6,pass,,21,6.428004329657513,pass,5.649062179046705,pass,True,True
126585122,2-3,pass,,1,8.397195744632965,pass,5.522946089426717,pass,True,True
127021116,2-3,pass,,42;43,6.413780548816129,pass,7.764755358723798,pass,True,True
128295965,2-3,exclude,P07: 0 sector(s) with CROWDSAP >= 0.9 after X10/X11,,,,,,False,False
128797775,4-6,pass,,13,7.0994628705602585,pass,4.79614520009772,pass,True,True
129912090,2-3,pass,,18,5.441699123979289,pass,5.146273368032438,pass,True,True
130579119,2-3,pass,,6;8,10.668918144530688,exclude,8.074449052122883,pass,True,False
130707519,2-3,pass,,10,7.289017242934225,pass,4.804716078623202,pass,True,True
132702068,7-12,pass,,7;8,9.722760955024436,exclude,8.618759192993931,pass,True,False
134221782,7-12,pass,,6;7;8,6.350822244254356,pass,7.591826921764613,pass,True,True
134471363,2-3,pass,,61,8.125878627082805,pass,9.895842941463608,exclude,False,True
135365577,2-3,pass,,10,6.302163606791008,pass,5.173735409367966,pass,True,True
136949182,2-3,pass,,21;22,8.095706081497976,pass,5.448035035717777,pass,True,True
136953571,2-3,pass,,15;16;22,12.695390425164788,exclude,11.02526735504223,exclude,False,False
137021972,2-3,pass,,24,5.100490882858518,pass,6.04703756211593,pass,True,True
137411481,4-6,exclude,P07: 0 sector(s) with CROWDSAP >= 0.9 after X10/X11,,,,,,False,False
137478427,4-6,pass,,20;26,8.211171855695031,pass,7.147817268637206,pass,True,True
137498795,4-6,pass,,20,5.639984091387283,pass,3.627271157685274,pass,True,True
137503827,7-12,pass,,19;20;26,7.5454678429163105,pass,10.12786172710115,exclude,False,True
137544435,7-12,pass,,19;20;26,11.912811304805372,exclude,10.79220253804296,exclude,False,False
137606469,2-3,pass,,14;26,7.093760741768073,pass,8.505663401267093,pass,True,True
137734799,4-6,pass,,15;21;22,9.082922847713276,exclude,6.342563928850592,pass,True,False
137799449,4-6,pass,,14;15;21,14.43692735077081,exclude,6.744892829019068,pass,True,False
137809770,2-3,pass,,41;48,9.982195627146073,exclude,8.284642916691258,pass,True,False
137831783,4-6,pass,,15;16;22;23,8.000489494250537,pass,7.0564810155276,pass,True,True
137841274,4-6,pass,,22;23,5.605192275708061,pass,5.13319804821701,pass,True,True
137843764,4-6,pass,,16;22;23;24,14.397848863044484,exclude,12.875348530260734,exclude,False,False
137843815,4-6,pass,,16;22;23;24,10.671151464880804,exclude,8.088761155617316,pass,True,False
137905084,2-3,pass,,47;48,8.807113256368314,pass,5.787912377350297,pass,True,True
138110412,2-3,pass,,19;20,6.409797333743786,pass,8.026131454986078,pass,True,True
138169995,2-3,pass,,40;53,7.80891317923859,pass,7.639123351558608,pass,True,True
138327804,2-3,pass,,23;24,7.951781205348161,pass,5.848677345055748,pass,True,True
138472093,4-6,pass,,19;20;26,9.132519212508576,exclude,8.401991332047617,pass,True,False
138710265,4-6,pass,,44;45;46;48,13.37623150461893,exclude,8.97544428296946,pass,True,False
138712238,4-6,pass,,97;104;105;106,13.298736186409725,exclude,10.184157416290532,exclude,False,False
138894094,2-3,pass,,22,8.653142446559373,pass,11.491869476426134,exclude,False,True
139053380,2-3,pass,,22,5.795502850093164,pass,6.174035825523944,pass,True,True
139124299,2-3,pass,,22;23,5.033755439984178,pass,4.910666447733775,pass,True,True
139196676,4-6,pass,,1,6.589645297869607,pass,5.113669101114068,pass,True,True
139369107,13-inf,pass,,4;5;6;7;8;10;11;12;13,9.134276566116805,exclude,9.711427472875258,exclude,False,False
139369433,13-inf,pass,,1;2;3;4;5;6;7;8;9;10,8.94395866232152,pass,6.4391356548230645,pass,True,True
139418956,2-3,pass,,22,5.7702138006605015,pass,5.4127015845835995,pass,True,True
139482873,2-3,pass,,3,5.850433867754762,pass,4.868969616616593,pass,True,True
139700604,2-3,pass,,1,7.6951319001072225,pass,5.8506747048847165,pass,True,True
140215924,4-6,exclude,P07: 0 sector(s) with CROWDSAP >= 0.9 after X10/X11,,,,,,False,False
140580985,7-12,pass,,1;2;3;5;6;7;8;9;10;11,10.43926925125574,exclude,9.324309736019329,exclude,False,False
140632037,7-12,pass,,4;5;6;7;8;9;10;11;12;13,25.288032292975934,exclude,8.34959346383777,pass,True,False
140634766,7-12,exclude,P07: 0 sector(s) with CROWDSAP >= 0.9 after X10/X11,,,,,,False,False
140635285,13-inf,pass,,1;2;3;4;5;6;7;8;9;10,9.956383700541712,exclude,10.58651889940657,exclude,False,False
140688941,13-inf,pass,,1;2;3;4;5;6;8;9;10;11,14.688052400621748,exclude,12.99286875501514,exclude,False,False
140799035,7-12,pass,,1;2;3;4;5;6;8;9;10;11,9.77598064410523,exclude,7.44486903218016,pass,True,False
140827974,7-12,pass,,87;88;89;90;93;94;95;96,20.256566837604556,exclude,8.068876699171078,pass,True,False
140897162,7-12,pass,,1;2;3;4;5;6;7;8;9;11,8.13678712488987,pass,8.006721215198992,pass,True,True
140897732,7-12,pass,,4;5;6;7;8;9;11;12;13,13.5887598432656,exclude,10.638270400291873,exclude,False,False
140936810,7-12,pass,,19;26,7.825428711017032,pass,7.158781179237294,pass,True,True
140939570,7-12,pass,,28;29;30;31;32;33;34;35;36;38,8.916440813821378,pass,9.855382833159176,exclude,False,True
140960921,4-6,pass,,19;26,10.4969700462985,exclude,8.024973587871617,pass,True,False
140964673,2-3,pass,,19;25;26,6.366740847900334,pass,6.041584468835764,pass,True,True
140999455,7-12,pass,,87;88;89;93;94;95;96,15.649460194025858,exclude,7.543598888256843,pass,True,False
141264868,4-6,pass,,15;22,7.077990400241241,pass,6.514354436520546,pass,True,True
141280939,13-inf,pass,,1;2;3;4;5;6;7;8;9;10,7.260073788758647,pass,5.92778018292039,pass,True,True
141282136,13-inf,pass,,1;2;3;4;5;6;7;8;9;10,7.254250527891244,pass,6.5766224858565945,pass,True,True
141333591,7-12,pass,,4;5;6;7;8;9;11;12,9.362172780655104,exclude,8.52238574165652,pass,True,False
141425702,7-12,pass,,1;2;3;4;5;6;7;8;9;11,15.07272439458138,exclude,9.489912714713917,exclude,False,False
141436215,13-inf,pass,,4;5;6;7;8;9;10;11;12;13,7.886523436101869,pass,7.624045756759395,pass,True,True
141479412,7-12,pass,,4;7;8;9;10;11;12;13,13.372016611700444,exclude,8.515430788777843,pass,True,False
141489108,4-6,pass,,19;20;26,6.7387381139226346,pass,6.375892503958765,pass,True,True
141547830,7-12,pass,,2;4;5;7;8;9;10;11;12;13,9.169964245454285,exclude,10.205722729060131,exclude,False,False
141602474,4-6,pass,,59;60,6.351096124704059,pass,6.4495271942335455,pass,True,True
141610403,7-12,pass,,87;88;90,11.117453225414614,exclude,9.59979771197748,exclude,False,False
141615953,7-12,pass,,19;20;26,17.705721401694678,exclude,21.26258261199975,exclude,False,False
141618051,7-12,exclude,P07: 1 sector(s) with CROWDSAP >= 0.9 after X10/X11,,,,,,False,False
141660852,2-3,pass,,20;26,7.393280031392197,pass,6.9401161900263855,pass,True,True
141680245,4-6,pass,,4;5;6;7;8,7.210107387234329,pass,8.312379660616706,pass,True,True
141684337,2-3,pass,,89;94;95,15.587565023195564,exclude,9.383471023190058,exclude,False,False
141712654,13-inf,pass,,1;2;3;4;5;6;7;8;9;10,8.375167637226893,pass,6.760488022910208,pass,True,True
141713989,7-12,pass,,87;88;89;90;93;94;95,9.147238214455031,exclude,7.086361267854347,pass,True,False
141760986,2-3,pass,,19;20;26,9.629904294411586,exclude,6.730371243120634,pass,True,False
141805493,13-inf,pass,,1;2;3;4;5;6;7;8;10;11,18.781947850360694,exclude,14.891198529285514,exclude,False,False
141807811,7-12,pass,,27;28;30;33;34;38,12.70340667937982,exclude,7.988613305064887,pass,True,False
141808431,4-6,pass,,87;88,8.679702183534262,pass,5.595468804210057,pass,True,True
141819543,4-6,pass,,15;22;23,11.230140092188051,exclude,9.694686616613064,exclude,False,False
141819864,4-6,pass,,16;22;23,8.835926306154542,pass,7.879667232246063,pass,True,True
141862887,4-6,pass,,15;16;22;23,17.472457582359574,exclude,13.422135717775593,exclude,False,False
141899106,4-6,pass,,8;9,11.120471640660272,exclude,10.371325798168597,exclude,False,False
141910230,4-6,pass,,9;10;11;12;13,7.916336286233999,pass,5.977951083860991,pass,True,True
141910606,13-inf,pass,,1;2;3;4;5;6;7;8;9;10,9.934302493368005,exclude,8.477799957104825,pass,True,False
141945112,7-12,exclude,P07: 1 sector(s) with CROWDSAP >= 0.9 after X10/X11,,,,,,False,False
141977086,13-inf,pass,,1;2;3;4;5;6;7;8;10;11,11.164177135707872,exclude,14.212044098788716,exclude,False,False
142044942,4-6,pass,,19;20;25,9.245117999774877,exclude,6.324868077251155,pass,True,False
142049025,13-inf,pass,,1;2;3;4;6;7;8;9;10;11,7.0239441741223985,pass,8.58785386902534,pass,True,True
142058759,2-3,pass,,59;60,6.040600646602424,pass,6.4861018275606055,pass,True,True
142081973,7-12,pass,,1;2;3;4;6;7;8;9;10;11,10.008972961770166,exclude,7.093740231703085,pass,True,False
142082832,7-12,pass,,1;2;3;4;6;7;8;9;10;11,12.678258731947464,exclude,7.325698319573156,pass,True,False
142084091,7-12,pass,,87;88;89;90;93;94;95;96,11.298142281840835,exclude,8.639765027251375,pass,True,False
142103354,7-12,pass,,19;20,6.605161855818289,pass,4.489249521532944,pass,True,True
142107219,13-inf,pass,,1;3;4;5;6;7;8;9;10;11,10.721259486198404,exclude,6.3730614346874415,pass,True,False
142109665,13-inf,pass,,1;2;3;4;5;6;7;8;9;10,8.227760082952026,pass,6.797351085599141,pass,True,True
142144969,13-inf,pass,,1;3;4;5;6;7;8;9;10;11,10.738928540470685,exclude,7.376553180571537,pass,True,False
142306518,4-6,pass,,21;22,7.464333339871329,pass,6.6962377385001455,pass,True,True
142347879,7-12,pass,,14;15;21;22,13.798635582367009,exclude,8.99863649189194,pass,True,False
142349164,4-6,pass,,21;22,6.170975319711908,pass,6.672222914814106,pass,True,True
142380551,2-3,pass,,15;21;22,12.120559606566864,exclude,11.534522099928234,exclude,False,False
142395432,7-12,pass,,14;15;21;22,7.22427457968067,pass,6.801859981711187,pass,True,True
142397006,7-12,pass,,14;15;21;22,10.705040898775108,exclude,6.480650710693364,pass,True,False
142413204,7-12,pass,,15;16;21;22,8.745826792369547,pass,5.782396598137485,pass,True,True
142439883,7-12,pass,,14;20;21,8.097095665576441,pass,6.520613046252696,pass,True,True
142441558,4-6,pass,,14;20;21,8.83197670089958,pass,10.423466567757067,exclude,False,True
142445354,7-12,pass,,14;20;21,9.663672691650946,exclude,8.68564784255083,pass,True,False
142502969,7-12,pass,,20;21,11.621203661976892,exclude,8.44073502205363,pass,True,False
142588823,7-12,pass,,14;20;21,8.1450432499928,pass,8.04094118031451,pass,True,True
142634134,7-12,pass,,14;20;21,12.142613847292624,exclude,7.0024835381006065,pass,True,False
142726463,7-12,pass,,14;20;21,12.114017637876524,exclude,13.067809980523286,exclude,False,False
142746714,4-6,pass,,40;41;47;53,7.920222364711388,pass,6.249722412667636,pass,True,True
142851295,2-3,pass,,4,6.679435141313693,pass,7.264246826460201,pass,True,True
142887200,2-3,pass,,31,6.47939186107766,pass,6.237185109968952,pass,True,True
142942547,2-3,pass,,14;15;21,9.638960018205408,exclude,7.766093339790476,pass,True,False
142961460,7-12,pass,,14;15;20;21,11.52653411943247,exclude,7.962833629742078,pass,True,False
143024848,4-6,pass,,9,6.190565682340817,pass,5.561345966232551,pass,True,True
143166892,2-3,pass,,25,5.252399011446148,pass,5.923337008755357,pass,True,True
143383211,4-6,pass,,7;8,7.012943206339062,pass,5.137484597978196,pass,True,True
144109776,2-3,pass,,30;31,8.553406238318988,pass,6.653806625333733,pass,True,True
144197024,2-3,pass,,9,4.8402024815120015,pass,5.783175464606753,pass,True,True
144284767,7-12,pass,,2,5.125352615566622,pass,4.6990824381430345,pass,True,True
144400971,2-3,pass,,22,6.170091175925769,pass,5.788869874210643,pass,True,True
144513637,2-3,pass,,31,5.2563148356372515,pass,5.169499909538639,pass,True,True
144602332,2-3,pass,,105;106,10.28755008615227,exclude,5.450476844297932,pass,True,False
144705372,4-6,pass,,8;9,7.318540869580351,pass,6.192578304058063,pass,True,True
144949446,4-6,pass,,10,5.244640669994899,pass,5.9157524208902945,pass,True,True
146713291,4-6,pass,,3;4,7.875178353624227,pass,7.13100330557828,pass,True,True
146885453,4-6,exclude,P07: 0 sector(s) with CROWDSAP >= 0.9 after X10/X11,,,,,,False,False
147287147,2-3,exclude,P07: 0 sector(s) with CROWDSAP >= 0.9 after X10/X11,,,,,,False,False
147566097,2-3,pass,,9;10,8.516378611057128,pass,9.235497812066324,exclude,False,True
147789223,4-6,pass,,20;26,10.058584417328008,exclude,8.532493055864245,pass,True,False
147805146,7-12,pass,,6;7,8.14785685273538,pass,4.971818073805446,pass,True,True
147878531,4-6,pass,,40;41;47,7.8468600301623,pass,8.726740396767605,pass,True,True
148044122,2-3,pass,,6;7,7.567599384457599,pass,10.016280824860292,exclude,False,True
148096709,7-12,exclude,P07: 0 sector(s) with CROWDSAP >= 0.9 after X10/X11,,,,,,False,False
148182040,2-3,pass,,6;7,8.655281064780503,pass,7.313960043692962,pass,True,True
148231934,4-6,pass,,6;7,7.894457104566855,pass,7.249647966222685,pass,True,True
148404909,2-3,pass,,6;7,6.163379601699018,pass,7.456870619953695,pass,True,True
148786892,2-3,pass,,50;51,6.103115073776231,pass,6.184957669117737,pass,True,True
148895817,4-6,pass,,14;15;21,9.467088406529976,exclude,5.946315870822099,pass,True,False
148913053,4-6,pass,,21;22,8.24948067206848,pass,5.894600072498549,pass,True,True
148971118,4-6,pass,,14;15;21;22,9.848892674713566,exclude,7.070749749874904,pass,True,False
149039116,7-12,pass,,1;2;4;5;6;7;8;9;10;11,11.727709712952604,exclude,7.786399455181264,pass,True,False
149160058,7-12,pass,,4;5;6;7;8;9;12,25.577291973351013,exclude,23.956857370678847,exclude,False,False
149174106,13-inf,pass,,1;2;3;5;6;7;8;9;10;11,11.81538365691605,exclude,7.319212990986211,pass,True,False
149217658,7-12,pass,,27;29;30;31;35;36;37;39,8.94844839938076,pass,9.27143279627431,exclude,False,True
149218890,7-12,pass,,4;5;6;7;9;10;11;12;13,7.989444162966904,pass,7.545791710040176,pass,True,True
149219092,7-12,pass,,1;2;3;4;5;6;7;9;10;11,9.38690162642196,exclude,8.602068014979814,pass,True,False
149251911,7-12,pass,,2;3;4;5;6;7;8;9;10;12,9.174617859245531,exclude,7.265715364511124,pass,True,False
149347103,7-12,pass,,4;5;6;7;8;9;10;11;12;13,7.635709266945148,pass,7.920496936310553,pass,True,True
149390565,7-12,pass,,1;2;3;4;5;6;7;9;10;11,9.764631748401747,exclude,10.21171045786972,exclude,False,False
149398139,4-6,pass,,44;45;46;48,10.196001254047104,exclude,6.532958132007462,pass,True,False
149418073,4-6,pass,,21,5.322045980456432,pass,3.672949615024381,pass,True,True
149438836,2-3,pass,,45;46,13.593832143692682,exclude,11.74901191266411,exclude,False,False
149450152,13-inf,pass,,4,7.042785590098607,pass,6.016500329047694,pass,True,True
149473839,13-inf,pass,,1;2;3;4;5;6;7;8;9;10,12.78927587598516,exclude,8.233633967868764,pass,True,False
149478361,7-12,pass,,4;5;6;7;9;10;12;13,19.615022930914048,exclude,17.712031759698565,exclude,False,False
149539101,7-12,pass,,4;5;6;7;8;9;10;11;13,13.48172399943569,exclude,8.035371966079362,pass,True,False
149542538,7-12,pass,,2;3;5;6;8;9;10;12;13,13.33595354584717,exclude,10.61957160307474,exclude,False,False
149601140,7-12,pass,,1;3;4;5;6;7;8;9;10;11,9.770455014005329,exclude,5.6851878203818655,pass,True,False
149664423,13-inf,pass,,1;3;4;6;7;8;9;10;11;13,11.597472674967436,exclude,6.372442471006186,pass,True,False
149741603,2-3,pass,,34,5.592532886031074,pass,6.613704191467664,pass,True,True
149857901,4-6,pass,,18,5.990489587015034,pass,7.314908187205337,pass,True,True
149902411,13-inf,pass,,1;2;3;4;5;6;7;8;10;11,21.362241767688648,exclude,11.348433118336231,exclude,False,False
149912035,4-6,pass,,14;21,7.747338101568015,pass,6.561897119528819,pass,True,True
149915357,4-6,pass,,14;21,10.303809107144096,exclude,9.565994877691203,exclude,False,False
149973879,7-12,pass,,1;2;4;5;7;8;11;12,10.986001918538614,exclude,7.549679085780387,pass,True,False
150029448,4-6,pass,,4;7;10;13,7.802525044413899,pass,7.355996417390151,pass,True,True
150032410,7-12,pass,,4;5;7;8;9;12,18.561681419588027,exclude,18.947189757210573,exclude,False,False
150098564,7-12,pass,,27;28;29;31;32;34;35;36;37;38,11.19775718311856,exclude,9.587651890969369,exclude,False,False
150099511,13-inf,pass,,1;2;3;4;5;6;7;8;9;10,10.95531490561291,exclude,8.402332168935391,pass,True,False
150106486,7-12,pass,,87;88;89;90;93;95;96,10.184566732772376,exclude,6.617716422035022,pass,True,False
150140166,13-inf,pass,,1;4;5;6;8;9;10;11;12;13,10.562073672155451,exclude,8.231130411583834,pass,True,False
150147985,13-inf,exclude,P07: 0 sector(s) with CROWDSAP >= 0.9 after X10/X11,,,,,,False,False
150168739,13-inf,pass,,2;3;5;6;7;8;9;10;12;13,9.137105475439393,exclude,8.712278708812013,pass,True,False
150171760,2-3,pass,,21,5.822193226193669,pass,6.871484497204572,pass,True,True
150182605,2-3,pass,,21,5.1965189477030105,pass,4.641941428332746,pass,True,True
150188411,2-3,pass,,95;96,6.866190179789409,pass,4.812892539192678,pass,True,True
150189995,13-inf,pass,,1;2;5;6;7;8;9;11,19.15286547087449,exclude,13.208762349022711,exclude,False,False
150245403,7-12,pass,,4;6;7;9;10;11;12;13,9.362130853573248,exclude,7.305775714904987,pass,True,False
150245430,13-inf,pass,,1;2;3;4;6;7;9;10;11;12,12.220244834298237,exclude,7.516012909877302,pass,True,False
150247039,7-12,pass,,9;10;11,8.17697502485897,pass,8.22251894822887,pass,True,True
150269856,7-12,pass,,4;5;6;7;9;10;12;13,8.281457128384506,pass,8.233980439136218,pass,True,True
150275309,7-12,pass,,1;2;3;4;5;6;8;9;10;11,13.481727439736488,exclude,8.26863769622279,pass,True,False
150299078,7-12,pass,,1;2;3;4;5;6;8;9;10;11,9.749433211252082,exclude,9.056154615590064,exclude,False,False
150316358,4-6,pass,,19;20;26,7.888098896805157,pass,7.03424471269887,pass,True,True
150319903,7-12,pass,,1;2;3;4;5;6;7;9;10;11,9.050118997211175,exclude,8.152279937461602,pass,True,False
150323113,13-inf,pass,,1;2;3;4;5;6;8;9;10;11,9.843852609208986,exclude,9.163493387440942,exclude,False,False
150361243,7-12,pass,,87;88;89;93;94;95;96,8.178278816961187,pass,8.507335075528992,pass,True,True
150364128,2-3,pass,,15;22,7.915115112160241,pass,6.350558515735284,pass,True,True
150391436,13-inf,pass,,1;2;3;5;6;7;8;9;10;11,12.08675764141996,exclude,9.006977011821366,exclude,False,False
150393677,13-inf,pass,,27;29;30;31;32;33;34;35;36;37,10.222023412932726,exclude,10.828938714700543,exclude,False,False
150395009,7-12,pass,,5;6;7;8;9;10;12;13,9.766471033676316,exclude,10.13623060132534,exclude,False,False
150430837,13-inf,pass,,1;2;3;4;5;6;8;9;10;11,10.28348979549108,exclude,7.818261543647625,pass,True,False
150431816,13-inf,pass,,28;32;35;38;39,11.101118563583656,exclude,7.874725273645646,pass,True,False
150438314,7-12,pass,,61;62;63;64;65;67;68,12.404542448161347,exclude,8.627043441973516,pass,True,False
150440176,13-inf,pass,,1;2;3;5;6;7;8;9;10;11,13.487593101157051,exclude,11.195907036423948,exclude,False,False
151628193,2-3,exclude,P07: 0 sector(s) with CROWDSAP >= 0.9 after X10/X11,,,,,,False,False
152371833,2-3,pass,,4;5,6.712237047147235,pass,6.922258087923624,pass,True,True
152985509,4-6,pass,,3;4,6.781636214095719,pass,6.121948278997091,pass,True,True
153183745,2-3,pass,,6,4.973754632900284,pass,5.007032048378586,pass,True,True
153838349,4-6,pass,,4;5,10.920995337493329,exclude,7.827747435596465,pass,True,False
153975515,4-6,exclude,P07: 0 sector(s) with CROWDSAP >= 0.9 after X10/X11,,,,,,False,False
154011900,7-12,pass,,14;15;21;22,11.508827162168778,exclude,7.099243533322811,pass,True,False
154012376,4-6,pass,,14;15;21,8.095184587349543,pass,8.217228350609098,pass,True,True
154012877,7-12,pass,,14;15;21;22,23.028539079931782,exclude,18.086984485805488,exclude,False,False
154070315,7-12,pass,,14;15;16;21;22,10.851787032567229,exclude,7.395578167636381,pass,True,False
154071400,7-12,pass,,14;15;20;21;22,11.126057951409342,exclude,7.493284165721476,pass,True,False
154090243,7-12,pass,,14;15;21;22,10.294897100362286,exclude,14.854122863007351,exclude,False,False
154091848,4-6,pass,,14;15;16;21;22,8.125442157464548,pass,8.432573751158253,pass,True,True
154107534,7-12,pass,,14;15;21;22,11.737632329652753,exclude,8.855938054082154,pass,True,False
154180755,7-12,pass,,14;15;21;22,8.971141508043646,pass,6.958265558941147,pass,True,True
154181828,2-3,pass,,14,7.48195335566489,pass,5.146196686159036,pass,True,True
154257989,4-6,pass,,16;22;23,10.373603788434648,exclude,8.177134222994395,pass,True,False
154339760,4-6,pass,,19;20;26,15.277500296992349,exclude,13.480692242584691,exclude,False,False
154384371,4-6,pass,,15;16;22;23,9.156926821785364,exclude,6.051221829570565,pass,True,False
154485962,2-3,pass,,47;48,7.952650523168103,pass,7.086046842234418,pass,True,True
154512930,4-6,pass,,40;41;47;53,7.2449690363007315,pass,7.300815017563385,pass,True,True
154716886,2-3,pass,,14;20;26,10.882112876174231,exclude,7.731408365801937,pass,True,False
154720073,7-12,pass,,14;19;20;26,10.945248748474878,exclude,7.4486296332738675,pass,True,False
154842296,7-12,pass,,14;19;20;26,13.281772141543447,exclude,7.835073332893322,pass,True,False
154926789,7-12,pass,,14;19;20;26,12.152932638518417,exclude,9.906959373145217,exclude,False,False
154939487,7-12,pass,,14;19;20;26,10.026976269618606,exclude,8.24223268043034,pass,True,False
155233032,4-6,pass,,44;45;46;47,8.709052246841537,pass,6.950388166852259,pass,True,True
155637861,7-12,pass,,14;19;20;21;26,7.061419411448997,pass,7.648401169399928,pass,True,True
155639688,7-12,pass,,14;20;21,8.422653559940326,pass,6.562106059400496,pass,True,True
155872701,4-6,pass,,15;21;22,10.664196004245396,exclude,18.46761790145448,exclude,False,False
155875539,4-6,pass,,14;20,8.90954961363854,pass,7.2936208938451,pass,True,True
155943582,4-6,pass,,16;23;24,9.131398471044957,exclude,6.5250497515745955,pass,True,False
156069089,4-6,pass,,2,8.484545951272247,pass,13.784872957136482,exclude,False,True
156118825,2-3,pass,,14;20;26,9.54971552164437,exclude,9.36913607553926,exclude,False,False
156168345,7-12,pass,,14;20;21;26,10.925361891619268,exclude,6.723626364546839,pass,True,False
156462093,7-12,pass,,20;22,8.241151225799447,pass,6.492533296388272,pass,True,True
156462141,4-6,pass,,14;15;20;21;22,9.692683224839648,exclude,7.238013335487264,pass,True,False
156497041,4-6,pass,,14;15;20;21;22;26,11.110985257628332,exclude,8.105301417799426,pass,True,False
156508434,4-6,pass,,40;41;47;48;49,7.469303785078116,pass,6.58258429151819,pass,True,True
156509590,7-12,exclude,P07: 0 sector(s) with CROWDSAP >= 0.9 after X10/X11,,,,,,False,False
156851625,2-3,pass,,45;46,8.662672145536298,pass,7.43527022214795,pass,True,True
157118870,4-6,pass,,10,6.011245701854003,pass,4.88795274750641,pass,True,True
157133425,7-12,pass,,6;7,6.147972236327435,pass,6.628315617416213,pass,True,True
157207017,2-3,exclude,P07: 0 sector(s) with CROWDSAP >= 0.9 after X10/X11,,,,,,False,False
157265784,4-6,exclude,P07: 0 sector(s) with CROWDSAP >= 0.9 after X10/X11,,,,,,False,False
157554510,2-3,pass,,26,5.146891943293407,pass,5.760803687021732,pass,True,True
157848159,2-3,pass,,21,5.58499969137901,pass,5.513217386712576,pass,True,True
157877803,4-6,pass,,15;16;22,9.84544184590854,exclude,7.0415936397320875,pass,True,False
157912593,2-3,pass,,23,6.2102486904928025,pass,7.378036770914424,pass,True,True
158014106,4-6,pass,,40;47;48;53,11.550390420152972,exclude,8.472721711626022,pass,True,False
158019748,4-6,pass,,16;23,10.5412087894464,exclude,6.14996061974791,pass,True,False
158106851,2-3,pass,,16;23,8.27844154175644,pass,6.737096287351945,pass,True,True
158169985,7-12,pass,,40;41;53,12.48884700027412,exclude,8.107737270912637,pass,True,False
158230577,2-3,pass,,13,5.0971495563720115,pass,4.413122541215567,pass,True,True
158415140,4-6,pass,,26,6.06753279365207,pass,5.085555482316362,pass,True,True
158461622,7-12,pass,,15;16;22;23,12.099707466864633,exclude,10.580639750502996,exclude,False,False
158496409,4-6,exclude,P07: 0 sector(s) with CROWDSAP >= 0.9 after X10/X11,,,,,,False,False
158562911,4-6,pass,,15;16;22;23,10.75250528111942,exclude,6.942148243687384,pass,True,False
158569305,7-12,pass,,2,4.705975499649619,pass,5.115318792715175,pass,True,True
158660814,4-6,exclude,P07: 0 sector(s) with CROWDSAP >= 0.9 after X10/X11,,,,,,False,False
158703741,4-6,pass,,26,4.689837230378213,pass,5.468288442643696,pass,True,True
158726457,7-12,pass,,14,9.33372774781589,exclude,6.167898701822048,pass,True,False
158981324,4-6,pass,,11,5.134777419682992,pass,5.603002273232723,pass,True,True
159163331,4-6,pass,,15;16;22,6.335582198722785,pass,7.212862708349977,pass,True,True
159182396,7-12,pass,,15;16;21;22,7.670783679709355,pass,6.9173743393793306,pass,True,True
159215551,4-6,pass,,40;41,7.494057895204003,pass,6.922252444529679,pass,True,True
159289196,7-12,pass,,14;15;19;20;21;26,8.69538359222392,pass,8.928889363452063,pass,True,True
159298787,7-12,pass,,14;19;20;21;26,6.887462275178723,pass,6.988042345113717,pass,True,True
159342780,13-inf,pass,,14;19;21;25;26,7.559271397866023,pass,7.297753796453067,pass,True,True
159393734,7-12,pass,,40;41,7.353713344971537,pass,5.12844044285881,pass,True,True
159453559,13-inf,pass,,14;19;20;21;25;26,12.056766265509909,exclude,6.624646032688954,pass,True,False
159454467,7-12,pass,,14;15;19;20;21;25;26,12.904626798493336,exclude,7.2867038773732755,pass,True,False
159464836,7-12,exclude,P07: 0 sector(s) with CROWDSAP >= 0.9 after X10/X11,,,,,,False,False
159501153,7-12,pass,,19;20;21,6.810648842336052,pass,7.458832942591816,pass,True,True
159502654,13-inf,pass,,14;15;18;19;20;21;25;26,11.026491335435884,exclude,7.849759178801692,pass,True,False
159505220,2-3,pass,,45;46;49,10.845068850876466,exclude,8.674908991100978,pass,True,False
159511370,7-12,exclude,P07: 1 sector(s) with CROWDSAP >= 0.9 after X10/X11,,,,,,False,False
159539971,4-6,pass,,21,5.5671923738572255,pass,4.750661913690901,pass,True,True
159549080,2-3,pass,,15;21;22,8.79662344650186,pass,8.188543019774286,pass,True,True
159574962,2-3,exclude,P07: 0 sector(s) with CROWDSAP >= 0.9 after X10/X11,,,,,,False,False
159614563,7-12,pass,,14;15;16;21;23,8.919398337271792,pass,6.846206288499117,pass,True,True
159635956,2-3,pass,,48;49;50,9.177668936630932,exclude,6.981148596253811,pass,True,False
159757176,2-3,exclude,P07: 0 sector(s) with CROWDSAP >= 0.9 after X10/X11,,,,,,False,False
159881887,7-12,pass,,10;11,6.5206345161431525,pass,5.484259067769612,pass,True,True
159986472,2-3,pass,,20,6.165089521714668,pass,7.493276984522289,pass,True,True
159991884,2-3,pass,,21,7.533787365177009,pass,5.9528845338396215,pass,True,True
160004409,4-6,pass,,4,5.034857882478115,pass,4.807648701119805,pass,True,True
160040284,2-3,pass,,48;49,7.036472862496541,pass,5.27540152919742,pass,True,True
160068166,7-12,pass,,14;19;20;25;26,11.654294730522428,exclude,9.180091178213214,exclude,False,False
160080353,4-6,pass,,2,5.035015414319584,pass,5.989858480587079,pass,True,True
160119847,7-12,pass,,19;20;25;26,11.546121232207115,exclude,6.97410909599132,pass,True,False
160191980,2-3,pass,,3,7.678789788864609,pass,6.118828095269057,pass,True,True
160297967,4-6,pass,,40;41;48;53,10.992541064339768,exclude,8.340974873589232,pass,True,False
160323064,7-12,pass,,14;19;20;21;26,8.829728098230548,pass,8.434807550286857,pass,True,True
160394950,13-inf,pass,,14;19;22;26,9.538535838953669,exclude,8.26633269508275,pass,True,False
160409532,7-12,pass,,14;15;16;19;20;21;22;26,10.081248427707534,exclude,7.101556362999102,pass,True,False
160421259,13-inf,pass,,14;15;16;19;20;22;23;26,9.788753184780624,exclude,7.306685471005349,pass,True,False
160424250,13-inf,pass,,14;15;16;19;20;21;22;23;26,9.595268170606078,exclude,7.430049221390017,pass,True,False
160424623,13-inf,pass,,14;15;16;19;20;21;22;23;26,12.839019754450698,exclude,7.896317912623381,pass,True,False
160471611,7-12,pass,,14;15;16;19;20;21;22;26,15.960706673431476,exclude,9.396320972070075,exclude,False,False
160473368,7-12,pass,,14;15;16;19;20;21;22;26,9.341004802310955,exclude,11.166364113759093,exclude,False,False
160489403,4-6,pass,,47;48;49;52,6.623533565475008,pass,6.503633254612269,pass,True,True
160489724,7-12,pass,,22,8.247315615974468,pass,22.15634221223429,exclude,False,True
160491879,13-inf,pass,,14;15;16;19;20;21;22;23;25;26,10.270457373223602,exclude,7.39212038864974,pass,True,False
160492053,4-6,pass,,14;15;19;20;21;26,9.253484711881518,exclude,6.557435466920698,pass,True,False
160492944,4-6,pass,,21,5.890355271742361,pass,4.509177515118566,pass,True,True
160493316,13-inf,pass,,15;16;19;20;21;22;23;25;26,14.564251113239216,exclude,7.253738482548339,pass,True,False
160494047,13-inf,pass,,14;15;17;18;19;20;21;22;23;24,8.903915478210529,pass,8.35725596738108,pass,True,True
160533720,13-inf,pass,,14;15;16;19;20;21;22;25;26,10.750618156577216,exclude,8.075443470333935,pass,True,False
160536135,13-inf,pass,,14;15;19;20;21;22;25;26,10.166211189731833,exclude,7.319886043379386,pass,True,False
160551340,7-12,pass,,14;15;16;26,9.515418690780844,exclude,9.32603446336017,exclude,False,False
160553101,4-6,pass,,20;21,5.362309454183422,pass,6.031178452643346,pass,True,True
160553360,7-12,pass,,14;15;16;18;19;20;21;22;25;26,12.256526533745706,exclude,9.772747372715717,exclude,False,False
160586166,13-inf,pass,,14;15;16;17;18;19;20;22;23;24,9.61779449810087,exclude,7.3811065520223105,pass,True,False
160602609,13-inf,pass,,14;15;16;17;18;19;20;21;22;23,9.167112864981094,exclude,7.919144772246449,pass,True,False
160602790,13-inf,pass,,18;23;24,7.923441547005127,pass,6.593870957526334,pass,True,True
160618515,7-12,pass,,40;41;47;48;49;50;51;53,12.433934791395233,exclude,7.488114072579157,pass,True,False
160987265,4-6,pass,,49;50,5.094133486459462,pass,5.767541881705545,pass,True,True
161004057,4-6,pass,,16;23,8.811845152711145,pass,7.1154031689804285,pass,True,True
161637267,4-6,pass,,4;6,9.041886684700732,exclude,6.3978089554682835,pass,True,False
161667485,4-6,pass,,16;23;24,11.871633785676512,exclude,7.356638803231987,pass,True,False
161687266,7-12,pass,,15;16;22;24,7.748579834171656,pass,7.346656433686369,pass,True,True
161726193,4-6,pass,,22;23,11.23547781103668,exclude,10.827663346904128,exclude,False,False
161820894,7-12,pass,,16;22;23;24,7.619762261751855,pass,9.414913084128289,exclude,False,True
161838991,7-12,pass,,16;23;24;25,8.937307076607741,pass,7.747013477411795,pass,True,True
161840391,4-6,pass,,49;50;51;52,10.3258181570616,exclude,7.9527570945502895,pass,True,False
162492140,4-6,pass,,16;23;24;25,12.217398239790096,exclude,8.9833796108936,pass,True,False
162589720,7-12,pass,,16;23;24;25,11.696870066301782,exclude,13.61320989364065,exclude,False,False
162592479,7-12,pass,,16;24;25,9.41609346722089,exclude,6.2809556781109865,pass,True,False
162594819,2-3,pass,,23;25,10.49615135072367,exclude,6.267853081757826,pass,True,False
163490621,2-3,pass,,63;64,7.542907868377355,pass,5.72873022734337,pass,True,True
164053586,2-3,pass,,15,6.051890533990014,pass,4.219980519191841,pass,True,True
164882482,7-12,exclude,P07: 0 sector(s) with CROWDSAP >= 0.9 after X10/X11,,,,,,False,False
165213629,4-6,pass,,31,6.539041713983212,pass,8.360127291054232,pass,True,True
165312698,2-3,pass,,48;49,6.3880596573583235,pass,6.185289065238688,pass,True,True
165371777,2-3,exclude,P07: 1 sector(s) with CROWDSAP >= 0.9 after X10/X11,,,,,,False,False
165372816,4-6,pass,,16;22;23,7.964868901484595,pass,8.110008538284264,pass,True,True
165406341,2-3,exclude,P07: 1 sector(s) with CROWDSAP >= 0.9 after X10/X11,,,,,,False,False
165470925,13-inf,pass,,14;15;16;17;18;19;20;21;22;23,9.89960401156502,exclude,6.919644330435488,pass,True,False
165500231,13-inf,pass,,14;15;16;17;18;20;21;22;23;24,8.170755233771272,pass,9.732709940153216,exclude,False,True
165529438,7-12,pass,,14;15;16;17;18;20;21;22;23;24,9.251266028420831,exclude,8.50351715626455,pass,True,False
165530042,13-inf,pass,,14;15;16;17;18;19;20;21;23;24,9.088097281876328,exclude,8.204290025644003,pass,True,False
165531835,13-inf,pass,,14;15;16;17;18;20;21;22;23;24,7.809415010299359,pass,7.860617910454283,pass,True,True
165553746,13-inf,pass,,14;15;16;17;18;19;20;21;22;23,11.471226625531,exclude,8.861140714311778,pass,True,False
165599030,2-3,pass,,16;22;23,8.256857135436626,pass,7.619448046340882,pass,True,True
165690063,7-12,pass,,15;16;22;23;24,8.587814097613967,pass,11.650075900071684,exclude,False,True
165735218,7-12,pass,,16;22;23;24,7.380098958826936,pass,7.413642722198398,pass,True,True
165831403,4-6,pass,,44;45;46;47,7.152569530167765,pass,6.177103890486743,pass,True,True
165989850,7-12,pass,,14;15;16;21;22,9.044603314089144,exclude,9.60194842164982,exclude,False,False
166012677,4-6,exclude,P07: 0 sector(s) with CROWDSAP >= 0.9 after X10/X11,,,,,,False,False
166052599,7-12,pass,,15;16;21;23,10.313349665865118,exclude,7.507393226403114,pass,True,False
166065286,7-12,pass,,15;16;21;23,9.46865183620368,exclude,5.655552516662224,pass,True,False
166089209,7-12,pass,,14;15;16;21;22;23,8.148930411113732,pass,7.1245213622666785,pass,True,True
166090343,4-6,pass,,15;16;23,11.015765646106855,exclude,8.082303926317982,pass,True,False
166128290,4-6,pass,,15;16;21;22;23,14.950264562276796,exclude,13.91267756769895,exclude,False,False
166282414,2-3,pass,,13,5.179176288904447,pass,6.695859835062913,pass,True,True
166573547,2-3,pass,,11,5.8798235161684245,pass,3.5606897986151593,pass,True,True
166745428,4-6,pass,,2;3,7.038271693636864,pass,5.365892949440516,pass,True,True
166760122,4-6,pass,,2;3,9.747043764278484,exclude,6.885968812139486,pass,True,False
166787220,7-12,pass,,3,7.0930453699616915,pass,4.900231580176988,pass,True,True
166803705,2-3,pass,,4,5.066735291286106,pass,4.80197719541858,pass,True,True
166934491,4-6,pass,,4;5,8.715001174640877,pass,7.58463887020659,pass,True,True
166974030,13-inf,exclude,P07: 0 sector(s) with CROWDSAP >= 0.9 after X10/X11,,,,,,False,False
166975502,7-12,pass,,1;3;4;5;6;7;8;9;10;11,10.7021826723636,exclude,8.10861386643639,pass,True,False
167011368,13-inf,pass,,2;3;5;6;8;9;10;12;13,16.74343924143531,exclude,13.050125070278575,exclude,False,False
167086734,4-6,pass,,88;89;94;95,10.268359622390784,exclude,6.943536216775003,pass,True,False
167088119,13-inf,pass,,1;2;3;4;5;6;7;9;10;11,8.131355673586201,pass,6.766372394713383,pass,True,True
167089585,13-inf,pass,,4;6;7;8;9;10;11;12;13,9.27052104289361,exclude,8.034405230530629,pass,True,False
167120384,7-12,pass,,1;2;3;4;5;6;7;9;10;11,9.49429295259427,exclude,7.899253348523515,pass,True,False
167121003,7-12,pass,,27;29;30;32;33;36;37;38;39,10.852901975872392,exclude,7.47225106202562,pass,True,False
167126007,7-12,pass,,27;29;30;35;36;37;38;39,11.298520444693096,exclude,6.2567754851820965,pass,True,False
167168801,7-12,pass,,1;2;3;4;5;7;8;9;10;11,8.048778513873824,pass,8.876684193972983,pass,True,True
167249700,7-12,pass,,87;88;89;90;93;94;95;96,10.10541215153855,exclude,7.442692997565583,pass,True,False
167307018,4-6,exclude,P07: 1 sector(s) with CROWDSAP >= 0.9 after X10/X11,,,,,,False,False
167342095,7-12,pass,,27;28;29;31;32;34;35;36;37;38,11.62920971899529,exclude,10.27701756307577,exclude,False,False
167364354,13-inf,pass,,3;5;6;7;8;9;10;11;12;13,9.42979916064208,exclude,8.06841078719083,pass,True,False
167368416,7-12,pass,,87;88;89;90;93;94;95;96,14.725085000282723,exclude,8.36486615570083,pass,True,False
167416321,13-inf,pass,,1;2;3;4;5;6;7;8;9;10,10.496768225555218,exclude,9.967767184148318,exclude,False,False
167422188,13-inf,pass,,2;3;4;5;6;7;8;9;10;12,8.795298125065981,pass,6.835954273769288,pass,True,True
167656135,13-inf,pass,,2;3;4;5;6;7;8;9;10;12,10.584681114548635,exclude,9.973793007388675,exclude,False,False
167709098,2-3,pass,,11,5.281642522445629,pass,4.561144297182294,pass,True,True
167718173,4-6,pass,,87;88,6.385435437880488,pass,5.553412780279756,pass,True,True
167721974,7-12,pass,,27;28;29;30;31;32;33;34;36;37,8.209295598517995,pass,6.2279506783478285,pass,True,True
167722247,7-12,exclude,P07: 0 sector(s) with CROWDSAP >= 0.9 after X10/X11,,,,,,False,False
167749605,13-inf,pass,,1;3;4;5;6;7;8;9;10;11,9.68329188537226,exclude,8.557506037748366,pass,True,False
167754778,7-12,pass,,87;88;89;93;94;95;96,11.440957233692016,exclude,6.871528035900495,pass,True,False
167792267,7-12,pass,,4;6;7;8;9;11;12;13,8.625200988171423,pass,7.611166426948204,pass,True,True
167792868,4-6,exclude,P07: 0 sector(s) with CROWDSAP >= 0.9 after X10/X11,,,,,,False,False
167810008,7-12,pass,,4;5;7;8;9;12,11.596686078446163,exclude,9.429929433286745,exclude,False,False
167811187,13-inf,pass,,1;3;4;5;6;7;8;9;10;11,11.084613509666422,exclude,7.002019996330396,pass,True,False
167812505,13-inf,pass,,28;36;38,7.899028379880958,pass,5.823197483000816,pass,True,True
167814411,13-inf,pass,,1;2;3;4;5;6;7;9;10;11,9.389849418220484,exclude,7.9723461417256205,pass,True,False
167894606,13-inf,pass,,1;2;3;4;5;6;7;8;9;10,8.115326487760894,pass,6.4899245940787855,pass,True,True
167895977,13-inf,pass,,1;2;3;4;5;6;7;8;9;10,9.14315555765196,exclude,8.351321105519688,pass,True,False
168699704,4-6,pass,,16;23,9.282194820679749,exclude,8.708083445695337,pass,True,False
168725986,4-6,exclude,P07: 0 sector(s) with CROWDSAP >= 0.9 after X10/X11,,,,,,False,False
168789206,4-6,pass,,4;5,8.24940720092607,pass,5.840550853307488,pass,True,True
169746153,2-3,pass,,29;42,6.240318818572641,pass,7.276815068650647,pass,True,True
170699692,4-6,pass,,4;5,11.595041440429192,exclude,9.498119774057292,exclude,False,False
171427270,2-3,pass,,44;45;46,12.874443102949996,exclude,7.856349363444449,pass,True,False
171557044,2-3,pass,,45;46,7.018461698792991,pass,5.826929666658037,pass,True,True
171738813,4-6,pass,,39,4.651948524222222,pass,6.044302841178566,pass,True,True
171757655,2-3,pass,,23,4.902541963245326,pass,5.656834748734432,pass,True,True
172292753,4-6,pass,,20,4.548990955590233,pass,4.249779591121994,pass,True,True
172518675,4-6,pass,,21,8.870901551498266,pass,5.666479933094697,pass,True,True
172600760,2-3,pass,,22,7.73154227927722,pass,6.763102720639257,pass,True,True
172824505,4-6,pass,,44;45;46;47,8.322826477482268,pass,6.18100185177725,pass,True,True
172827758,4-6,pass,,44;45;46;47,8.7271824138891,pass,7.5769813001569615,pass,True,True
172830643,4-6,pass,,44;45;46;47,17.993380345953607,exclude,13.749799183917292,exclude,False,False
172843253,4-6,pass,,44;45;46;47,6.855648373356599,pass,6.878509411171143,pass,True,True
173110024,2-3,pass,,45;46,17.88299681933717,exclude,19.01227163420679,exclude,False,False
173871956,2-3,exclude,P07: 1 sector(s) with CROWDSAP >= 0.9 after X10/X11,,,,,,False,False
175233735,2-3,pass,,44;46,6.818902404039943,pass,4.650035911560648,pass,True,True
175290532,4-6,pass,,44;45;46,6.927904369729866,pass,7.794167710391688,pass,True,True
175397298,2-3,pass,,28;29,6.351253044757576,pass,7.460604755060467,pass,True,True
175492787,4-6,pass,,30;31,7.656804691873687,pass,6.087613290970696,pass,True,True
176687975,2-3,pass,,8,5.719942186009051,pass,6.131038588220914,pass,True,True
176936125,13-inf,pass,,1;2;3;4;5;6;8;9;10;11,11.628756643308929,exclude,7.8149725628591025,pass,True,False
176937262,13-inf,pass,,1;2;3;4;5;6;7;8;9;10,7.611364069491285,pass,7.85943897533025,pass,True,True
176954188,13-inf,pass,,1;2;3;4;5;6;7;9;10;11,14.284565681669497,exclude,8.903701543678206,pass,True,False
176980089,4-6,exclude,P07: 1 sector(s) with CROWDSAP >= 0.9 after X10/X11,,,,,,False,False
176986832,7-12,pass,,27;30;31;32;33;34;35;36;37;38,12.295121555740002,exclude,8.554121076787155,pass,True,False
177017898,4-6,exclude,P07: 0 sector(s) with CROWDSAP >= 0.9 after X10/X11,,,,,,False,False
177034817,7-12,exclude,P07: 0 sector(s) with CROWDSAP >= 0.9 after X10/X11,,,,,,False,False
177036523,7-12,pass,,1;2;4;5;6;7;8;9;10;11,13.32176683482439,exclude,8.1599631836401,pass,True,False
177039581,13-inf,pass,,1;2;3;4;5;6;8;9;10;11,9.560909932539106,exclude,8.67841148077751,pass,True,False
177080030,13-inf,pass,,27;28;29;30;31;32;33;34;35;36,9.441686723453753,exclude,9.373235045519294,exclude,False,False
177114260,13-inf,pass,,1;2;3;4;5;6;7;8;9;10,10.561894970828824,exclude,8.120977527271537,pass,True,False
177114809,13-inf,pass,,27;28;29;30;31;32;33;34;35;36,11.7221226912747,exclude,7.244806112683534,pass,True,False
177165274,7-12,pass,,1;2;3;4;5;6;7;8;9;11,11.36248909680704,exclude,9.41803814472222,exclude,False,False
177171512,2-3,pass,,94;95;96,7.345425588960533,pass,5.397098833191428,pass,True,True
177180032,7-12,pass,,1;2;4;5;6;7;8;9;10;11,9.422816328866633,exclude,7.388445272591879,pass,True,False
177242130,7-12,exclude,P07: 0 sector(s) with CROWDSAP >= 0.9 after X10/X11,,,,,,False,False
177254154,13-inf,pass,,1;2;3;4;6;7;8;9;10;11,9.743154814550545,exclude,8.70370543518989,pass,True,False
177256886,7-12,pass,,1;3;4;5;6;7;8;9;10;11,12.884434052602266,exclude,7.841559974318678,pass,True,False
177258092,7-12,pass,,1;4;5;6;7;8;9;10;11;12,19.806438077884373,exclude,18.519048770550587,exclude,False,False
177282921,13-inf,exclude,P07: 0 sector(s) with CROWDSAP >= 0.9 after X10/X11,,,,,,False,False
177310324,7-12,pass,,87;88;89;90;93;94;95;96,16.433265659436202,exclude,14.732962854559942,exclude,False,False
177312459,13-inf,pass,,1;2;3;4;5;6;7;8;9;10,14.461433029852214,exclude,8.856589268220429,pass,True,False
177349718,13-inf,pass,,5;6;7;10,11.592086133061208,exclude,6.920281316594465,pass,True,False
177353880,7-12,pass,,87;88;89;90;93;94;95;96,13.924516660480537,exclude,7.7117222592597425,pass,True,False
177354146,7-12,pass,,87;88;89;90;93;94;95;96,12.534711734523269,exclude,7.769065959259756,pass,True,False
177387380,13-inf,pass,,2;5;7;9;10;11;12;13,10.54357493615565,exclude,7.277498479316031,pass,True,False
178154480,4-6,pass,,30;31,5.942263222005956,pass,5.984707016302974,pass,True,True
178154748,7-12,pass,,3;4,5.26477265589042,pass,5.399528295713238,pass,True,True
178171970,4-6,pass,,3;4,6.922614621112676,pass,5.843332636848295,pass,True,True
178198307,2-3,exclude,P07: 1 sector(s) with CROWDSAP >= 0.9 after X10/X11,,,,,,False,False
178199869,2-3,pass,,4;5,8.504595640668477,pass,8.808403860799327,pass,True,True
178271310,2-3,pass,,4;5,8.029274229976531,pass,7.498591339836803,pass,True,True
178723542,2-3,pass,,9;10,7.566050379684772,pass,6.352355174724085,pass,True,True
178937089,2-3,pass,,31;32,6.976738086340826,pass,6.0151412793936565,pass,True,True
179678584,7-12,pass,,2,7.849236372199264,pass,4.937407531157828,pass,True,True
180212522,2-3,pass,,94;95,6.26015494114071,pass,6.687432548327816,pass,True,True
180567838,2-3,pass,,22;23,6.389702493414406,pass,6.038040521505775,pass,True,True
180568559,4-6,pass,,22;23,5.7358970549141,pass,5.621951520213292,pass,True,True
180669655,2-3,pass,,49,6.382732229056906,pass,6.887553967987827,pass,True,True
180670639,2-3,pass,,22;23,7.038897058111893,pass,9.233541576514655,exclude,False,True
180998339,2-3,pass,,2;3,5.954256581096286,pass,6.746214395393832,pass,True,True
182078146,2-3,pass,,94;95,7.813280573451326,pass,7.027488242422273,pass,True,True
184893654,4-6,pass,,44;45;46,8.208562569620682,pass,6.069039302146451,pass,True,True
185223954,2-3,pass,,36;46,11.36823049480715,exclude,10.047602431591338,exclude,False,False
185244437,2-3,pass,,36;46,16.115571552041057,exclude,13.202313450003263,exclude,False,False
185945976,4-6,pass,,14;15,8.975813476855391,pass,9.69189656235451,exclude,False,True
188051094,2-3,exclude,P07: 0 sector(s) with CROWDSAP >= 0.9 after X10/X11,,,,,,False,False
188599997,2-3,pass,,51;52;53,5.904761423539072,pass,5.750991405329389,pass,True,True
188640716,7-12,pass,,24,5.067324540179435,pass,4.9338130220252046,pass,True,True
188665139,7-12,pass,,17;20;23;24;25;26,8.895925687693312,pass,7.623517211955152,pass,True,True
188690062,7-12,pass,,17;20;23;24;26,8.493609058666722,pass,7.880696205668258,pass,True,True
188776067,7-12,pass,,17;24;25;26,9.59474052405814,exclude,8.567414964454244,pass,True,False
188778007,4-6,pass,,17;24;25;26,24.767505267394395,exclude,26.55887059254877,exclude,False,False
188816830,7-12,pass,,24;25;26,10.245401675347216,exclude,6.715138965962527,pass,True,False
188817017,2-3,pass,,40;53,7.636738452970183,pass,7.551453234723171,pass,True,True
189402469,4-6,pass,,8,4.571028059419294,pass,5.687550456981413,pass,True,True
189618822,2-3,pass,,8;9,7.404498734659595,pass,6.986483009502638,pass,True,True
190884526,2-3,pass,,15;16,6.446559617893454,pass,5.551180639498505,pass,True,True
191288300,4-6,pass,,17,4.046437495674519,pass,4.651063446059129,pass,True,True
192826201,4-6,pass,,5;6,6.836867669543305,pass,6.179974490482696,pass,True,True
192834139,4-6,pass,,5;6,8.968656984786064,pass,7.199650019383491,pass,True,True
192942147,4-6,pass,,9,5.449233693281987,pass,3.5127139588414913,pass,True,True
193719821,2-3,pass,,25;26,6.114719393665187,pass,5.617277302487507,pass,True,True
193722138,2-3,pass,,25;26,8.755899805179787,pass,7.388396684940473,pass,True,True
193794997,4-6,pass,,25;26,4.801218201576452,pass,5.764006679251786,pass,True,True
193873496,4-6,pass,,25,5.907766918059211,pass,7.0412700640629255,pass,True,True
196523034,2-3,pass,,17,6.529888852889719,pass,5.191947152208636,pass,True,True
197787189,4-6,pass,,2;3;4,7.219945813961577,pass,8.320480489468293,pass,True,True
197831644,2-3,pass,,2;3;4,8.048334804890953,pass,6.189016659224827,pass,True,True
197867311,4-6,pass,,3;4,9.717205240937924,exclude,7.773509757192023,pass,True,False
197883618,7-12,pass,,2;3;4,9.599539938787004,exclude,7.432915165699408,pass,True,False
197885865,2-3,pass,,29;30;31,8.386497316083714,pass,6.215513302528478,pass,True,True
197890795,4-6,pass,,2;3;4,7.739091327439095,pass,6.008673572514311,pass,True,True
198005212,4-6,pass,,3;4,5.821862533031632,pass,7.099432713769447,pass,True,True
198005653,2-3,pass,,2;3;4,6.0865723669243055,pass,6.585040077030787,pass,True,True
198009513,4-6,pass,,29;31;35;38,13.567843273528776,exclude,11.02640620444351,exclude,False,False
198035751,2-3,pass,,2;3;4,11.074776149787114,exclude,9.093656261819673,exclude,False,False
198081977,13-inf,pass,,1;2;3;4;5;8;9;11;12,8.58149500781214,pass,9.641213106120333,exclude,False,True
198105559,4-6,pass,,15;16;22,12.023829902176908,exclude,11.168799674722647,exclude,False,False
198147416,7-12,pass,,16;22;23,8.748652298385057,pass,7.300215305804767,pass,True,True
198157467,13-inf,pass,,14;15;16;17;18;19;20;21;22;23,10.363295335798242,exclude,8.65927107686997,pass,True,False
198157850,7-12,pass,,15;16;17;18;19;20;21;22;23;24,7.293943730519105,pass,8.18714803426501,pass,True,True
198158542,4-6,pass,,48;49;50;51;52,15.943065813791588,exclude,12.79771910422209,exclude,False,False
198161846,13-inf,pass,,15;16;17;18;19;20;21;22;23;24,14.736013218016954,exclude,8.993561846955409,pass,True,False
198162429,13-inf,pass,,14;15;16;17;18;19;20;21;22;23,9.040630995837803,exclude,7.110518306926652,pass,True,False
198162957,13-inf,pass,,15;16;18;19;21;22;23;24;25,14.700619298837225,exclude,14.727141549615585,exclude,False,False
198163183,13-inf,pass,,14;15;16;18;19;21;22;23;24;25,11.943846820642849,exclude,8.21479509538367,pass,True,False
198177771,13-inf,pass,,15;16;17;18;19;20;21;22;23;24,8.562338737797386,pass,8.490523309465953,pass,True,True
198179036,7-12,pass,,14;15;16;18;19;21;22;23;24;25,9.177517281523135,exclude,6.913029032782173,pass,True,False
198181100,7-12,pass,,14;15;16;17;18;19;20;21;22;24,8.450567368498744,pass,7.255486772034247,pass,True,True
198182246,13-inf,pass,,14;15;16;17;18;19;20;21;22;23,8.648653510937393,pass,8.692882406528765,pass,True,True
198182547,13-inf,pass,,14;15;16;17;18;19;20;21;22;23,7.169319301199147,pass,8.583771429518764,pass,True,True
198184045,7-12,pass,,15;16;17;18;19;20;21;22;24;25,5.400065826557524,pass,10.439794803027436,exclude,False,True
198185138,13-inf,pass,,14;15;16;17;18;19;20;21;22;24,10.162663401284266,exclude,9.189314691182854,exclude,False,False
198185275,13-inf,pass,,14;15;16;17;18;19;20;21;22;23,9.350080957981652,exclude,9.0970292096931,exclude,False,False
198185441,13-inf,pass,,14;15;16;17;18;19;20;21;22;23,8.033845432564888,pass,6.926117005625968,pass,True,True
198185495,13-inf,pass,,14;15;16;17;18;19;20;21;22;23,7.788131336828204,pass,8.162068850787065,pass,True,True
198185764,13-inf,pass,,14;15;16;17;18;19;20;21;22;23,10.559680178153654,exclude,7.700425080823337,pass,True,False
198187274,7-12,pass,,14;15;16;17;18;19;21;22;23;24,9.180038137475066,exclude,7.33996792860644,pass,True,False
198187666,13-inf,pass,,14;15;16;17;18;19;21;22;23;24,9.444491940212815,exclude,8.244552564497356,pass,True,False
198188031,7-12,pass,,14;15;16;17;18;19;20;21;22;24,12.49793718426251,exclude,8.842459438395398,pass,True,False
198189572,13-inf,pass,,14;15;16;17;18;19;20;21;22;23,8.634209383913424,pass,8.139733582189587,pass,True,True
198204626,13-inf,pass,,14;15;17;18;19;20;21;22;23;24,10.067108990474235,exclude,8.608504867437196,pass,True,False
198204954,13-inf,pass,,14;15;16;17;18;19;20;21;22;23,9.852969096430622,exclude,8.16274528322078,pass,True,False
198206084,7-12,pass,,15;16;17;18;21;24;25,9.039085483006,exclude,7.171882083292029,pass,True,False
198206463,13-inf,pass,,14;15;16;17;18;19;20;21;22;23,9.322724293089497,exclude,7.828378230230041,pass,True,False
198210791,2-3,pass,,15;16;24,8.387747094560575,pass,6.276018482865903,pass,True,True
198211871,13-inf,pass,,15;16;17;18;19;20;21;22;23;24,10.66008438021139,exclude,9.1504854435709,exclude,False,False
198213063,13-inf,pass,,14;15;16;17;18;19;20;21;22;23,12.056146811816882,exclude,6.398244558753283,pass,True,False
198213397,13-inf,exclude,P07: 0 sector(s) with CROWDSAP >= 0.9 after X10/X11,,,,,,False,False
198213399,13-inf,exclude,P07: 0 sector(s) with CROWDSAP >= 0.9 after X10/X11,,,,,,False,False
198214408,13-inf,pass,,14;15;16;17;18;19;20;21;22;23,10.70250155152323,exclude,6.708784991568873,pass,True,False
198214526,13-inf,pass,,14;15;17;18;19;20;21;22;23;24,11.77865692743786,exclude,6.9777403816716665,pass,True,False
198236922,13-inf,pass,,14;15;16;17;18;19;20;21;22;23,8.235300578932234,pass,8.028196943761436,pass,True,True
198238742,13-inf,pass,,15;16;17;18;19;20;22;23;25,8.45640535538966,pass,7.146362318647144,pass,True,True
198281243,7-12,pass,,14;16;17;18;19;21;22;23;24;25,8.245163009612169,pass,7.490359463940925,pass,True,True
198289334,2-3,pass,,50;51,7.1904116958497095,pass,5.271561404556239,pass,True,True
198313215,13-inf,pass,,15;16;21;22;23;24,7.172017064626938,pass,8.774626679530444,pass,True,True
198315831,7-12,pass,,14;15;16;21;22;23;24,17.959353893296484,exclude,11.946318553973768,exclude,False,False
198316044,4-6,pass,,14;15;16;22;23;24,10.815821407055642,exclude,8.732871596769737,pass,True,False
198354567,13-inf,pass,,14;15;16;17;18;19;20;21;22;23,13.333989061328769,exclude,8.809114347047194,pass,True,False
198354785,7-12,exclude,P07: 1 sector(s) with CROWDSAP >= 0.9 after X10/X11,,,,,,False,False
198358376,13-inf,pass,,14;15;16;17;18;19;20;22;23;24,8.458033988708891,pass,8.718648709806075,pass,True,True
198385751,7-12,pass,,17;19;20;23;24;25;26,8.32883086937632,pass,6.0117792214793235,pass,True,True
198387576,13-inf,pass,,14;15;16;17;18;19;20;21;22;23,11.41953298605401,exclude,8.06335850404442,pass,True,False
198388094,13-inf,pass,,14;15;16;17;19;20;21;22;23;24,9.897630464539176,exclude,8.773633536869742,pass,True,False
198389760,13-inf,pass,,14;17;19;20;22;23;24;25;26,18.641127785641032,exclude,14.584808189261928,exclude,False,False
198390801,13-inf,pass,,14;15;16;17;18;19;20;21;22;23,8.667374910419497,pass,7.852616211780234,pass,True,True
198392870,13-inf,pass,,17;20;23;24;25;26,8.486113242344377,pass,6.541180168270859,pass,True,True
198393843,13-inf,pass,,14;15;16;17;18;19;20;21;22;23,10.46665571107835,exclude,7.060436187030107,pass,True,False
198414922,13-inf,pass,,17;19;22;24;25;26,8.524176792502113,pass,7.524838987981544,pass,True,True
198459133,13-inf,pass,,15;16;17;18;19;20;21;22;23;24,11.607949082683623,exclude,9.001137566430168,exclude,False,False
198479044,2-3,pass,,24,4.267865562193258,pass,5.042362447207681,pass,True,True
198479347,13-inf,pass,,14;15;16;17;18;19;20;21;22;23,14.726650350204974,exclude,8.447919240889947,pass,True,False
198487189,4-6,exclude,P07: 0 sector(s) with CROWDSAP >= 0.9 after X10/X11,,,,,,False,False
198508404,7-12,pass,,20;21;22,7.100960554975494,pass,6.210296469828424,pass,True,True
198513718,4-6,exclude,P07: 0 sector(s) with CROWDSAP >= 0.9 after X10/X11,,,,,,False,False
198517506,4-6,pass,,15;16;18;22;23;24,9.545188835382817,exclude,8.161554354496477,pass,True,False
198553139,7-12,pass,,14;15;16;17;18;20;21;22;23;24,10.0382478537282,exclude,7.441163887244685,pass,True,False
198555601,2-3,exclude,P07: 0 sector(s) with CROWDSAP >= 0.9 after X10/X11,,,,,,False,False
198557700,7-12,pass,,14;15;16;18;22;23;24,9.926804585950515,exclude,7.666112178968147,pass,True,False
198613806,4-6,pass,,40;52;53,11.876454344753698,exclude,6.879258184274294,pass,True,False
199523459,13-inf,pass,,14;15;17;18;21;22;23;24,15.395198111750508,exclude,8.600163277352134,pass,True,False
199548745,4-6,pass,,15;16;18;22;24;25,11.341498804629218,exclude,8.905250496733352,pass,True,False
199571501,7-12,pass,,22;23;24,7.714730613219298,pass,7.130263819459913,pass,True,True
199571641,13-inf,pass,,15;21,7.934414897128204,pass,9.023635152902411,exclude,False,True
199607802,13-inf,pass,,14;15;16;17;18;19;20;21;22;23,13.499543679764212,exclude,8.438743146499531,pass,True,False
199631917,7-12,pass,,16;19;22;23;25;26,12.214114790471386,exclude,8.37270371455948,pass,True,False
199632719,13-inf,pass,,14;15;16;17;18;19;20;21;22;23,9.125272301596851,exclude,6.792096917223406,pass,True,False
199633399,7-12,pass,,16;18;19;22;24;25;26,7.695540550644138,pass,7.092662102420275,pass,True,True
199634258,13-inf,pass,,16;19;23;24;25;26,17.187573195077487,exclude,12.50721737296326,exclude,False,False
199659629,13-inf,pass,,16;23;24;25;26,9.485909807107834,exclude,7.162870175174633,pass,True,False
199661731,13-inf,pass,,15;16;19;20;22;23;24;25;26,9.137708572983076,exclude,7.003934881655599,pass,True,False
199663926,13-inf,pass,,14;15;16;17;18;19;20;21;22;23,13.173992376878347,exclude,9.369461206138624,exclude,False,False
199682561,13-inf,pass,,14;15;16;17;18;19;20;21;22;23,8.99814122246626,pass,9.425393763673204,exclude,False,True
199684892,7-12,pass,,16;19;20;22;23;24;25;26,6.987046744789846,pass,6.416147278211899,pass,True,True
199708730,13-inf,pass,,16;19;20;23;24;25;26,10.608780087619031,exclude,7.248658822471366,pass,True,False
199708739,13-inf,pass,,16;19;20;23;24;25;26,12.150024438721266,exclude,7.134375376723617,pass,True,False
199708887,13-inf,exclude,P07: 1 sector(s) with CROWDSAP >= 0.9 after X10/X11,,,,,,False,False
199709310,13-inf,pass,,15;16;17;18;19;20;21;22;23;24,9.55861435942321,exclude,11.462843012070932,exclude,False,False
199710577,13-inf,pass,,16;17;18;19;21;22;24;25;26,11.059297674302767,exclude,8.729229029941326,pass,True,False
199710818,7-12,pass,,15;16;17;19;20;22,6.976852283165773,pass,6.479911090094181,pass,True,True
199710904,7-12,pass,,15;16;19;20;22;23;24;25;26,8.59200059439791,pass,6.648824280081969,pass,True,True
199714223,13-inf,pass,,15;16;17;19;20;22;23;24;25;26,8.423044085773816,pass,6.092787883416175,pass,True,True
199715818,7-12,pass,,14;15;16;17;18;19;20;22;23;24,9.12503392081383,exclude,6.607359423387943,pass,True,False
200280954,2-3,pass,,4;5,8.771945575866374,pass,6.436931219658599,pass,True,True
200296367,4-6,pass,,4;5,6.250240012686247,pass,5.825762337673278,pass,True,True
200322864,4-6,pass,,4;5;6,14.089849953021734,exclude,8.006491289804853,pass,True,False
200460321,2-3,pass,,31;32,7.864985532342622,pass,5.977536173483223,pass,True,True
200713278,2-3,pass,,12,6.155261820793963,pass,6.348076613461512,pass,True,True
200783426,4-6,pass,,3;4,6.606499041710463,pass,7.962974898941048,pass,True,True
201225061,7-12,pass,,2,7.573499620959177,pass,4.783128630180805,pass,True,True
201309511,4-6,pass,,1;2,8.89238939014986,pass,7.204447806086955,pass,True,True
201790029,4-6,pass,,2,7.903964086289056,pass,8.5796552776504,pass,True,True
201795020,2-3,pass,,29;30,9.819000054088969,exclude,6.045422793246915,pass,True,False
201815557,4-6,pass,,2;3,7.696704342389896,pass,5.712397893566236,pass,True,True
201891537,2-3,pass,,17,8.621763549010387,pass,6.050567069286907,pass,True,True
202293183,4-6,pass,,21;22,7.250988501008267,pass,6.824943367722077,pass,True,True
202352796,2-3,pass,,22;23,7.544530133095773,pass,9.231154125888194,exclude,False,True
202353593,7-12,pass,,22;23,10.742709203954536,exclude,5.377499625259075,pass,True,False
202383187,2-3,pass,,48;49,6.543540141784121,pass,5.831635353567013,pass,True,True
202423090,7-12,pass,,15;16;22;23,11.381135562459718,exclude,8.840458656005184,pass,True,False
202424780,7-12,pass,,21;22;23,8.454490349594804,pass,5.429780960857789,pass,True,True
202439632,7-12,pass,,15;16;22;23,14.069498123627806,exclude,7.416449751286125,pass,True,False
202443811,4-6,pass,,41;48;49;50,10.658749253114411,exclude,7.635817745346875,pass,True,False
202504052,2-3,exclude,P07: 0 sector(s) with CROWDSAP >= 0.9 after X10/X11,,,,,,False,False
202504118,4-6,pass,,15;16;21;22;23,7.965085996659618,pass,6.133085614748376,pass,True,True
202505705,13-inf,pass,,14;15;16;21;22;23,10.526649792261452,exclude,8.535717850790345,pass,True,False
202510861,7-12,pass,,15;16;21;22;23;24,10.206829078442311,exclude,6.645970505474493,pass,True,False
202511046,2-3,pass,,22;23,6.270217393374461,pass,4.759518222035724,pass,True,True
202511148,7-12,pass,,14;15;16;21;22;23;24,9.273941687854911,exclude,6.617486582279515,pass,True,False
203152060,2-3,pass,,20,7.003263169134983,pass,7.298683121240469,pass,True,True
203220170,2-3,pass,,44;45;46,7.721278666627502,pass,6.59889254535276,pass,True,True
206350257,2-3,pass,,1;2,5.9986203472412045,pass,5.70053698144061,pass,True,True
206364010,7-12,exclude,P07: 0 sector(s) with CROWDSAP >= 0.9 after X10/X11,,,,,,False,False
206436211,2-3,pass,,3;4,6.138543019075106,pass,5.776767797117348,pass,True,True
206475433,2-3,pass,,30;31,6.690980302935081,pass,5.5337657143022545,pass,True,True
206483171,2-3,pass,,28,5.308111377056826,pass,5.933136853050945,pass,True,True
206596339,2-3,pass,,28,6.547303377890568,pass,6.562813916272543,pass,True,True
207084753,2-3,pass,,2,5.489210142310737,pass,6.457567779853136,pass,True,True
207142109,2-3,exclude,P07: 0 sector(s) with CROWDSAP >= 0.9 after X10/X11,,,,,,False,False
207202635,2-3,pass,,29;30,8.015808608857869,pass,5.013065534314886,pass,True,True
207236625,4-6,pass,,2;3;4,17.64995137800854,exclude,15.857509402855593,exclude,False,False
207399988,7-12,pass,,15;16;22;23;24;25,9.43708349289749,exclude,8.258826400879576,pass,True,False
207401873,4-6,pass,,16;22;23;24,11.385318099108815,exclude,6.911056214925926,pass,True,False
207427071,4-6,pass,,49;50;51;52,7.606263958367778,pass,8.417714227183442,pass,True,True
207434579,13-inf,pass,,15;16;22;23;24;25,9.45860099250488,exclude,8.615077321951047,pass,True,False
207435197,13-inf,pass,,15;16;18;19;22;23;24;25,12.731071778213767,exclude,7.885106544978576,pass,True,False
207437063,7-12,pass,,16;23;24;25,9.930145334278988,exclude,8.756905736755375,pass,True,False
207437827,7-12,pass,,15;16;19;22;23;24;25,11.109986641132783,exclude,8.530556555800093,pass,True,False
207438800,7-12,pass,,15;16;19;22;23;24;25,9.302387876073649,exclude,10.96258697035275,exclude,False,False
207462338,13-inf,pass,,16;23;24;25,8.481658115304535,pass,5.423109810100952,pass,True,True
207502489,7-12,pass,,15;16;19;22;23;24;25;26,11.07329306894503,exclude,9.575029523799756,exclude,False,False
207504191,4-6,pass,,15;16;23;24,7.5741539186619,pass,7.5270404665951265,pass,True,True
208116533,2-3,exclude,P07: 0 sector(s) with CROWDSAP >= 0.9 after X10/X11,,,,,,False,False
209383785,4-6,exclude,P07: 0 sector(s) with CROWDSAP >= 0.9 after X10/X11,,,,,,False,False
209451929,4-6,pass,,4,4.967395505478421,pass,4.646083802631954,pass,True,True
209456892,2-3,pass,,105;106,8.41151508644781,pass,6.116297816527208,pass,True,True
210439899,2-3,pass,,14;15,6.700750352004789,pass,5.235640050393048,pass,True,True
212187947,2-3,exclude,P07: 0 sector(s) with CROWDSAP >= 0.9 after X10/X11,,,,,,False,False
212951253,2-3,pass,,30;42;43,12.524795762162272,exclude,7.783614654827454,pass,True,False
212957388,2-3,pass,,42;43,9.987574373741104,exclude,6.598715397121327,pass,True,False
214723875,2-3,pass,,39,6.047338179570822,pass,4.915993707668045,pass,True,True
215113416,7-12,pass,,1,5.650676581790966,pass,5.118168010351763,pass,True,True
215403879,2-3,pass,,104;105,6.97605529128147,pass,6.099469802747301,pass,True,True
219008684,4-6,pass,,41;47;48;49,7.058533413174667,pass,8.362663088309198,pass,True,True
219008946,4-6,pass,,14;16;21;22;23,12.826212527669906,exclude,7.838882081984082,pass,True,False
219014887,2-3,exclude,P07: 0 sector(s) with CROWDSAP >= 0.9 after X10/X11,,,,,,False,False
219015973,2-3,pass,,48;49,8.858795211829502,pass,5.491395925959409,pass,True,True
219017213,4-6,pass,,40;41;47;48;49,6.8548377775922384,pass,7.426564195351545,pass,True,True
219038493,4-6,pass,,15;16;22;23,8.20036827128309,pass,7.452314693990469,pass,True,True
219064439,4-6,pass,,15;16;22;23,10.020188166670629,exclude,8.541656488882056,pass,True,False
219084115,7-12,pass,,24;26,7.367433944365107,pass,6.162608807968885,pass,True,True
219089288,4-6,pass,,19;22,9.694655914631912,exclude,5.855432176639437,pass,True,False
219090146,13-inf,exclude,P07: 0 sector(s) with CROWDSAP >= 0.9 after X10/X11,,,,,,False,False
219092150,13-inf,pass,,14;15;16;17;18;19;20;21;22;23,7.680826689175137,pass,7.361367929347261,pass,True,True
219100171,13-inf,pass,,14;15;16;17;18;19;20;21;22;23,9.349348028564105,exclude,7.399717269388338,pass,True,False
219100883,13-inf,pass,,14;15;16;17;18;19;20;21;22;23,9.138044910544226,exclude,7.54356235996825,pass,True,False
219101208,13-inf,pass,,14;15;16;17;18;19;20;21;22;23,9.013088801534543,exclude,9.071677990951946,exclude,False,False
219104847,13-inf,pass,,14;15;16;17;18;19;20;21;22;23,16.30325869314555,exclude,6.53235306282043,pass,True,False
219109580,13-inf,pass,,14;15;16;17;18;20;21;22;23;24,12.21270343005825,exclude,7.378727475299166,pass,True,False
219110549,7-12,pass,,14;15;16;17;18;20;21;23;24;26,12.05240203623289,exclude,7.434671896800877,pass,True,False
219112937,13-inf,pass,,15;20;21;23;24;26,11.842820409715449,exclude,10.27931702076456,exclude,False,False
219114041,13-inf,pass,,14;15;16;17;18;20;21;22;23;24,16.533023039427682,exclude,9.26325655170612,exclude,False,False
219150008,13-inf,pass,,1;4;5;6;7;8;11,8.842195682662162,pass,7.468399153047548,pass,True,True
219154198,7-12,exclude,P07: 0 sector(s) with CROWDSAP >= 0.9 after X10/X11,,,,,,False,False
219167241,4-6,pass,,5;7,11.401382783090067,exclude,7.7385270971835745,pass,True,False
219210370,7-12,pass,,5;6;7,8.682060520948868,pass,6.997286199870866,pass,True,True
219237079,7-12,pass,,3;4;5,15.145615502058186,exclude,12.941272127703115,exclude,False,False
219251046,2-3,pass,,3;4;5,7.702564282655548,pass,7.486851029410731,pass,True,True
219376911,13-inf,pass,,3;4;5;10;13,10.611930675776454,exclude,8.774915246620845,pass,True,False
219380984,13-inf,pass,,3;4;5;6;10;13,8.546366893283471,pass,8.773102852566463,pass,True,True
219389713,7-12,pass,,4;5,7.374856568941895,pass,6.9117081595632195,pass,True,True
219397458,7-12,pass,,4;5;6;10,13.207756232075072,exclude,10.048934183013609,exclude,False,False
219418910,4-6,pass,,4;6;10,10.4860694637975,exclude,9.635624493144872,exclude,False,False
219428470,7-12,pass,,14;17;18;19;20;21;22;23;24;26,9.183076943705084,exclude,7.061068854388393,pass,True,False
219460005,7-12,pass,,14;20;21;22,10.87307763177102,exclude,6.581050621448432,pass,True,False
219462217,7-12,pass,,14;20;21;22,9.175992545141542,exclude,7.982275385552001,pass,True,False
219462925,4-6,pass,,14;15;20;21;22,8.776156399020715,pass,6.94369769886294,pass,True,True
219487575,4-6,pass,,23;24;25,11.225668025435688,exclude,6.950222579649867,pass,True,False
219488381,2-3,pass,,24;25,7.117971558391252,pass,7.163643035835041,pass,True,True
219731796,7-12,pass,,14;15;16;20;21;22;26,9.76294614187459,exclude,6.606114472658137,pass,True,False
219742837,13-inf,pass,,14;15;16;17;19;20;21;22;23;25,18.52223494557617,exclude,13.55767072406166,exclude,False,False
219744158,7-12,pass,,15;16;18;21;22;23;24;25,13.120785850787255,exclude,12.07730248733502,exclude,False,False
219750936,13-inf,pass,,14;15;16;17;18;19;20;21;22;23,9.03136762746716,exclude,7.875344502756125,pass,True,False
219751049,7-12,pass,,14;15;16;17;18;19;20;21;22;23,9.694900392703056,exclude,7.425717383066982,pass,True,False
219752252,13-inf,pass,,14;15;16;17;19;20;21;22;23;24,9.692984939148486,exclude,8.284996553422614,pass,True,False
219754475,13-inf,pass,,14;15;16;17;18;19;20;21;22;23,11.63101625795897,exclude,6.238710010502357,pass,True,False
219754931,7-12,pass,,24;25,6.915758921840164,pass,7.297778743313481,pass,True,True
219754975,13-inf,pass,,14;15;16;17;18;19;20;22;23;24,10.841541450223849,exclude,6.91718641178886,pass,True,False
219756788,13-inf,pass,,14;15;16;17;18;19;20;22;23;25,9.653998162975348,exclude,10.559058576696254,exclude,False,False
219756852,7-12,pass,,14;15;16;17;18;19;20;21;22;23,10.977602939232812,exclude,6.803950806289292,pass,True,False
219757178,13-inf,pass,,14;15;16;18;19;20;21;22;23;24,8.318200977470028,pass,6.7786673435054725,pass,True,True
219758120,13-inf,pass,,14;15;16;18;19;20;21;22;23;24,11.367609703375532,exclude,10.636350758552082,exclude,False,False
219760133,7-12,pass,,14;15;16;17;19;20;21;22;23;24,11.117721987896186,exclude,6.633723184135635,pass,True,False
219760176,7-12,pass,,14;15;16;17;19;20;21;22;23;24,9.011522440911026,exclude,6.168252209158433,pass,True,False
219760888,7-12,pass,,40;47;49;50;52,10.667132548540517,exclude,6.45116383704641,pass,True,False
219761825,13-inf,pass,,14;15;16;18;19;21;22;23;24;25,8.841423647791212,pass,6.354744606944677,pass,True,True
219763884,7-12,pass,,19;22;24;25;26,7.826492057175369,pass,7.193005576358833,pass,True,True
219764992,2-3,exclude,P07: 0 sector(s) with CROWDSAP >= 0.9 after X10/X11,,,,,,False,False
219775505,13-inf,pass,,14;15;16;17;18;19;20;22;23;24,9.406753068670492,exclude,7.686226580757914,pass,True,False
219792132,7-12,pass,,14;15;16;18;19;20;21;22;23;25,12.395147434104354,exclude,13.307130895403349,exclude,False,False
219792306,13-inf,pass,,14;15;16;17;18;19;20;22;23;25,9.76201575252083,exclude,6.843334251978083,pass,True,False
219793006,13-inf,pass,,15;16;21;22,10.134946601789926,exclude,7.599959631783681,pass,True,False
219795050,13-inf,pass,,14;15;16;17;18;19;20;21;22;23,11.850457672280427,exclude,13.114058873825906,exclude,False,False
219799098,2-3,exclude,P07: 0 sector(s) with CROWDSAP >= 0.9 after X10/X11,,,,,,False,False
219801626,13-inf,pass,,47;48;49;50;51;57;59;60,13.414383407595809,exclude,8.951104109618601,pass,True,False
219802852,13-inf,pass,,14;15;16;17;18;19;20;21;23;24,7.225310496121138,pass,8.369868109775284,pass,True,True
219811379,7-12,pass,,14;15;17;18;20;21;23;25;26,11.889581789123188,exclude,8.142418744394206,pass,True,False
219814545,13-inf,pass,,14;15;16;17;18;19;20;21;22;23,13.134611679720386,exclude,7.978490643062379,pass,True,False
219817815,7-12,exclude,P07: 0 sector(s) with CROWDSAP >= 0.9 after X10/X11,,,,,,False,False
219818807,4-6,pass,,47;49;50;51,11.047622428684964,exclude,6.559014582973192,pass,True,False
219822744,13-inf,pass,,40;47;49;50;53,9.125237059609198,exclude,6.4986579514899665,pass,True,False
219850059,7-12,pass,,14;15;16;17;18;19;20;22;23;24,9.704121564651018,exclude,7.068553066159546,pass,True,False
219853532,4-6,pass,,47;48;49;50;51;52,8.75491503009458,pass,7.02030255167773,pass,True,True
219856241,13-inf,pass,,14;15;16;17;19;20;21;22;23;24,9.522918584329078,exclude,7.599143405526063,pass,True,False
219857180,7-12,pass,,15;16;17;18;19;20;21;22;23;24,9.103817842942176,exclude,7.419169150216868,pass,True,False
219857804,13-inf,pass,,14;15;16;17;18;19;20;21;22;23,10.145702702515196,exclude,9.25198162593917,exclude,False,False
219861470,13-inf,pass,,14;16;17;18;19;20;21;22;23;24,8.149316454485122,pass,9.659409712573872,exclude,False,True
219862791,7-12,pass,,14;16;17;18;19;20;21;22;23;24,7.776641622295854,pass,7.749518043749321,pass,True,True
219866503,7-12,pass,,40;47;48;49;50;51;52;53,11.937395192054751,exclude,8.276276820499948,pass,True,False
219867078,7-12,exclude,P07: 0 sector(s) with CROWDSAP >= 0.9 after X10/X11,,,,,,False,False
219869988,13-inf,pass,,14;16;17;18;19;20;21;22;23;24,8.830784737970946,pass,6.44745128893556,pass,True,True
219875919,7-12,pass,,14;20;21;22;25;26,11.031768825541947,exclude,13.583883939329844,exclude,False,False
219882087,13-inf,pass,,14;15;16;17;18;19;20;21;22;23,6.261414339508321,pass,6.436044736464399,pass,True,True
219882575,13-inf,pass,,14;15;16;17;19;20;21;22;23;24,9.67482341098868,exclude,9.609102182358727,exclude,False,False
219882847,13-inf,pass,,14;16;17;18;19;20;21;22;23;24,9.509496133126229,exclude,7.455644600526561,pass,True,False
219894486,7-12,pass,,15;16;17;18;19;20;21;22;23;24,11.313813994411063,exclude,6.85163102730218,pass,True,False
219894728,7-12,pass,,15;16;17;18;19;20;22;23;24;25,10.407650095867698,exclude,7.244892796242493,pass,True,False
219894846,4-6,exclude,P07: 0 sector(s) with CROWDSAP >= 0.9 after X10/X11,,,,,,False,False
219896547,13-inf,pass,,14;15;16;17;19;20;22;23;24;25,8.713568958940481,pass,8.960670945896661,pass,True,True
219896856,13-inf,pass,,15;16;17;18;19;20;21;22;23;24,8.133963942974216,pass,7.337929659586689,pass,True,True
219898343,13-inf,pass,,15;16;17;18;19;20;22;23;24;25,8.370650880483893,pass,6.745340559598895,pass,True,True
219899292,13-inf,pass,,14;15;17;18;19;20;21;22;24;25,8.94042602043282,pass,10.962457948921667,exclude,False,True
219900265,7-12,pass,,15;16;17;18;19;20;21;22;23;24,8.118634610160369,pass,8.512030090882892,pass,True,True
219943013,4-6,pass,,13,5.9359312154565425,pass,5.5816123982923145,pass,True,True
219987115,4-6,pass,,2;3,7.224353121748743,pass,6.652692964965357,pass,True,True
219990367,4-6,exclude,P07: 0 sector(s) with CROWDSAP >= 0.9 after X10/X11,,,,,,False,False
220022156,7-12,pass,,2;3,7.018928545460494,pass,5.7676790239151,pass,True,True
220024126,2-3,pass,,31;32,9.2282933927392,exclude,5.29664687672861,pass,True,False
220037818,2-3,pass,,31;32;33,10.642237913864443,exclude,6.458294440302608,pass,True,False
220408527,13-inf,exclude,P07: 0 sector(s) with CROWDSAP >= 0.9 after X10/X11,,,,,,False,False
220411010,13-inf,pass,,1;2;3;4;5;6;7;8;9;10,8.681904007796426,pass,6.04575138813141,pass,True,True
220414564,13-inf,pass,,27;28;29;30;31;32;33;34;35;36,10.381862558011669,exclude,8.441683785084413,pass,True,False
220421191,13-inf,pass,,1;2;3;4;5;6;7;8;9;10,8.41567702327971,pass,8.759559049615282,pass,True,True
220422671,13-inf,pass,,2;3;4;5;6;9;12;13,10.91693259382953,exclude,7.530129959429305,pass,True,False
220427015,7-12,pass,,4;5;6;13,12.596948574507064,exclude,6.5028131853273425,pass,True,False
220428876,13-inf,pass,,1;2;3;4;5;6;7;8;9;10,13.409616326054532,exclude,10.81366905570883,exclude,False,False
220430492,7-12,pass,,4;5,5.464748884714889,pass,5.493997451039351,pass,True,True
220460948,13-inf,pass,,1;2;3;5;6;7;8;9;10;11,9.623149378504174,exclude,7.56589448148095,pass,True,False
220473410,4-6,exclude,P07: 1 sector(s) with CROWDSAP >= 0.9 after X10/X11,,,,,,False,False
220474002,4-6,pass,,9;10;11;12;13,9.122477621808594,exclude,8.254556736013939,pass,True,False
220500424,7-12,pass,,1,7.984060765496861,pass,3.916410787218251,pass,True,True
220513500,4-6,pass,,1;2;3,9.403761090755095,exclude,7.382649400603554,pass,True,False
220516129,2-3,pass,,28;29;30,7.478333568745663,pass,6.937396521614792,pass,True,True
220557360,2-3,pass,,1;2;3,8.35932557384354,pass,5.894406786534814,pass,True,True
220594926,7-12,pass,,7,5.791665301789846,pass,4.379103972014516,pass,True,True
220596308,2-3,pass,,31,5.710344829869045,pass,5.429705795237313,pass,True,True
224293125,4-6,pass,,15;21;22,8.490935100067357,pass,7.447234469492351,pass,True,True
224296705,4-6,pass,,14;15;21;22,10.595411551288828,exclude,6.654687973328975,pass,True,False
224310378,4-6,pass,,15;22;23,8.78383149739311,pass,7.840920848877732,pass,True,True
224600774,7-12,pass,,14;15;16;17;18;19;20;21;22;23,9.56704246173287,exclude,8.069356818899369,pass,True,False
224602388,13-inf,pass,,16;17;19;20;22;23;24;25;26,15.739032502443118,exclude,10.783917728752352,exclude,False,False
224603153,4-6,pass,,40;50;51;52;53,9.2837460621636,exclude,14.776799700482938,exclude,False,False
224607505,13-inf,pass,,14;15;16;17;18;19;20;21;22;23,9.731276229368316,exclude,6.212513700550079,pass,True,False
224607994,13-inf,pass,,14;15;16;17;18;19;20;22;23;24,13.433022885707013,exclude,6.538486009721546,pass,True,False
228508541,2-3,pass,,2,5.715478102139725,pass,7.243610351654108,pass,True,True
229066007,2-3,pass,,2,9.74691907711956,exclude,6.551484887568458,pass,True,False
229145627,4-6,pass,,2;3,5.868486340788873,pass,4.792688984632213,pass,True,True
229149626,4-6,pass,,2;3,6.9789983573485745,pass,6.157006227443992,pass,True,True
229149668,4-6,pass,,30,7.094709361812184,pass,5.583391620433014,pass,True,True
229157150,2-3,exclude,P07: 1 sector(s) with CROWDSAP >= 0.9 after X10/X11,,,,,,False,False
229401206,13-inf,pass,,14;15;16;17;18;19;20;21;22;23,10.00011276352978,exclude,8.089464139200102,pass,True,False
229401943,13-inf,pass,,14;15;16;17;18;19;20;21;22;23,11.15487586197081,exclude,9.2885495973339,exclude,False,False
229410939,13-inf,pass,,14;15;16;17;18;19;20;21;22;23,9.293193976826894,exclude,9.644891425075336,exclude,False,False
229443068,7-12,pass,,15;16;17;18;19;20;21;22;23;24,9.477408924203798,exclude,7.134091167542813,pass,True,False
229449838,13-inf,pass,,14;15;16;17;18;19;20;21;22;23,9.520252325255791,exclude,6.973106152431141,pass,True,False
229481409,7-12,pass,,14;15;17;18;19;20;21;22;23;24,12.89578551763835,exclude,7.456329564154574,pass,True,False
229483903,13-inf,pass,,14;15;16;17;18;20;21;23;24,12.162067013191136,exclude,6.760110105155593,pass,True,False
229484800,7-12,pass,,14;15;16;17;18;20;21;23;24,12.308477553200229,exclude,7.067765596853371,pass,True,False
229486096,7-12,pass,,14;15;16;17;18;20;21;23;24,15.916067529265636,exclude,11.954365084070716,exclude,False,False
229498730,13-inf,exclude,P07: 0 sector(s) with CROWDSAP >= 0.9 after X10/X11,,,,,,False,False
229500187,13-inf,pass,,14;15;16;17;18;19;20;21;22;23,8.737416562272927,pass,8.448601969263585,pass,True,True
229500593,13-inf,exclude,P07: 0 sector(s) with CROWDSAP >= 0.9 after X10/X11,,,,,,False,False
229500595,13-inf,exclude,P07: 0 sector(s) with CROWDSAP >= 0.9 after X10/X11,,,,,,False,False
229506873,7-12,pass,,14;15;16;17;18;20;21;23;24;25,9.057629490061894,exclude,7.060408165765968,pass,True,False
229512137,4-6,exclude,P07: 0 sector(s) with CROWDSAP >= 0.9 after X10/X11,,,,,,False,False
229535393,4-6,pass,,14;15;21;22,7.833353548178364,pass,6.746863180897179,pass,True,True
229536730,4-6,pass,,14;15;21;22,7.003633302921851,pass,8.8667617796845,pass,True,True
229538367,7-12,pass,,20;21;22,8.217270987681816,pass,8.321620825825953,pass,True,True
229549398,4-6,pass,,14;15,8.691709972692044,pass,5.8606607168121645,pass,True,True
229581416,7-12,pass,,14;15;16;17;18;19;20;21;22;23,12.156476445748206,exclude,8.261010707725715,pass,True,False
229586495,13-inf,pass,,14;15;16;17;18;19;20;21;22;23,9.101667752207971,exclude,7.5969957182013506,pass,True,False
229589224,13-inf,pass,,14;15;16;17;18;19;20;21;22;23,7.497487655102277,pass,9.126347184048894,exclude,False,True
229595862,7-12,pass,,14;15;16;17;18;19;20;21;22;23,8.111324746499506,pass,9.038509646167132,exclude,False,True
229596879,13-inf,pass,,14;15;16;17;18;19;20;21;22;23,8.487046516948896,pass,7.736406643463195,pass,True,True
229598094,13-inf,pass,,17;18;19;20;21;22;23;24;25,9.682738506350962,exclude,8.985873279505851,pass,True,False
229598107,7-12,pass,,14;15;16;17;18;19;20;21;22;23,11.567794610076277,exclude,9.283256035113103,exclude,False,False
229608897,13-inf,pass,,14;15;16;17;18;19;20;21;22;23,7.766875095359439,pass,7.473114574749072,pass,True,True
229609179,13-inf,pass,,15;16;17;18;19;20;21;22;23;25,8.449617697950348,pass,7.472424111681937,pass,True,True
229611466,7-12,pass,,14;15;16;17;18;20;21;23;24;25,13.709221414173316,exclude,12.615073719224736,exclude,False,False
229612173,13-inf,pass,,14;15;16;17;18;19;20;21;23;24,9.664445498515413,exclude,7.087984352874136,pass,True,False
229613765,7-12,pass,,24;25;26,9.507638828300584,exclude,6.468625318946846,pass,True,False
229615589,13-inf,pass,,14;15;16;17;18;19;20;21;23;24,10.611798404125429,exclude,9.201796886933074,exclude,False,False
229616322,7-12,exclude,P07: 0 sector(s) with CROWDSAP >= 0.9 after X10/X11,,,,,,False,False
229644348,13-inf,pass,,14;15;16;17;18;19;20;21;22;23,8.722168954587763,pass,7.147388996567798,pass,True,True
229644709,13-inf,pass,,14;15;16;17;18;19;20;21;22;23,10.129611263969148,exclude,6.503278149655811,pass,True,False
229644935,13-inf,pass,,40;47;48;49;50;51;53,9.742595489583016,exclude,6.627807852581871,pass,True,False
229650547,7-12,pass,,14;15;16;17;18;19;20;21;23;24,10.312222124850456,exclude,8.535151686280656,pass,True,False
229650800,13-inf,pass,,14;15;16;17;18;19;20;21;23;24,10.720393822932287,exclude,7.129774416567246,pass,True,False
229650857,13-inf,pass,,14;15;16;17;18;19;20;21;23;24,12.624916207511408,exclude,7.913069697455125,pass,True,False
229674058,13-inf,pass,,14;15;16;17;18;19;20;21;22;23,11.176547241936126,exclude,7.286583183663528,pass,True,False
229685186,7-12,pass,,14;15;16;17;18;19;20;21;22;23,10.142920723030446,exclude,7.046738818617145,pass,True,False
229688109,7-12,pass,,40;47;48;49;50;51;52;53,9.22322124241792,exclude,6.471779442990953,pass,True,False
229701055,13-inf,pass,,40;47;48;49;50;51;52;53,14.046892760993982,exclude,12.06479371617703,exclude,False,False
229701771,13-inf,pass,,14;15;16;17;18;19;20;21;22;23,10.597064844688427,exclude,11.141513662600856,exclude,False,False
229702876,13-inf,pass,,14;15;16;18;19;20;21;22;23;24,9.9703747855405,exclude,8.415798484650056,pass,True,False
229711942,13-inf,pass,,14;15;16;17;19;20;21;22;23;24,9.814562724735096,exclude,9.74406120018456,exclude,False,False
229714508,13-inf,pass,,14;15;16;17;18;19;21;22;24;25,11.013920260188296,exclude,6.703341982965273,pass,True,False
229715473,7-12,pass,,14;15;16;17;18;19;20;22;23;25,12.980188907547689,exclude,6.689630174653325,pass,True,False
229738891,7-12,pass,,14;15;17;18;19;20;21;22;23;24,10.128050071403177,exclude,7.970468889395162,pass,True,False
229743133,4-6,pass,,47;48;49;50;51;52,9.013990463757969,exclude,6.743625243469654,pass,True,False
229745729,13-inf,pass,,14;15;16;17;18;19;20;21;22;23,9.440392009260584,exclude,5.916281431635199,pass,True,False
229748103,13-inf,pass,,14;15;16;17;18;19;20;22;23;25,8.023626222200592,pass,7.256823839294727,pass,True,True
229767929,13-inf,pass,,14;15;16;18;19;20;21;22;23;24,7.836237977209641,pass,7.0382610659910645,pass,True,True
229770431,13-inf,pass,,40;47;48;49;50;52;53,10.14813527884152,exclude,7.24886563667517,pass,True,False
229770891,13-inf,pass,,14;15;16;17;18;19;20;21;22;23,8.8310686253413,pass,7.09102804604492,pass,True,True
229772186,4-6,pass,,47;48;49;50;51;52,8.147427286783328,pass,6.373049422301644,pass,True,True
229775316,13-inf,exclude,P07: 0 sector(s) with CROWDSAP >= 0.9 after X10/X11,,,,,,False,False
229776099,13-inf,pass,,40;47;48;49;50;51;52;53,12.46085574761097,exclude,8.78312619217358,pass,True,False
229779553,7-12,pass,,14;15;16;17;18;19;20;21;22;23,8.174716336971095,pass,9.91972153378001,exclude,False,True
229779634,13-inf,pass,,14;15;16;17;18;19;20;21;22;23,11.33217610648444,exclude,8.164410868899537,pass,True,False
229780751,7-12,pass,,14;15;16;17;19;20;21;22;23;26,6.978606585558824,pass,7.386302374716851,pass,True,True
229787369,13-inf,pass,,14;15;16;17;18;19;20;21;22;23,14.824695933473969,exclude,8.294737876261026,pass,True,False
229787530,13-inf,pass,,14;15;16;17;18;19;20;21;22;23,7.912564618004655,pass,7.952661683762697,pass,True,True
229789168,13-inf,pass,,14;15;17;18;19;20;21;22;23;24,15.322328113804875,exclude,22.746243205870027,exclude,False,False
229789901,13-inf,pass,,14;15;16;17;18;19;21;22;24;25,8.564566370733662,pass,7.585394318792964,pass,True,True
229792387,7-12,pass,,14;15;16;17;18;19;20;22;23;25,10.403208159535613,exclude,9.064086166883214,exclude,False,False
229898456,2-3,pass,,50;51,6.981005699673555,pass,5.178981698183432,pass,True,True
229911283,13-inf,pass,,14;15;16;17;18;19;20;21;22;23,8.895196962180854,pass,7.009440868196977,pass,True,True
229944367,7-12,pass,,14;16;17;18;19;20;21;22;23;24,6.92268120881455,pass,6.437005517810907,pass,True,True
229949098,13-inf,pass,,14;15;16;17;18;19;20;21;22;23,10.19603622450165,exclude,7.854919348939433,pass,True,False
229965743,13-inf,pass,,14;15;17;19;20;21;23;24;26,9.67689231679079,exclude,8.036222589923952,pass,True,False
229966779,13-inf,pass,,14;15;16;17;18;19;20;21;22;23,10.723320769631792,exclude,6.488461138726366,pass,True,False
229966858,13-inf,pass,,14;15;16;17;18;19;20;21;22;23,11.754933101480962,exclude,7.944322726490098,pass,True,False
229967846,7-12,exclude,P07: 0 sector(s) with CROWDSAP >= 0.9 after X10/X11,,,,,,False,False
229972211,7-12,exclude,P07: 0 sector(s) with CROWDSAP >= 0.9 after X10/X11,,,,,,False,False
229997353,13-inf,pass,,14;15;16;17;18;19;20;21;22;23,12.488705587456254,exclude,6.738565563130118,pass,True,False
230003238,7-12,exclude,P07: 0 sector(s) with CROWDSAP >= 0.9 after X10/X11,,,,,,False,False
230006181,13-inf,exclude,P07: 0 sector(s) with CROWDSAP >= 0.9 after X10/X11,,,,,,False,False
230019644,13-inf,pass,,14;15;16;17;18;19;20;21;22;23,8.982776602978355,pass,6.241637158149184,pass,True,True
230020171,13-inf,exclude,P07: 0 sector(s) with CROWDSAP >= 0.9 after X10/X11,,,,,,False,False
230027066,13-inf,exclude,P07: 0 sector(s) with CROWDSAP >= 0.9 after X10/X11,,,,,,False,False
230060110,4-6,pass,,74;75;76;77;81,9.56779686271437,exclude,10.03290759784535,exclude,False,False
230065783,13-inf,pass,,14;15;16;20;21;22;23;26,8.445097556104471,pass,7.3437948557062365,pass,True,True
230067355,13-inf,pass,,14;16;17;18;19;20;21;22;23;24,10.310872977075665,exclude,8.622928564395542,pass,True,False
230070319,13-inf,exclude,P07: 0 sector(s) with CROWDSAP >= 0.9 after X10/X11,,,,,,False,False
230071539,13-inf,pass,,14;15;16;17;18;19;20;21;22;23,15.011748377632058,exclude,13.645067406013496,exclude,False,False
230071682,13-inf,pass,,14;15;16;17;18;19;20;21;22;23,9.484981105582996,exclude,5.786154017132567,pass,True,False
230072574,13-inf,pass,,14;16;17;18;19;20;21;22;23;24,9.5069752472781,exclude,8.270052932364047,pass,True,False
230073127,13-inf,pass,,14;15;16;17;18;20;21;22;23;24,9.11725323372975,exclude,7.8711720303730495,pass,True,False
230076273,13-inf,pass,,14;15;16;17;18;19;20;21;23;24,8.97511150549104,pass,8.630062582290565,pass,True,True
230077165,13-inf,pass,,14;15;16;17;19;20;21;22;23;24,10.29524512235236,exclude,8.504471483010493,pass,True,False
230079079,7-12,exclude,P07: 0 sector(s) with CROWDSAP >= 0.9 after X10/X11,,,,,,False,False
230081402,7-12,pass,,15;16;17;18;20;21;22;23;24;25,10.629261829635237,exclude,5.861145248961548,pass,True,False
230081514,13-inf,pass,,15;16;17;18;20;21;22;23;24;25,9.093298317595217,exclude,6.962416668734053,pass,True,False
230081946,13-inf,pass,,14;16;17;18;19;20;21;22;23;24,8.639582453400424,pass,8.407380470331736,pass,True,True
230082562,13-inf,pass,,14;15;16;17;19;20;21;22;23;24,11.569246151698175,exclude,8.603969223867482,pass,True,False
230087750,13-inf,pass,,14;15;16;17;18;20;21;23,10.78211653120714,exclude,7.753011016619995,pass,True,False
230087941,13-inf,pass,,14;15;16;17;18;19;20;21;22;23,12.22058440522539,exclude,8.282102185808657,pass,True,False
230091098,4-6,pass,,14;15;17;20;21,10.246151577200074,exclude,6.905309097100495,pass,True,False
230114084,13-inf,pass,,15;16;17;18;19;20;21;22;23;24,10.407191151348703,exclude,6.321803451478212,pass,True,False
230114936,7-12,pass,,14;15;16;17;18;19;20;22;23;24,8.768921837636649,pass,6.668187277267288,pass,True,True
230115459,7-12,exclude,P07: 0 sector(s) with CROWDSAP >= 0.9 after X10/X11,,,,,,False,False
230122702,13-inf,pass,,14;15;16;17;18;20;21;22;23;25,12.82064834224184,exclude,10.17504185691872,exclude,False,False
230124782,7-12,pass,,14;15;16;17;19;20;21;22;23;24,10.79320982907318,exclude,7.694726098887436,pass,True,False
230125089,13-inf,exclude,P07: 0 sector(s) with CROWDSAP >= 0.9 after X10/X11,,,,,,False,False
230125740,13-inf,pass,,14;17;18;20;21;22;23;24;25;26,9.779110867909452,exclude,7.559941335216883,pass,True,False
230126658,7-12,exclude,P07: 0 sector(s) with CROWDSAP >= 0.9 after X10/X11,,,,,,False,False
230127046,4-6,pass,,47;48;49;50;51;52,8.504638626015081,pass,8.342672229920916,pass,True,True
230133143,13-inf,pass,,40;47;48;49;50;51;52;53,10.7540425329781,exclude,7.123023084106626,pass,True,False
230133178,4-6,pass,,17;18;20;21;23,8.543600835665426,pass,8.436167330295326,pass,True,True
230133607,13-inf,exclude,P07: 0 sector(s) with CROWDSAP >= 0.9 after X10/X11,,,,,,False,False
230135747,7-12,pass,,17;18;19;20;21;22;23,8.239066813430696,pass,7.160772141735702,pass,True,True
230198647,4-6,pass,,16;22;23;24,11.760524615129285,exclude,7.781615535788338,pass,True,False
230199859,4-6,pass,,16;22;24,9.917655607715451,exclude,7.088227074214951,pass,True,False
230225787,4-6,pass,,24;25;26,5.992949868272521,pass,5.969120309880544,pass,True,True
230374835,13-inf,pass,,14;15;16;17;18;19;20;21;22;23,8.530072525367283,pass,6.759814836050019,pass,True,True
230378747,13-inf,pass,,14;15;16;17;18;19;20;21;22;23,11.97997317083466,exclude,7.490693259601367,pass,True,False
230379106,13-inf,pass,,14;16;17;18;19;20;21;22;23;24,8.030542866016768,pass,8.293384475171875,pass,True,True
230391939,7-12,pass,,14;18,6.9090249723033885,pass,8.229505847876649,pass,True,True
230946694,4-6,exclude,P07: 0 sector(s) with CROWDSAP >= 0.9 after X10/X11,,,,,,False,False
231012247,4-6,pass,,2;3,7.32361433566262,pass,5.72201462589564,pass,True,True
231022348,2-3,pass,,2;3,6.429766497995591,pass,6.4440506239958,pass,True,True
231044412,4-6,pass,,2;3,9.246341421539633,exclude,5.67166910583124,pass,True,False
231051247,2-3,pass,,29;30,7.1150986285667965,pass,5.427607136673738,pass,True,True
231055670,4-6,pass,,2;3,5.890803224169376,pass,6.275471027254579,pass,True,True
231070206,7-12,pass,,2;3,6.468465420341812,pass,5.750714944126073,pass,True,True
231072666,7-12,pass,,1;2;3;4;5;6;7;9;10;11,11.370130891338302,exclude,8.866700332835515,pass,True,False
231074635,13-inf,exclude,P07: 0 sector(s) with CROWDSAP >= 0.9 after X10/X11,,,,,,False,False
231076815,13-inf,pass,,1;2;3;4;5;6;7;8;9;10,9.7836469017513,exclude,10.33267469599028,exclude,False,False
231081634,13-inf,pass,,1;2;3;4;5;6;7;8;10;11,11.9225109647825,exclude,6.7427266565396,pass,True,False
231084328,13-inf,pass,,4;5;6;7,9.93163036465726,exclude,6.069260874528468,pass,True,False
231091343,7-12,pass,,87;88;89;90;93;94;95;96,9.562338297257018,exclude,7.179987672099641,pass,True,False
231095496,2-3,pass,,88;89;94,8.69055755257518,pass,8.103606393330596,pass,True,True
231278411,2-3,exclude,P07: 0 sector(s) with CROWDSAP >= 0.9 after X10/X11,,,,,,False,False
231627703,4-6,pass,,27,6.980294480580228,pass,7.584030384064729,pass,True,True
231760360,2-3,exclude,P07: 0 sector(s) with CROWDSAP >= 0.9 after X10/X11,,,,,,False,False
231802287,13-inf,pass,,62;63;64;65;66;67;68;69,10.82849033173576,exclude,7.022749363093844,pass,True,False
231805983,4-6,exclude,P07: 1 sector(s) with CROWDSAP >= 0.9 after X10/X11,,,,,,False,False
231810441,7-12,pass,,1;3;4;5;6;7;10;11;13,8.344548881177632,pass,9.619400283840005,exclude,False,True
231820303,7-12,pass,,4;5;6;7;8;10;11,28.18598652972776,exclude,18.979553657378094,exclude,False,False
231821698,7-12,pass,,4;5;6;7,9.807295376812949,exclude,6.756267431104137,pass,True,False
231825380,4-6,pass,,1;2,6.3808047451066585,pass,5.958889621267793,pass,True,True
231846416,2-3,pass,,68;69,6.048238838321516,pass,6.134962876352426,pass,True,True
231861324,2-3,pass,,28;29,6.737571427100039,pass,6.357323929172133,pass,True,True
231907336,2-3,pass,,28;29,9.50279568569862,exclude,7.1192605484100735,pass,True,False
231917352,7-12,pass,,5;6;7,8.093959580914731,pass,6.044754500765872,pass,True,True
231966104,4-6,pass,,5;6;7,18.809360321560263,exclude,11.63265486146094,exclude,False,False
231967801,7-12,pass,,5;6;7,6.986407727330943,pass,6.364508803693816,pass,True,True
232017649,2-3,exclude,P07: 0 sector(s) with CROWDSAP >= 0.9 after X10/X11,,,,,,False,False
232032625,4-6,pass,,5;6;7,6.811942097586297,pass,5.029478487963179,pass,True,True
232075203,7-12,pass,,1;2,8.155883496862428,pass,8.313482527592413,pass,True,True
232076054,2-3,pass,,1;2,7.329892526547267,pass,5.475888391216378,pass,True,True
232522472,7-12,pass,,14;20;21,10.614676408538312,exclude,7.403701348421016,pass,True,False
232535880,7-12,pass,,21;22;23,6.4093226600307505,pass,6.516351782967025,pass,True,True
232537437,7-12,pass,,14;15;16;21;22;23,9.246381157643672,exclude,8.30277834319262,pass,True,False
232538287,4-6,pass,,21;22,6.401252687491951,pass,6.0283814512809775,pass,True,True
232540846,7-12,pass,,21;22;23,7.648710055255262,pass,8.462450249435737,pass,True,True
232602795,13-inf,pass,,14;15;16;17;18;19;20;21;22;23,8.312568841023735,pass,8.878603444537688,pass,True,True
232603771,7-12,pass,,14;15;16;17;18;19;20;22;23;24,14.6707924628357,exclude,24.219608743363914,exclude,False,False
232609966,13-inf,pass,,14;15;16;18;19;20;21;22;23;24,8.28046260084136,pass,8.033099874334498,pass,True,True
232611743,13-inf,pass,,16;17;19;20;22;23,15.137081389205107,exclude,12.7308548886344,exclude,False,False
232612846,13-inf,pass,,14;15;16;17;18;19;21;22;23;24,22.76034925138484,exclude,19.268372673994033,exclude,False,False
232617398,13-inf,pass,,14;15;16;17;18;19;20;21;22,11.02835151427528,exclude,6.569639854294911,pass,True,False
232626447,13-inf,exclude,P07: 0 sector(s) with CROWDSAP >= 0.9 after X10/X11,,,,,,False,False
232627112,7-12,pass,,14;15;16;17;18;19;20;21;23;24,10.0570446066793,exclude,8.30201239232895,pass,True,False
232630525,13-inf,pass,,14;15;16;17;18;19;20;21;22;23,10.227039115321364,exclude,7.997075316113895,pass,True,False
232631842,13-inf,pass,,14;15;16;17;18;19;20;21;22;23,10.267970022626692,exclude,9.106457838148486,exclude,False,False
232632120,13-inf,pass,,14;15;16;17;18;19;20;21;22;23,13.004314900100765,exclude,12.249019024586232,exclude,False,False
232634636,13-inf,pass,,14;15;16;17;18;19;20;21;22;23,7.919667469972259,pass,6.268869331216386,pass,True,True
232636773,13-inf,pass,,14;15;16;17;18;19;20;21;22;23,10.018305516607237,exclude,8.454015806216432,pass,True,False
232644555,4-6,pass,,47;48;49;50;51;52,7.083575615175139,pass,6.034696127840877,pass,True,True
232678357,7-12,pass,,14;15;16;19;22;25;26,11.646782315006234,exclude,9.573641014565386,exclude,False,False
232679537,7-12,pass,,14;15;16;19;22;25;26,9.542122131978036,exclude,8.288477456008007,pass,True,False
232682547,13-inf,pass,,14;15;16;17;18;19;20;22;23;24,8.86183615818593,pass,8.000513641077632,pass,True,True
232966497,4-6,pass,,21;22,9.648782933761424,exclude,6.2458684503759905,pass,True,False
232969715,2-3,pass,,41;47;48,7.638357100897263,pass,6.948519338726879,pass,True,True
232970131,4-6,pass,,14;15;21;22,9.543948002595757,exclude,7.689934964460345,pass,True,False
232975904,7-12,pass,,14;15;21;22,8.952573380234286,pass,7.097152277341787,pass,True,True
232980528,4-6,exclude,P07: 0 sector(s) with CROWDSAP >= 0.9 after X10/X11,,,,,,False,False
232984678,4-6,pass,,14;15;16;24,10.15037051407446,exclude,8.03828482625636,pass,True,False
233010606,13-inf,pass,,14;15;16;18;19;20;21;22;23;24,6.992394433841727,pass,7.0970338603164755,pass,True,True
233012830,2-3,exclude,P07: 0 sector(s) with CROWDSAP >= 0.9 after X10/X11,,,,,,False,False
233047440,13-inf,exclude,P07: 0 sector(s) with CROWDSAP >= 0.9 after X10/X11,,,,,,False,False
233048758,7-12,exclude,P07: 0 sector(s) with CROWDSAP >= 0.9 after X10/X11,,,,,,False,False
233051360,13-inf,pass,,14;15;16;17;18;19;20;21;22;23,11.070716497927812,exclude,6.117247096167829,pass,True,False
233052567,13-inf,pass,,14;15;16;17;18;19;20;21;22;23,10.83620406751583,exclude,7.0355005242192465,pass,True,False
233060794,13-inf,pass,,14;15;16;17;18;19;20;21;22;23,9.577851380210992,exclude,9.35032693671278,exclude,False,False
233062953,13-inf,pass,,14;15;16;17;18;19;20;21;22;23,8.496937140878336,pass,7.663561596750063,pass,True,True
233063121,13-inf,pass,,14;15;16;17;18;19;20;21;22;23,8.596412342423992,pass,6.887330697870687,pass,True,True
233063623,7-12,pass,,14;15;16;17;18;19;20;21;22;23,7.993124570168046,pass,7.966104482849107,pass,True,True
233065340,13-inf,pass,,14;15;16;17;18;19;20;21;22;23,9.501646675999774,exclude,7.0928467490608496,pass,True,False
233066763,7-12,pass,,14;15;16;17;18;19;20;21;22;23,9.19101038571405,exclude,6.4249453511454,pass,True,False
233071436,13-inf,pass,,14;15;16;17;18;19;20;21;22;23,8.01853362523276,pass,6.8192247065706395,pass,True,True
233073451,13-inf,pass,,14;15;17;18;20;23,6.908755263497156,pass,8.327768884100712,pass,True,True
233079504,7-12,pass,,14;15;16;17;18;19;21;22;24;25,7.953455773571952,pass,6.823322838432715,pass,True,True
233080120,7-12,pass,,15;16;19;22;24;25;26,13.100018048351942,exclude,7.589247855500515,pass,True,False
233082344,7-12,pass,,14;15;16;17;18;19;20;21;22;24,16.40062115598487,exclude,7.235670165896971,pass,True,False
233089770,13-inf,pass,,48;49;51;52;53;56;57;59;60,9.485537969198305,exclude,7.831499118220174,pass,True,False
233094762,7-12,pass,,14;15;16;17;18;19;21;22;23;24,8.769190471245965,pass,6.091099163624907,pass,True,True
233098914,13-inf,pass,,14;15;16;17;18;19;21;22;24;25,15.364266505031097,exclude,7.64469283906916,pass,True,False
233128986,13-inf,pass,,15;16;17;18;19;20;22;23;24;25,8.55925374654327,pass,8.370122377137436,pass,True,True
233129260,4-6,pass,,15;17;18;21,10.157716773763948,exclude,6.277861444434227,pass,True,False
233129352,7-12,pass,,15;16;17;18;19;20;21;22;23;24,11.160605284658706,exclude,7.829025405730728,pass,True,False
233157284,13-inf,pass,,14;15;16;18;19;20;21;22;23;24,7.823598572496719,pass,7.460817824801389,pass,True,True
233171680,2-3,pass,,47;48;49,7.425238794571993,pass,5.930784767988898,pass,True,True
233174538,7-12,pass,,14;15;16;21;22,8.292552370741678,pass,7.5317371023715936,pass,True,True
233182470,4-6,pass,,14;15;16;21;22,10.073844113890113,exclude,7.321453154712646,pass,True,False
233188157,7-12,pass,,14;15;16;20;21;22;23,13.897614207409234,exclude,11.42939678554854,exclude,False,False
233188971,4-6,pass,,20;21;22;23,9.539876728267348,exclude,7.998710801713254,pass,True,False
233193629,13-inf,pass,,15;16;17;18;19;20;21;22;23;24,6.50275217594391,pass,6.244086541274124,pass,True,True
233199678,13-inf,pass,,14;15;16;18;19;20;21;22;23;24,11.513023148982182,exclude,7.355093230278182,pass,True,False
233200532,13-inf,pass,,14;15;16;17;18;19;20;21;22;23,8.82867266167283,pass,7.901351519915776,pass,True,True
233203368,13-inf,pass,,14;15;16;18;19;20;21;22;23;24,11.353861167371477,exclude,8.627642238852298,pass,True,False
233210206,13-inf,pass,,14;15;17;18;19;21;22;24;25;26,13.7649082669877,exclude,8.52002361171779,pass,True,False
233212331,7-12,pass,,40;47;48;49;50;51;52;53,13.976627375572107,exclude,16.060499790721433,exclude,False,False
233212839,13-inf,pass,,14;15;16;17;18;19;21;22;23;24,14.426161529158843,exclude,8.451515543036674,pass,True,False
233239670,4-6,pass,,14;15;16;17;24,10.448983149865672,exclude,11.235783424683708,exclude,False,False
233273901,4-6,pass,,14;15;16;17,10.285390655775052,exclude,9.382363163272274,exclude,False,False
233436720,2-3,pass,,23,4.7330665681390505,pass,3.8758083330135658,pass,True,True
233488457,4-6,pass,,23;24,7.865046351412229,pass,8.036448745615218,pass,True,True
233501332,13-inf,pass,,14;15;16;17;18;19;20;21;22;23,11.88912850202022,exclude,7.382508843807893,pass,True,False
233501555,7-12,pass,,14;15;26,8.364321147246402,pass,8.980068787006038,pass,True,True
233502816,7-12,pass,,14;15;18;19;20;21;22;23;24;25,11.188889277124217,exclude,8.577171480819247,pass,True,False
233504081,13-inf,pass,,14;15;16;18;19;20;21;22;23;24,11.118202132563331,exclude,13.004411086251851,exclude,False,False
233504880,13-inf,pass,,15;16;17;18;19;20;21;22;23;24,8.005756401915956,pass,8.590836823193031,pass,True,True
233518230,7-12,pass,,14;18;21;25;26,10.180462387818158,exclude,8.263773661822372,pass,True,False
233525703,13-inf,pass,,14;16;17;18;19;20;21;22;23;24,7.968707603582375,pass,6.853011364071869,pass,True,True
233533816,7-12,pass,,14;15;16;17;18;19;20;22;23;24,10.234586322539002,exclude,7.61229396034985,pass,True,False
233534164,13-inf,pass,,15;16;17;18;19;20;21;22;23;24,13.13361643072748,exclude,10.716762621978129,exclude,False,False
233540897,13-inf,pass,,14;15;16;17;18;19;20;22;23;24,11.658146158042465,exclude,7.169545299202007,pass,True,False
233578672,13-inf,pass,,14;15;16;17;19;20;21;22;23;24,8.456263332456285,pass,8.165872777107062,pass,True,True
233603709,13-inf,pass,,14;15;16;17;18;19;20;21;22;23,7.327953514929767,pass,7.687332392646341,pass,True,True
233612454,13-inf,pass,,14;15;16;17;18;19;20;21;22;23,9.412327961741363,exclude,6.668201214413017,pass,True,False
233623010,13-inf,exclude,P07: 0 sector(s) with CROWDSAP >= 0.9 after X10/X11,,,,,,False,False
233631111,13-inf,pass,,14;15;16;17;18;19;20;21;22;23,8.09585654902084,pass,7.4432160236469,pass,True,True
233631664,13-inf,pass,,14;15;16;17;18;20;21;23;24;25,10.142723400353232,exclude,8.294087152825801,pass,True,False
233632813,13-inf,pass,,17;18;19,9.090841519461224,exclude,7.63337416844531,pass,True,False
233657878,13-inf,pass,,14;15;16;17;18;19;20;22;23;25,8.809796216214341,pass,8.000888937812071,pass,True,True
233658805,13-inf,pass,,14;15;16;17;18;19;20;22;23;24,8.197954000765051,pass,11.742158680904057,exclude,False,True
233679405,13-inf,pass,,14;15;17;18;19;20;21;22;23;24,11.7797013214542,exclude,6.664065929176091,pass,True,False
233681770,13-inf,pass,,14;15;16;18;19;20;21;22;23;24,10.531736483691576,exclude,9.680527778244468,exclude,False,False
233683183,7-12,pass,,14;15;16;17;19;20;21;22;23;24,10.52421385061925,exclude,7.267437065175306,pass,True,False
233692218,13-inf,pass,,15;18;19;20;21;22;24;25,14.313702856223358,exclude,10.016079299047702,exclude,False,False
233722977,7-12,pass,,15;16;17;18;19;20;21;22;23;24,7.843009174224902,pass,9.02388422089989,exclude,False,True
233727455,13-inf,pass,,14;16;17;18;19;20;21;23;24;25,8.947401421975615,pass,7.073117451412846,pass,True,True
233730201,13-inf,pass,,14;15;16;17;18;19;20;21;22;23,9.862487948330768,exclude,8.306287456628505,pass,True,False
233730505,13-inf,pass,,14;15;16;17;18;19;20;21;22;23,9.04487078333711,exclude,7.271522755786533,pass,True,False
233732174,13-inf,pass,,14;16;17;18;19;20;21;22;23;24,8.135473087937415,pass,9.893464170925297,exclude,False,True
233733207,13-inf,pass,,14;16;17;18;19;20;21;22;23;24,9.821173454869877,exclude,7.840800877094466,pass,True,False
233734641,13-inf,pass,,15;16;17;18;19;20;21;22;23;24,9.8856797263543,exclude,7.593078296493547,pass,True,False
233734984,13-inf,pass,,15;16;17;18;19;20;21;22;23;24,10.942077115181808,exclude,8.439515546777775,pass,True,False
233741918,13-inf,pass,,14;15;16;17;18;19;20;21;22;23,11.852108381783063,exclude,7.883553815884768,pass,True,False
233743348,7-12,pass,,15;16;17;18;19;20;22;23;24;25,12.400237976914822,exclude,7.802935090662181,pass,True,False
233745092,13-inf,pass,,40;47;48;49;50;51;52;53,15.116492986920884,exclude,7.76066961166355,pass,True,False
233746109,13-inf,pass,,14;17;19;20;21;22;23;25;26,9.519400870237684,exclude,9.04857314621572,exclude,False,False
233901288,2-3,exclude,P07: 1 sector(s) with CROWDSAP >= 0.9 after X10/X11,,,,,,False,False
233934094,4-6,pass,,14;15;16,10.676046837107426,exclude,6.87219007844319,pass,True,False
234342573,4-6,pass,,2,6.402647912929061,pass,5.36539465671498,pass,True,True
234509576,4-6,pass,,1;2,6.638414349464996,pass,6.902327989674181,pass,True,True
234523528,2-3,pass,,28;29,6.002151467218628,pass,6.998970076711318,pass,True,True
234525772,7-12,exclude,P07: 0 sector(s) with CROWDSAP >= 0.9 after X10/X11,,,,,,False,False
234993166,2-3,pass,,27;28,5.017402003840923,pass,5.540935663973306,pass,True,True
235042681,2-3,pass,,1,7.756767722228117,pass,5.812476255723543,pass,True,True
235048515,13-inf,pass,,3;4;5;6;7;10;13,12.922579239782875,exclude,11.657091186276308,exclude,False,False
235561232,4-6,pass,,16;23;24,12.227999187437351,exclude,6.401400333902023,pass,True,False
235563772,4-6,pass,,16;22;23;24,8.224009308934683,pass,6.910225938043863,pass,True,True
235674326,7-12,pass,,15;17;18;19;20;21;22;23;24;25,13.350433958499815,exclude,17.07326095870752,exclude,False,False
235676019,13-inf,pass,,14;15;16;17;18;19;20;21;22;23,12.748201088142816,exclude,9.506739522563189,exclude,False,False
235680881,13-inf,pass,,14;15;16;17;18;19;20;21;22;23,8.816716554997571,pass,7.543556062549667,pass,True,True
235935931,13-inf,pass,,18;19;20;24;25;26,8.26032113878566,pass,9.574007499453923,exclude,False,True
235951122,7-12,pass,,18;19;20;24;25;26,9.37402126868676,exclude,7.593500929199972,pass,True,False
235951733,4-6,pass,,18;20;24;25;26,11.27856197209114,exclude,6.080474974621915,pass,True,False
235953116,7-12,pass,,17;18;19;20;24;25;26,10.625024662077804,exclude,7.684774612331302,pass,True,False
235988531,4-6,pass,,47;52,11.408884650050036,exclude,8.619413782876624,pass,True,False
235997128,4-6,pass,,40;47;52;53,9.198216784583192,exclude,11.594653138679377,exclude,False,False
236288902,2-3,pass,,50;51,6.755498918258935,pass,6.573664815892976,pass,True,True
236379550,4-6,pass,,24;25,7.9459409773283,pass,6.479692942974275,pass,True,True
236394265,4-6,pass,,24;25,6.759858535010448,pass,9.928074017360853,exclude,False,True
236759151,7-12,pass,,14;15;16;18;19;22;25;26,9.23335843467158,exclude,7.330769929502696,pass,True,False
236759909,7-12,pass,,17;21;24,10.799543791975566,exclude,7.29195980130931,pass,True,False
236770905,7-12,pass,,14;15;16;17;18;19;20;21;23;24,15.499643236592007,exclude,14.408015156035178,exclude,False,False
236773098,7-12,pass,,14;15;16;18;19;20;21;22;23;24,8.644496327588916,pass,9.200496886147793,exclude,False,True
236774251,7-12,pass,,16;19;22;25,8.443875999242618,pass,9.366690927375268,exclude,False,True
236887444,4-6,exclude,P07: 0 sector(s) with CROWDSAP >= 0.9 after X10/X11,,,,,,False,False
236890698,4-6,pass,,14;15;17;18;21;24,10.108921584664264,exclude,7.986207906603489,pass,True,False
236891221,4-6,pass,,14;15;17;18;21;24,14.543096148748416,exclude,13.411417897425668,exclude,False,False
236900797,7-12,pass,,15;16;17;18;21;24;25,11.549087819052149,exclude,7.495617205727997,pass,True,False
236934929,7-12,exclude,P07: 1 sector(s) with CROWDSAP >= 0.9 after X10/X11,,,,,,False,False
236972072,13-inf,pass,,15;16;17;18;21;24,10.84292356971592,exclude,9.463466535883803,exclude,False,False
237082003,4-6,pass,,15;16;17;18,13.77729852636573,exclude,6.861594351557605,pass,True,False
237097193,7-12,pass,,14;15;16;17;18;20;21;23;24,11.14566023096109,exclude,10.286719187856075,exclude,False,False
237097968,13-inf,pass,,14;15;16;17;18;19;20;21;22;23,10.037769176570034,exclude,7.007528032695804,pass,True,False
237098012,13-inf,pass,,14;15;16;17;18;19;20;21;22;23,11.672686175319232,exclude,7.706675725972822,pass,True,False
237098343,13-inf,pass,,14;15;16;17;18;19;20;21;22;23,8.701345427567734,pass,6.459463664163454,pass,True,True
237098754,13-inf,pass,,14;15;16;17;18;19;20;21;22;23,11.587861936750368,exclude,7.559812807435527,pass,True,False
237102227,13-inf,pass,,14;15;16;17;18;19;20;21;23;24,11.029397927236923,exclude,8.249713677137839,pass,True,False
237103455,13-inf,pass,,14;15;16;17;18;19;20;21;22;23,10.667721604021114,exclude,9.9786519443413,exclude,False,False
237104188,13-inf,pass,,14;15;16;17;18;19;20;21;22;23,8.0272243115045,pass,7.094175326578828,pass,True,True
237117512,13-inf,pass,,14;15;16;17;18;19;20;21;22;23,7.940915549451142,pass,7.246606849134639,pass,True,True
237118852,4-6,pass,,25;26,8.839250089828726,pass,7.87130841522277,pass,True,True
237126779,2-3,pass,,14;25,7.121831263248962,pass,6.630472367354203,pass,True,True
237197553,7-12,pass,,14;15;16;17;18;19;20;21;22;23,11.25890416137936,exclude,8.250454369316161,pass,True,False
237198386,13-inf,pass,,14;15;16;17;18;19;20;21;22;23,13.000657764441534,exclude,9.080525451561384,exclude,False,False
237199341,13-inf,pass,,14;16;17;18;19;20;21;23;24;26,9.413085512198103,exclude,8.367000281571514,pass,True,False
237199791,13-inf,pass,,14;17;18;19;20;21;23;24;25;26,9.61373143887582,exclude,7.845277906668318,pass,True,False
237203705,7-12,exclude,P07: 0 sector(s) with CROWDSAP >= 0.9 after X10/X11,,,,,,False,False
237211863,4-6,pass,,16;24;25;26,8.752762263753965,pass,7.422494764855964,pass,True,True
237217129,13-inf,pass,,14;15;16;17;18;19;20;21;22;23,7.707069815804985,pass,8.775579713311096,pass,True,True
237217688,4-6,pass,,16;24;25;26,8.365455455754693,pass,11.825673652323122,exclude,False,True
237220715,7-12,pass,,16;17;18;19;24;25;26,11.864675606366072,exclude,7.49340446989186,pass,True,False
237223329,13-inf,pass,,14;15;16;17;18;19;20;21;22;23,9.339395048477256,exclude,7.007042511228095,pass,True,False
237228873,13-inf,pass,,14;15;16;17;18;19;20;21;22;23,7.697727081290782,pass,7.236028866345301,pass,True,True
237230985,7-12,pass,,14;15;16;17;19;20;21;22;23;24,14.11632474192518,exclude,9.084735003730952,exclude,False,False
237232981,13-inf,pass,,17;18;19;20;23;24;26,15.151570821605336,exclude,8.320060055976086,pass,True,False
237234109,13-inf,pass,,14;16;17;18;19;20;21;22;23;24,8.690841960496012,pass,9.35954592368395,exclude,False,True
237235044,13-inf,pass,,14;15;16;17;18;19;20;21;22;23,10.17317254135713,exclude,10.462633360241853,exclude,False,False
237252543,4-6,pass,,16;24;25;26,9.801856751445255,exclude,6.487277651836783,pass,True,False
237254348,13-inf,exclude,P07: 0 sector(s) with CROWDSAP >= 0.9 after X10/X11,,,,,,False,False
237278258,7-12,pass,,14;15;16;17;18;19;20;22;23;24,9.825149849185228,exclude,8.95619744365971,pass,True,False
237281689,13-inf,pass,,17;18;19;20;23;24;25;26,8.60201893760328,pass,9.365185527742566,exclude,False,True
237288833,7-12,pass,,17;18;19;20;23;24;25;26,7.384300148674997,pass,7.431640800401088,pass,True,True
237289147,13-inf,pass,,16;17;18;19;23;24;25;26,8.97251059531084,pass,7.631519564853705,pass,True,True
237293455,13-inf,pass,,16;17;18;19;23;24;25;26,11.028267968726173,exclude,7.992251645036343,pass,True,False
237301234,13-inf,pass,,16;17;18;19;20;23;24;25;26,9.407863855186983,exclude,10.209512049743443,exclude,False,False
237340884,4-6,pass,,3;4,6.785087918634506,pass,6.8194019171585225,pass,True,True
237356492,4-6,exclude,P07: 0 sector(s) with CROWDSAP >= 0.9 after X10/X11,,,,,,False,False
237388253,4-6,pass,,6;7,8.920930321656305,pass,6.944961826699306,pass,True,True
237883766,2-3,exclude,P07: 0 sector(s) with CROWDSAP >= 0.9 after X10/X11,,,,,,False,False
237886434,2-3,pass,,1;2,5.765264376112196,pass,5.493987266119463,pass,True,True
237906661,2-3,pass,,28;29,5.036210054760928,pass,4.0851525394668275,pass,True,True
237910693,4-6,pass,,1;2,6.858555755851655,pass,8.196789419128786,pass,True,True
237920857,13-inf,pass,,1;2;3;4;7;10;11,7.646045662355684,pass,7.190846273307379,pass,True,True
237926943,7-12,pass,,1;2;3;4;7;8;10;11,9.606615886253078,exclude,8.140613003502564,pass,True,False
237930201,2-3,pass,,2;3;7,11.439264972718131,exclude,6.528223927269277,pass,True,False
237932348,13-inf,pass,,1;2;3;4;8;11,11.9161181972126,exclude,10.4836135413055,exclude,False,False
237936194,13-inf,pass,,1;2;3;4;8;11,12.309356293873796,exclude,12.725470760734666,exclude,False,False
237937700,13-inf,pass,,1;2;3;4;7;8;10;11,8.447650806852117,pass,5.393815515402341,pass,True,True
238008424,2-3,exclude,P07: 0 sector(s) with CROWDSAP >= 0.9 after X10/X11,,,,,,False,False
238037356,7-12,pass,,32;36,12.802927653212024,exclude,7.244187812211832,pass,True,False
238060684,4-6,pass,,6;7;8,8.077062697288044,pass,5.585747782188451,pass,True,True
238190798,7-12,pass,,1;2;9;12;13,9.47060828093122,exclude,9.991109681189736,exclude,False,False
238194241,7-12,pass,,1;6;9;12;13,8.597781930338792,pass,9.519047283560086,exclude,False,True
238197355,13-inf,pass,,1;2;3;6;7;9;10;12;13,11.343714680532647,exclude,8.282321689997072,pass,True,False
238199780,13-inf,pass,,1;2;5;9;12;13,7.748445192094654,pass,8.78765603246629,pass,True,True
238227061,13-inf,pass,,2;3;5;6;7;8;9;10;12;13,9.945387096160962,exclude,9.017806159223497,exclude,False,False
238917141,7-12,pass,,5;6;7,11.69372149364807,exclude,8.810843321865333,pass,True,False
238947589,13-inf,pass,,5;6;7;8,12.701938088538434,exclude,8.229581141512766,pass,True,False
239205761,4-6,pass,,21,7.1560906491562175,pass,4.555370953666109,pass,True,True
239883630,2-3,pass,,44;45,6.1743058065949175,pass,5.2310508884578075,pass,True,True
239976503,2-3,pass,,43;44;45,10.938064695821254,exclude,5.399569963008508,pass,True,False
240796431,4-6,exclude,P07: 1 sector(s) with CROWDSAP >= 0.9 after X10/X11,,,,,,False,False
241445862,4-6,pass,,3,6.054692045932402,pass,5.115881041034313,pass,True,True
243140378,4-6,pass,,11,5.982986482595591,pass,5.617828580496701,pass,True,True
243151019,2-3,pass,,17,6.288433089854856,pass,6.802311010705556,pass,True,True
243222345,2-3,pass,,17,7.587958489416633,pass,4.999913230560555,pass,True,True
243284835,7-12,pass,,14;15;16;19;20;23;26,12.004007391821244,exclude,7.430883417196753,pass,True,False
243285053,13-inf,pass,,14;15;19,5.874243513981433,pass,6.0726255692208735,pass,True,True
243313540,7-12,pass,,14;15;16;26,9.993930287320616,exclude,6.4524958296548744,pass,True,False
243315463,13-inf,pass,,15;16;17;18;19;21;23;24;25;26,11.487056559114189,exclude,14.912554558879652,exclude,False,False
243318224,7-12,pass,,14;15;16;17;19;20;23;26,19.52780684949328,exclude,24.476091804838987,exclude,False,False
243333942,13-inf,pass,,14;15;16;17;19;20;23;26,7.514160945512163,pass,6.524796792595145,pass,True,True
245826472,2-3,pass,,43;44,9.478878753025077,exclude,9.379930409368276,exclude,False,False
245861520,4-6,pass,,43;44,9.599007835698316,exclude,7.825200469388823,pass,True,False
246854655,4-6,pass,,2,4.9749743534226925,pass,4.1030728378887975,pass,True,True
246933345,2-3,pass,,42;43,7.679189647658444,pass,7.128067665943212,pass,True,True
247372101,2-3,pass,,42;43;44,6.640632431116998,pass,6.686449946496619,pass,True,True
247374720,2-3,pass,,42;43;44,7.023823861815247,pass,5.805688575054069,pass,True,True
247412249,2-3,pass,,42;43;44,10.001066487462513,exclude,6.333033125415629,pass,True,False
247463344,7-12,pass,,6,6.069587289629422,pass,7.384023316287475,pass,True,True
248608056,2-3,pass,,42,5.033460619832231,pass,5.903534693551302,pass,True,True
248648883,2-3,pass,,5,8.580551097517086,pass,5.135076465967906,pass,True,True
248989799,2-3,pass,,30,5.203794834672394,pass,5.5309972784482415,pass,True,True
251079527,2-3,pass,,21,6.996249417938548,pass,5.197333282491729,pass,True,True
251216282,2-3,pass,,6,4.543443197299782,pass,4.3375804210444215,pass,True,True
252878031,2-3,pass,,20,4.89475442783655,pass,4.949557891845954,pass,True,True
253374215,4-6,pass,,11,8.621629848064215,pass,13.603036795793482,exclude,False,True
255549208,7-12,pass,,5;6;7,9.443467481302498,exclude,7.395318793899281,pass,True,False
255558852,7-12,pass,,5;7;8,9.715107131259328,exclude,8.176532246320443,pass,True,False
255587561,2-3,pass,,6;7,8.480160309277906,pass,7.000657575460614,pass,True,True
255594552,7-12,pass,,6;7,7.937530358507424,pass,6.045329779215412,pass,True,True
255617978,7-12,pass,,6;7;8,5.950452042932484,pass,6.036051396353063,pass,True,True
255684155,7-12,pass,,6;7;8,7.770291113795053,pass,6.5208846408896175,pass,True,True
255688504,2-3,exclude,P07: 1 sector(s) with CROWDSAP >= 0.9 after X10/X11,,,,,,False,False
255702502,7-12,pass,,2;5;6;7;12,8.742177722871453,pass,10.087782039143768,exclude,False,True
255743472,7-12,pass,,6;7;8,14.794421757660386,exclude,19.860175554062053,exclude,False,False
255783216,4-6,pass,,32;33;34;35,12.52142833031867,exclude,7.524685195023157,pass,True,False
255926809,4-6,pass,,24;25,6.249554718373012,pass,6.749442985912847,pass,True,True
255995023,7-12,pass,,15;16;18;19;22;24;25,9.969824624659788,exclude,6.733817716238454,pass,True,False
256298086,13-inf,pass,,14;15;16;17;18;19;20;21;22;23,8.517418285773498,pass,8.393229793950184,pass,True,True
256429736,4-6,exclude,P07: 0 sector(s) with CROWDSAP >= 0.9 after X10/X11,,,,,,False,False
256664506,4-6,pass,,41;48;51;54,8.152396406096742,pass,6.619395080643442,pass,True,True
256805270,7-12,pass,,14;17;18;19;21;22,9.84498515522327,exclude,11.18935636312742,exclude,False,False
256926860,7-12,pass,,14;15;16;17;18;21;24,25.57836607389272,exclude,25.49449743555598,exclude,False,False
257023250,13-inf,pass,,14;15;16;20;21;22;26,10.437656101341933,exclude,8.714558581851694,pass,True,False
257060602,13-inf,pass,,14;15;16;20;21;22;26,8.938667513822319,pass,7.817857485110174,pass,True,True
257060832,2-3,exclude,P07: 0 sector(s) with CROWDSAP >= 0.9 after X10/X11,,,,,,False,False
257079930,7-12,pass,,20;21;22,9.430425540232264,exclude,6.606940409198109,pass,True,False
257088768,7-12,pass,,15;20;21;22,8.886530248669834,pass,7.990672400464984,pass,True,True
257274009,2-3,pass,,25;26,6.272851773461727,pass,7.645693022657419,pass,True,True
257303153,2-3,pass,,42;43,9.640130281816663,exclude,6.678815257086529,pass,True,False
257303464,2-3,pass,,42;43,9.208995774177549,exclude,8.039174033947438,pass,True,False
257431831,2-3,exclude,P07: 0 sector(s) with CROWDSAP >= 0.9 after X10/X11,,,,,,False,False
257432633,2-3,pass,,105;106,7.0829251070293315,pass,6.300341084025334,pass,True,True
257609738,4-6,exclude,P07: 0 sector(s) with CROWDSAP >= 0.9 after X10/X11,,,,,,False,False
257612675,4-6,pass,,12;13,8.06622169672572,pass,5.282636701339762,pass,True,True
257722316,13-inf,pass,,3;4;5;6;7;10;13,9.665206522017227,exclude,7.662834551204283,pass,True,False
257738202,2-3,pass,,12;13,7.707492152786997,pass,5.275444556874444,pass,True,True
257922466,2-3,pass,,42;43,7.258035577569047,pass,9.639464359201376,exclude,False,True
258029388,2-3,pass,,42;43;44,7.419668897142555,pass,6.517005865572517,pass,True,True
258067594,4-6,pass,,42;43;44,15.257685740248895,exclude,8.047654666219788,pass,True,False
258085772,2-3,pass,,23,5.130042994920976,pass,4.6725932783251665,pass,True,True
258354317,7-12,pass,,15;16;17;18;19;20;21;22;24;25,11.503714123226878,exclude,6.34008955021375,pass,True,False
258388531,13-inf,pass,,14;15;16;17;18;19;20;21;22;23,9.568419314955833,exclude,9.809542514656547,exclude,False,False
258461740,13-inf,pass,,14;15;16;18;19;20;21;22;23;24,11.625526047929428,exclude,8.069904262545615,pass,True,False
258512225,7-12,pass,,15;16;17;18;19;22;24;25,7.895036910263367,pass,6.937441256669856,pass,True,True
258588345,4-6,pass,,11,9.567699664867485,exclude,13.239424283078511,exclude,False,False
258700593,13-inf,pass,,15;17;18;19;20;21;22;23;24;25,8.035294186843057,pass,9.407114155473478,exclude,False,True
258772290,13-inf,pass,,14;15;16;17;18;19;20;21;22;23,9.293549117602154,exclude,7.659780990709589,pass,True,False
258828187,13-inf,pass,,14;15;16;17;18;19;21;22;24;25,9.798704854136174,exclude,7.843739818535333,pass,True,False
258828236,7-12,exclude,P07: 1 sector(s) with CROWDSAP >= 0.9 after X10/X11,,,,,,False,False
258828521,13-inf,pass,,14;15;16;17;18;19;20;21;22;23,12.81380956594746,exclude,9.841662713125602,exclude,False,False
258831993,13-inf,pass,,14;15;16;17;18;19;20;21;22;23,9.439640883471355,exclude,5.9864255298742135,pass,True,False
258871515,7-12,pass,,15;16;17;18;19;20;21;22;24,7.42397196551276,pass,7.49932425433017,pass,True,True
258874963,13-inf,pass,,16;18;19;24;25,10.048455860181097,exclude,8.66599916003336,pass,True,False
258954539,13-inf,pass,,14;15;16;17;18;19;21;22;23;25,12.922528212303666,exclude,6.628355239639713,pass,True,False
258955848,13-inf,pass,,14;15;16;17;18;19;20;21;22;23,13.277514050743676,exclude,13.319352062204125,exclude,False,False
258958036,7-12,pass,,40;41;47;48;50;51;53,10.192601250631402,exclude,7.889152398655841,pass,True,False
259005576,13-inf,pass,,14;15;16;17;18;19;20;22;23;24,7.371281954305244,pass,8.466711017323936,pass,True,True
259039037,13-inf,pass,,14;15;16;17;18;19;20;21;22;23,8.300962125860847,pass,6.2460846887100505,pass,True,True
259099044,7-12,pass,,14;15;16;17;18;19;20;21;22;25,8.201912760866387,pass,7.459101672344631,pass,True,True
259126839,13-inf,pass,,14;15;16;17;18;19;20;21;22;23,8.076015560567123,pass,6.695959425601812,pass,True,True
259127869,7-12,pass,,14;15;16;17;18;19;20;21;22;26,8.437386729931964,pass,6.5830075171317715,pass,True,True
259128582,13-inf,pass,,14;15;16;17;18;19;20;21;22,30.628476809626015,exclude,35.43187698192329,exclude,False,False
259128910,13-inf,pass,,14;15;16;17;18;19;20;21;22;23,9.76661474297334,exclude,7.288557770056163,pass,True,False
259166291,7-12,pass,,14;15;16;17;18;19;20;21;22;23,10.60397224627742,exclude,8.994110696892387,pass,True,False
259167310,13-inf,pass,,14;15;16;17;19;21;22;23;26,7.6514597837581615,pass,6.685634695189869,pass,True,True
259232212,13-inf,pass,,14;15;16;17;18;19;20;21;22;23,9.92574587620917,exclude,7.696289477268339,pass,True,False
259235809,7-12,exclude,P07: 0 sector(s) with CROWDSAP >= 0.9 after X10/X11,,,,,,False,False
259238917,13-inf,pass,,14;15;16;17;18;19;20;21;22;23,7.576201979015322,pass,7.589705594689383,pass,True,True
259265911,13-inf,pass,,14;15;16;17;18;19;20;21;22;23,10.148184675571706,exclude,8.832573741010673,pass,True,False
259266100,13-inf,pass,,14;15;16;17;18;19;20;21;22;23,8.93204719335256,pass,6.584951813246797,pass,True,True
259268609,2-3,exclude,P07: 0 sector(s) with CROWDSAP >= 0.9 after X10/X11,,,,,,False,False
259273813,7-12,pass,,40;47;48;49;51;52;53,8.62197118774825,pass,8.54330258855535,pass,True,True
259274126,13-inf,pass,,14;15;16;17;18;19;21;22;23;24,10.99704129950818,exclude,8.17493539779944,pass,True,False
259525266,4-6,exclude,P07: 0 sector(s) with CROWDSAP >= 0.9 after X10/X11,,,,,,False,False
259589759,7-12,pass,,3;4;5;6,14.328030610101356,exclude,10.347308747078392,exclude,False,False
259643889,7-12,pass,,3;4;5,8.513206155121146,pass,7.719140905291907,pass,True,True
259739542,4-6,pass,,19,7.286927152681606,pass,5.61118128615781,pass,True,True
259784185,4-6,exclude,P07: 0 sector(s) with CROWDSAP >= 0.9 after X10/X11,,,,,,False,False
259929953,2-3,pass,,1;2;3,7.432096065849778,pass,7.15111656731721,pass,True,True
259932931,2-3,exclude,P07: 0 sector(s) with CROWDSAP >= 0.9 after X10/X11,,,,,,False,False
260004371,13-inf,pass,,4;5;7;8;9;10;11;12;13,9.704339612849331,exclude,7.395100401461178,pass,True,False
260046314,13-inf,pass,,27;28;29;30;31;32;33;34;35;36,9.407208744940384,exclude,8.960870031155059,pass,True,False
260127258,13-inf,pass,,27;28;29;30;31;32;33;34;35;36,9.246239314964194,exclude,7.9962226629545885,pass,True,False
260161587,13-inf,pass,,7;10,8.298957055154414,pass,5.966510052130781,pass,True,True
260192532,13-inf,pass,,1;2;4;5;6;7;8;9;10;11,10.68359275746438,exclude,7.247486185753013,pass,True,False
260200424,4-6,exclude,P07: 0 sector(s) with CROWDSAP >= 0.9 after X10/X11,,,,,,False,False
260239097,7-12,pass,,1;2;4;5;6;7;8;9;10;11,9.300939946550423,exclude,9.841412579053742,exclude,False,False
260268105,13-inf,pass,,7;10,8.726114888599419,pass,8.382705374196938,pass,True,True
260295715,7-12,pass,,1;2;3;4;5;6;7;8;9;11,8.813130797796237,pass,7.335959898556075,pass,True,True
260297253,13-inf,pass,,1;2;3;4;5;6;7;8;9;10,10.844076985912515,exclude,8.358359111089644,pass,True,False
260297869,7-12,exclude,P07: 0 sector(s) with CROWDSAP >= 0.9 after X10/X11,,,,,,False,False
260371000,13-inf,pass,,1;2;4;5;6;7;8;9;11;12,10.660780409769702,exclude,6.8951519195612505,pass,True,False
260415529,13-inf,pass,,27;28;29;30;31;32;33;34;35;36,9.415270893790767,exclude,6.505389147589004,pass,True,False
260416162,4-6,exclude,P07: 0 sector(s) with CROWDSAP >= 0.9 after X10/X11,,,,,,False,False
260416560,13-inf,pass,,1;2;3;4;5;6;7;8;9;10,9.337234608060845,exclude,9.236743265838395,exclude,False,False
260418991,4-6,pass,,88;94;95;96,10.223897733668272,exclude,8.095202480042166,pass,True,False
260419365,13-inf,pass,,1;2;3;4;5;6;7;8;9;11,11.31191143590225,exclude,15.31886078924087,exclude,False,False
260659364,13-inf,pass,,1;2;3;4;5;6;8;9;10;11,9.691097965922914,exclude,9.739388027791218,exclude,False,False
260708591,13-inf,pass,,27;28;29;30;31;32;33;34;35;36,8.722929481476827,pass,7.6283255756976365,pass,True,True
260709484,13-inf,pass,,4;7;8;11,8.48146646673965,pass,5.792796347989788,pass,True,True
260951929,7-12,exclude,P07: 1 sector(s) with CROWDSAP >= 0.9 after X10/X11,,,,,,False,False
260952205,4-6,pass,,4;5;8;13,10.674110855208228,exclude,9.94235765606632,exclude,False,False
260981292,13-inf,pass,,1;5;8;11;12,7.860091993250951,pass,8.696986878328028,pass,True,True
261063309,7-12,pass,,1;12;13,8.626822932938044,pass,9.014648058092536,exclude,False,True
261080720,2-3,pass,,15;16,8.757231327126945,pass,8.853223286911884,pass,True,True
261088356,4-6,pass,,4;5;8;11;12;13,11.994627773804554,exclude,13.511975446382678,exclude,False,False
261090729,7-12,pass,,1;4;5;8;11;12;13,8.78366197350244,pass,8.77924568597732,pass,True,True
261091639,7-12,pass,,1;11;12;13,9.998776984033531,exclude,7.597562029382034,pass,True,False
261104679,7-12,pass,,12;13,6.747744431095137,pass,4.6289676874300305,pass,True,True
261257177,7-12,pass,,1;11;12;13,9.487967608108947,exclude,7.02021242465479,pass,True,False
261258358,13-inf,pass,,1;2;3;4;5;7;8;9;10;11,9.609100203269044,exclude,7.233383047304233,pass,True,False
261334793,7-12,pass,,1;4;7;8;11;12;13,16.626462107626967,exclude,16.434556140057737,exclude,False,False
261375251,7-12,pass,,88;89;95,11.88910170643784,exclude,8.77773375832538,pass,True,False
261377731,13-inf,pass,,1;2;3;4;5;6;7;8;9;10,10.722791197977466,exclude,10.000972592324798,exclude,False,False
261379233,4-6,exclude,P07: 0 sector(s) with CROWDSAP >= 0.9 after X10/X11,,,,,,False,False
261401286,7-12,pass,,11;12;13,7.553688542526746,pass,6.455795844565768,pass,True,True
261594070,2-3,pass,,27;28,7.335832223167757,pass,5.920021847724515,pass,True,True
262710157,7-12,pass,,10;11;12,7.700888622342664,pass,6.256301449223955,pass,True,True
262720080,4-6,pass,,8,7.261995021440832,pass,5.927507040963223,pass,True,True
262873951,7-12,pass,,1;2;3;7,9.214464440801352,exclude,7.469778343031973,pass,True,False
262875656,7-12,pass,,2;3;4,17.128153097574163,exclude,15.39527943076566,exclude,False,False
263075972,4-6,pass,,1;13,8.178487020249419,pass,8.966643850735293,pass,True,True
263601265,4-6,pass,,40;41;47;53,15.654539384079246,exclude,8.959433739451987,pass,True,False
263632601,4-6,pass,,14;20;21,10.58160970153986,exclude,8.109931920379514,pass,True,False
263635042,7-12,pass,,14;20;21;26,14.370882474759176,exclude,7.433924266983121,pass,True,False
264101722,7-12,pass,,17;18;19;20;24;25;26,13.115505318939196,exclude,11.920061312916925,exclude,False,False
264104463,7-12,pass,,17;18;19;20;24;25;26,7.9427998568664435,pass,8.117640487124874,pass,True,True
264170604,13-inf,pass,,14;15;16;17;18;19;20;21;22;23,13.943046399506075,exclude,9.188125864177234,exclude,False,False
264180192,7-12,exclude,P07: 0 sector(s) with CROWDSAP >= 0.9 after X10/X11,,,,,,False,False
264216967,7-12,pass,,17;19;20;23,10.583061938992774,exclude,7.0092767100714255,pass,True,False
264217124,7-12,pass,,14;15;16;17;18;19;20;21;22;23,10.222578413901498,exclude,6.717145543198013,pass,True,False
264218759,7-12,exclude,P07: 0 sector(s) with CROWDSAP >= 0.9 after X10/X11,,,,,,False,False
264222290,4-6,pass,,16;24;25,9.4713728555139,exclude,8.281205417727628,pass,True,False
264872308,4-6,pass,,7;8;9;10,8.248402918123935,pass,9.68517956894478,exclude,False,True
264909950,7-12,pass,,17;19;24;25,9.301385408156538,exclude,7.043952109360982,pass,True,False
265373619,2-3,pass,,8,5.886954814093996,pass,5.194463601809706,pass,True,True
265465650,7-12,exclude,P07: 0 sector(s) with CROWDSAP >= 0.9 after X10/X11,,,,,,False,False
265531469,2-3,pass,,8,5.32825984088946,pass,4.995338607797646,pass,True,True
266075926,2-3,pass,,42;43,9.093569502324106,exclude,4.649238029435422,pass,True,False
267432303,2-3,pass,,94;95,7.994798524315785,pass,5.60242718524042,pass,True,True
267542963,13-inf,pass,,14;15;16;17;18;19;20;21;22;23,10.3206422868409,exclude,7.239090700429034,pass,True,False
267574639,7-12,pass,,14;15;16;19;22;26,12.4743241175862,exclude,8.012322313862176,pass,True,False
267613557,2-3,pass,,19,8.229381454718595,pass,5.500514386371702,pass,True,True
267667925,4-6,pass,,74;75;80;81;82,10.50157291483111,exclude,9.364792470537049,exclude,False,False
268586596,2-3,pass,,3,5.48213342201237,pass,4.425053168652888,pass,True,True
269032792,4-6,pass,,55,7.021220790332225,pass,3.965207778141566,pass,True,True
269178159,4-6,pass,,34;35;36,6.200818683558585,pass,7.066525126166839,pass,True,True
269209376,7-12,pass,,19;25;26,6.2857331960284,pass,8.851056805377581,pass,True,True
269594762,7-12,pass,,15;16;17;18;19;21;22;23;24;25,10.525812133711378,exclude,6.071046106465089,pass,True,False
269660812,13-inf,pass,,14;15;16;17;18;19;20;21;22;23,11.940422167054638,exclude,7.089398624746728,pass,True,False
269662152,7-12,pass,,15;16;25;26,8.88280168108612,pass,8.154995740166857,pass,True,True
269663324,13-inf,pass,,14;15;16;18;19;20;21;22;23;24,12.211993506392458,exclude,6.861621559450971,pass,True,False
269807746,4-6,pass,,57,4.743319840308049,pass,5.621348363852939,pass,True,True
269851471,2-3,pass,,27;28;39,9.618285008460449,exclude,8.691495216477033,pass,True,False
270268773,4-6,pass,,2,5.642232143581488,pass,4.65076883938676,pass,True,True
270353114,4-6,pass,,4,5.065551004098491,pass,5.506277458070705,pass,True,True
270375929,2-3,pass,,1,7.197308714151265,pass,5.572245029475639,pass,True,True
270378256,2-3,pass,,2,6.619005170303774,pass,5.076952843978708,pass,True,True
270453387,4-6,pass,,25;26,6.819072729357457,pass,5.62389565245744,pass,True,True
270494015,7-12,pass,,15;16;19;20;21;22;26,8.761512411827757,pass,6.710952536540401,pass,True,True
270494412,4-6,pass,,14;15;16;20;22;26,8.503987251260288,pass,7.434795004852607,pass,True,True
270557837,7-12,pass,,1;4;7;8;10;11;12;13,8.590613412759364,pass,8.433664873075196,pass,True,True
270560239,2-3,pass,,34,5.513344374695188,pass,4.861689693364779,pass,True,True
270621612,4-6,pass,,2,6.265565662842157,pass,5.3542982133058485,pass,True,True
270623243,7-12,pass,,27;28;31;32;33;34;37;38,10.172598940814485,exclude,6.679763016540109,pass,True,False
271184913,4-6,pass,,8;9,12.796313679367191,exclude,16.88885008631376,exclude,False,False
271261159,4-6,pass,,74;75;82,9.769365495810352,exclude,10.715242337952358,exclude,False,False
271355688,4-6,exclude,P07: 0 sector(s) with CROWDSAP >= 0.9 after X10/X11,,,,,,False,False
271519653,2-3,pass,,66;67,8.0323161976617,pass,6.449623819499267,pass,True,True
271723666,7-12,pass,,1;3;4;5;6;7;8;9;10;12,20.713356230991806,exclude,13.624054366265186,exclude,False,False
271726852,4-6,pass,,4;6;7;8;11,10.068431134775173,exclude,7.351223849765935,pass,True,False
271796478,13-inf,exclude,P07: 0 sector(s) with CROWDSAP >= 0.9 after X10/X11,,,,,,False,False
271796731,7-12,pass,,2;3;4;5;6;7;8;9;10;12,8.734682107431736,pass,8.090183670256108,pass,True,True
271904790,7-12,pass,,9;10;11;12;13,10.914824212406142,exclude,5.410411105726115,pass,True,False
271973332,7-12,pass,,4;7;10;11;12;13,11.266947856054736,exclude,8.993141336765062,pass,True,False
271974012,7-12,pass,,33;39,10.159737523134757,exclude,6.481778244842105,pass,True,False
272128852,13-inf,pass,,27;28;29;30;31;32;33;34;35;36,8.613073285036414,pass,10.61491979956788,exclude,False,True
272187046,7-12,pass,,1;2;3;4;5;6;7;9;10;11,9.088645650090216,exclude,8.339479776934725,pass,True,False
272233708,13-inf,pass,,1;2;3;4;5;6;7;8;9;10,13.106877544235209,exclude,13.695101735515443,exclude,False,False
272237975,7-12,exclude,P07: 0 sector(s) with CROWDSAP >= 0.9 after X10/X11,,,,,,False,False
272276679,2-3,pass,,14;15,7.06107273499558,pass,5.777693193424529,pass,True,True
272432894,4-6,pass,,7;10;11;12;13,8.464664306697202,pass,10.118853874398969,exclude,False,True
272466518,7-12,pass,,6;7;10;11;12,12.97572921749725,exclude,10.159808685659248,exclude,False,False
272468304,13-inf,pass,,1;2;3;4;5;6;7;8;9;10,9.672263935074293,exclude,8.24446845724637,pass,True,False
272575721,2-3,pass,,22,5.104499630807154,pass,5.236255139331291,pass,True,True
272614770,4-6,pass,,24,7.829474972509814,pass,4.689691582132525,pass,True,True
272636097,13-inf,pass,,14;15;16;20;21;22;23,11.988859719664385,exclude,12.454813880902902,exclude,False,False
272671671,7-12,pass,,14;15;16;17;20;21;23;24,11.001622471013476,exclude,6.768362037018547,pass,True,False
272678605,7-12,pass,,14;15;16;20;21;22;23;26,12.35819285514681,exclude,15.314997687656922,exclude,False,False
272680841,13-inf,pass,,14;15;16;17;20;21;22;23,9.875964777336016,exclude,6.784542460910383,pass,True,False
272703144,7-12,pass,,14;15;16;17;21;22;23;24,12.430495434092103,exclude,8.58711866622274,pass,True,False
272746339,13-inf,pass,,14;15;16;17;20;21;23;24,11.490981607613437,exclude,7.39305932810321,pass,True,False
272749537,7-12,pass,,14;15;16;17;19;20;21;22;23,16.957422951838623,exclude,10.19803441580181,exclude,False,False
272750494,13-inf,exclude,P07: 0 sector(s) with CROWDSAP >= 0.9 after X10/X11,,,,,,False,False
272750988,13-inf,pass,,14;15;16;17;20;21;23;24,8.740845274406178,pass,8.494975375031073,pass,True,True
272751211,13-inf,pass,,14;15;16;17;18;20;21;22;23;24,9.697453958523775,exclude,8.070489961960746,pass,True,False
272759465,4-6,pass,,22,6.436583457944304,pass,6.232494478389274,pass,True,True
272785718,7-12,pass,,14;15;16;17;18;19;20;21;22;23,7.629967168182001,pass,7.659655076948746,pass,True,True
272786863,13-inf,pass,,14;15;16;17;18;19;20;21;22;23,11.10815889314862,exclude,8.745464516555916,pass,True,False
272858011,2-3,exclude,P07: 0 sector(s) with CROWDSAP >= 0.9 after X10/X11,,,,,,False,False
273035189,7-12,pass,,14,6.775377354565745,pass,8.178750083120855,pass,True,True
273132618,4-6,exclude,P07: 1 sector(s) with CROWDSAP >= 0.9 after X10/X11,,,,,,False,False
273474616,7-12,pass,,1;13,8.623655432538131,pass,7.469221502419644,pass,True,True
273596059,7-12,exclude,P07: 0 sector(s) with CROWDSAP >= 0.9 after X10/X11,,,,,,False,False
274014993,2-3,pass,,27;39,7.899601968838216,pass,7.449222412631296,pass,True,True
274226319,4-6,pass,,12;13,5.941367128232917,pass,7.53984091018018,pass,True,True
274271048,2-3,pass,,21,6.788311831485401,pass,4.631865919208794,pass,True,True
274272069,4-6,pass,,23,7.028372237298003,pass,4.748758403989455,pass,True,True
274673808,4-6,pass,,25;26,5.390683342981763,pass,5.94084020560251,pass,True,True
274674083,2-3,pass,,24;26,8.07720665640244,pass,6.089557604269053,pass,True,True
274696298,7-12,pass,,23;24;25;26,6.288188035194765,pass,7.409019550415843,pass,True,True
274725072,7-12,exclude,P07: 0 sector(s) with CROWDSAP >= 0.9 after X10/X11,,,,,,False,False
275001412,2-3,pass,,9;10,8.512617405663768,pass,8.799342251036565,pass,True,True
275294416,4-6,pass,,35;45;46,9.502171476312128,exclude,7.486154657987711,pass,True,False
275295023,4-6,pass,,8,4.900300552488657,pass,4.80448733287515,pass,True,True
275626011,4-6,pass,,14;15;16;17;20;23,8.484020265083966,pass,7.246252486131281,pass,True,True
275690220,13-inf,pass,,14;16;17;18;19;20;21;22;23;24,14.924135189872654,exclude,7.570072793805102,pass,True,False
276231042,2-3,pass,,19;25;26,6.912327034433226,pass,7.854024035865918,pass,True,True
276684970,2-3,exclude,P07: 0 sector(s) with CROWDSAP >= 0.9 after X10/X11,,,,,,False,False
277100210,2-3,pass,,4;6;7,7.883513226564031,pass,8.469337144086545,pass,True,True
277122829,7-12,pass,,12;13,6.535668655128199,pass,4.742622382764323,pass,True,True
277322800,2-3,exclude,P07: 0 sector(s) with CROWDSAP >= 0.9 after X10/X11,,,,,,False,False
277372569,2-3,exclude,P07: 0 sector(s) with CROWDSAP >= 0.9 after X10/X11,,,,,,False,False
277550936,4-6,pass,,37;39,9.13063805421611,exclude,6.329159619549808,pass,True,False
277832347,2-3,pass,,45;46,6.0114092024527075,pass,6.236752947382112,pass,True,True
277837704,2-3,pass,,27;28,8.030281759131963,pass,6.272536894233276,pass,True,True
277888583,4-6,pass,,35;45;46,8.196281869288457,pass,9.095445109696453,exclude,False,True
278198742,7-12,pass,,1;3;4;7;10;12;13,10.83926505910171,exclude,6.755520777575192,pass,True,False
278707867,2-3,pass,,1,6.223165149781933,pass,5.211206235563627,pass,True,True
278776583,13-inf,pass,,27;28;29;30;31;32;33;34;35;36,7.6868940333700575,pass,8.434153869604165,pass,True,True
278777880,13-inf,pass,,5;6;7;8;9;10;11;12;13,9.714917390239382,exclude,11.884188565790042,exclude,False,False
278780818,7-12,pass,,2;5;6;7;8;9;12,10.875111465942618,exclude,11.149782433663388,exclude,False,False
278780820,7-12,pass,,2;5;6;7;8;9;12,7.8148414243096,pass,6.5941872536255195,pass,True,True
278822171,7-12,pass,,1;2;3;4;5;6;8;9;10;11,10.966268764539029,exclude,9.203796050827256,exclude,False,False
278826800,13-inf,pass,,2;5;6;7;8;9;12,7.952030758195143,pass,8.847803057803247,pass,True,True
278863500,7-12,pass,,28;29;33;39,12.40684416522457,exclude,6.922253582381325,pass,True,False
278866967,7-12,pass,,29;35;39,8.355914310614718,pass,7.352409311481289,pass,True,True
278988418,7-12,exclude,P07: 0 sector(s) with CROWDSAP >= 0.9 after X10/X11,,,,,,False,False
278992516,13-inf,pass,,2;3;5;6;7;8;9;12;13,11.64676120622405,exclude,6.8661725382513135,pass,True,False
279052980,13-inf,pass,,1;2;3;5;6;7;8;9;10;11,10.755950194325129,exclude,11.476647223067973,exclude,False,False
279091610,7-12,pass,,4;5;6;7;8;11,11.842743906453943,exclude,11.992693882161278,exclude,False,False
279093474,4-6,pass,,5;6;7;8,9.859565207794894,exclude,7.693030074155096,pass,True,False
279248550,13-inf,pass,,2;3;5;6;9;10;12,17.563351746529353,exclude,15.28500926912397,exclude,False,False
279322519,13-inf,pass,,1;2;3;4;5;6;7;8;9;10,8.85538822487981,pass,10.029483598528165,exclude,False,True
279360705,4-6,pass,,87;89;93;94;96,8.785036381441595,pass,6.07349819386355,pass,True,True
279362216,13-inf,pass,,1;2;3;4;5;6;7;8;9;10,21.208386467962836,exclude,23.33733621672475,exclude,False,False
279423762,13-inf,pass,,1;2;3;4;5;6;7;8;9;10,8.037874408015778,pass,6.126953254744903,pass,True,True
279427111,13-inf,pass,,2;3;6;7;8;9;12;13,11.520791637353833,exclude,8.029882055406132,pass,True,False
279513662,7-12,exclude,P07: 1 sector(s) with CROWDSAP >= 0.9 after X10/X11,,,,,,False,False
279614943,13-inf,pass,,1;2;3;4;5;6;7;8;9;10,10.817260846588097,exclude,7.007349317121336,pass,True,False
279616701,4-6,pass,,1;2;3,6.934770854750832,pass,7.649617505914332,pass,True,True
279674412,4-6,pass,,1;3,7.821540240908494,pass,6.389833792759505,pass,True,True
279876524,4-6,pass,,17;18;24;25,12.870456499287162,exclude,6.1062181555643384,pass,True,False
279953886,7-12,exclude,P07: 0 sector(s) with CROWDSAP >= 0.9 after X10/X11,,,,,,False,False
279957399,13-inf,exclude,P07: 0 sector(s) with CROWDSAP >= 0.9 after X10/X11,,,,,,False,False
279979088,13-inf,pass,,14;15;16;17;18;19;20;21;22;23,8.743121662748845,pass,7.32352475384356,pass,True,True
280034976,13-inf,pass,,14;15;16;17;18;19;20;21;22;23,8.774457874513967,pass,7.807037986943703,pass,True,True
280035517,13-inf,pass,,14;15;16;17;18;19;20;21;22;23,11.80731285601548,exclude,9.272491522114684,exclude,False,False
280069218,13-inf,pass,,14;15;16;17;18;19;21;22;23;24,17.279809553398437,exclude,10.601238710922807,exclude,False,False
280070842,13-inf,pass,,14;15;16;17;18;19;20;21;22;23,12.021168743462663,exclude,9.445396014294888,exclude,False,False
280071089,13-inf,pass,,14;15;16;17;18;19;20;21;22;23,9.668637804160907,exclude,8.05508238081064,pass,True,False
280072356,13-inf,pass,,14;15;16;17;18;19;20;21;22;23,9.482336537480297,exclude,7.1158589084605515,pass,True,False
280073661,13-inf,pass,,14;15;16;17;18;19;20;21;22;23,9.53316836833218,exclude,9.774834352766998,exclude,False,False
280162536,13-inf,pass,,16;24,7.614098992573325,pass,6.6552396987344755,pass,True,True
280304863,2-3,exclude,P07: 0 sector(s) with CROWDSAP >= 0.9 after X10/X11,,,,,,False,False
280790195,4-6,pass,,3;4,5.1950015489807395,pass,6.502556114434977,pass,True,True
280831086,2-3,pass,,1;2;13,7.33028192904725,pass,8.34866891855452,pass,True,True
280867290,13-inf,pass,,11;12;13,9.39143668820086,exclude,10.948327514292933,exclude,False,False
280868316,4-6,pass,,87;88;89;93;94;95,9.819808317210317,exclude,8.61633655773479,pass,True,False
280868886,13-inf,pass,,1;4;7;11;12;13,10.68252916980115,exclude,8.144834476667857,pass,True,False
280909705,13-inf,pass,,4;11;12;13,12.083795632229393,exclude,6.70537972741444,pass,True,False
281191467,2-3,pass,,52;53,6.940579390320506,pass,5.432911529615765,pass,True,True
281495893,13-inf,pass,,3;4;6;7;8;9;10;13,14.63364906701484,exclude,10.949963019013936,exclude,False,False
281655530,2-3,pass,,35;45;46,10.808726703707292,exclude,7.610997216702128,pass,True,False
281786464,2-3,pass,,28;29,5.880786005504959,pass,4.860014207484822,pass,True,True
281839410,2-3,pass,,45;46,12.74155416397739,exclude,7.354010072498096,pass,True,False
281930612,2-3,pass,,45;46,7.308496829750399,pass,6.182166988473559,pass,True,True
282049722,13-inf,pass,,6;10;12,8.93091554079022,pass,7.547193956471674,pass,True,True
282087250,2-3,exclude,P07: 0 sector(s) with CROWDSAP >= 0.9 after X10/X11,,,,,,False,False
282171504,4-6,pass,,14;15,7.321069884256626,pass,4.623754416167899,pass,True,True
282924667,4-6,pass,,22;23,6.658565065531343,pass,6.79703961472399,pass,True,True
282927162,7-12,pass,,14;15;16;21;22;23,7.470038051880102,pass,8.371090490537279,pass,True,True
282927621,7-12,pass,,14;15;16;21;22;23,7.229375331183168,pass,8.716631837857008,pass,True,True
283786963,7-12,pass,,8,8.090662017544688,pass,6.156525126569517,pass,True,True
283828652,4-6,pass,,16;23;24,8.49710867291523,pass,7.9377184508762095,pass,True,True
284195049,13-inf,exclude,P07: 0 sector(s) with CROWDSAP >= 0.9 after X10/X11,,,,,,False,False
284195157,13-inf,pass,,1;2;3;4;5;6;7;8;9;10,11.066815594133644,exclude,6.6296917770626,pass,True,False
284196649,13-inf,pass,,2;3;4;5;6;7;8;9;10;12,9.122396810268992,exclude,9.317355969978829,exclude,False,False
284626405,4-6,pass,,14;15;21;22,7.827530609630441,pass,8.243365826108555,pass,True,True
284661762,2-3,pass,,23,5.165975298785627,pass,4.732688745264492,pass,True,True
284675847,2-3,pass,,32;43;44,10.007181094428038,exclude,8.869245374527873,pass,True,False
284676604,2-3,pass,,5,7.794787547209541,pass,6.67331735623143,pass,True,True
284679910,2-3,exclude,P07: 0 sector(s) with CROWDSAP >= 0.9 after X10/X11,,,,,,False,False
284891200,7-12,pass,,16;17;18;19;20;21;22;23;24;25,9.433907780485844,exclude,10.805033639265352,exclude,False,False
284892663,13-inf,exclude,P07: 0 sector(s) with CROWDSAP >= 0.9 after X10/X11,,,,,,False,False
284892749,13-inf,pass,,14;15;16;17;19;20;21;22;23;24,7.90961253770424,pass,6.7058976329233255,pass,True,True
284900411,4-6,pass,,19;22;24;25;26,8.90078799727469,pass,7.046519312965007,pass,True,True
284901325,7-12,pass,,14;16;17;20;23;24;26,11.044557915351843,exclude,7.0041588632067935,pass,True,False
284903300,7-12,pass,,14;17;24;25;26,10.75040621419721,exclude,7.861191506580175,pass,True,False
284928339,2-3,pass,,21,6.313921196846608,pass,5.806859090663955,pass,True,True
285093256,2-3,pass,,41;48,5.749164994832669,pass,6.448572850544816,pass,True,True
285117655,2-3,pass,,22,9.86392156293078,exclude,6.922283177209346,pass,True,False
286055732,4-6,pass,,8,5.855450477718815,pass,5.141226732183835,pass,True,True
286170847,7-12,pass,,16;22;23;24;25,7.643728015673523,pass,5.567866384936951,pass,True,True
286231807,4-6,pass,,23;24,6.486829422852995,pass,4.56219014951072,pass,True,True
286395865,4-6,pass,,9,5.984869989826897,pass,4.374023577396293,pass,True,True
286729352,2-3,pass,,45;46,6.671447731475594,pass,5.288284273364997,pass,True,True
286815361,2-3,exclude,P07: 0 sector(s) with CROWDSAP >= 0.9 after X10/X11,,,,,,False,False
287065065,4-6,pass,,14;15;16;23,18.6953711123354,exclude,19.67402393646869,exclude,False,False
287080121,13-inf,pass,,15;16;17;18;19;20;21;22;23;24,8.644533844080296,pass,6.336698854230938,pass,True,True
287080187,13-inf,pass,,14;15;16;17;18;19;20;21;22;23,8.559057519181241,pass,7.487597360391871,pass,True,True
287129532,4-6,pass,,14;16;17;20;23,11.880992110021136,exclude,11.545954719114118,exclude,False,False
287137584,13-inf,pass,,14;15;17;18;19;20;21;22;23;24,10.240278829472444,exclude,8.696903268627336,pass,True,False
287151936,13-inf,pass,,14;15;16;17;18;19;20;21;22;23,8.840447203289365,pass,7.7524153957154445,pass,True,True
287152535,13-inf,pass,,14;15;16;17;18;19;20;21;22;23,8.92783713966303,pass,7.242839986783017,pass,True,True
287185832,2-3,pass,,21,5.621436553216238,pass,7.340471705570547,pass,True,True
287259708,7-12,pass,,14;15;16;17;20;23,8.524731965146785,pass,8.006482456672833,pass,True,True
287274125,7-12,pass,,27;29;30;32;33;34;35;36;37;39,11.919589483426275,exclude,9.41595038685093,exclude,False,False
287328596,7-12,exclude,P07: 0 sector(s) with CROWDSAP >= 0.9 after X10/X11,,,,,,False,False
287348079,2-3,pass,,36;45;46,8.14170547846612,pass,7.9918715326682435,pass,True,True
287430858,7-12,pass,,2;3;6;9;10;12;13,9.213767335545288,exclude,8.290727475210407,pass,True,False
287568051,2-3,exclude,P07: 1 sector(s) with CROWDSAP >= 0.9 after X10/X11,,,,,,False,False
287589907,7-12,pass,,3;6;10;11;13,9.966736275703346,exclude,7.657105942037504,pass,True,False
287953237,4-6,pass,,3;6;10;11;12;13,11.091606281870428,exclude,9.432365025837436,exclude,False,False
287979081,7-12,pass,,10;11;12,10.14643420725286,exclude,6.992434765348215,pass,True,False
288133092,13-inf,pass,,14;15;20;21;26,11.830293719207988,exclude,13.560533442067596,exclude,False,False
288266795,7-12,pass,,14;15;18;19;20;21;25;26,13.06649963406998,exclude,7.943955651200137,pass,True,False
288268653,4-6,pass,,14;19;20;25;26,18.96211320184968,exclude,16.530138926146577,exclude,False,False
288269589,13-inf,pass,,14;18;19;20;21;22;25;26,11.489544517676038,exclude,7.388919639249256,pass,True,False
288298316,13-inf,pass,,14;19;20;24;25;26,12.110404365981102,exclude,7.389659478475894,pass,True,False
288298391,7-12,pass,,19;20;21;26,10.39106962357818,exclude,10.02387112129824,exclude,False,False
288316797,13-inf,pass,,14;18;19;20;21;24;25;26,15.1334176765145,exclude,8.013494152056298,pass,True,False
288345034,7-12,pass,,14;18;19;20;21;25;26,10.234590820237676,exclude,7.729698281832739,pass,True,False
288345106,13-inf,pass,,14;18;19;20;21;25;26,9.590322424403965,exclude,8.09060489834289,pass,True,False
288375338,2-3,pass,,10;11,6.0738412390707746,pass,5.830679384117511,pass,True,True
288390626,13-inf,pass,,14;15;18;19;20;21;24;25;26,10.768944618921642,exclude,8.538595168888843,pass,True,False
288468466,13-inf,pass,,14;18;19;20;21;24;25,10.45266719826416,exclude,8.922742511729451,pass,True,False
288487800,4-6,pass,,16;22;23,7.624550073404746,pass,8.332560223664276,pass,True,True
288510228,13-inf,pass,,14;15;16;17;18;19;20;21;22;23,13.538812994225331,exclude,7.981757594258195,pass,True,False
288599646,7-12,pass,,14;15;17;18;19;20;21;23;24;25,9.717332083607436,exclude,8.062508931784222,pass,True,False
288601772,13-inf,pass,,14;17;18;19;20;21;24;25;26,11.505372330531744,exclude,11.029325975651526,exclude,False,False
288602429,13-inf,pass,,14;18;19;20;21;24;25;26,8.719409344499987,pass,6.9317300743433234,pass,True,True
288603254,13-inf,pass,,14;15;16;17;18;19;20;21;22;23,8.8510304179348,pass,8.21630546262599,pass,True,True
288608492,7-12,pass,,18;19;20;24,8.97382336490348,pass,7.305145636370092,pass,True,True
288634165,7-12,pass,,14;15;17;18;19;20;21;22;23;24,9.537431619636422,exclude,9.514871615827504,exclude,False,False
288635288,13-inf,pass,,14;18;19;20;21;24;25;26,10.46743567732636,exclude,8.880141651960068,pass,True,False
288635871,4-6,exclude,P07: 0 sector(s) with CROWDSAP >= 0.9 after X10/X11,,,,,,False,False
288636033,7-12,pass,,14;18;19;20;25;26,10.324141148972387,exclude,12.098686989819152,exclude,False,False
288638522,13-inf,pass,,14;17;20;21,11.07829121723598,exclude,10.6132685284894,exclude,False,False
288671132,7-12,pass,,14;18;19;20;24;25;26,12.069923267206422,exclude,12.96557869427568,exclude,False,False
288735542,7-12,pass,,14;18;19;20;24;25;26,11.109168474708708,exclude,7.52722525559411,pass,True,False
289325518,4-6,pass,,14;26,8.226162676411457,pass,6.698639852837566,pass,True,True
289380626,4-6,pass,,19;25;26,6.857270797144189,pass,8.336320517907073,pass,True,True
289510559,7-12,pass,,15,6.612132516027381,pass,6.754690366640639,pass,True,True
289536774,13-inf,pass,,14;15;16;17;18;19;20;21;22;23,9.3019212182903,exclude,6.600796343828441,pass,True,False
289539950,13-inf,pass,,16;17;18;19;20;21;22;23;24,13.811201897529523,exclude,9.155328222964377,exclude,False,False
289545024,2-3,pass,,8,5.072177886929591,pass,4.27361746074805,pass,True,True
289569049,13-inf,pass,,14;15;16;17;18;19;20;21;22;23,12.694165526947565,exclude,12.721225161940948,exclude,False,False
289570607,13-inf,pass,,14;15;16;17;18;19;20;21;22;24,11.384412151708409,exclude,8.555237171282736,pass,True,False
289571095,7-12,pass,,14;17;18;19;20;21;22;23;24;25,14.187098869700364,exclude,9.382962039768186,exclude,False,False
289590127,7-12,pass,,40;47;48;49;50;51;52;53,9.272618326451038,exclude,8.13468343217286,pass,True,False
289621610,13-inf,pass,,14;15;17;18;19;20;21;22;23;24,8.928745048511635,pass,9.515628039124644,exclude,False,True
289819317,2-3,pass,,9,6.745152228294493,pass,6.3515270484600075,pass,True,True
289922302,7-12,pass,,19;20;26,9.296567904061204,exclude,7.850523334765124,pass,True,False
289992527,4-6,pass,,19;20;25;26,10.226129569108377,exclude,6.721477138009829,pass,True,False
290192825,4-6,pass,,56,4.8900368508653544,pass,5.1463690638176205,pass,True,True
290236103,4-6,pass,,27,7.350840263418134,pass,5.654100290345415,pass,True,True
290305110,7-12,pass,,1;13,6.893175429687101,pass,8.11263166110575,pass,True,True
290553990,2-3,pass,,8,5.050569636009002,pass,4.858782908230069,pass,True,True
290604534,2-3,pass,,27;28,7.784988257640571,pass,7.993657969783381,pass,True,True
290654608,2-3,exclude,P07: 1 sector(s) with CROWDSAP >= 0.9 after X10/X11,,,,,,False,False
290655395,4-6,pass,,4;5;6;7,8.719535578669772,pass,7.9522293451942385,pass,True,True
290754113,4-6,pass,,6,5.083559005992932,pass,6.155548660472159,pass,True,True
290975310,2-3,pass,,45;46,8.663467511094117,pass,8.786990503934298,pass,True,True
291005474,2-3,exclude,P07: 0 sector(s) with CROWDSAP >= 0.9 after X10/X11,,,,,,False,False
291017714,2-3,pass,,45;46;49,14.396703457130966,exclude,11.6009652803247,exclude,False,False
291091020,4-6,pass,,22,5.877007141690288,pass,5.974014308635471,pass,True,True
293165020,13-inf,pass,,1;2;3;4;5;6;8;9;11;12,17.71084542342496,exclude,7.868954225767853,pass,True,False
293267910,13-inf,pass,,2;3;4;5;6;7;8;9;10;12,8.776478690717294,pass,7.3648117334757215,pass,True,True
293269165,13-inf,exclude,P07: 0 sector(s) with CROWDSAP >= 0.9 after X10/X11,,,,,,False,False
293346194,7-12,exclude,P07: 0 sector(s) with CROWDSAP >= 0.9 after X10/X11,,,,,,False,False
293458314,2-3,pass,,30;42;43,8.588875007861203,pass,7.604906317998432,pass,True,True
293483877,2-3,pass,,67;68,7.432426431098256,pass,5.986940712575839,pass,True,True
293494767,4-6,exclude,P07: 0 sector(s) with CROWDSAP >= 0.9 after X10/X11,,,,,,False,False
293526840,2-3,pass,,1;13,8.115488371587883,pass,7.342020999114524,pass,True,True
293686787,4-6,pass,,15;16;22;23,9.268724230095795,exclude,7.934816329249374,pass,True,False
293805252,4-6,pass,,14;15;16;20,18.686265938122578,exclude,15.036404975883755,exclude,False,False
293969230,4-6,pass,,33;35;36;39,14.192314594520123,exclude,10.83944081373451,exclude,False,False
294204563,7-12,pass,,6;7;8;9;10;12;13,9.706926484977451,exclude,8.50651108957467,pass,True,False
294209976,2-3,pass,,7;8,6.161370002667441,pass,4.664261308247967,pass,True,True
294669946,7-12,pass,,3;4;6;7;8;9;10;11;12;13,10.628613202480654,exclude,10.92881006891644,exclude,False,False
294769703,4-6,exclude,P07: 0 sector(s) with CROWDSAP >= 0.9 after X10/X11,,,,,,False,False
294928018,13-inf,pass,,7,7.46711414381472,pass,6.593188396305206,pass,True,True
295047203,2-3,pass,,12;13,6.014244098153323,pass,6.744096805790551,pass,True,True
295125193,4-6,exclude,P07: 0 sector(s) with CROWDSAP >= 0.9 after X10/X11,,,,,,False,False
297076422,4-6,pass,,10,6.325129337731125,pass,6.015011598936938,pass,True,True
297696978,7-12,pass,,18;19;25,8.89959446818802,pass,7.540505377841895,pass,True,True
298072822,4-6,pass,,14;15;20;21,9.62939819480253,exclude,6.387178497279759,pass,True,False
298074205,4-6,pass,,40;41;47;48,10.85940079486648,exclude,9.176759074368952,exclude,False,False
298107954,7-12,pass,,15;16;21;22,7.462414235385301,pass,6.903130286910597,pass,True,True
298183189,2-3,pass,,22;23,7.290668374694416,pass,7.242892178222586,pass,True,True
298266641,7-12,pass,,15;16;19;22;23;24;25;26,12.982309480147917,exclude,9.360213539421885,exclude,False,False
298289582,13-inf,pass,,16;17;18;19;20;21;22;23;24;25,17.17948156977427,exclude,10.020239000976796,exclude,False,False
298441199,2-3,pass,,25,11.084893666492238,exclude,7.321261080697237,pass,True,False
298601369,2-3,pass,,14;25;26,9.16553865553926,exclude,8.275481939216608,pass,True,False
298647762,7-12,pass,,14;15;18;21;24;25;26,12.769840643554284,exclude,9.33128530850767,exclude,False,False
298648506,7-12,pass,,14;15;18;21;24;25;26,8.327236988509231,pass,6.5835435132639955,pass,True,True
298663845,13-inf,pass,,14;15;16;17;18;19;20;21;22;23,9.780902029554555,exclude,8.76676499872916,pass,True,False
298732428,7-12,pass,,14;15;18;19;21;22;25;26,8.588986071573688,pass,6.5574402673922485,pass,True,True
298781076,7-12,pass,,25;26,6.973520076593466,pass,4.9624075536850425,pass,True,True
298896336,7-12,pass,,26,5.955376016538122,pass,4.511351863566366,pass,True,True
298957743,2-3,pass,,5,6.165821129084925,pass,4.953736997580682,pass,True,True
299029211,7-12,exclude,P07: 0 sector(s) with CROWDSAP >= 0.9 after X10/X11,,,,,,False,False
299833015,13-inf,pass,,1;2;3;4;5;6;7;8;9;10,10.228448440168677,exclude,7.705215371095648,pass,True,False
299900425,7-12,pass,,4;5;10;13,9.767223640322843,exclude,7.901480094485627,pass,True,False
299942210,7-12,pass,,87;88;89;90;93;95;96,11.544983524602076,exclude,12.292708933236495,exclude,False,False
300034670,7-12,pass,,1;2;3;4;5;6;8;9;10;11,10.045547023823268,exclude,6.709894252815578,pass,True,False
300039564,13-inf,pass,,1;2;3;4;5;6;7;8;9;10,11.177733819858414,exclude,8.934841720541634,pass,True,False
300137488,7-12,exclude,P07: 0 sector(s) with CROWDSAP >= 0.9 after X10/X11,,,,,,False,False
300141025,13-inf,pass,,1;2;3;4;5;6;7;8;9;10,12.010020153741324,exclude,8.969534537603073,pass,True,False
300144558,4-6,pass,,6;7,9.898782506666723,exclude,7.919291180069132,pass,True,False
300160400,7-12,pass,,4;5;6;7;8;9;10;12;13,7.559208362988457,pass,7.1283043042060275,pass,True,True
300163348,7-12,pass,,1;2;4;5;6;7;8;9;10;11,7.227677081929452,pass,6.8951186762364784,pass,True,True
300164610,7-12,exclude,P07: 0 sector(s) with CROWDSAP >= 0.9 after X10/X11,,,,,,False,False
300241889,13-inf,pass,,2;3;4;5;6;7;8;9;10;12,12.379575837271688,exclude,8.474865292045044,pass,True,False
300244204,13-inf,pass,,1;2;3;4;5;6;7;8;9;11,6.995302974410531,pass,6.300816443691573,pass,True,True
300287989,4-6,pass,,88;89;94;95;96,9.619463000063208,exclude,6.1040511618363995,pass,True,False
300324667,13-inf,pass,,12;13,8.346404810182547,pass,7.346441378545511,pass,True,True
300324697,7-12,pass,,87;88;89;90;93;94;95;96,10.724653200809596,exclude,8.333609034348598,pass,True,False
300442826,13-inf,exclude,P07: 0 sector(s) with CROWDSAP >= 0.9 after X10/X11,,,,,,False,False
300509402,7-12,pass,,4;5;6;7;8;9;10;11;12;13,11.751867932726846,exclude,8.107447157399982,pass,True,False
300558459,13-inf,pass,,1;2;3;5;6;7;8;9;10;11,16.492455067687445,exclude,6.824441908230377,pass,True,False
300652548,13-inf,pass,,37,6.435634906034653,pass,6.097790923625787,pass,True,True
300707571,7-12,pass,,87;88;89;90;93;94;95;96,15.034989642330624,exclude,9.417770547202498,exclude,False,False
300808111,7-12,pass,,4;5;6;7;8;9;12,12.98931341719722,exclude,11.825282463291405,exclude,False,False
300814213,13-inf,pass,,1;2;3;4;5;6;7;8;9;10,15.47024000854916,exclude,8.903935198340202,pass,True,False
300863866,13-inf,pass,,27;28;29;30;31;32;33;34;35;36,10.117343893469483,exclude,6.513331100683945,pass,True,False
300866979,13-inf,pass,,1;2;3;4;5;6;7;8;9;10,15.660183878167484,exclude,12.100271499003693,exclude,False,False
300869410,13-inf,pass,,1;2;3;4;5;6;7;8;9;10,8.865189298082122,pass,7.6081761841161315,pass,True,True
300935162,13-inf,pass,,1;2;3;4;5;6;7;8;9;10,18.80624374969527,exclude,14.36702664687581,exclude,False,False
300938299,7-12,pass,,87;88;89;93;94;95;96,12.266538232252255,exclude,6.54395052578629,pass,True,False
300939511,13-inf,pass,,1;2;3;4;5;6;7;8;9;10,8.174675888499168,pass,7.055996912321362,pass,True,True
301020470,2-3,pass,,4,5.393988957281656,pass,4.929368637507193,pass,True,True
301021917,2-3,pass,,30;31,7.080211511811453,pass,6.516319573828064,pass,True,True
301082720,2-3,pass,,31;32,6.509813966448352,pass,6.479310898618417,pass,True,True
301082854,2-3,pass,,31;32,6.641990297559278,pass,5.94515960315685,pass,True,True
301797581,4-6,pass,,18,5.600500556357279,pass,5.734170613923906,pass,True,True
301867386,4-6,pass,,5;9;10;11,12.111274218923691,exclude,11.815218685836834,exclude,False,False
301871184,2-3,pass,,42;43,7.225451762076438,pass,8.801317297806536,pass,True,True
301927363,4-6,pass,,2;9;10;11;12,14.03380976752674,exclude,15.373957612343512,exclude,False,False
302211575,7-12,pass,,9;10;11,6.858885080588603,pass,5.842102050785701,pass,True,True
302241857,4-6,pass,,44;45;46;47,7.657681789512235,pass,6.198486778887192,pass,True,True
302242001,4-6,pass,,44;45;46;47,7.592498426963519,pass,6.97976298814181,pass,True,True
302285797,2-3,pass,,10;11,10.8528094526931,exclude,5.597106156513954,pass,True,False
302302736,4-6,pass,,44;45;46;47,8.84630158213352,pass,7.347331103755027,pass,True,True
302350673,2-3,pass,,14;15;21,9.091332447885156,exclude,5.783528630045882,pass,True,False
302362581,7-12,pass,,19;20;26,14.659745842187863,exclude,6.106281453234181,pass,True,False
302398417,4-6,pass,,19;20;26,11.182031287531778,exclude,8.784718130661268,pass,True,False
302553786,2-3,pass,,52,6.321381328850789,pass,4.462376379901777,pass,True,True
302964354,4-6,pass,,5;6,7.953455956561176,pass,6.9981912547474945,pass,True,True
303217572,2-3,pass,,10;11;12,10.721450949946451,exclude,6.899297043646751,pass,True,False
303365807,2-3,pass,,42;43,6.159955299286859,pass,6.262005293323642,pass,True,True
303584211,2-3,pass,,2,5.7909407477679125,pass,5.36799093409988,pass,True,True
304032438,4-6,pass,,1;13,12.320641616487556,exclude,10.31065601716106,exclude,False,False
304101555,4-6,pass,,1;2;13,9.654781644385215,exclude,7.324194028667993,pass,True,False
304103353,2-3,pass,,1;2;13,8.634237521662818,pass,7.807488967662694,pass,True,True
304686869,4-6,pass,,10;11,7.08926620776441,pass,5.675025004445576,pass,True,True
304983634,4-6,pass,,13,5.1218339995877535,pass,5.338882576215521,pass,True,True
305233145,2-3,pass,,15;16,5.6303047920991105,pass,6.084990702940643,pass,True,True
305237897,2-3,pass,,15;16,5.720212295591481,pass,5.223974991121307,pass,True,True
305852772,7-12,pass,,15;16,7.924346451813314,pass,5.69107739899774,pass,True,True
306470809,13-inf,pass,,1;2;3;4;5;6;7;8;9;11,8.398980670279121,pass,10.555036366955164,exclude,False,True
306512813,13-inf,pass,,1;2;3;4;5;6;8;9;10;11,9.937118089173458,exclude,8.762402818063496,pass,True,False
306579544,7-12,pass,,5;6;8;9;11,17.103326037240688,exclude,12.196175360559032,exclude,False,False
306631299,13-inf,pass,,1;2;3;4;5;6;7;8;9;10,9.15678460340577,exclude,8.338193622289953,pass,True,False
306635821,13-inf,pass,,1;2;3;4;5;6;7;8;9;10,8.560310983243156,pass,7.066454767084177,pass,True,True
306735920,7-12,pass,,1;2;5;7;9;10;12,13.964285044171984,exclude,10.3456569127582,exclude,False,False
306740840,7-12,exclude,P07: 1 sector(s) with CROWDSAP >= 0.9 after X10/X11,,,,,,False,False
306772594,13-inf,pass,,1;2;3;4;5;6;7;8;9;10,9.794858737809278,exclude,9.167121816379714,exclude,False,False
306779124,13-inf,pass,,1;2;3;4;5;6;7;8;9;10,18.226689922602844,exclude,9.628911405554057,exclude,False,False
306932279,13-inf,pass,,2;3;5;6;8;9;10;11;12;13,10.72211784022937,exclude,10.903231872143722,exclude,False,False
306934657,13-inf,pass,,1;2;5;6;8;9;11;12,10.977684515144022,exclude,8.749616157337295,pass,True,False
307087051,7-12,pass,,1;2;5;8;9;10;11;12,11.27713117185748,exclude,8.58499129611578,pass,True,False
307087369,7-12,exclude,P07: 0 sector(s) with CROWDSAP >= 0.9 after X10/X11,,,,,,False,False
307216840,13-inf,pass,,2;5;8;9;10;11;12,17.28919015334438,exclude,10.232618338302755,exclude,False,False
307434078,2-3,pass,,10;11,7.153037474098477,pass,7.392469566119447,pass,True,True
307489138,7-12,pass,,29;32;35;36;38;39,12.552331378056916,exclude,8.18044942288303,pass,True,False
307571449,4-6,exclude,P07: 0 sector(s) with CROWDSAP >= 0.9 after X10/X11,,,,,,False,False
307762301,2-3,pass,,22,6.749526264098227,pass,4.898673021275654,pass,True,True
307849590,7-12,pass,,5;8;9;10;11,6.954966803973324,pass,7.665182926206363,pass,True,True
307955351,13-inf,pass,,14;15;16;17;18;19;20;21;22;23,13.72975429310977,exclude,7.408623599558408,pass,True,False
307955457,13-inf,pass,,14;15;16;17;18;19;20;21;22;23,12.041759157321446,exclude,8.650353544350354,pass,True,False
307984280,7-12,pass,,24;25;26,6.30080487771438,pass,6.016460623766439,pass,True,True
307984793,7-12,exclude,P07: 0 sector(s) with CROWDSAP >= 0.9 after X10/X11,,,,,,False,False
307986421,4-6,pass,,56;57;58;59;60,8.817576606447137,pass,7.152807567089941,pass,True,True
308000585,4-6,exclude,P07: 0 sector(s) with CROWDSAP >= 0.9 after X10/X11,,,,,,False,False
308211245,2-3,exclude,P07: 0 sector(s) with CROWDSAP >= 0.9 after X10/X11,,,,,,False,False
308398336,7-12,pass,,4;5;7;8;9;10;11;12,9.614627891710851,exclude,8.871782216482567,pass,True,False
308449735,4-6,pass,,4;7;9;10;11,10.930341204891835,exclude,9.457923581230848,exclude,False,False
308663384,7-12,pass,,1;2;4;5;8;9;10;11;12,8.859730802884002,pass,8.96629276496983,pass,True,True
308747556,2-3,pass,,9;10,9.11252248364582,exclude,6.729524369201987,pass,True,False
308930798,2-3,pass,,35;36,9.684787265777125,exclude,6.805216219566537,pass,True,False
308939677,2-3,exclude,P07: 0 sector(s) with CROWDSAP >= 0.9 after X10/X11,,,,,,False,False
308983576,4-6,pass,,9,4.779640157165941,pass,4.91236404986176,pass,True,True
308995977,2-3,pass,,8;9;10,6.820033211098751,pass,6.353976403946199,pass,True,True
309001972,4-6,pass,,59;71;72,6.4470965455751035,pass,6.555266440097949,pass,True,True
309145476,4-6,pass,,1;4;8;9;10;11,14.060531417322125,exclude,11.117672676145126,exclude,False,False
309179410,4-6,pass,,11,6.85027546971313,pass,6.453005826552604,pass,True,True
309254123,2-3,pass,,9;10,12.123298691626102,exclude,12.674242773971043,exclude,False,False
309256566,2-3,exclude,P07: 0 sector(s) with CROWDSAP >= 0.9 after X10/X11,,,,,,False,False
309401404,4-6,pass,,88;89;90;96,12.492892283488665,exclude,6.424378998912956,pass,True,False
309623584,7-12,pass,,5;8;9;10,13.152881030124773,exclude,9.681774574057249,exclude,False,False
309698892,13-inf,pass,,1;2;3;4;5;6;7;8;9;10,8.61932888445968,pass,8.40647984698443,pass,True,True
309700725,7-12,pass,,1;2;4;5;6;7;8;9;10;11,8.502847817522287,pass,7.106538142980929,pass,True,True
309754803,7-12,pass,,27;28;29;30;32;33;34;35;36;37,12.959624758861509,exclude,8.345202498556905,pass,True,False
309790592,7-12,exclude,P07: 0 sector(s) with CROWDSAP >= 0.9 after X10/X11,,,,,,False,False
309922205,4-6,pass,,24;25,7.426656816897041,pass,6.74688840226048,pass,True,True
309965455,7-12,pass,,14;20;26,8.844814084389531,pass,10.609033280031165,exclude,False,True
310001905,7-12,pass,,40;41;47;48;53,7.949377867395892,pass,7.786584439439009,pass,True,True
310098477,2-3,pass,,21;22;23,5.872189103390276,pass,5.251968999381532,pass,True,True
310307742,7-12,pass,,8;9;10;11,13.699566602051892,exclude,13.692248376741736,exclude,False,False
310352540,4-6,pass,,15;16;22;23,9.19961363271167,exclude,7.719361783071226,pass,True,False
310355676,4-6,pass,,12,8.071215308077749,pass,5.9401204225526065,pass,True,True
310362891,2-3,pass,,49;50,8.64686182865074,pass,5.2016079950099545,pass,True,True
310979172,4-6,pass,,42,5.09681055300474,pass,5.097576698923294,pass,True,True
310981801,4-6,pass,,40;41;47;48,10.10591712301742,exclude,6.17736322291318,pass,True,False
310995812,4-6,exclude,P07: 0 sector(s) with CROWDSAP >= 0.9 after X10/X11,,,,,,False,False
311001487,4-6,pass,,15;16;22;23,10.522821855520672,exclude,12.446575636329843,exclude,False,False
311056657,2-3,pass,,29;42,7.609254675595851,pass,10.060228978754264,exclude,False,True
311234812,13-inf,exclude,P07: 0 sector(s) with CROWDSAP >= 0.9 after X10/X11,,,,,,False,False
311234972,13-inf,pass,,14;15;17;18;19;20;21;22;23;24,11.779719190903837,exclude,7.821309206341034,pass,True,False
311235273,13-inf,pass,,14;15;16;17;18;20;21;23;24;25,12.573190988358208,exclude,6.583962448988251,pass,True,False
311236278,7-12,pass,,16;17;18;19;20;21;22;23;24;25,10.619504485865454,exclude,9.053423111365907,exclude,False,False
311377945,4-6,exclude,P07: 0 sector(s) with CROWDSAP >= 0.9 after X10/X11,,,,,,False,False
311443180,2-3,pass,,19,6.77282191549031,pass,6.714959075141362,pass,True,True
311856830,2-3,exclude,P07: 0 sector(s) with CROWDSAP >= 0.9 after X10/X11,,,,,,False,False
312185288,2-3,pass,,45;46,8.721981368348926,pass,4.883160253250109,pass,True,True
313305089,2-3,pass,,14;20;21,6.956284537314246,pass,5.9167680617822525,pass,True,True
313485314,4-6,pass,,14;15;20;21,9.306398644356408,exclude,6.123854488318958,pass,True,False
313590845,7-12,pass,,14;17;20;23;24;25;26,10.817686808716571,exclude,7.992552364267242,pass,True,False
314825813,4-6,pass,,2;9;12,8.42101197832425,pass,7.194785864454485,pass,True,True
314829171,7-12,pass,,1;2;6;9;13,8.794662336827704,pass,6.6836252331156665,pass,True,True
315758126,7-12,pass,,18;19;20;24;25,8.586138377180392,pass,8.297814836746758,pass,True,True
315910378,2-3,exclude,P07: 0 sector(s) with CROWDSAP >= 0.9 after X10/X11,,,,,,False,False
316256708,2-3,pass,,15;16;22,8.379032000782546,pass,8.314164546105566,pass,True,True
316258758,4-6,pass,,16;22,8.02742471025445,pass,6.217191750070841,pass,True,True
316420315,4-6,pass,,15;16;22;23,9.469131824874896,exclude,5.856674520906861,pass,True,False
316494199,4-6,pass,,25;26,6.825390577150069,pass,5.8704811544470985,pass,True,True
316517667,4-6,pass,,18;19,6.608785556794422,pass,5.1347396547632185,pass,True,True
316937718,7-12,pass,,1;2,6.4996222189587005,pass,6.3728067236563515,pass,True,True
316976676,7-12,pass,,1;2;3;4;11,15.670585460171546,exclude,18.165389617414643,exclude,False,False
318234926,2-3,pass,,27;39,9.89665855229981,exclude,8.811163611892127,pass,True,False
318612083,4-6,pass,,12;13,9.310294432993128,exclude,9.78692962160078,exclude,False,False
318928983,4-6,pass,,4,6.896996250963292,pass,5.793734038638483,pass,True,True
318966154,2-3,pass,,4,8.616694678653694,pass,9.854567904790226,exclude,False,True
319257744,7-12,pass,,2;7,8.393623248990233,pass,6.980881057996389,pass,True,True
319555654,4-6,pass,,19;25;26,7.938813141504787,pass,6.388898575088611,pass,True,True
320198956,2-3,pass,,44;45,5.8720010186300495,pass,5.457998085225837,pass,True,True
320323542,13-inf,pass,,14;15;16;17;18;19;20;21;22;23,19.591154007360956,exclude,19.74447859026201,exclude,False,False
320340060,4-6,pass,,33;34,6.165019012986323,pass,5.5096750504745975,pass,True,True
320498138,13-inf,pass,,14;15;16;17;18;19;20;21;23;24,8.503644863851525,pass,6.81537793478288,pass,True,True
320499982,7-12,exclude,P07: 0 sector(s) with CROWDSAP >= 0.9 after X10/X11,,,,,,False,False
320501933,13-inf,pass,,14;15;16;17;18;19;20;21;22;23,9.735277398497274,exclude,7.825808192007663,pass,True,False
321068175,4-6,exclude,P07: 0 sector(s) with CROWDSAP >= 0.9 after X10/X11,,,,,,False,False
321293016,2-3,pass,,9,4.532227363630117,pass,4.8763367425513255,pass,True,True
321544346,4-6,pass,,16;17;18;24;25,20.41080022813466,exclude,18.00793232551034,exclude,False,False
321844134,4-6,pass,,25;26,5.4109269724306515,pass,5.43803877903106,pass,True,True
322320510,4-6,pass,,16;17;18;24;25,9.8602694377022,exclude,10.500056938079052,exclude,False,False
322325725,7-12,pass,,17;18;25,10.511157994020063,exclude,7.074453818564779,pass,True,False
322356178,4-6,pass,,26,4.311740401859058,pass,4.130796948015084,pass,True,True
322362529,4-6,pass,,15;16,7.843383252338691,pass,6.348085379786551,pass,True,True
322810184,2-3,pass,,10,6.393478675244058,pass,6.551782199890308,pass,True,True
323463874,4-6,pass,,11;12;13,9.78341261570849,exclude,5.5812233806905995,pass,True,False
323878388,7-12,pass,,11;12;13,6.835304398180819,pass,7.543040141010586,pass,True,True
324656458,2-3,pass,,27;39,8.583650117084362,pass,6.565681799911042,pass,True,True
325202247,7-12,exclude,P07: 0 sector(s) with CROWDSAP >= 0.9 after X10/X11,,,,,,False,False
325562128,4-6,pass,,12;13,8.682800069760873,pass,8.107987321986053,pass,True,True
326199506,2-3,pass,,24;25,7.153604516518095,pass,7.119408897424641,pass,True,True
326201069,4-6,pass,,18;19;24;25,9.602031049343864,exclude,8.444376295509644,pass,True,False
326201351,7-12,pass,,18;24,10.219900971108247,exclude,7.745019615112664,pass,True,False
327724954,2-3,exclude,P07: 1 sector(s) with CROWDSAP >= 0.9 after X10/X11,,,,,,False,False
328232390,2-3,pass,,4,6.699325294757744,pass,4.705424723693479,pass,True,True
328901035,4-6,exclude,P07: 0 sector(s) with CROWDSAP >= 0.9 after X10/X11,,,,,,False,False
328960420,2-3,pass,,23,5.858524019653924,pass,5.006763030213733,pass,True,True
329248721,13-inf,pass,,14;16;17;18;20;21;23;24;25;26,10.16146324083329,exclude,8.118440746510835,pass,True,False
329248925,7-12,pass,,14;15;16;17;18;19;20;21;23;24,10.20310127976441,exclude,6.913994908774531,pass,True,False
329250015,13-inf,pass,,15;16;17;18;19;20;21;22;23;24,11.479464095473054,exclude,7.973964099867161,pass,True,False
330658824,2-3,pass,,44;45;46,7.910425679273303,pass,6.3091560694390125,pass,True,True
331300217,2-3,pass,,14;15,8.236997665255773,pass,7.068735826649464,pass,True,True
331573567,2-3,pass,,14;15,7.6735954394548544,pass,7.021206414932416,pass,True,True
331634064,7-12,exclude,P07: 0 sector(s) with CROWDSAP >= 0.9 after X10/X11,,,,,,False,False
331655939,2-3,pass,,19;25;26,11.003827945138765,exclude,16.306467831051066,exclude,False,False
332208819,2-3,pass,,20,5.534591863654753,pass,5.783531026139711,pass,True,True
332476910,13-inf,pass,,14;15;16;17;18;19;20;21;22;23,9.054608471045984,exclude,7.755177641898696,pass,True,False
332477988,7-12,exclude,P07: 0 sector(s) with CROWDSAP >= 0.9 after X10/X11,,,,,,False,False
332698240,2-3,pass,,5,4.712691224515589,pass,5.0916454026937625,pass,True,True
332858289,2-3,pass,,6,6.448454580639708,pass,3.927383895735473,pass,True,True
332888505,4-6,pass,,11,4.89805103414618,pass,5.671704533934016,pass,True,True
333605244,4-6,pass,,30;42;43,10.517914230202011,exclude,8.693492649572368,pass,True,False
333794492,4-6,pass,,9,6.715843051870061,pass,6.210136238289243,pass,True,True
333794682,2-3,pass,,9,6.491644830722213,pass,4.437742643935742,pass,True,True
333866432,7-12,pass,,17;19;23;25;26,9.084913705094976,exclude,10.310642685920389,exclude,False,False
334311921,7-12,pass,,19;20,13.048408316615992,exclude,17.05363385199551,exclude,False,False
334651890,7-12,pass,,14;15;21;22;23;24,8.5918139728369,pass,7.719432528757133,pass,True,True
334754252,7-12,pass,,16;17;18;19;21;24;25,8.021396992057182,pass,9.769425177851463,exclude,False,True
334779691,13-inf,exclude,P07: 0 sector(s) with CROWDSAP >= 0.9 after X10/X11,,,,,,False,False
334779692,13-inf,exclude,P07: 0 sector(s) with CROWDSAP >= 0.9 after X10/X11,,,,,,False,False
334797954,4-6,pass,,47;48;49;50;51;52,20.402770039270735,exclude,20.578639066585225,exclude,False,False
334798364,13-inf,pass,,14;15;16;17;18;19;20;21;22;23,10.54913944841407,exclude,7.298402156290962,pass,True,False
334799482,7-12,pass,,16;19;20;23;24;25;26,11.212961234927455,exclude,9.320861469701546,exclude,False,False
334831854,13-inf,pass,,14;16;17;18;19;20;21;22;23;24,8.667136340618988,pass,8.912046183810554,pass,True,True
335610394,4-6,pass,,20,5.763852085312435,pass,5.388170200231971,pass,True,True
335682158,4-6,pass,,14;15;16;21;23,10.536910938814376,exclude,8.535608996851773,pass,True,False
335682523,4-6,pass,,41;48;49;50,13.728341448035016,exclude,7.978668528578309,pass,True,False
335682956,7-12,pass,,15;16;21;22;23,7.158708578797159,pass,7.6313332039377535,pass,True,True
335746280,7-12,pass,,15,5.5799517842831365,pass,6.9220797218238825,pass,True,True
335964703,13-inf,pass,,14;15;16;17;18;20;21;22;23;24,9.68273834777764,exclude,8.785408615803272,pass,True,False
336007244,7-12,pass,,40;47;48;49;50;51;52,10.239171538437647,exclude,8.050690504083649,pass,True,False
336105245,7-12,pass,,16;17;18;19;24;25;26,9.488363102994796,exclude,8.94010349042325,pass,True,False
336778628,2-3,pass,,42;43,8.007231985095153,pass,7.980738421058395,pass,True,True
337373439,7-12,pass,,16;17,8.188602225594567,pass,9.382820144734612,exclude,False,True
337732281,2-3,pass,,45;46,6.631855693662626,pass,6.265536041228007,pass,True,True
338162079,2-3,exclude,P07: 1 sector(s) with CROWDSAP >= 0.9 after X10/X11,,,,,,False,False
339375400,7-12,pass,,13,5.487986555292326,pass,4.48348601398729,pass,True,True
339577695,7-12,pass,,1;2,10.863380551686772,exclude,6.109294353073722,pass,True,False
339632743,7-12,pass,,27;28;29;30;31;32;33;34;36;37,7.970351972030573,pass,8.393643755436235,pass,True,True
339668062,7-12,pass,,7;9,6.333817777411731,pass,6.140112614402427,pass,True,True
339862021,7-12,pass,,87;88;89;90;93;94;95,9.18480221575855,exclude,9.176094554302892,exclude,False,False
339885023,7-12,pass,,3;6;7;9;10;13,13.048125558700228,exclude,11.27706822893569,exclude,False,False
339957910,7-12,pass,,3;6;7;8;9;10;13,19.639495774268937,exclude,18.84059489556915,exclude,False,False
339957991,4-6,exclude,P07: 0 sector(s) with CROWDSAP >= 0.9 after X10/X11,,,,,,False,False
340006994,4-6,exclude,P07: 0 sector(s) with CROWDSAP >= 0.9 after X10/X11,,,,,,False,False
340007208,2-3,exclude,P07: 0 sector(s) with CROWDSAP >= 0.9 after X10/X11,,,,,,False,False
340062306,2-3,exclude,P07: 0 sector(s) with CROWDSAP >= 0.9 after X10/X11,,,,,,False,False
341078639,7-12,pass,,13,7.59484087488615,pass,4.545307121289306,pass,True,True
341424941,2-3,exclude,P07: 0 sector(s) with CROWDSAP >= 0.9 after X10/X11,,,,,,False,False
341501417,4-6,pass,,22,7.886415072044637,pass,8.643469843793351,pass,True,True
341522464,2-3,pass,,22,5.024114348303694,pass,7.127808734559151,pass,True,True
341614732,4-6,exclude,P07: 0 sector(s) with CROWDSAP >= 0.9 after X10/X11,,,,,,False,False
341618557,7-12,pass,,20,5.508943959233087,pass,4.987599557728516,pass,True,True
341630038,4-6,pass,,14;19;20;26,9.36066472468558,exclude,8.405937232645627,pass,True,False
341762536,2-3,exclude,P07: 0 sector(s) with CROWDSAP >= 0.9 after X10/X11,,,,,,False,False
341816295,13-inf,pass,,14;15;16;17;18;19;20;21;22;23,7.682441125242189,pass,8.438380187315436,pass,True,True
341871810,13-inf,pass,,18;19;20;21;22;23;24;25;26,9.38968679237117,exclude,7.96676776286365,pass,True,False
341873878,13-inf,pass,,14;15;16;17;18;20;21;22;23;24,10.083555385349593,exclude,11.365582216201592,exclude,False,False
341910523,2-3,exclude,P07: 0 sector(s) with CROWDSAP >= 0.9 after X10/X11,,,,,,False,False
342518852,2-3,exclude,P07: 0 sector(s) with CROWDSAP >= 0.9 after X10/X11,,,,,,False,False
343450178,4-6,pass,,12;13,6.724462241992277,pass,6.134466866950103,pass,True,True
344024288,4-6,pass,,6;7;8,7.894845975195308,pass,7.429741883860706,pass,True,True
344277550,2-3,exclude,P07: 0 sector(s) with CROWDSAP >= 0.9 after X10/X11,,,,,,False,False
344282518,2-3,pass,,42;43,12.00244210555785,exclude,9.90987938421317,exclude,False,False
344297583,4-6,pass,,30;42;43,11.652041467797314,exclude,14.679337367763642,exclude,False,False
344773008,2-3,pass,,42;43,7.14557042214984,pass,5.597436431467971,pass,True,True
344858976,2-3,pass,,35;45;46,12.394858630896197,exclude,8.320169883101652,pass,True,False
345035899,4-6,pass,,8,5.329068295014855,pass,5.211309657671197,pass,True,True
345076629,2-3,pass,,45;46,13.605671412894663,exclude,13.45734066520605,exclude,False,False
345450874,2-3,exclude,P07: 0 sector(s) with CROWDSAP >= 0.9 after X10/X11,,,,,,False,False
345945610,2-3,pass,,37;46,7.663530640482456,pass,8.010147260018234,pass,True,True
346436416,2-3,pass,,16,5.279726012544519,pass,4.61363878584073,pass,True,True
346444653,7-12,pass,,14;19;20;26,10.811689853400363,exclude,12.922572182595225,exclude,False,False
346446228,7-12,pass,,14;19;20;26,7.988858941654128,pass,8.194336537362,pass,True,True
346594558,4-6,pass,,18,7.38735037648842,pass,7.693574719940749,pass,True,True
346893546,2-3,pass,,42;43,7.735744898684104,pass,5.968437598421279,pass,True,True
347590875,4-6,pass,,9,4.708725631324543,pass,4.32098107214739,pass,True,True
347624632,2-3,pass,,9,6.0743127376294535,pass,5.31899220480028,pass,True,True
348718444,13-inf,pass,,1;13,7.143970068316997,pass,7.577781057996715,pass,True,True
348788705,4-6,pass,,8,4.802780745293125,pass,3.968091284260269,pass,True,True
348795333,7-12,pass,,6;7,7.129931744209093,pass,9.409392445315762,exclude,False,True
348894229,13-inf,pass,,1;2;3;4;6;7;8;9;10;11,27.2717556690564,exclude,31.67822115579968,exclude,False,False
348898884,13-inf,pass,,1;2;3;4;5;6;7;8;9;10,9.031819035392203,exclude,10.142549993471942,exclude,False,False
348960526,7-12,pass,,4;5;6;7;8;9;10;11;12;13,11.669753672525925,exclude,6.822093000765097,pass,True,False
349059153,7-12,pass,,5;7;9,17.630627581843513,exclude,12.261463076074683,exclude,False,False
349091788,13-inf,pass,,12,8.64883380263434,pass,5.48496117206948,pass,True,True
349092262,7-12,pass,,1;2;3;4;6;7;8;9;10;11,9.51047710891677,exclude,8.818194866085307,pass,True,False
349097037,7-12,exclude,P07: 0 sector(s) with CROWDSAP >= 0.9 after X10/X11,,,,,,False,False
349157265,13-inf,pass,,1;2;3;4;5;6;7;8;9;10,9.198421559893442,exclude,7.482233685990492,pass,True,False
349268719,7-12,pass,,4;5;6;7;8;9;10;11;13,9.093479143187473,exclude,7.133604246268111,pass,True,False
349307237,13-inf,exclude,P07: 0 sector(s) with CROWDSAP >= 0.9 after X10/X11,,,,,,False,False
349411936,7-12,pass,,1;2;3;4;6;7;8;9;10;11,10.807485867500665,exclude,12.022560304439232,exclude,False,False
349484930,7-12,pass,,1;2;4;8;9;10;11,11.197487738905918,exclude,10.43510682867698,exclude,False,False
349485128,7-12,pass,,87;88;89;90;93;94;95,14.766631916432646,exclude,10.685984254472457,exclude,False,False
349643750,13-inf,pass,,1;2;3;4;6;7;8;9;10;11,11.006738723725883,exclude,9.764758640831484,exclude,False,False
349676419,7-12,exclude,P07: 0 sector(s) with CROWDSAP >= 0.9 after X10/X11,,,,,,False,False
349679439,4-6,pass,,88;94;95;96,10.345705758197264,exclude,11.534661989120757,exclude,False,False
349681324,7-12,pass,,4;5;6;7;8,8.015238539208502,pass,8.507855916727307,pass,True,True
349765331,13-inf,pass,,1;2;3;4;5;6;7;8;9;10,7.865138757108571,pass,8.236102911819613,pass,True,True
349766259,7-12,pass,,89;90,7.017719448809994,pass,6.472692248981565,pass,True,True
349768557,13-inf,exclude,P07: 1 sector(s) with CROWDSAP >= 0.9 after X10/X11,,,,,,False,False
349769252,13-inf,pass,,1;3;4;5;6;7;8;9;10;11,9.426407251121631,exclude,8.58588413561991,pass,True,False
349826417,4-6,pass,,21,9.8335507557286,exclude,6.4838277436636655,pass,True,False
349827424,7-12,pass,,14;20;21,8.263192855716685,pass,8.957806145886751,pass,True,True
349828877,4-6,exclude,P07: 0 sector(s) with CROWDSAP >= 0.9 after X10/X11,,,,,,False,False
349831092,13-inf,pass,,1;2;3;4;5;6;7;8;10;11,8.913517877424043,pass,10.544769141184709,exclude,False,True
349921703,4-6,exclude,P07: 0 sector(s) with CROWDSAP >= 0.9 after X10/X11,,,,,,False,False
349927406,4-6,exclude,P07: 0 sector(s) with CROWDSAP >= 0.9 after X10/X11,,,,,,False,False
350022826,2-3,pass,,45;46,9.994525967205147,exclude,10.833686165897232,exclude,False,False
350096522,7-12,pass,,4;5;6;7;8;9;11;12;13,8.921220307477693,pass,6.604991741579719,pass,True,True
350146018,13-inf,pass,,1;2;3;4;5;6;7;8;9;10,10.339834348495751,exclude,11.611047793299722,exclude,False,False
350182638,13-inf,pass,,1;2;3;4;5;6;7;8;9;10,6.603274457676547,pass,6.503976799706974,pass,True,True
350296771,2-3,pass,,6;7;10,9.731763044138717,exclude,6.715496444961477,pass,True,False
350334181,13-inf,pass,,1;2;3;4;5;6;7;8;9;10,7.780939180872088,pass,6.952680597033444,pass,True,True
350335082,13-inf,pass,,1;2;3;4;6;7;8;9;10;11,10.404993934540302,exclude,9.509383741209096,exclude,False,False
350335823,13-inf,pass,,1;2;3;4;5;6;7;8;9;10,11.72997098240787,exclude,6.324235440618982,pass,True,False
350437239,2-3,pass,,45;46,5.004055912277435,pass,4.914150020425906,pass,True,True
350443596,13-inf,pass,,27;28;29;30;31;33;34;35;36;37,11.800161215468382,exclude,8.26149819635551,pass,True,False
350480377,13-inf,pass,,1;2;3;4;5;6;7;8;9;10,9.41462201910836,exclude,9.858962824801036,exclude,False,False
350481129,13-inf,pass,,1;2;3;4;5;6;7;8;9;10,8.032949587010442,pass,6.9365359025635005,pass,True,True
350519807,7-12,pass,,4;6;7;8;9;10;11;13,9.709617520104242,exclude,11.425589188605976,exclude,False,False
350559969,7-12,pass,,1;3;4;5;6;7;8;9;10;11,14.02669695327136,exclude,13.564263152087314,exclude,False,False
350563306,13-inf,pass,,1;2;3;4;5;6;7;8;10;11,11.492450415967122,exclude,10.369905052475731,exclude,False,False
350582439,13-inf,pass,,1;2;3;4;5;6;7;8;9;10,9.246176617636507,exclude,6.551468341100964,pass,True,False
350619941,13-inf,exclude,P07: 0 sector(s) with CROWDSAP >= 0.9 after X10/X11,,,,,,False,False
350623646,7-12,pass,,1;3;4;5;6;7;8;10;11;13,15.357577192455553,exclude,11.441679731618011,exclude,False,False
350657595,13-inf,pass,,1;3;4;5;6;7;8;10;11;13,11.34385798131639,exclude,8.941244448903783,pass,True,False
350716054,7-12,pass,,87;88;89;90;93;94;95;96,14.273595793473916,exclude,8.879845648125333,pass,True,False
350717229,7-12,pass,,1;4;5;6;7;8;10;11,9.495255390750604,exclude,10.310403617794364,exclude,False,False
350744943,13-inf,pass,,27;28;29;30;31;32;33;34;35;36,14.098778229052876,exclude,8.366718344291236,pass,True,False
350763476,13-inf,pass,,1;2;3;4;5;6;7;8;9;10,8.395750130066306,pass,9.218517034475177,exclude,False,True
350766856,13-inf,pass,,4;6;7;10;13,8.532294258480961,pass,9.965608699806191,exclude,False,True
350816446,4-6,pass,,41;49;53;54,8.391156774421182,pass,7.129627440149115,pass,True,True
350817693,7-12,pass,,15;16;19;26,8.155072036629704,pass,7.6963896413561566,pass,True,True
350861890,7-12,pass,,4;5;7;8;10;11;13,7.898476927664422,pass,8.555154972307689,pass,True,True
350954931,7-12,pass,,27;28;29;31;32;33;34;35;37;38,16.476889663173928,exclude,16.022832884318277,exclude,False,False
350987713,2-3,exclude,P07: 0 sector(s) with CROWDSAP >= 0.9 after X10/X11,,,,,,False,False
350992982,2-3,pass,,40;53,7.342740692909445,pass,7.023066138339455,pass,True,True
351680287,4-6,exclude,P07: 0 sector(s) with CROWDSAP >= 0.9 after X10/X11,,,,,,False,False
351961693,2-3,pass,,24;25,6.523521767287341,pass,8.109734161489435,pass,True,True
352012975,4-6,exclude,P07: 0 sector(s) with CROWDSAP >= 0.9 after X10/X11,,,,,,False,False
352234671,7-12,pass,,56,10.623552854758277,exclude,5.302586940303199,pass,True,False
352316369,4-6,pass,,13,6.607403708420509,pass,6.315704396573357,pass,True,True
352319881,2-3,pass,,17,5.107412932007122,pass,5.741569148429079,pass,True,True
352412242,2-3,pass,,17;18;19,7.940159595255178,pass,5.51127542873471,pass,True,True
352698649,7-12,pass,,16;24,8.459629457730188,pass,6.938614191523411,pass,True,True
353731941,13-inf,pass,,14;15;16;17;18;19;20;21;22;23,11.47650381557179,exclude,7.798841249533663,pass,True,False
353731979,4-6,pass,,14;15;17;25;26,9.315175989792923,exclude,5.96122217765141,pass,True,False
353734834,13-inf,pass,,14;15;16;17;18;19;20;21;22;23,14.7078334226345,exclude,17.470598472427987,exclude,False,False
353779445,13-inf,pass,,14;15;16;17;18;19;20;21;22;23,13.140859784944118,exclude,12.217785277589494,exclude,False,False
353779581,4-6,pass,,14;15;17;25;26,9.514546351305144,exclude,7.586337854213263,pass,True,False
353782854,13-inf,pass,,14;15;16;17;18;19;20;21;22;23,8.835539778568926,pass,7.817664761886955,pass,True,True
353783589,13-inf,pass,,14;15;16;17;18;19;20;21;22;23,13.35118908489037,exclude,12.631660433890785,exclude,False,False
353784022,4-6,pass,,48;49;50;51;52,8.688929274377426,pass,5.784152462079654,pass,True,True
353784254,4-6,pass,,14;15;25;26,9.843851902344598,exclude,6.333681700484998,pass,True,False
353808368,7-12,pass,,14;15;16;17;18;19;20;21;22;23,8.89466500430386,pass,8.630382760568772,pass,True,True
353818437,13-inf,pass,,23,6.13945837361059,pass,4.629877687076735,pass,True,True
353819595,7-12,pass,,14;15;16;17;18;19;20;21;22;23,7.625057060873172,pass,6.765810405374532,pass,True,True
353820067,2-3,pass,,14;25,7.045963749713662,pass,5.196878447021124,pass,True,True
353853816,13-inf,pass,,14;15;16;17;18;19;20;21;22;23,10.20989125499046,exclude,8.072314128820834,pass,True,False
353870193,7-12,pass,,14;15;17;18;21;22;24;25;26,12.534814121035057,exclude,7.274561417709007,pass,True,False
353896700,13-inf,pass,,14;15;16;17;18;19;20;21;22;23,8.126340857589671,pass,8.33576316510998,pass,True,True
353897394,13-inf,pass,,14;15;16;17;18;19;20;21;22;23,9.621256186990385,exclude,6.539927870058896,pass,True,False
353935160,13-inf,pass,,14;15;16;17;18;19;20;21;22;23,8.800414505355864,pass,6.343673578799924,pass,True,True
353936551,13-inf,pass,,14;15;16;17;18;19;20;21;22;23,11.34932902600773,exclude,7.716115814515967,pass,True,False
353937438,13-inf,pass,,14;15;16;17;18;19;20;21;22;23,13.817373540384033,exclude,11.540419650798023,exclude,False,False
353937949,7-12,pass,,25;26,6.996665389069582,pass,5.936939765985269,pass,True,True
353990599,13-inf,pass,,14;15;16;17;18;19;20;21;22;23,8.31902844957391,pass,7.013090708509956,pass,True,True
353991512,13-inf,pass,,15;16;18;22,10.223502916258573,exclude,7.710904156401556,pass,True,False
353993248,13-inf,pass,,14;15;16;17;18;19;20;21;22;23,9.251643925336584,exclude,7.359679940706998,pass,True,False
354132979,2-3,pass,,58,8.307157701550729,pass,8.776006511876673,pass,True,True
354245891,4-6,pass,,18;19;24;25,12.255601436988474,exclude,12.302810006707873,exclude,False,False
354383103,4-6,pass,,17;18;24;25,7.380133118316911,pass,8.947155919728834,pass,True,True
355380999,7-12,pass,,35;36;37;38,10.901669587755729,exclude,6.705170713814033,pass,True,False
355457311,7-12,pass,,6;7;8;9,9.351696064393652,exclude,8.298622192878746,pass,True,False
355629274,2-3,exclude,P07: 0 sector(s) with CROWDSAP >= 0.9 after X10/X11,,,,,,False,False
355687729,7-12,pass,,1;2,6.2053017464068505,pass,6.824772003864265,pass,True,True
355688238,2-3,pass,,1,5.305470826858237,pass,5.56901895441054,pass,True,True
355689565,7-12,pass,,1;2,5.583194750691795,pass,5.182215753459707,pass,True,True
355946913,7-12,pass,,35;36;37,9.54858670962686,exclude,9.087899901540291,exclude,False,False
355950542,13-inf,pass,,14;15;16;17;21;22;23,9.891249155496894,exclude,8.3586989614199,pass,True,False
355951012,4-6,pass,,21;22,5.214276197034411,pass,6.3079810795794735,pass,True,True
356087112,13-inf,pass,,14;15;16;17;18;19;20;21;22;23,8.173655742667513,pass,7.075767773779621,pass,True,True
356111025,13-inf,pass,,14;15;16;17;18;19;20;21;22;23,9.73925914569133,exclude,6.091043283468602,pass,True,False
356149916,7-12,pass,,14;24;25;26,12.94249444676472,exclude,11.617059079035176,exclude,False,False
356150796,7-12,exclude,P07: 0 sector(s) with CROWDSAP >= 0.9 after X10/X11,,,,,,False,False
356194749,13-inf,pass,,14;17;18;20;21;24;25;26,10.370706066533552,exclude,7.367992095228353,pass,True,False
356335577,2-3,pass,,12;13,5.699555123812491,pass,5.98530921634479,pass,True,True
356582410,4-6,pass,,21,7.412159338784244,pass,5.464583257768707,pass,True,True
356631941,4-6,pass,,14;20;21,11.738876701830604,exclude,5.755140554382085,pass,True,False
356701213,13-inf,pass,,16;17;18;19;20;22;23;24;25;26,12.616811303904036,exclude,8.202216701229617,pass,True,False
356735146,13-inf,pass,,14;15;16;17;18;19;20;21;22;23,13.513011372145016,exclude,10.161872260843662,exclude,False,False
356735189,7-12,pass,,14;16;17;18;19;20;21;22;23;24,11.597606714718824,exclude,6.797889030906524,pass,True,False
356739947,4-6,pass,,32;42;43;44,8.917443449790722,pass,7.467167678403506,pass,True,True
356785094,7-12,pass,,40;47;48;49;50;51;52,10.345003032132828,exclude,6.280907005202866,pass,True,False
356785359,13-inf,pass,,14;15;16;17;18;19;20;21;22;23,8.18920577757576,pass,9.86957204668567,exclude,False,True
356786645,13-inf,pass,,14;15;16;17;18;19;20;21;22;23,14.315325745960145,exclude,8.442297802407857,pass,True,False
356820522,7-12,pass,,14;15;16;17;18;19;20;21;22;23,11.233643640918585,exclude,10.3180959886222,exclude,False,False
356824045,13-inf,pass,,14;15;16;18;19;21;22;24;25;26,14.51476486356028,exclude,8.582648618428275,pass,True,False
356865126,13-inf,pass,,14;15;16;17;18;19;20;21;22;23,11.19819356992686,exclude,7.700417293672908,pass,True,False
356869021,7-12,pass,,14;15;16;17;19;20;21;22;23;24,9.846289269166109,exclude,11.636498880377692,exclude,False,False
356891370,13-inf,exclude,P07: 0 sector(s) with CROWDSAP >= 0.9 after X10/X11,,,,,,False,False
356919787,7-12,pass,,14;15;16;17;18;19;20;21;22;24,12.542074580816422,exclude,7.547237348672672,pass,True,False
356975793,13-inf,pass,,14;15;16;17;18;19;20;21;22;23,8.857255570670706,pass,7.2275063206020995,pass,True,True
356975809,13-inf,pass,,14;15;16;17;18;19;20;21;22;23,10.837279433981886,exclude,8.424309526032381,pass,True,False
356976911,13-inf,pass,,14;15;17;18;19;20;21;22;23;24,12.81192927474892,exclude,7.599085127002957,pass,True,False
357096629,13-inf,pass,,14;15;16;17;18;19;21;22;23;24,15.099865035363647,exclude,11.243395397526768,exclude,False,False
357099213,7-12,pass,,14;15;16;17;18;19;21;22;23;24,10.22997298021834,exclude,7.721109452595144,pass,True,False
357128174,13-inf,pass,,17;18;24,7.610843862608748,pass,7.09963281266412,pass,True,True
357128511,13-inf,pass,,14;15;16;17;18;19;21;22;23;24,8.47871754704277,pass,9.002895550899613,exclude,False,True
357128937,13-inf,pass,,14;15;16;17;18;19;20;21;22;23,8.361251913705537,pass,8.32396811838615,pass,True,True
357130455,7-12,pass,,19;20;25,7.2193753435226595,pass,6.138885159452412,pass,True,True
357208809,2-3,exclude,P07: 0 sector(s) with CROWDSAP >= 0.9 after X10/X11,,,,,,False,False
357233448,7-12,pass,,19;20;26,11.024882712341116,exclude,7.776450142823001,pass,True,False
357239872,4-6,pass,,22,6.793608950866945,pass,7.627271170292039,pass,True,True
357388709,4-6,pass,,16;22;23,9.215834622598582,exclude,8.816598240961406,pass,True,False
357399784,2-3,pass,,23;24,8.421549878497562,pass,5.0720327869300625,pass,True,True
357474184,2-3,pass,,24,6.2330964337454535,pass,5.504669885361208,pass,True,True
357498149,13-inf,pass,,14;15;16;17;18;19;20;21;22;23,8.054348684440672,pass,6.820766347078565,pass,True,True
357686155,13-inf,pass,,14;15;16;17;18;19;20;21;22;23,12.219474833212669,exclude,9.280118427791678,exclude,False,False
357795661,2-3,pass,,14;26,6.407685983239031,pass,7.784162099066436,pass,True,True
357797497,4-6,pass,,41;53;54,10.13637153272472,exclude,7.869644885892284,pass,True,False
358019385,7-12,pass,,20;26,8.72816083054795,pass,7.312948271365487,pass,True,True
358049692,4-6,pass,,28;30,7.116896976484225,pass,6.628351148226661,pass,True,True
358112861,4-6,pass,,87;88;89;93;95;96,9.330960701917654,exclude,7.941361752564954,pass,True,False
358154514,13-inf,pass,,1;2;3;4;5;6;7;8;9;10,9.381193937367764,exclude,7.493367550516136,pass,True,False
358155153,7-12,pass,,9;10;11;12,7.539112222630672,pass,7.317481696549329,pass,True,True
358180001,7-12,pass,,87;88;89;90;93;94;95,9.699514668295562,exclude,7.806004056593961,pass,True,False
358253008,7-12,pass,,2;3;4;5,8.729132400051851,pass,6.294631983873267,pass,True,True
358290364,7-12,pass,,30;32,13.799988123919125,exclude,9.683522481948,exclude,False,False
358460382,13-inf,pass,,1;2;3;4;5;6;7;8;9;10,8.675015495284148,pass,7.99656500018092,pass,True,True
358510446,13-inf,pass,,1;2;4;5;7;8;9;10;11;12,7.719491213416789,pass,7.285067374840539,pass,True,True
358579477,7-12,pass,,2;3;4,12.431529001730112,exclude,8.95456200451603,pass,True,False
358745595,2-3,pass,,45;46,9.899379847551636,exclude,11.92902381376258,exclude,False,False
358801104,2-3,pass,,14;26,13.163110701024962,exclude,15.264140364531908,exclude,False,False
358806516,13-inf,pass,,27;29;30;32;35;39,15.070266123165512,exclude,12.414605199888657,exclude,False,False
359313803,7-12,pass,,14;15;18;19;20;21;22;24;25;26,9.884282828115657,exclude,7.473913319795043,pass,True,False
359493952,7-12,pass,,14;15;16;18;19;20;21;22;23;24,11.48779079191652,exclude,6.528980280546532,pass,True,False
359496682,13-inf,pass,,14;15;18;19;20;21;22;23;24;25,10.747958931154784,exclude,8.476776561462817,pass,True,False
359557642,13-inf,pass,,14;15;16;17;18;19;20;21;22;23,12.074013888833772,exclude,8.987159043672186,pass,True,False
359583862,7-12,pass,,40;47;49,8.679129821800428,pass,8.006928890265868,pass,True,True
359588507,7-12,pass,,14;16;18;19;22;23;25;26,10.726032145813118,exclude,9.279022023538175,exclude,False,False
359630204,7-12,pass,,15;17;18;19;20;21;22;23;24;25,28.201036088881366,exclude,18.737007865908303,exclude,False,False
359630395,13-inf,pass,,15;16;17;18;19;20;21;22;23;24,7.194649283892315,pass,7.268579589531292,pass,True,True
359632304,13-inf,pass,,14;15;16;17;18;19;20;21;22;23,9.13939094539284,exclude,8.923020024657625,pass,True,False
359848512,2-3,pass,,99;100,7.506901018540893,pass,7.222376915767945,pass,True,True
360680688,4-6,exclude,P07: 0 sector(s) with CROWDSAP >= 0.9 after X10/X11,,,,,,False,False
360955814,4-6,pass,,13,6.305962168299054,pass,7.514106770188685,pass,True,True
361082940,4-6,exclude,P07: 1 sector(s) with CROWDSAP >= 0.9 after X10/X11,,,,,,False,False
361568774,4-6,pass,,66,8.255861514289556,pass,4.239535799048076,pass,True,True
361593533,2-3,exclude,P07: 0 sector(s) with CROWDSAP >= 0.9 after X10/X11,,,,,,False,False
362103238,7-12,pass,,14;15;16;19;22;23;25;26,9.918515405008748,exclude,8.485338521888773,pass,True,False
362219539,13-inf,pass,,14;18;19;20;24;25;26,11.728360696273509,exclude,8.532359209989192,pass,True,False
362220352,7-12,exclude,P07: 0 sector(s) with CROWDSAP >= 0.9 after X10/X11,,,,,,False,False
362220421,13-inf,pass,,14;18;20;24;25;26,13.773525933454948,exclude,6.879084649996186,pass,True,False
362256785,13-inf,pass,,14;15;16;17;18;19;20;21;22;23,10.499428990196693,exclude,7.621235922267361,pass,True,False
362963879,4-6,pass,,17;18;24;25,9.380019376251871,exclude,9.93090755064764,exclude,False,False
363874210,4-6,pass,,66,6.398414906204426,pass,7.032259420812,pass,True,True
363913662,4-6,exclude,P07: 0 sector(s) with CROWDSAP >= 0.9 after X10/X11,,,,,,False,False
364131317,2-3,pass,,17;19,7.406457617482559,pass,6.133884469923972,pass,True,True
364181005,13-inf,pass,,16;17;18;19;24;25;26,11.644151578382102,exclude,12.475565362772958,exclude,False,False
364397580,2-3,pass,,8;9,7.054825534541174,pass,6.085488307167613,pass,True,True
364542828,4-6,pass,,9;10;11;12,13.999773254922571,exclude,11.173866592982591,exclude,False,False
364591796,13-inf,pass,,27;28;29;30;31;32;34;35;36;37,11.31073585113285,exclude,6.269509455007026,pass,True,False
364841398,2-3,exclude,P07: 0 sector(s) with CROWDSAP >= 0.9 after X10/X11,,,,,,False,False
364967680,2-3,pass,,14;15;16,9.234186455371974,exclude,6.067305155133976,pass,True,False
365105037,2-3,pass,,15;16,9.29055031230869,exclude,6.096038951616233,pass,True,False
365188734,2-3,pass,,42;43,7.151649198900351,pass,5.8782652790424015,pass,True,True
365201956,2-3,pass,,42;43,6.055521578913438,pass,5.103004778508369,pass,True,True
365232678,4-6,pass,,31;42;43;44,9.359251164418929,exclude,8.113073812270805,pass,True,False
365335204,4-6,pass,,4,4.697873091896759,pass,5.727499063475398,pass,True,True
365338205,4-6,pass,,31;42;43;44,11.32608881905336,exclude,7.701120602158989,pass,True,False
365424081,4-6,pass,,31;42;43;44,12.361195118295337,exclude,11.641721498210185,exclude,False,False
365966774,2-3,pass,,22,5.119978352512654,pass,4.655272640330641,pass,True,True
365969362,2-3,pass,,23,7.57455406919075,pass,5.810586432107809,pass,True,True
366513872,7-12,pass,,15;16;17;18;19;21;22;24;25;26,11.92258107284561,exclude,8.404660464004403,pass,True,False
366514544,7-12,pass,,15;16;17;18;19;21;22;24;25;26,11.87516971266748,exclude,9.125661645641843,exclude,False,False
366515778,7-12,pass,,15;16;17;18;19;20;21;22;23;24,9.04973949727009,exclude,8.266905819729121,pass,True,False
366518309,7-12,pass,,16;17;19;20;23;24;25;26,12.719112030883412,exclude,11.951506270445217,exclude,False,False
366525503,4-6,exclude,P07: 0 sector(s) with CROWDSAP >= 0.9 after X10/X11,,,,,,False,False
366718889,4-6,pass,,17;19;24;25,14.446237371962374,exclude,7.321852422192431,pass,True,False
366866512,4-6,pass,,17;18;24;25,8.113943380929248,pass,7.682823344631445,pass,True,True
367005196,4-6,pass,,17;18;19;24;25,10.041910938872652,exclude,8.685851275802394,pass,True,False
367008619,2-3,pass,,24;25,7.656665785733592,pass,7.122769326278477,pass,True,True
367077910,7-12,pass,,17;18;19;24;25;26,10.909034948059416,exclude,8.126924139679602,pass,True,False
367098359,2-3,pass,,17;18;19,6.280806553397523,pass,6.340179985620789,pass,True,True
367280987,4-6,pass,,17;19;24;25,9.062378134849356,exclude,8.421780334312421,pass,True,False
367360161,4-6,pass,,17;18;19;24;25,8.527990814578644,pass,11.244360210597058,exclude,False,True
367586513,2-3,pass,,20,8.041965587428182,pass,4.093422157395904,pass,True,True
367603868,7-12,pass,,20;21;22,6.122647655522411,pass,6.080253145638117,pass,True,True
367657859,2-3,pass,,47;48,7.362295087881028,pass,5.499094946107511,pass,True,True
367681439,4-6,pass,,14;15;17;20,7.178965088648619,pass,7.3610099859023155,pass,True,True
367683115,2-3,pass,,22,6.132454650128432,pass,7.405112614693044,pass,True,True
367755284,4-6,pass,,14;19;20;21;26,12.379751959181554,exclude,12.313873191132531,exclude,False,False
367815123,4-6,pass,,24,5.8108593284143755,pass,5.128090147866343,pass,True,True
367857279,7-12,pass,,40;47;48;50;51;52;53,9.37881601101107,exclude,8.283301732427939,pass,True,False
369962331,4-6,pass,,12;13,11.440522975693847,exclude,8.711983224513187,pass,True,False
370037727,7-12,pass,,1;2;3;4;6;7;8;9;10;11,15.518578949617131,exclude,9.339064224298491,exclude,False,False
370039162,13-inf,pass,,27;28;29;30;31;32;33;34;35;36,10.369698934743155,exclude,6.806663786050862,pass,True,False
370041736,13-inf,pass,,1;2;3;4;5;6;7;8;9;10,9.554944166794092,exclude,8.480962678929389,pass,True,False
370100049,7-12,pass,,4;6;7;8;9;10;11;12;13,9.527150257795933,exclude,10.052702888712142,exclude,False,False
370230471,4-6,pass,,1,6.083721280089054,pass,6.874082229283938,pass,True,True
371590963,4-6,pass,,22,5.054083380836294,pass,5.359725059792542,pass,True,True
371814336,4-6,pass,,22,4.76090321515542,pass,5.0350326132907695,pass,True,True
372685796,7-12,pass,,16;17;18;19;24;25;26,15.297327878001663,exclude,15.5528206899987,exclude,False,False
372760175,2-3,pass,,22,5.342358014675233,pass,5.434951001584322,pass,True,True
372819326,7-12,pass,,4;5;6;7;8;9;11;12;13,11.493712550329182,exclude,9.445009068097557,exclude,False,False
372819328,7-12,pass,,1;2;3;4;5;6;8;9;11;12,9.678858864471197,exclude,8.438837692355824,pass,True,False
373445488,7-12,pass,,15;16,5.534712967004893,pass,4.499311362591526,pass,True,True
373456697,4-6,pass,,18;19;24;25,9.426281519229406,exclude,10.463909431322,exclude,False,False
373657895,2-3,pass,,21;22,8.112307154065341,pass,5.846311676654522,pass,True,True
373675829,4-6,pass,,14;15;21;22,12.216600807384635,exclude,8.014005769751332,pass,True,False
373688703,7-12,pass,,6;8;9;13,8.473127675381868,pass,7.091777682896627,pass,True,True
374018442,2-3,pass,,12;13,8.74997385941905,pass,6.3358233964028425,pass,True,True
374238912,2-3,pass,,45;46,8.11474863681877,pass,6.639062142930374,pass,True,True
374312797,2-3,pass,,45;46,7.068563411210831,pass,4.348417966946532,pass,True,True
374337789,2-3,pass,,35;45;46,7.238435138092433,pass,6.250048096809846,pass,True,True
374862395,13-inf,pass,,1;3;4;6;7;8;10;11;13,12.228053764093582,exclude,12.019381419295811,exclude,False,False
374996773,7-12,pass,,4;5;6;7;9;10;11;12;13,26.8043776921412,exclude,25.070979440571584,exclude,False,False
375056704,7-12,pass,,4;5;6;8;9;10;11;12;13,14.97652543231314,exclude,8.268687563787156,pass,True,False
375057545,7-12,pass,,1;3;5;6;8;10;11;12,13.457905457587016,exclude,7.273754701722576,pass,True,False
375058315,7-12,pass,,87;89;90;93;94;95;96,11.506700712001138,exclude,7.062296470890129,pass,True,False
375061802,7-12,pass,,1;3;4;5;7;9;10;13,10.60764736752431,exclude,8.343866251331848,pass,True,False
375062455,7-12,pass,,1;2;3;4;7;13,9.499629825970365,exclude,8.299604956528343,pass,True,False
375090431,13-inf,pass,,1;2;3;4;5;6;7;8;9;10,8.75876691544205,pass,7.964606769278403,pass,True,True
375178691,7-12,pass,,10;11;12,10.973508556678288,exclude,6.495351540032063,pass,True,False
375651470,7-12,pass,,17;18;24;25,14.376172233450536,exclude,9.496229540236689,exclude,False,False
375841179,4-6,exclude,P07: 0 sector(s) with CROWDSAP >= 0.9 after X10/X11,,,,,,False,False
376847347,13-inf,pass,,14;15;16;17;18;19;20;21;22;23,9.28419487522082,exclude,7.674242511000383,pass,True,False
376849303,7-12,pass,,18;20;21;23,9.50142588970943,exclude,6.152252597196441,pass,True,False
376867201,7-12,pass,,14;15;16;18;19;20;21;22;23;24,9.693695456835329,exclude,6.303934801003423,pass,True,False
376870006,13-inf,pass,,14;17;18;19;20;21;23;24;25,9.78570764646603,exclude,10.35675545474474,exclude,False,False
376871934,13-inf,pass,,14;15;16;17;18;19;20;21;22;23,10.400359116841647,exclude,7.004210552516893,pass,True,False
376880303,13-inf,pass,,14;15;16;17;18;19;20;21;22;23,10.30008045431223,exclude,11.60630029945804,exclude,False,False
376882962,13-inf,pass,,14;15;16;17;18;19;20;21;22;23,8.288035349512851,pass,6.204687085042096,pass,True,True
376884757,13-inf,pass,,14;15;16;17;18;19;20;21;22;23,15.427213340684318,exclude,6.718152353149591,pass,True,False
376925298,13-inf,pass,,14;15;16;17;18;19;20;21;22;23,11.478202783905225,exclude,10.171703008813926,exclude,False,False
376925418,13-inf,pass,,14;15;16;17;18;19;20;21;22;23,8.537340208858472,pass,9.513065559092873,exclude,False,True
376928547,7-12,pass,,15;17;18;19;20;21;22;23;25;26,11.670521576151277,exclude,9.082589095367087,exclude,False,False
376929000,7-12,pass,,15;19;20;22;23;25;26,11.910138598715507,exclude,13.18462459881776,exclude,False,False
377187995,2-3,pass,,23,4.98505455868732,pass,4.61026601699087,pass,True,True
377292209,13-inf,pass,,14;15;16;17;19;20;21;22;23;24,11.51359870374876,exclude,6.8993713790165225,pass,True,False
377303812,7-12,pass,,14;15;16;19;26,16.449118250285615,exclude,17.323562508309166,exclude,False,False
379098632,2-3,pass,,23,5.902133486226967,pass,6.491105927182621,pass,True,True
380527732,2-3,pass,,8,9.0675446031383,exclude,6.4454852079060805,pass,True,False
380544627,2-3,pass,,45;46,6.477183549684837,pass,5.338977347847231,pass,True,True
380941020,2-3,pass,,30;42;43,10.666134830925294,exclude,7.097556532428729,pass,True,False
381166314,4-6,pass,,31;42;43;44,10.557080109815864,exclude,11.89589101419945,exclude,False,False
381204994,4-6,pass,,1;2,5.747208092065346,pass,5.343875801434371,pass,True,True
381238011,4-6,pass,,100;103,12.716451059813076,exclude,15.442445640693004,exclude,False,False
381413540,2-3,pass,,42;43;44,5.9132462078065515,pass,6.730451680574023,pass,True,True
381483073,2-3,pass,,17,5.3050582626035725,pass,5.2041070502754065,pass,True,True
381925443,13-inf,pass,,2;3;4;5;6;7;9;10;12;13,11.395451590040828,exclude,9.339938849441586,exclude,False,False
381950507,13-inf,pass,,1;2;3;4;5;6;7;8;9;10,20.89126746191574,exclude,12.72869944158544,exclude,False,False
381952656,13-inf,pass,,1;2;3;4;5;6;7;8;9;10,8.608411990031154,pass,6.836563396459323,pass,True,True
381977593,7-12,pass,,27;29;30;31;32;33;34;36;37;39,11.285633978253172,exclude,8.953142746748975,pass,True,False
382043066,4-6,pass,,5;9;10;11;12;13,10.294623385406966,exclude,9.739292988889812,exclude,False,False
382045019,7-12,pass,,5;6;7;12,17.305418999791872,exclude,12.961175193003548,exclude,False,False
382045620,13-inf,pass,,1;2;3;4;5;6;7;8;9;12,16.644235985728837,exclude,14.723638290920563,exclude,False,False
382066186,13-inf,pass,,1;2;3;4;5;6;7;9;10;11,10.498551390102769,exclude,7.174614984375884,pass,True,False
382066228,7-12,pass,,2;4,7.337309254021309,pass,9.521030293736324,exclude,False,True
382099717,7-12,pass,,4;5;6;7;9;10;12;13,8.825180081534462,pass,7.3476213853197,pass,True,True
382147310,7-12,pass,,27;28;29;30;31;32;33;34;36;37,9.60142157168066,exclude,6.474844287754399,pass,True,False
382147598,13-inf,exclude,P07: 0 sector(s) with CROWDSAP >= 0.9 after X10/X11,,,,,,False,False
382157731,13-inf,pass,,1;2;3;4;5;6;7;8;9;10,9.748411800077797,exclude,7.555233834008555,pass,True,False
382158499,13-inf,pass,,3;4;6;7;10;13,15.19487549662115,exclude,10.786593183871448,exclude,False,False
382159282,13-inf,pass,,1;2;3;4;5;6;7;8;9;10,10.34309196951868,exclude,6.728911623992271,pass,True,False
382198673,13-inf,pass,,1;2;3;4;5;6;7;8;9;10,13.617548940181216,exclude,6.026254731270416,pass,True,False
382246532,7-12,pass,,4;5;6;7;10;11;13,10.8570366883041,exclude,9.718963109613878,exclude,False,False
382257374,13-inf,pass,,1;2;3;4;6;7;8;9;10;11,11.243578292783978,exclude,9.934405210756804,exclude,False,False
382259082,4-6,pass,,94;95;96,6.3027412167273456,pass,6.4046204457031966,pass,True,True
382259125,7-12,pass,,4;6;7;9;10;12;13,8.750896969419186,pass,10.041991014266891,exclude,False,True
382266487,13-inf,pass,,27;28;29;30;31;32;33;34;35;36,8.887631382093831,pass,8.28892011025155,pass,True,True
382266780,7-12,pass,,87;88;89;90;93;94;95;96,9.185323343251136,exclude,10.72394500859798,exclude,False,False
382268851,13-inf,pass,,1;2;3;4;5;6;7;8;9;10,11.031296233274045,exclude,7.810369411011746,pass,True,False
382302205,7-12,pass,,87;88;89;93;94;95;96,7.876005342496511,pass,6.936639908980452,pass,True,True
382307690,2-3,pass,,3,5.194545498996858,pass,4.1770898719811935,pass,True,True
382382650,2-3,pass,,1,5.371137159795232,pass,5.0246738147549,pass,True,True
382391109,4-6,exclude,P07: 0 sector(s) with CROWDSAP >= 0.9 after X10/X11,,,,,,False,False
382463274,2-3,pass,,28;29,7.668204258714012,pass,6.497582836514645,pass,True,True
382473126,2-3,pass,,2,4.919413652542868,pass,4.9692050876247675,pass,True,True
382473790,2-3,pass,,2,4.84551661558612,pass,5.275679380052955,pass,True,True
382508413,4-6,pass,,4;7;8;9;10;11,11.122793344630304,exclude,11.859686408961403,exclude,False,False
382510066,13-inf,pass,,1;4;7;8;9;10;11,7.641689898791858,pass,7.642431359384422,pass,True,True
382518753,13-inf,pass,,1;2;3;4;5;6;7;8;9;10,11.108714728406031,exclude,9.708452593914869,exclude,False,False
382523882,4-6,pass,,103;104;105;106,7.376907672632806,pass,7.168828431943569,pass,True,True
382633872,4-6,pass,,1;2;3,8.38694389577973,pass,9.289789082109683,exclude,False,True
383646537,4-6,pass,,14;15;17;18,6.685812132935353,pass,6.740653089279766,pass,True,True
383677476,7-12,pass,,14;15;16;17;18;19;20;21;23;24,11.649488180267966,exclude,6.7900336019199505,pass,True,False
383749034,2-3,exclude,P07: 0 sector(s) with CROWDSAP >= 0.9 after X10/X11,,,,,,False,False
385170436,2-3,pass,,35;36;37,7.0769542232301434,pass,7.64687317963267,pass,True,True
385444964,2-3,pass,,18,6.638305168365156,pass,5.480001045888908,pass,True,True
385997634,4-6,pass,,11;12,7.394551778805904,pass,7.163481222166302,pass,True,True
386729942,2-3,exclude,P07: 0 sector(s) with CROWDSAP >= 0.9 after X10/X11,,,,,,False,False
386908873,4-6,pass,,44;45;46;48,10.645137529404847,exclude,5.660890108416168,pass,True,False
387133137,2-3,pass,,13,5.324995710650742,pass,4.849150607451774,pass,True,True
387189935,2-3,pass,,13,7.621570038495431,pass,5.087855405319954,pass,True,True
387353607,2-3,pass,,17;18,6.398156247660433,pass,5.354468985901435,pass,True,True
387358462,4-6,pass,,15;16;17;18;24,15.76631521522507,exclude,12.153489819118906,exclude,False,False
387539173,4-6,pass,,4,7.492352145633485,pass,6.709591057940244,pass,True,True
388187719,2-3,pass,,15;16,8.098207013792528,pass,6.404947546040873,pass,True,True
388198750,2-3,pass,,94;95,6.511789682652807,pass,5.383029527379281,pass,True,True
388198760,7-12,pass,,1;5;12;13,7.959730106448508,pass,8.35952005993498,pass,True,True
388778186,2-3,exclude,P07: 1 sector(s) with CROWDSAP >= 0.9 after X10/X11,,,,,,False,False
388817567,4-6,pass,,22,5.495225770751365,pass,6.3438197645782575,pass,True,True
389011840,7-12,pass,,11;12;13,8.882261467826323,pass,5.361409655203583,pass,True,True
389012647,4-6,pass,,12;13,7.368433671467781,pass,6.6584348134884275,pass,True,True
389100571,2-3,pass,,10,5.463624434854138,pass,3.9758074598704254,pass,True,True
389404289,2-3,pass,,23,6.052152832501785,pass,5.690413247656032,pass,True,True
389499588,13-inf,pass,,4;5;6;7;8;9;10;11;12,14.187278686798086,exclude,14.615389359715168,exclude,False,False
389501533,13-inf,pass,,27;28;29;31;32;33;34;35;36;37,8.046823162996393,pass,8.438693610553162,pass,True,True
389564546,2-3,exclude,P07: 1 sector(s) with CROWDSAP >= 0.9 after X10/X11,,,,,,False,False
389775059,4-6,pass,,20;26,10.70431071754561,exclude,7.063986672087389,pass,True,False
389776210,7-12,pass,,19;25;26,8.622125894709649,pass,8.674100839868814,pass,True,True
389856146,2-3,pass,,5;6,8.496293853771371,pass,8.095723945400588,pass,True,True
389913879,7-12,pass,,14;15;16;17;18;19;21;22;23;25,10.846168988056982,exclude,7.416898134774062,pass,True,False
389918321,13-inf,pass,,14;15;16;17;18;19;20;21;22;23,13.437082574641362,exclude,8.466152513357533,pass,True,False
389920950,13-inf,pass,,1;2;4;5;6;7;8;9;10;11,14.568555213939256,exclude,18.56053085497473,exclude,False,False
389924116,7-12,pass,,9;10;11;12,6.477121859849733,pass,6.681440463517046,pass,True,True
389925375,7-12,pass,,27;29;30;31;32;34;35;36;37;38,13.334942382093828,exclude,14.233664834585284,exclude,False,False
389959463,13-inf,pass,,14;15;16;17;18;19;21;22;23;24,8.897538525257213,pass,9.409958346198328,exclude,False,True
389960002,7-12,pass,,14;15;18;19;21;22;25;26,8.64443915122549,pass,7.66309789383227,pass,True,True
389968964,13-inf,pass,,14;15;16;17;18;19;20;21;22;23,8.77181401106224,pass,6.569172559332667,pass,True,True
390017684,13-inf,pass,,14;15;16;18;19;20;21;22;23;24,9.655454943940455,exclude,8.977050926036922,pass,True,False
390018170,13-inf,pass,,14;15;16;18;19;20;21;22;23;24,9.618567248303382,exclude,8.368865917717006,pass,True,False
390022437,7-12,pass,,14;15;16;18;19;20;21;22;23;24,12.686408708985912,exclude,8.135524894275026,pass,True,False
390233221,4-6,pass,,10;11,7.252491877362917,pass,5.668503735549463,pass,True,True
390558073,2-3,pass,,10,7.382004139682735,pass,5.694244411411677,pass,True,True
391551371,2-3,pass,,35;36,5.201723629789856,pass,4.973119248228496,pass,True,True
391744596,13-inf,exclude,P07: 0 sector(s) with CROWDSAP >= 0.9 after X10/X11,,,,,,False,False
391899797,7-12,pass,,1;2;3;4;5;6;7;8;9;11,9.449916262119109,exclude,9.234374480394168,exclude,False,False
391900272,7-12,pass,,28;29;30;31;32;33;34;35;36;38,8.680619111475334,pass,8.898422296127688,pass,True,True
391925105,13-inf,pass,,4;5;6;7;8;10;11;13,13.85959291724787,exclude,14.54561209071144,exclude,False,False
391947909,13-inf,exclude,P07: 0 sector(s) with CROWDSAP >= 0.9 after X10/X11,,,,,,False,False
392369054,2-3,pass,,22,7.864438727968427,pass,5.777191180735802,pass,True,True
392536314,7-12,pass,,15;16;17;18;19;20;21;22;23;24,7.8863691024182145,pass,8.717167560014994,pass,True,True
392536758,7-12,pass,,14;15;16;17;18;19;20;21;22;23,10.498943251485484,exclude,7.681455099136162,pass,True,False
393298428,2-3,pass,,7,7.037712628176403,pass,9.11530343213498,exclude,False,True
393584709,2-3,pass,,45;46,7.734868071446765,pass,6.690612104490272,pass,True,True
393796033,2-3,pass,,5;6,7.120066859952641,pass,6.595839043702625,pass,True,True
393911159,2-3,pass,,49;50,7.158266411921658,pass,7.141129814371973,pass,True,True
394005299,4-6,pass,,1,6.101195269740406,pass,5.239894610796931,pass,True,True
394013623,2-3,pass,,25;26,4.917787741363017,pass,6.632515875750542,pass,True,True
394030536,7-12,exclude,P07: 0 sector(s) with CROWDSAP >= 0.9 after X10/X11,,,,,,False,False
394050859,2-3,pass,,14;24;25,12.024702903995497,exclude,7.518589216424597,pass,True,False
394051802,13-inf,pass,,14;18;19;20;21;24;25;26,9.119073515000396,exclude,6.2978097768258126,pass,True,False
394120087,13-inf,pass,,14;15;16;17;18;19;20;21;22;23,13.61819893216237,exclude,10.972405672892943,exclude,False,False
394120462,13-inf,exclude,P07: 0 sector(s) with CROWDSAP >= 0.9 after X10/X11,,,,,,False,False
394120880,4-6,pass,,16;24;25;26,9.416601912140036,exclude,8.219166501293843,pass,True,False
394171820,7-12,pass,,14;16;17;18;19;20;21;22;23;24,14.310137111713846,exclude,8.163145532861671,pass,True,False
394287434,4-6,pass,,1;12;13,8.856220629920086,pass,7.812948329854259,pass,True,True
394346148,2-3,pass,,28;39,10.813117033134027,exclude,11.170198364700791,exclude,False,False
394394591,4-6,pass,,11;12,7.212548031546376,pass,6.886384896512347,pass,True,True
394557592,2-3,pass,,1,5.987747721457763,pass,6.179729255171264,pass,True,True
394582214,2-3,pass,,27;28,6.630455755435628,pass,5.337464212115388,pass,True,True
394653833,4-6,pass,,1;13,8.82199157397915,pass,7.706007126564963,pass,True,True
395320272,2-3,pass,,42;43,7.636802188763622,pass,6.822108087294399,pass,True,True
396328004,2-3,pass,,18;19;25,9.252672380082211,exclude,10.35640360230309,exclude,False,False
396652558,4-6,exclude,P07: 0 sector(s) with CROWDSAP >= 0.9 after X10/X11,,,,,,False,False
396665085,4-6,pass,,19;25;26,9.747657213819696,exclude,9.67995807150953,exclude,False,False
396916240,2-3,pass,,45;46,9.10761033385156,exclude,7.704854753065887,pass,True,False
397133030,7-12,pass,,20;25;26,9.529031762422775,exclude,7.613754345731652,pass,True,False
397153006,4-6,pass,,19;20;25;26,10.219204897727009,exclude,10.266013626601907,exclude,False,False
397354290,4-6,pass,,43;44,9.902467099684186,exclude,7.587695327384538,pass,True,False
397435272,2-3,pass,,46;49,8.23095087084558,pass,6.873699117116646,pass,True,True
397797952,2-3,exclude,P07: 0 sector(s) with CROWDSAP >= 0.9 after X10/X11,,,,,,False,False
398267226,4-6,pass,,18;19;24;26,8.565532190325772,pass,6.07835473491763,pass,True,True
398338027,7-12,pass,,40;47;52;53,13.806600130838325,exclude,7.552279641738029,pass,True,False
399044025,2-3,pass,,23,5.358558828325691,pass,4.766056255684647,pass,True,True
399105073,2-3,pass,,23,3.979382257033443,pass,4.79515427396364,pass,True,True
399760463,4-6,pass,,16;23,8.372766861939985,pass,5.831814338922531,pass,True,True
399860684,13-inf,pass,,14;15;26,9.87349974774466,exclude,7.635554370382739,pass,True,False
399914697,7-12,pass,,40;41;53,10.604224217491822,exclude,8.553744864625926,pass,True,False
399921170,4-6,pass,,4,5.670463252702345,pass,5.10301920839258,pass,True,True
399931536,4-6,pass,,31;42;43;44,12.529474005049078,exclude,6.984441593487223,pass,True,False
399960550,4-6,pass,,19,6.6929810502119835,pass,4.520302642351163,pass,True,True
400054054,2-3,exclude,P07: 0 sector(s) with CROWDSAP >= 0.9 after X10/X11,,,,,,False,False
400095346,2-3,exclude,P07: 0 sector(s) with CROWDSAP >= 0.9 after X10/X11,,,,,,False,False
400475748,7-12,exclude,P07: 0 sector(s) with CROWDSAP >= 0.9 after X10/X11,,,,,,False,False
400701350,7-12,pass,,11;12,8.110941909007323,pass,9.582693048067998,exclude,False,True
400711585,4-6,pass,,44;45;46;47,6.7757097083133315,pass,6.151629189576214,pass,True,True
401055748,4-6,exclude,P07: 0 sector(s) with CROWDSAP >= 0.9 after X10/X11,,,,,,False,False
401325967,4-6,pass,,18;24;25,15.819908052543928,exclude,14.0005937962786,exclude,False,False
401398665,2-3,pass,,10,6.287647703740832,pass,6.065104745465107,pass,True,True
401837890,2-3,pass,,29;30,8.430809782162257,pass,5.20777832095938,pass,True,True
401912334,4-6,pass,,3;4,7.846243413792185,pass,6.359515010820738,pass,True,True
402110035,2-3,pass,,10,7.524237197476365,pass,6.099875907319788,pass,True,True
402115421,2-3,pass,,10,6.130787673846038,pass,4.159182527658326,pass,True,True
402236219,2-3,pass,,70;71,6.3139518472351535,pass,5.753004882009501,pass,True,True
402442750,13-inf,pass,,14;16;17;18;19;20;21;22;23;24,9.39959508047055,exclude,7.27426030739083,pass,True,False
402448314,13-inf,pass,,14;15;16;17;18;19;20;21;22;24,9.343956934454528,exclude,8.503594981333325,pass,True,False
402658977,7-12,pass,,14;15;16;17;18;19;21;22;24;25,9.293875917123051,exclude,8.863468456011375,pass,True,False
402659688,13-inf,exclude,P07: 0 sector(s) with CROWDSAP >= 0.9 after X10/X11,,,,,,False,False
402678529,7-12,exclude,P07: 0 sector(s) with CROWDSAP >= 0.9 after X10/X11,,,,,,False,False
402976323,4-6,pass,,18;19;25;26,11.76827664837637,exclude,8.400888513786771,pass,True,False
403137391,4-6,exclude,P07: 0 sector(s) with CROWDSAP >= 0.9 after X10/X11,,,,,,False,False
403236288,4-6,pass,,1,6.326134019242214,pass,5.776308176380165,pass,True,True
403329301,13-inf,pass,,15;16;17;18;19;22;24;25;26,9.619623968742532,exclude,9.33139923405697,exclude,False,False
403332425,4-6,pass,,17;24,10.62713872362622,exclude,7.549122362592826,pass,True,False
403332647,13-inf,pass,,15;16;18;19;22;24;25;26,13.53531052499486,exclude,12.160312539659724,exclude,False,False
404105593,4-6,pass,,16;17;18;24,8.441017728875535,pass,7.669460017484438,pass,True,True
404344156,7-12,pass,,13,6.65365758689628,pass,7.187349263130745,pass,True,True
404549087,2-3,pass,,23,6.145192460885606,pass,5.177889147435495,pass,True,True
404674748,2-3,exclude,P07: 0 sector(s) with CROWDSAP >= 0.9 after X10/X11,,,,,,False,False
404738718,2-3,pass,,70;71,7.178678189580789,pass,5.2132068218861285,pass,True,True
404926864,13-inf,pass,,27;28;29;31;32;34;35;37;38;39,8.421078465699702,pass,8.029093626285063,pass,True,True
405185769,2-3,pass,,42;43,7.858906032501384,pass,5.3992600037521035,pass,True,True
405266942,2-3,pass,,42;43,10.225760720305177,exclude,7.906566059052932,pass,True,False
405305758,4-6,pass,,42;43,8.919088568324067,pass,6.1363464220075645,pass,True,True
405394992,2-3,pass,,8,6.570898241225616,pass,6.307116305900676,pass,True,True
405475827,2-3,pass,,12,6.106316274271113,pass,5.236555889069641,pass,True,True
405504412,7-12,pass,,15;16;22;23,9.214460491173456,exclude,9.983209534827123,exclude,False,False
405580299,4-6,pass,,22;23,6.462386490581823,pass,6.843721254000774,pass,True,True
406244401,4-6,pass,,101;102;103;104,24.194332763713316,exclude,17.02595887347367,exclude,False,False
406404433,2-3,pass,,2,6.851317204891087,pass,4.907812887898105,pass,True,True
406594865,4-6,pass,,17;18;24,11.109206615305236,exclude,9.758930541781384,exclude,False,False
406950324,7-12,exclude,P07: 0 sector(s) with CROWDSAP >= 0.9 after X10/X11,,,,,,False,False
407621049,13-inf,pass,,1;2;3;4;5;6;7;8;9;10,7.724377552545104,pass,7.5268158280523805,pass,True,True
407695398,2-3,pass,,15;16,6.002908050799184,pass,5.298610962893011,pass,True,True
407696589,2-3,pass,,15;16,5.473154111222623,pass,5.816106252942743,pass,True,True
407826504,2-3,pass,,12;13,7.509889650065432,pass,7.79027568430777,pass,True,True
407910627,2-3,pass,,16,6.139662895309857,pass,5.665820754022256,pass,True,True
408290128,2-3,pass,,42;43,7.831550310056272,pass,5.6087735287486975,pass,True,True
408546125,2-3,pass,,42;43,7.636702363526026,pass,5.220660129479873,pass,True,True
408593961,2-3,pass,,42;43,6.620339429230132,pass,5.969317787800938,pass,True,True
408728735,4-6,pass,,18;19;25;26,10.329413870762483,exclude,6.699805134507289,pass,True,False
408747892,2-3,pass,,70;71,7.925174652804327,pass,8.587789417445055,pass,True,True
408817799,2-3,pass,,70;71,6.387299983586229,pass,5.7984538921609925,pass,True,True
408824126,2-3,pass,,42;43,7.299038930520452,pass,5.69727407280034,pass,True,True
410324206,4-6,pass,,9,6.5725075376535065,pass,4.058672270678692,pass,True,True
410394408,2-3,pass,,9,4.9438136605824745,pass,5.187155878201519,pass,True,True
410488062,7-12,pass,,1;2;4;5;6;7;8;9;10;11,13.020552191564114,exclude,11.347049442394322,exclude,False,False
410869522,4-6,exclude,P07: 0 sector(s) with CROWDSAP >= 0.9 after X10/X11,,,,,,False,False
411593353,4-6,exclude,P07: 0 sector(s) with CROWDSAP >= 0.9 after X10/X11,,,,,,False,False
411841844,2-3,pass,,32;43;44,7.836287544167333,pass,6.665269080163661,pass,True,True
413020657,4-6,pass,,8,4.331827862796296,pass,4.086394095805503,pass,True,True
414969627,4-6,pass,,44;45;46;48,11.192224564118156,exclude,7.911363612942894,pass,True,False
415018000,7-12,pass,,14;20;21;26,9.290802498811738,exclude,7.792076276712663,pass,True,False
415187404,2-3,exclude,P07: 0 sector(s) with CROWDSAP >= 0.9 after X10/X11,,,,,,False,False
415636370,2-3,exclude,P07: 0 sector(s) with CROWDSAP >= 0.9 after X10/X11,,,,,,False,False
415674181,2-3,pass,,44;45,8.292770161636033,pass,7.904331888679883,pass,True,True
415704533,4-6,pass,,14;20;26,8.613447936333007,pass,8.296701602154755,pass,True,True
416265649,7-12,pass,,40;41;53,10.059261970271912,exclude,7.726080076719807,pass,True,False
416279880,7-12,exclude,P07: 0 sector(s) with CROWDSAP >= 0.9 after X10/X11,,,,,,False,False
416401346,13-inf,pass,,14;15;16;17;18;19;20;21;22;23,8.724976500872057,pass,7.188299471999891,pass,True,True
416447513,4-6,pass,,41;54,8.601517881625607,pass,9.69737093678776,exclude,False,True
416488611,4-6,pass,,56,8.466782389108038,pass,5.312232133610405,pass,True,True
416537628,4-6,pass,,14;15;21,7.792991910493238,pass,7.409772605966054,pass,True,True
416605630,2-3,pass,,15;16;22,9.324503628719889,exclude,7.565280471045944,pass,True,False
416615728,4-6,pass,,31;42;43;44,8.454751523882168,pass,7.798809948864352,pass,True,True
416815016,7-12,pass,,17;24,9.750326478769589,exclude,6.938420124511364,pass,True,False
417581749,4-6,pass,,24;25,5.828814682080246,pass,6.185664417557838,pass,True,True
417610634,4-6,pass,,17;18;19;24;25,10.035496938934102,exclude,9.537894977447648,exclude,False,False
417643258,4-6,exclude,P07: 0 sector(s) with CROWDSAP >= 0.9 after X10/X11,,,,,,False,False
417661875,2-3,exclude,P07: 0 sector(s) with CROWDSAP >= 0.9 after X10/X11,,,,,,False,False
417707531,4-6,pass,,18;19;24;25,10.136801597285372,exclude,8.14746074406125,pass,True,False
417757363,7-12,pass,,20;26,9.220116788595442,exclude,7.066860064353784,pass,True,False
417867613,4-6,pass,,21,5.965263101004877,pass,5.043157164859135,pass,True,True
417915215,4-6,pass,,14,5.188539240414727,pass,4.37799572543365,pass,True,True
417920395,4-6,pass,,14;15;21;22,10.61471618932207,exclude,6.034457486175612,pass,True,False
417921620,4-6,pass,,15;21;22,7.826423577648702,pass,7.883846178712565,pass,True,True
418082218,2-3,exclude,P07: 0 sector(s) with CROWDSAP >= 0.9 after X10/X11,,,,,,False,False
418251259,2-3,exclude,P07: 0 sector(s) with CROWDSAP >= 0.9 after X10/X11,,,,,,False,False
418342346,4-6,pass,,19;20;26,10.09400068737653,exclude,8.861530433164612,pass,True,False
418386461,2-3,pass,,11;12,7.814098404226504,pass,7.345187496858805,pass,True,True
418468534,2-3,pass,,38;39,6.186604558678003,pass,5.018796348488763,pass,True,True
418477085,7-12,pass,,15,5.512080034933573,pass,5.458892285482706,pass,True,True
419635831,2-3,pass,,1;13,8.056719936819857,pass,7.498961647447429,pass,True,True
420001714,2-3,pass,,4,5.059713358241264,pass,5.711575318916979,pass,True,True
420033690,4-6,pass,,4,7.154462401302328,pass,5.058943515088634,pass,True,True
420108194,13-inf,pass,,14;15;16;17;18;19;20;21;22;23,11.316689203038798,exclude,8.012410015317583,pass,True,False
420130101,13-inf,pass,,14;17;18;19;20;21;22;23;24;26,7.578362721478436,pass,7.32567092165861,pass,True,True
420130364,7-12,exclude,P07: 1 sector(s) with CROWDSAP >= 0.9 after X10/X11,,,,,,False,False
420303093,2-3,pass,,47;52,9.985852850875254,exclude,5.753257302837212,pass,True,False
420532066,4-6,exclude,P07: 0 sector(s) with CROWDSAP >= 0.9 after X10/X11,,,,,,False,False
421330385,4-6,exclude,P07: 1 sector(s) with CROWDSAP >= 0.9 after X10/X11,,,,,,False,False
421334054,13-inf,pass,,14;15;16;17;19;20;22;23;26,11.562213177605113,exclude,10.9102447750083,exclude,False,False
421953330,2-3,exclude,P07: 0 sector(s) with CROWDSAP >= 0.9 after X10/X11,,,,,,False,False
422045258,2-3,pass,,42,5.339576848929232,pass,3.912610617584508,pass,True,True
422048416,2-3,pass,,13,4.328895000440941,pass,5.552810048890844,pass,True,True
422246096,2-3,pass,,23,5.035008745644012,pass,4.970267586982586,pass,True,True
422274184,2-3,pass,,23,5.461856008635632,pass,5.589813307408103,pass,True,True
422355010,7-12,pass,,15;16;17;18;19;22;24;25,10.405309354683924,exclude,7.964462667788984,pass,True,False
422389277,13-inf,pass,,16;17;18;24;25,8.747633486930814,pass,9.453450547641696,exclude,False,True
422989625,13-inf,exclude,P07: 0 sector(s) with CROWDSAP >= 0.9 after X10/X11,,,,,,False,False
423025387,13-inf,pass,,14;15;16;17;18;19;20;21;22;23,10.437792943154651,exclude,7.334224708513236,pass,True,False
423184161,4-6,pass,,27,7.873401661610925,pass,6.496453716550903,pass,True,True
423669556,2-3,pass,,3,5.859618264155461,pass,5.578806664197909,pass,True,True
423777478,2-3,exclude,P07: 0 sector(s) with CROWDSAP >= 0.9 after X10/X11,,,,,,False,False
423811237,2-3,pass,,5,5.731872498661958,pass,6.5508040669772685,pass,True,True
424388839,13-inf,pass,,14;15;16;17;18;19;20;21;23;24,9.008203794385386,exclude,7.54162115352164,pass,True,False
424436126,4-6,pass,,14;25;26,7.83825863083446,pass,8.589957538302635,pass,True,True
424439672,13-inf,pass,,14;15;16;17;18;19;20;22;23;24,11.99023381050832,exclude,7.448658762389957,pass,True,False
424696771,7-12,pass,,14;15;16;17;20;23,10.846737001057608,exclude,7.309931798675096,pass,True,False
424730553,13-inf,pass,,14;15;16;17;18;19;20;21;22;24,8.744379871353473,pass,8.805794773721813,pass,True,True
424730909,13-inf,pass,,14;15;16;17;18;19;20;21;22;23,11.971798076512917,exclude,6.447409306769117,pass,True,False
424865046,2-3,exclude,P07: 0 sector(s) with CROWDSAP >= 0.9 after X10/X11,,,,,,False,False
425863917,2-3,pass,,1;2,8.248897447648844,pass,8.132147654079748,pass,True,True
425865767,7-12,pass,,94;95;102;104;105,6.9791874614092695,pass,7.47446463262219,pass,True,True
425907893,2-3,pass,,95;96,7.056174234960133,pass,5.940304477717071,pass,True,True
425935532,4-6,exclude,P07: 0 sector(s) with CROWDSAP >= 0.9 after X10/X11,,,,,,False,False
426020017,4-6,pass,,1;2;13,9.316414644223356,exclude,9.612996105854675,exclude,False,False
427338599,4-6,pass,,57;58,8.31236178109781,pass,6.909604558920072,pass,True,True
427581474,4-6,pass,,22,8.83412659562754,pass,5.143986810381778,pass,True,True
428798205,7-12,pass,,18;19;25,8.177999584100654,pass,8.734931498559991,pass,True,True
429002710,4-6,pass,,18;19;25;26,9.28630399774092,exclude,7.603829084523088,pass,True,False
429034421,2-3,exclude,P07: 0 sector(s) with CROWDSAP >= 0.9 after X10/X11,,,,,,False,False
430671343,2-3,pass,,15;16,5.857493219102837,pass,4.990503575052768,pass,True,True
431479397,4-6,pass,,89;93;94;95;96,14.07966377793906,exclude,10.149874174362756,exclude,False,False
434138790,4-6,pass,,5,7.820453304638741,pass,4.939806535924188,pass,True,True
434367416,4-6,pass,,33;43;44;45,13.101512964281971,exclude,13.307370003504378,exclude,False,False
434497459,2-3,pass,,9,5.7866140130325645,pass,4.243806471823543,pass,True,True
435537359,4-6,pass,,57;58,7.072843434294321,pass,7.475162798895304,pass,True,True
435676185,4-6,pass,,18;19;24;25,9.22390204483899,exclude,7.353413292686466,pass,True,False
435680679,4-6,pass,,18;19;25;26,10.921093513518802,exclude,6.750761017285281,pass,True,False
435920675,4-6,pass,,32;43;44,8.59765696479946,pass,6.5935954063914695,pass,True,True
436018580,2-3,exclude,P07: 0 sector(s) with CROWDSAP >= 0.9 after X10/X11,,,,,,False,False
436865119,4-6,pass,,18,5.184120395995234,pass,4.110334628986997,pass,True,True
437025779,2-3,exclude,P07: 0 sector(s) with CROWDSAP >= 0.9 after X10/X11,,,,,,False,False
437025818,2-3,pass,,71;72,7.740913091116082,pass,5.898702589445915,pass,True,True
437057507,2-3,pass,,44;45;46,10.388211156372869,exclude,6.325149440253166,pass,True,False
437251093,4-6,pass,,9,5.610522156559272,pass,6.531809554804038,pass,True,True
437256180,2-3,pass,,9,6.131862455868478,pass,4.8243552076658345,pass,True,True
438406511,4-6,pass,,43;44;45,7.973622518495706,pass,6.716048717310174,pass,True,True
439388993,2-3,exclude,P07: 1 sector(s) with CROWDSAP >= 0.9 after X10/X11,,,,,,False,False
439898601,2-3,pass,,4,7.619947134937743,pass,4.564568673591765,pass,True,True
441136659,4-6,exclude,P07: 0 sector(s) with CROWDSAP >= 0.9 after X10/X11,,,,,,False,False
441153565,2-3,pass,,4,6.372445512838792,pass,5.704127794418487,pass,True,True
441565446,2-3,pass,,40;47;53,9.03647085657954,exclude,7.968436981740134,pass,True,False
441630858,4-6,pass,,20;26,10.541291377795496,exclude,6.800346654975237,pass,True,False
441639062,4-6,pass,,15;16;22;23,7.677200057634488,pass,7.083000477307023,pass,True,True
441640642,4-6,pass,,15;16;22;23,16.190014762153595,exclude,13.145152391295388,exclude,False,False
441661659,4-6,pass,,15;16;22;23,8.228937438242372,pass,8.196569452143263,pass,True,True
441663519,7-12,pass,,15;16;22;23,9.379054424518356,exclude,7.916995577227876,pass,True,False
441697774,4-6,exclude,P07: 0 sector(s) with CROWDSAP >= 0.9 after X10/X11,,,,,,False,False
441705313,4-6,pass,,22;23,8.31942846775159,pass,7.997536939557104,pass,True,True
441716136,7-12,pass,,14;16;17;18;19;20;21;22;23;24,11.600328784629143,exclude,6.977964900111072,pass,True,False
441716248,13-inf,pass,,14;20;26,9.826766468634668,exclude,8.144687814927188,pass,True,False
441716895,13-inf,pass,,14;15;16;17;18;19;20;21;22;23,10.62982443621246,exclude,11.53097857026602,exclude,False,False
441718525,7-12,pass,,14;16;17;18;19;20;21;22;23;24,12.32277703928156,exclude,13.142234607586335,exclude,False,False
441719749,13-inf,pass,,14;16;17;18;19;20;21;22;23;24,7.257228682650147,pass,7.335648460270458,pass,True,True
441720612,4-6,pass,,14;15;25;26,8.287101952665745,pass,7.1854558589630235,pass,True,True
441727778,7-12,pass,,14;19;20;22;23;24;26,13.985847816999224,exclude,7.45873627354216,pass,True,False
441729251,13-inf,pass,,14;15;16;18;19;20;21;22;23;24,8.059188388606874,pass,8.414827573959585,pass,True,True
441729468,7-12,pass,,40;41;48;49;50;51;52;53,10.54731616874066,exclude,7.500418318882965,pass,True,False
441730017,13-inf,pass,,14;16;17;18;19;21;22;23;24;25,9.856434289370622,exclude,9.502943139555825,exclude,False,False
441732064,7-12,pass,,47;48;49;50;51;52;53,7.085530985001263,pass,7.208228803699121,pass,True,True
441732126,13-inf,pass,,15;16;17;18;19;20;21;22;23;24,12.020341004429914,exclude,7.832802915471746,pass,True,False
441732984,13-inf,pass,,14;15;16;17;18;19;20;21;22;23,9.8667000421941,exclude,6.210222237587935,pass,True,False
441734619,2-3,pass,,48;49;51,9.675380648764104,exclude,5.776467559110369,pass,True,False
441736266,13-inf,pass,,14;19;20;21;22;23;26,9.83947999425312,exclude,8.03989396570844,pass,True,False
441740342,7-12,pass,,14;15;16;17;18;19;21;22;23;24,12.005758856710615,exclude,7.304828862371363,pass,True,False
441741016,7-12,pass,,14;16;17;18;19;20;21;22;24;25,10.685231440875512,exclude,6.946425134243785,pass,True,False
441741575,13-inf,pass,,14;15;16;17;18;19;21;22;23;24,13.743455897642145,exclude,8.59643022389881,pass,True,False
441742021,13-inf,pass,,14;15;16;17;18;19;20;21;22;23,8.427702155250344,pass,7.869892843156169,pass,True,True
441761798,7-12,pass,,14;25;26,7.15471713760524,pass,7.985059683892031,pass,True,True
441763913,13-inf,pass,,15;16;17;18;19;20;21;22;23;24,11.650291224775405,exclude,9.924492092108274,exclude,False,False
441763983,13-inf,pass,,15;16;17;18;19;20;21;22;23;24,9.054353728500107,exclude,7.751030977848606,pass,True,False
441790989,7-12,pass,,14;15;16;17;18;19;20;21;22;24,10.25472402113311,exclude,7.689861924925421,pass,True,False
441792823,13-inf,pass,,14;15;16;17;18;19;20;21;22;24,9.027290522225654,exclude,13.00667810427203,exclude,False,False
441794991,13-inf,pass,,14;15;16;17;18;19;20;21;22;23,9.88395276284993,exclude,7.884342153004329,pass,True,False
441795832,13-inf,pass,,14;15;16;17;18;19;20;21;22;23,12.19985357766724,exclude,11.967809313385708,exclude,False,False
441797707,7-12,pass,,17;18;19;21;22;24;25;26,13.370383249975209,exclude,9.618135002089655,exclude,False,False
441802995,13-inf,pass,,14;15;16;17;18;19;20;21;22;23,10.422972348824231,exclude,7.733241599133525,pass,True,False
441812191,13-inf,pass,,14;15;16;17;18;19;20;21;22;23,12.263253643495093,exclude,8.398873071496316,pass,True,False
442829075,4-6,exclude,P07: 0 sector(s) with CROWDSAP >= 0.9 after X10/X11,,,,,,False,False
442932513,2-3,pass,,5;6,8.189982529250958,pass,7.355326494109483,pass,True,True
442961434,2-3,exclude,P07: 1 sector(s) with CROWDSAP >= 0.9 after X10/X11,,,,,,False,False
443584533,2-3,pass,,9,5.879306069019745,pass,5.878250048146223,pass,True,True
443588000,2-3,pass,,45;46,6.096199084152364,pass,5.59339266602596,pass,True,True
443616599,4-6,pass,,9,6.143139520940595,pass,8.730392317606908,pass,True,True
443892394,4-6,pass,,7,4.27755354024922,pass,4.981854250486517,pass,True,True
443968804,4-6,pass,,34;44;45;46,12.447758280337204,exclude,7.97841312480876,pass,True,False
444010408,4-6,pass,,34;44;45;46,13.95889320800756,exclude,12.53200356714025,exclude,False,False
444038485,4-6,pass,,34;44;45;46,10.341388786382982,exclude,9.506868565920318,exclude,False,False
444045759,4-6,pass,,15;16;22,11.236781169282768,exclude,7.350897613006217,pass,True,False
444743727,4-6,pass,,18;24,9.325936084692298,exclude,7.508965619771198,pass,True,False
445030227,2-3,pass,,20,6.182299988335586,pass,5.580419246811881,pass,True,True
445330461,7-12,pass,,7;8,10.019507912482243,exclude,13.380423104865791,exclude,False,False
445832471,2-3,pass,,21;22,6.7388330305696025,pass,5.737669475092616,pass,True,True
445855689,7-12,pass,,14;19;20;21;26,10.066077447492212,exclude,7.698377841909117,pass,True,False
445918502,4-6,pass,,5,5.222317308584543,pass,6.049427227328203,pass,True,True
445927794,4-6,pass,,32;42;43;44,9.446946549424627,exclude,6.956587169823516,pass,True,False
446162500,2-3,pass,,22,7.111363548276655,pass,4.807566612882204,pass,True,True
446168745,4-6,pass,,14;20;21;26,8.553677063335419,pass,6.696755326877264,pass,True,True
446344670,4-6,exclude,P07: 0 sector(s) with CROWDSAP >= 0.9 after X10/X11,,,,,,False,False
447785589,4-6,exclude,P07: 0 sector(s) with CROWDSAP >= 0.9 after X10/X11,,,,,,False,False
448995070,4-6,exclude,P07: 0 sector(s) with CROWDSAP >= 0.9 after X10/X11,,,,,,False,False
450027779,2-3,pass,,5,7.43146774309656,pass,4.662354517553804,pass,True,True
452386765,2-3,pass,,10;11,6.649684425472267,pass,5.305615908132534,pass,True,True
452446269,2-3,pass,,10;12,7.14724094525335,pass,6.006574243938965,pass,True,True
453096666,13-inf,pass,,1;2;3;4;5;6;8;9;10;11,16.593136380798054,exclude,18.779049140564293,exclude,False,False
453098271,4-6,pass,,89;94;95;96,9.699064175350514,exclude,6.240452507335377,pass,True,False
453121186,4-6,pass,,32;33,5.984131983228239,pass,6.71870708284729,pass,True,True
453884974,2-3,exclude,P07: 0 sector(s) with CROWDSAP >= 0.9 after X10/X11,,,,,,False,False
454492584,2-3,pass,,38;39,7.81842301628893,pass,4.996230082148505,pass,True,True
455272769,4-6,pass,,35;45;46,9.671967195278938,exclude,10.927442181812268,exclude,False,False
455305368,2-3,pass,,45;46,6.954985907181122,pass,8.177897225853117,pass,True,True
456343194,2-3,pass,,21,4.589369373348669,pass,5.137781505454197,pass,True,True
457161589,2-3,pass,,5,7.418463414090533,pass,6.032285564289941,pass,True,True
458192751,4-6,exclude,P07: 0 sector(s) with CROWDSAP >= 0.9 after X10/X11,,,,,,False,False
458460638,7-12,pass,,15;16;19;20;21;22;26,9.472758239724527,exclude,7.016389716739419,pass,True,False
458516874,2-3,pass,,51;52,5.367346562419267,pass,7.448364101982599,pass,True,True
458646284,2-3,pass,,45;46,9.79117434924867,exclude,5.7902597724730365,pass,True,False
458711066,2-3,pass,,24,4.669564715790849,pass,4.792239846392064,pass,True,True
459157714,2-3,exclude,P07: 0 sector(s) with CROWDSAP >= 0.9 after X10/X11,,,,,,False,False
459217541,4-6,pass,,14;15;21;22,10.331576815624302,exclude,9.130117969886726,exclude,False,False
459217634,4-6,pass,,14;15;21;22,8.553789193899629,pass,7.178754424186056,pass,True,True
459242821,7-12,pass,,14;16;21;22,10.06439376228836,exclude,6.625268479589301,pass,True,False
459246072,4-6,pass,,15;16;22;23,8.948828187703501,pass,6.169510677313747,pass,True,True
459763930,2-3,pass,,20;21,6.062253659822521,pass,6.088737800670566,pass,True,True
459837143,4-6,pass,,19;20;25;26,7.654374013366592,pass,8.041476917037922,pass,True,True
459838958,2-3,pass,,19;20,8.378274175041682,pass,5.138352893852384,pass,True,True
459865437,4-6,pass,,19;20;25;26,7.2239113248662,pass,7.116460156733191,pass,True,True
459893772,4-6,pass,,25,6.785435744170799,pass,7.263415813203465,pass,True,True
459957047,7-12,pass,,14;19;20;21;25;26,9.757133817506478,exclude,6.955152582148774,pass,True,False
459966401,2-3,pass,,24,6.156950252178732,pass,4.382116905829825,pass,True,True
459970268,13-inf,pass,,14;15;16;17;18;19;20;21;22;23,11.662716907301826,exclude,8.439116631638603,pass,True,False
459970335,13-inf,pass,,17;18;19;20;21;22;24,10.191277632357036,exclude,7.738197419139755,pass,True,False
459978577,7-12,exclude,P07: 0 sector(s) with CROWDSAP >= 0.9 after X10/X11,,,,,,False,False
460709324,2-3,exclude,P07: 0 sector(s) with CROWDSAP >= 0.9 after X10/X11,,,,,,False,False
461497076,13-inf,pass,,18;20;25;26,10.670007875845512,exclude,8.126145055381057,pass,True,False
461516246,7-12,pass,,18;20;25;26,10.551914118470144,exclude,7.775801139519598,pass,True,False
461539894,7-12,pass,,18;19;20;25;26,8.44384254365895,pass,7.1441628064423215,pass,True,True
461561350,2-3,pass,,47;52;53,7.702159959487277,pass,7.24482880317082,pass,True,True
461593015,7-12,pass,,19;20;25;26,11.867315006179949,exclude,7.35238951960481,pass,True,False
461599251,4-6,pass,,18;20;25;26,13.337251199228051,exclude,14.732619157881604,exclude,False,False
462119483,7-12,pass,,9;10,12.577785181391206,exclude,11.03746329595499,exclude,False,False
462519478,2-3,pass,,46;49,10.1269210558371,exclude,6.080930906869497,pass,True,False
462552201,7-12,exclude,P07: 0 sector(s) with CROWDSAP >= 0.9 after X10/X11,,,,,,False,False
462575265,7-12,pass,,14;15;16;17;20;21;22;23,10.163551391998611,exclude,6.869230359198739,pass,True,False
462575551,13-inf,pass,,14;16;17;20;21;22;23,10.059495880372658,exclude,7.55201854222662,pass,True,False
462670205,4-6,pass,,25;26,6.875529474479155,pass,5.713784652445596,pass,True,True
463797779,4-6,exclude,P07: 0 sector(s) with CROWDSAP >= 0.9 after X10/X11,,,,,,False,False
463823452,7-12,pass,,9;10,12.475872633581222,exclude,9.660648216721055,exclude,False,False
464537734,4-6,exclude,P07: 0 sector(s) with CROWDSAP >= 0.9 after X10/X11,,,,,,False,False
464964668,2-3,exclude,P07: 0 sector(s) with CROWDSAP >= 0.9 after X10/X11,,,,,,False,False
466222276,2-3,pass,,13,5.364592452151223,pass,4.010287427888292,pass,True,True
466441181,2-3,pass,,42;43,6.427413282232679,pass,5.198233404607089,pass,True,True
467182449,7-12,pass,,14;15;16;17;20;23;26,9.033178274459472,exclude,6.79407969714944,pass,True,False
467184554,4-6,pass,,14;15;16;23,8.441211547890108,pass,8.771825563060759,pass,True,True
467223244,2-3,pass,,15;16,6.581213937268531,pass,5.2468087460029915,pass,True,True
467317924,2-3,exclude,P07: 0 sector(s) with CROWDSAP >= 0.9 after X10/X11,,,,,,False,False
467350224,2-3,pass,,10;11,6.733500129444011,pass,7.969703557987263,pass,True,True
467781820,2-3,pass,,43;44,8.03206480326798,pass,6.990880364189894,pass,True,True
468178193,4-6,pass,,12;13,6.468464240774774,pass,6.188951446219801,pass,True,True
468256571,4-6,pass,,18;19;25;26,15.935448626241785,exclude,12.283750959511726,exclude,False,False
468295855,4-6,exclude,P07: 0 sector(s) with CROWDSAP >= 0.9 after X10/X11,,,,,,False,False
468327411,2-3,pass,,18;25,9.019511297918273,exclude,7.6726009408602,pass,True,False
468336171,2-3,pass,,42;43,7.581493905488829,pass,5.486614321650759,pass,True,True
468353682,7-12,pass,,18;19;24;26,10.399370461677249,exclude,6.9140826826952,pass,True,False
468461718,4-6,pass,,18;19;24;25,8.847687960455294,pass,8.448553103783107,pass,True,True
468607863,4-6,pass,,19;25,7.319768661129571,pass,6.80736654944082,pass,True,True
468719286,4-6,pass,,18;19;24;25,7.581056957929043,pass,7.744824863178679,pass,True,True
468797613,7-12,pass,,19;26,8.248939838318078,pass,5.3914381910757285,pass,True,True
468807465,2-3,pass,,19;20,7.074256907308508,pass,6.2087179619227255,pass,True,True
468938969,4-6,pass,,7,6.530196213639167,pass,6.226869650227739,pass,True,True
468992376,4-6,pass,,34;44;45;46,10.457378424685242,exclude,11.155166994064553,exclude,False,False
469285351,2-3,exclude,P07: 0 sector(s) with CROWDSAP >= 0.9 after X10/X11,,,,,,False,False
469696053,4-6,exclude,P07: 0 sector(s) with CROWDSAP >= 0.9 after X10/X11,,,,,,False,False
469943599,7-12,pass,,1,5.5112042628003985,pass,5.205492247328051,pass,True,True
469981586,7-12,pass,,1,6.24631845946467,pass,6.684381491699736,pass,True,True
470120772,4-6,pass,,18;19;24;25,8.402915168809196,pass,7.197559616924525,pass,True,True
470128342,4-6,pass,,18;19;20;25;26,10.162017100770283,exclude,6.502771072496056,pass,True,False
470149057,4-6,pass,,18;19;25,7.962458229819546,pass,7.564848833775807,pass,True,True
470206204,4-6,pass,,18;19;24;25;26,8.797043269622149,pass,8.372221793526679,pass,True,True
470676355,7-12,exclude,P07: 0 sector(s) with CROWDSAP >= 0.9 after X10/X11,,,,,,False,False
630062077,2-3,exclude,P07: 0 sector(s) with CROWDSAP >= 0.9 after X10/X11,,,,,,False,False
684946549,7-12,exclude,P07: 0 sector(s) with CROWDSAP >= 0.9 after X10/X11,,,,,,False,False
734531490,13-inf,exclude,P07: 0 sector(s) with CROWDSAP >= 0.9 after X10/X11,,,,,,False,False
737165370,13-inf,exclude,P07: 0 sector(s) with CROWDSAP >= 0.9 after X10/X11,,,,,,False,False
1001481140,2-3,exclude,P07: 0 sector(s) with CROWDSAP >= 0.9 after X10/X11,,,,,,False,False
