inj_id,tic,split,stratum,k_draw,n_sectors,sectors,cls,P_true,t0_true,depth,b,depth2,ecc,omega,r_star,m_star,teff,logg,rho_solar,e_rho_solar,seed_r,P_seed
v2c_0000,307986421,v2cal,4-6,9,5,56;57;58;59;60,planet,29.307306910741662,2831.4314322735363,0.000686023023708028,0.5210779241383623,0.0,0.0,0.0,0.879144,0.889,5219.0,4.49885,1.30834,0.301223,,
v2c_0001,404549087,v2cal,2-3,2,1,23,planet,19.61890107629612,1947.6367120749173,0.018697601395921016,0.5370789495541295,0.0,0.0,0.0,0.947009,0.993,5611.0,4.48231,1.1692,0.256981,,
v2c_0002,102050449,v2cal,7-12,6,1,2,planet,1.2897679509122877,1355.1214531150104,0.005568662466181655,0.5903882450833005,0.0,0.0,0.0,1.332,1.18,6182.83,4.26094,0.49931,0.146674,,
v2c_0003,22237080,v2cal,2-3,3,1,9,planet,2.611363068545056,1543.3012497476543,0.0017948334189291483,0.019795440765562576,0.0,0.0,0.0,0.740573,0.95,5447.0,4.67666,2.33894,0.50417,,
v2c_0004,231044412,v2cal,4-6,1,1,2,planet,29.876252264140458,1355.630579754921,0.002289809656800064,0.014621949600201833,0.0,0.0,0.0,1.06854,1.01,5697.0,4.38481,0.827846,0.177075,,
v2c_0005,30941364,v2cal,7-12,7,7,4;5;6;7;8;9;10,planet,0.5209507195085618,1410.9941123214012,0.04408972879788395,0.1848134814866438,0.0,0.0,0.0,1.59705,1.26,6340.43,4.1318,0.309325,0.0670483,,
v2c_0006,308983576,v2cal,4-6,1,1,9,planet,1.2473213309520852,1544.3184861105328,0.005415633864926242,0.03617189368181687,0.0,0.0,0.0,1.07274,1.0,5629.6,4.37708,0.810056,0.160955,,
v2c_0007,52403906,v2cal,2-3,2,1,2,planet,8.804893412499023,1361.1752767282258,0.00902399514161024,0.7968136904036829,0.0,0.0,0.0,0.901837,0.94,5424.0,4.50094,1.28157,0.302839,,
v2c_0008,55367245,v2cal,13-inf,7,7,1;2;3;4;5;6;7,planet,0.636341421257604,1325.8666072812994,0.00037204460297482364,0.5636229450707952,0.0,0.0,0.0,1.44078,1.1,5979.04,4.16227,0.36779,0.0717978,,
v2c_0009,306934657,v2cal,13-inf,2,2,1;2,planet,16.76283139542326,1333.5754072024954,0.0022995323476824483,0.6801958475483956,0.0,0.0,0.0,0.716077,0.64,4119.0,4.53433,1.74301,0.606498,,
v2c_0010,126585122,v2cal,2-3,2,1,1,planet,1.571917089377037,1325.4262447322783,0.03636181681012012,0.46681632711668275,0.0,0.0,0.0,0.848746,0.94,5418.0,4.55364,1.53743,0.346787,,
v2c_0011,220411010,v2cal,13-inf,4,4,1;2;3;4,eb_unequal,4.981384333856848,1329.8856356716374,0.02685129979399462,0.899077341488548,0.015122084833995976,0.0,0.0,1.2412,1.12,6043.0,4.2996,0.585725,0.128424,,
v2c_0012,140964673,v2cal,2-3,9,3,19;25;26,eb_unequal,1.3375578519503677,1816.294565795306,0.004805347516320408,0.14157711257861075,0.001529220801889659,0.0,0.0,1.43365,1.039,5788.0,4.1418,0.352602,0.0752932,,
v2c_0013,443892394,v2cal,4-6,4,1,7,eb_twin,0.760118254128916,1492.22623551889,0.007709228688915908,0.5406004859337038,0.007709228688915908,0.0,0.0,0.661346,0.68,4322.0,4.62972,2.35084,0.76124,,
v2c_0014,200783426,v2cal,4-6,6,2,3;4,planet,2.184199882945517,1384.867851385656,0.002372552068071936,0.10296979390525865,0.0,0.0,0.0,0.784144,0.85,5076.0,4.57869,1.76291,0.426024,,
v2c_0015,306635821,v2cal,13-inf,1,1,1,eb_unequal,0.945783548525833,1325.4113689388053,0.030980566961951263,0.8500300677027864,0.017950763326471796,0.0,0.0,1.13484,1.14,6078.0,4.3851,0.780014,0.170052,,
v2c_0016,233199678,v2cal,13-inf,3,3,14;15;16,planet,3.2918440156358195,1684.3865003271424,0.000986920069726582,0.14024003348456132,0.0,0.0,0.0,1.57806,1.19,6202.0,4.11737,0.302814,0.0662953,,
v2c_0017,3899820,v2cal,2-3,8,1,3,planet,10.270878433731916,1392.181103041628,0.002057514897690363,0.76119298283409,0.0,0.0,0.0,1.1562,0.973,5534.2,4.30011,0.629526,0.146932,,
v2c_0018,198210791,v2cal,2-3,10,3,15;16;24,eb_unequal,27.151111379760582,1719.6102281062902,0.021546000810477483,0.8918817850915721,0.0038911243705184945,0.0,0.0,0.997022,1.149,6106.0,4.50098,1.15933,0.261256,,
v2c_0019,231055670,v2cal,4-6,1,1,2,eb_ecc,10.870841962447683,1357.772009674119,0.009845045407406158,0.6192905086734692,0.00789501246235929,0.27825585909726963,4.222649884969585,0.737141,0.93,5354.0,4.67145,2.32183,0.52679,,
v2c_0020,260415529,v2cal,13-inf,4,4,27;28;29;30,eb_unequal,14.492025481985463,2036.339762231162,0.0012829933111741436,0.5328784957497786,0.0002039878866411198,0.0,0.0,1.72597,1.35,6547.0,4.09433,0.262562,0.0595398,,
v2c_0021,229650547,v2cal,7-12,10,10,14;15;16;17;18;19;20;21;23;24,planet,0.5967913305251042,1683.8935861690857,0.01593524422312727,0.25713037210379397,0.0,0.0,0.0,1.11403,1.318,6472.0,4.46419,0.953291,0.218461,,
v2c_0022,308398336,v2cal,7-12,9,8,4;5;7;8;9;10;11;12,planet,29.10458059002665,1423.491477865189,0.00037315833832082606,0.20706044453342912,0.0,0.0,0.0,1.0929,1.02,5722.4,4.3695,0.781365,0.173022,,
v2c_0023,229714508,v2cal,13-inf,9,9,14;15;16;17;18;19;21;22;24,planet,0.5941006093108067,1683.7889669516476,0.00973428447743162,0.8345867115433593,0.0,0.0,0.0,1.14464,1.058,5857.0,4.34521,0.705465,0.152911,,
v2c_0024,380941020,v2cal,2-3,3,3,30;42;43,planet,3.655959704080284,2117.5365130297387,0.010138988555006079,0.590163038790987,0.0,0.0,0.0,1.14609,1.01,5690.26,4.32395,0.670912,0.154467,,
v2c_0025,24530425,v2cal,4-6,3,2,5;6,eb_unequal,1.7168088362450695,1438.433660728541,0.013654562778988563,0.8255726414234209,0.00304101826765106,0.0,0.0,0.53205,0.528824,3934.0,4.70947,3.51119,0.1781,,
v2c_0026,150247039,v2cal,7-12,1,1,9,planet,21.53879677772585,1558.9728453987764,0.014612405720070143,0.014839994918707676,0.0,0.0,0.0,0.933349,0.95,5449.25,4.4757,1.1684,0.262336,,
v2c_0027,167422188,v2cal,13-inf,5,5,2;3;4;5;6,planet,29.601027696746456,1365.044559229137,0.0034734788398713963,0.8649697207058684,0.0,0.0,0.0,0.494944,0.493036,3708.0,4.74183,4.0664,0.198295,,
v2c_0028,229770431,v2cal,13-inf,7,7,40;47;48;49;50;52;53,planet,14.717479098292621,2399.114694844314,0.011845898298546919,0.3720381011224717,0.0,0.0,0.0,1.51804,1.04,5795.0,4.09254,0.297295,0.0655951,,
v2c_0029,55603918,v2cal,13-inf,3,3,1;2;3,planet,2.146967005011203,1326.722236350467,0.007487757765604676,0.0768099694229366,0.0,0.0,0.0,1.42534,1.28,6394.0,4.23744,0.442036,0.0978016,,
v2c_0030,5641823,v2cal,2-3,3,2,29;42,planet,0.6866807690150298,2088.4737411626525,0.00024444879959884403,0.6039208254541104,0.0,0.0,0.0,0.870623,0.97,5522.0,4.54518,1.46988,0.330374,,
v2c_0031,424388839,v2cal,13-inf,2,2,14;15,planet,4.376699608473875,1687.139674479691,0.0008658107196108434,0.5835885440667556,0.0,0.0,0.0,0.953856,1.086,5944.0,4.51493,1.25136,0.275699,,
v2c_0032,149741603,v2cal,2-3,2,1,34,eb_twin,0.8187031704547231,2229.252999517941,0.03498109581043093,0.435788941350171,0.03498109581043093,0.0,0.0,1.30144,1.385,6616.0,4.35067,0.628315,0.14769,,
v2c_0033,67831314,v2cal,2-3,2,2,70;71,planet,2.2375411006525843,3208.6107831600198,0.00047709095870990183,0.19598578672038136,0.0,0.0,0.0,1.4499,1.12,6033.62,4.16461,0.367453,0.0781692,,
v2c_0034,47510709,v2cal,2-3,10,1,2,planet,24.58964724895636,1367.7749733828548,0.0006160700605152622,0.45019428157572927,0.0,0.0,0.0,1.45408,1.227,6281.0,4.20174,0.399098,0.0907283,,
v2c_0035,30941364,v2cal,7-12,8,8,4;5;6;7;8;9;10;11,eb_twin,3.9252867298181338,1413.3498554002765,0.0031775711772218424,0.1276303975708977,0.0031775711772218424,0.0,0.0,1.59705,1.26,6340.43,4.1318,0.309325,0.0670483,,
v2c_0036,313485314,v2cal,4-6,10,4,14;15;20;21,planet,20.811318035024218,1695.6721836878098,0.0044834229847979,0.9437703382092468,0.0,0.0,0.0,1.15025,1.203,6229.0,4.39675,0.790478,0.173527,,
v2c_0037,126237012,v2cal,4-6,3,1,21,planet,22.660318206021476,1873.0285129129734,0.02353879564994844,0.10056084597351318,0.0,0.0,0.0,0.916352,0.895,5239.99,4.46577,1.16315,0.314436,,
v2c_0038,361568774,v2cal,4-6,7,1,66,planet,2.7915140710327186,3099.793008190554,0.0005708128069764537,0.3711540992974862,0.0,0.0,0.0,1.51918,1.53,6966.65,4.25954,0.436376,0.0943519,,
v2c_0039,55651898,v2cal,4-6,1,1,87,planet,0.5809566383686976,3663.2371943289295,0.00024160804276319344,0.2734342148839872,0.0,0.0,0.0,1.71747,1.22,6259.75,4.05465,0.24082,0.0585559,,
v2c_0040,310979172,v2cal,4-6,1,1,42,eb_unequal,12.859260714648757,2459.8746525813444,0.001172894720147339,0.41607491257488466,0.0005612081346246992,0.0,0.0,1.29357,1.15,6100.0,4.27519,0.531286,0.113723,,
v2c_0041,353991512,v2cal,13-inf,8,4,15;16;18;22,planet,19.636245272999155,1728.0621174240814,0.0061800531570807655,0.11069574945734928,0.0,0.0,0.0,0.708262,0.776,4801.0,4.62754,2.18414,0.575396,,
v2c_0042,462575265,v2cal,7-12,9,8,14;15;16;17;20;21;22;23,planet,25.926563080682865,1704.25091198974,0.0015986911084022357,0.5399316329403085,0.0,0.0,0.0,0.722089,0.72,4550.0,4.57822,1.91232,0.55837,,
v2c_0043,237232981,v2cal,13-inf,1,1,17,planet,10.963565182921409,1771.752583346515,0.03546364429130933,0.406429904783691,0.0,0.0,0.0,0.313125,0.291646,3311.0,4.91149,9.49955,0.185726,,
v2c_0044,369962331,v2cal,4-6,10,2,12;13,planet,0.8942833619692366,1625.7607376235817,0.012970471702642294,0.5537315050031165,0.0,0.0,0.0,1.95468,1.49,6863.0,4.0291,0.199507,0.0444761,,
v2c_0045,229767929,v2cal,13-inf,9,9,14;15;16;18;19;20;21;22;23,eb_unequal,18.098999046625607,1684.4822809033576,0.0390072862718778,0.6358144729732369,0.009042518218446132,0.0,0.0,0.966361,1.08,5924.0,4.50121,1.19676,0.24622,,
v2c_0046,142634134,v2cal,7-12,5,3,14;20;21,planet,1.5055529693451388,1683.417405586452,0.0006329919462194851,0.11734468772931755,0.0,0.0,0.0,0.385854,0.375427,3370.0,4.83975,6.53516,0.231218,,
v2c_0047,310981801,v2cal,4-6,1,1,40,planet,29.142212540477264,2393.0618659315464,0.03182500838551427,0.5931830531855725,0.0,0.0,0.0,1.17511,1.1,5994.0,4.3393,0.677882,0.148468,,
v2c_0048,99920000,v2cal,4-6,4,3,14;15;21,eb_unequal,5.832884467802076,1686.5991315997703,0.005768882227951309,0.07337952328875164,0.0028199621744575526,0.0,0.0,1.04444,1.014,5696.0,4.40633,0.889982,0.190536,,
v2c_0049,326201351,v2cal,7-12,9,2,18;24,planet,20.23685928484524,1803.7289845352116,0.0015164288421544488,0.0064949745729873665,0.0,0.0,0.0,0.335107,0.316992,3437.0,4.88875,8.4236,0.218423,,
v2c_0050,405475827,v2cal,2-3,8,1,12,planet,3.0304058846364015,1625.8266015731424,0.016493519822775738,0.35016058638855135,0.0,0.0,0.0,0.884285,0.91,5287.0,4.50392,1.31603,0.311071,,
v2c_0051,233203368,v2cal,13-inf,10,10,14;15;16;18;19;20;21;22;23;24,planet,22.444293172589525,1684.2125770767002,0.0010467350005247784,0.40848043651105514,0.0,0.0,0.0,0.774441,0.76,4744.0,4.5409,1.63625,0.441371,,
v2c_0052,371814336,v2cal,4-6,9,1,22,eb_unequal,6.408860648964941,1904.785582223749,0.000280911927303446,0.3570416768273472,6.089572119709177e-05,0.0,0.0,0.859082,0.82,4965.05,4.48381,1.29333,0.292291,,
v2c_0053,113878726,v2cal,2-3,9,2,70;71,planet,16.638706515337766,3221.4554591046826,0.0007880595962477737,0.1547220319527294,0.0,0.0,0.0,1.26981,1.125,6047.0,4.28174,0.549457,0.122269,,
v2c_0054,357128937,v2cal,13-inf,6,6,14;15;16;17;18;19,planet,1.3973718995054047,1684.044537293348,0.020264231202880328,0.33951603293948285,0.0,0.0,0.0,1.17379,1.182,6181.0,4.37151,0.730882,0.164993,,
v2c_0055,235561232,v2cal,4-6,4,3,16;23;24,planet,0.6327108295130021,1739.2425593895393,0.0067352741579977515,0.5617491884513073,0.0,0.0,0.0,0.761575,0.876,5173.0,4.61715,1.9832,0.479284,,
v2c_0056,233188971,v2cal,4-6,5,4,20;21;22;23,planet,3.6574503724045653,1843.2060156517828,0.026412599687232096,0.7272133223202697,0.0,0.0,0.0,0.632296,0.661,4228.0,4.65643,2.61481,0.843496,,
v2c_0057,229535393,v2cal,4-6,10,4,14;15;21;22,planet,4.078211802377404,1686.7968147365275,0.04113085258918963,0.9371768248773069,0.0,0.0,0.0,1.74024,1.244,6316.0,4.05167,0.236045,0.0533913,,
v2c_0058,160191980,v2cal,2-3,7,1,3,eb_unequal,0.9496036697821724,1383.4019286998262,0.0008489634417500276,0.4345146141821265,0.0005614734475945962,0.0,0.0,0.967076,0.92,5342.0,4.43093,1.0172,0.242649,,
v2c_0059,202423090,v2cal,7-12,2,2,15;16,eb_twin,29.98178902532089,1715.6999227807958,0.00026019961240082706,0.2008934917271076,0.00026019961240082706,0.0,0.0,0.977445,1.1,5981.0,4.49928,1.17792,0.263142,,
v2c_0060,166787220,v2cal,7-12,9,1,3,planet,4.1395342263956225,1384.049704652711,0.01356536797195405,0.36272820329049127,0.0,0.0,0.0,1.26063,1.17,6159.0,4.30508,0.584012,0.123368,,
v2c_0061,350296771,v2cal,2-3,6,3,6;7;10,planet,16.020928473926272,1468.3740429296818,0.0019555931483422467,0.8887737720394168,0.0,0.0,0.0,1.48977,1.3,6431.0,4.20577,0.393175,0.0869229,,
v2c_0062,385997634,v2cal,4-6,8,2,11;12,eb_twin,19.37444526117387,1609.3730465134709,0.007886017383458132,0.4248865316806196,0.007886017383458132,0.0,0.0,1.54167,1.16,6134.0,4.12654,0.316583,0.073432,,
v2c_0063,219869988,v2cal,13-inf,9,9,14;16;17;18;19;20;21;22;23,planet,3.7378587139661654,1686.2320515992742,0.0005443037354824808,0.1531792568257771,0.0,0.0,0.0,1.5773,1.123,6042.0,4.09262,0.286176,0.0637286,,
v2c_0064,257612675,v2cal,4-6,3,2,12;13,planet,1.1231367545183597,1624.9854701268132,0.0010721708488382463,0.33179801515843355,0.0,0.0,0.0,1.11274,1.07,5879.0,4.37467,0.776618,0.161681,,
v2c_0065,39268506,v2cal,4-6,1,1,25,planet,0.8415722180954365,1983.890781456803,0.011711388441313128,0.5529447657135095,0.0,0.0,0.0,0.764685,0.95,5444.0,4.64883,2.1246,0.4942,,
v2c_0066,197890795,v2cal,4-6,8,3,2;3;4,planet,6.324857881483522,1358.7601329213376,0.0006944123962833081,0.056052171947026296,0.0,0.0,0.0,0.751757,0.63,4031.0,4.48525,1.48289,0.516128,,
v2c_0067,220421191,v2cal,13-inf,2,2,1;2,eb_twin,13.867506030388096,1336.6081440087457,0.014610737420860437,0.46025562497753086,0.014610737420860437,0.0,0.0,1.26305,1.04,5785.92,4.25226,0.516141,0.100722,,
v2c_0068,350861890,v2cal,7-12,1,1,4,planet,2.1267234823338277,1411.0493547699004,0.03748997003336562,0.5554905921665864,0.0,0.0,0.0,0.817554,0.91,5279.0,4.57208,1.6653,0.393035,,
v2c_0069,302242001,v2cal,4-6,8,4,44;45;46;47,planet,0.9938004293049761,2500.198923431944,0.0024802638279801835,0.40087836770214863,0.0,0.0,0.0,0.986262,1.056,5850.0,4.47375,1.10075,0.240946,,
v2c_0070,356785094,v2cal,7-12,2,2,40;47,eb_twin,2.033172944927273,2392.575099101485,0.03605301142106304,0.1859327551834494,0.03605301142106304,0.0,0.0,1.59728,1.35,6534.0,4.16164,0.331274,0.0769077,,
v2c_0071,308747556,v2cal,2-3,2,2,9;10,planet,5.422206269545911,1548.3008191003812,0.0006596733753256678,0.8022995479340952,0.0,0.0,0.0,1.84796,1.29,6408.0,4.01527,0.204414,0.0455973,,
v2c_0072,55557707,v2cal,13-inf,4,4,27;28;29;30,planet,7.425389694353242,2042.698823031439,0.000427436634919127,0.25651055920794924,0.0,0.0,0.0,0.584251,0.575045,3982.0,4.66457,2.88339,0.15538,,
v2c_0073,418477085,v2cal,7-12,9,1,15,eb_ecc,1.826300770686188,1712.2940992919405,0.0003905109641289487,0.46803437296114997,0.00014502805637235623,0.1820980592578504,0.8277748544948514,1.39647,1.15,6114.0,4.2087,0.422282,0.0891512,,
v2c_0074,144602332,v2cal,2-3,1,1,105,planet,0.8480596172021382,4206.149552829521,0.0020987617193327906,0.8257936057097525,0.0,0.0,0.0,1.38031,1.15,6112.0,4.21881,0.437291,0.0978976,,
v2c_0075,175397298,v2cal,2-3,8,2,28;29,eb_ecc,23.737042723194453,2066.337649524592,0.04579864833154401,0.36145684486232726,0.03841588437361052,0.31380042964866334,4.261253076046627,0.288075,0.26307,3279.0,4.93913,11.0041,0.152122,,
v2c_0076,260192532,v2cal,13-inf,1,1,1,eb_ecc,4.637704267866007,1327.0670980054902,0.0002683136938878609,0.23318421611095544,8.185515792244694e-05,0.12183198777463135,1.5617032019706045,0.868389,1.12,6034.0,4.60986,1.71031,0.37378,,
v2c_0077,161667485,v2cal,4-6,10,3,16;23;24,planet,3.1225640882013783,1739.8137912221982,0.001200088873523169,0.4175265974651919,0.0,0.0,0.0,0.844213,0.86,5113.0,4.51966,1.42936,0.348724,,
v2c_0078,141282136,v2cal,13-inf,3,3,1;2;3,planet,7.815324243321711,1325.4202589249476,0.0020803175218305106,0.36773266278636324,0.0,0.0,0.0,1.7263,1.52,6937.0,4.14568,0.295457,0.0615463,,
v2c_0079,233212839,v2cal,13-inf,3,3,14;15;16,planet,0.762980347324122,1683.8528715748191,0.0015428448158910492,0.08491916249886884,0.0,0.0,0.0,0.320719,0.300385,3287.0,4.9035,9.10551,0.19575,,
v2c_0080,149741603,v2cal,2-3,6,1,34,eb_twin,0.6845850426294555,2228.916800701358,0.0017200644970840502,0.16315516049998852,0.0017200644970840502,0.0,0.0,1.30144,1.385,6616.0,4.35067,0.628315,0.14769,,
v2c_0081,233436720,v2cal,2-3,4,1,23,planet,0.7270390620125643,1928.2379200281962,0.001116753560056187,0.6440806535674803,0.0,0.0,0.0,1.23796,1.21,6245.79,4.33544,0.637775,0.140309,,
v2c_0082,219760888,v2cal,7-12,6,5,40;47;49;50;52,planet,10.911587242225707,2395.6024332770435,0.0009987127746384755,0.6057437437507842,0.0,0.0,0.0,0.814447,0.832,5012.0,4.53647,1.54005,0.402921,,
v2c_0083,47480770,v2cal,2-3,5,2,35;36,eb_unequal,7.725205854097913,2258.3580332197103,0.0044621390485535565,0.5081195546998658,0.0005809053599203609,0.0,0.0,0.991563,0.97,5519.4,4.4322,0.994972,0.226592,,
v2c_0084,219428470,v2cal,7-12,2,2,14;17,planet,3.424106775002618,1686.0246154742397,0.0015310863550135401,0.8462706712791186,0.0,0.0,0.0,1.29124,1.137,6077.0,4.27182,0.528134,0.112511,,
v2c_0085,232535880,v2cal,7-12,8,3,21;22;23,planet,1.4480480989707907,1870.6419475965881,0.0017250507899414598,0.5770752641881054,0.0,0.0,0.0,0.861612,0.997,5627.0,4.56614,1.55869,0.328752,,
v2c_0086,233212839,v2cal,13-inf,9,9,14;15;16;17;18;19;21;22;23,planet,2.5576706479903777,1684.0430702928033,0.007295166377617959,0.111944129418007,0.0,0.0,0.0,0.320719,0.300385,3287.0,4.9035,9.10551,0.19575,,
v2c_0087,404344156,v2cal,7-12,2,1,13,planet,7.962908563144016,1661.204348290476,0.03733571360037881,0.3791626458624499,0.0,0.0,0.0,1.31811,1.38,6597.0,4.33804,0.602588,0.142103,,
v2c_0088,25904529,v2cal,2-3,4,2,8;9,eb_unequal,8.377345388169273,1517.8565934213352,0.001493843469903723,0.6370038685704611,0.0004175310521298465,0.0,0.0,1.3422,1.19,6201.7,4.25798,0.492152,0.108879,,
v2c_0089,158169985,v2cal,7-12,6,3,40;41;53,planet,1.0047814869873732,2391.5292977062613,0.0029330540641118756,0.7651729640090779,0.0,0.0,0.0,1.09759,1.076,5912.44,4.389,0.813759,0.181946,,
v2c_0090,88523474,v2cal,2-3,1,1,105,eb_unequal,0.9333227892606251,4205.7205736306,0.03422353163322341,0.17023896250839252,0.011454114845490948,0.0,0.0,1.18376,1.192,6205.0,4.36782,0.718599,0.158078,,
v2c_0091,298441199,v2cal,2-3,7,1,25,planet,0.9184991654397284,1983.7503267984,0.020169006846639154,0.6141567582250134,0.0,0.0,0.0,1.08908,1.097,5973.0,4.40415,0.849226,0.185922,,
v2c_0092,24360502,v2cal,2-3,6,2,5;6,eb_unequal,2.794172338238247,1439.328426966333,0.0007002389349541494,0.4504966620860612,0.0005067010230553014,0.0,0.0,0.79304,0.954,5458.0,4.61903,1.91277,0.437577,,
v2c_0093,353993248,v2cal,13-inf,7,7,14;15;16;17;18;19;20,planet,2.463982233770137,1683.8545447819429,0.040165491549052364,0.4312626125630856,0.0,0.0,0.0,1.65586,1.07,5893.06,4.02941,0.235677,0.0435573,,
v2c_0094,200280954,v2cal,2-3,10,2,4;5,planet,0.5739729967722668,1411.4131027296871,0.002886281878577592,0.07556982731377322,0.0,0.0,0.0,1.88664,1.5,6884.0,4.06278,0.223369,0.0493746,,
v2c_0095,161667485,v2cal,4-6,1,1,16,planet,17.13913160702099,1741.91039425972,0.000749284861847765,0.6235325783492622,0.0,0.0,0.0,0.844213,0.86,5113.0,4.51966,1.42936,0.348724,,
v2c_0096,408747892,v2cal,2-3,2,2,70;71,planet,3.3144312626463903,3211.141238064132,0.0004956390284978071,0.10896630423108034,0.0,0.0,0.0,1.12424,1.011,5681.95,4.3411,0.711505,0.185156,,
v2c_0097,230072574,v2cal,13-inf,7,7,14;16;17;18;19;20;21,eb_ecc,9.18996006848738,1689.4805074373799,0.00022363642807935618,0.5756798227786694,0.00020038713401531775,0.10710335990675675,2.650026649069977,0.968128,1.007,5668.0,4.46923,1.10977,0.244549,,
v2c_0098,158169985,v2cal,7-12,9,3,40;41;53,eb_unequal,26.211691956668318,2413.3694403384457,0.0015896584858042938,0.04739745257187543,0.00010860176515247594,0.0,0.0,1.09759,1.076,5912.44,4.389,0.813759,0.181946,,
v2c_0099,367077910,v2cal,7-12,9,6,17;18;19;24;25;26,eb_ecc,4.880527955825385,1768.167527912411,0.00874405410105109,0.1269566381721483,0.006600639350074579,0.2372693144797185,3.1710660537720745,1.12445,1.008,5673.0,4.33965,0.70899,0.157541,,
v2c_0100,219822744,v2cal,13-inf,10,5,40;47;49;50;53,eb_ecc,23.27715599587683,2392.606570699946,0.010655096143370353,0.3769099740801526,0.005552469913050294,0.27925566551134057,3.6972325038508544,1.39915,1.28,6383.0,4.25355,0.467323,0.109002,,
v2c_0101,422246096,v2cal,2-3,8,1,23,planet,1.8358555054031533,1928.4100893609432,0.0012630554555905721,0.838599172222367,0.0,0.0,0.0,0.821531,0.962,5488.0,4.59199,1.73502,0.377715,,
v2c_0102,349091788,v2cal,13-inf,9,1,12,planet,1.9372934052445312,1625.6589006878905,0.0002893627456126209,0.8934008929286069,0.0,0.0,0.0,1.65387,1.39,6626.46,4.14408,0.307263,0.0721691,,
v2c_0103,95310318,v2cal,4-6,9,1,21,eb_twin,3.7842955931622626,1871.203849369097,0.0007636307866150253,0.41758495092405634,0.0007636307866150253,0.0,0.0,1.06771,1.002,5646.0,4.38203,0.823215,0.185076,,
v2c_0104,199633399,v2cal,7-12,4,4,16;18;19;22,planet,0.6591661422830195,1738.7738624356687,0.00020029081527454692,0.8118168960867694,0.0,0.0,0.0,1.25371,1.206,6234.0,4.32302,0.612013,0.140979,,
v2c_0105,154384371,v2cal,4-6,9,4,15;16;22;23,planet,9.850367793792344,1719.1750542939435,0.0015221026409843168,0.13252800794546332,0.0,0.0,0.0,1.11486,1.166,6144.72,4.41032,0.841462,0.206318,,
v2c_0106,198553139,v2cal,7-12,9,9,14;15;16;17;18;20;21;22;23,eb_unequal,3.5004297549953605,1684.511904127022,0.0009215764180104324,0.760669208320134,0.00011526663857369031,0.0,0.0,0.946101,1.036,5779.0,4.50155,1.22334,0.268273,,
v2c_0107,55603918,v2cal,13-inf,10,10,1;2;3;4;5;6;8;9;10;11,eb_ecc,13.019479932915639,1329.2456226058237,0.005811013701537858,0.07625469392680194,0.0036329629523782574,0.31214071006245747,2.313930588731319,1.42534,1.28,6394.0,4.23744,0.442036,0.0978016,,
v2c_0108,341078639,v2cal,7-12,7,1,13,planet,24.758073279768926,1665.2282663158253,0.002865067130370074,0.1809735501962201,0.0,0.0,0.0,1.30978,1.01,5693.01,4.20799,0.4495,0.088773,,
v2c_0109,67831314,v2cal,2-3,7,2,70;71,eb_twin,1.1128139198266263,3208.5237274219735,0.0041903051856970255,0.8649349977863561,0.0041903051856970255,0.0,0.0,1.4499,1.12,6033.62,4.16461,0.367453,0.0781692,,
v2c_0110,47510709,v2cal,2-3,2,1,2,eb_unequal,16.289172507989953,1363.6659034579561,0.009540439752533223,0.903432416112438,0.0011437804190799208,0.0,0.0,1.45408,1.227,6281.0,4.20174,0.399098,0.0907283,,
v2c_0111,291091020,v2cal,4-6,4,1,22,planet,7.673293903347088,1902.7131982189255,0.002241384798071691,0.19717469558201453,0.0,0.0,0.0,0.828067,0.99,5605.79,4.59757,1.74357,0.40576,,
v2c_0112,25153797,v2cal,7-12,3,3,61;62;63,eb_twin,0.8235435508420689,2962.938637018801,0.0011466336851966748,0.8956705460899566,0.0011466336851966748,0.0,0.0,0.906163,0.91,5302.0,4.4827,1.22299,0.287967,,
v2c_0113,300034670,v2cal,7-12,6,6,1;2;3;4;5;6,planet,0.8348241626220999,1325.4827833287966,0.003692134505874141,0.6961491195507035,0.0,0.0,0.0,1.14193,1.16,6131.0,4.38724,0.778994,0.175223,,
v2c_0114,350335823,v2cal,13-inf,2,2,1;2,planet,11.964312181499844,1332.686074632483,0.014757268106267818,0.7740711693034883,0.0,0.0,0.0,1.3034,1.16,6136.44,4.27237,0.52387,0.108823,,
v2c_0115,316517667,v2cal,4-6,7,2,18;19,eb_twin,12.966496679602066,1796.969152166636,0.0006101383767539214,0.45298796010580533,0.0006101383767539214,0.0,0.0,0.526727,0.52384,3682.0,4.7141,3.58461,0.179704,,
v2c_0116,154180755,v2cal,7-12,9,4,14;15;21;22,planet,7.948772164099622,1683.493304221572,0.0005471135060676974,0.40654324061605196,0.0,0.0,0.0,0.435447,0.430843,3615.0,4.79452,5.21811,0.215774,,
v2c_0117,265531469,v2cal,2-3,10,1,8,planet,19.105905181686328,1521.6656170604253,0.0009792895373290434,0.9472182935789617,0.0,0.0,0.0,0.805781,0.978,5550.93,4.61597,1.86934,0.4545,,
v2c_0118,233657878,v2cal,13-inf,6,6,14;15;16;17;18;19,planet,13.619664249626606,1696.0410675230564,0.0051839114850734825,0.7380783202160889,0.0,0.0,0.0,0.892584,0.906,5282.0,4.4939,1.27403,0.299395,,
v2c_0119,99936548,v2cal,2-3,7,2,41;48,eb_unequal,7.154188924119482,2423.7913447448373,0.027591741903751344,0.662783373065124,0.018034255702789333,0.0,0.0,1.0577,1.09,5967.0,4.42677,0.921171,0.192232,,
v2c_0120,199710904,v2cal,7-12,10,9,15;16;19;20;22;23;24;25;26,eb_twin,5.640311947161251,1713.3057307979875,0.0030502293030790243,0.4457532688062708,0.0030502293030790243,0.0,0.0,1.45043,1.24,6308.0,4.20849,0.406375,0.0912274,,
v2c_0121,146713291,v2cal,4-6,8,2,3;4,eb_twin,2.0791745176899394,1384.229397044327,0.012785821175752022,0.33861498875364654,0.012785821175752022,0.0,0.0,0.788207,0.79,4860.0,4.54241,1.61327,0.44248,,
v2c_0122,235988531,v2cal,4-6,6,2,47;52,planet,8.455600509590944,2581.202992152967,0.0022571294393196545,0.35477676612009684,0.0,0.0,0.0,0.825514,0.981,5562.0,4.59629,1.74379,0.380922,,
v2c_0123,229714508,v2cal,13-inf,8,8,14;15;16;17;18;19;21;22,planet,2.197297266193671,1684.1580643591203,0.015952616613660518,0.5130786452691446,0.0,0.0,0.0,1.14464,1.058,5857.0,4.34521,0.705465,0.152911,,
v2c_0124,307986421,v2cal,4-6,7,5,56;57;58;59;60,eb_unequal,9.449033105272155,2826.3754784610164,0.0288772162094722,0.18077050239686054,0.0064115964482999,0.0,0.0,0.879144,0.889,5219.0,4.49885,1.30834,0.301223,,
v2c_0125,219251046,v2cal,2-3,5,3,3;4;5,eb_twin,6.804174107718798,1388.0742587620791,0.007032422976911982,0.45178737865221563,0.007032422976911982,0.0,0.0,1.13749,1.13,6062.0,4.37925,0.76778,0.170481,,
v2c_0126,371814336,v2cal,4-6,1,1,22,planet,17.750764361535236,1903.7423506773087,0.0013027302627802199,0.5552693066920399,0.0,0.0,0.0,0.859082,0.82,4965.05,4.48381,1.29333,0.292291,,
v2c_0127,230378747,v2cal,13-inf,2,2,14;15,eb_unequal,0.5160952647995298,1683.4191699296005,0.005715462880517544,0.820271088499163,0.0020273128429559636,0.0,0.0,1.672,1.228,6282.0,4.0808,0.26272,0.0587909,,
v2c_0128,459893772,v2cal,4-6,2,1,25,planet,2.3215252676072655,1985.9220021433603,0.00030218381957843445,0.16231233639958578,0.0,0.0,0.0,1.09572,1.188,6195.0,4.43348,0.903054,0.207371,,
v2c_0129,370041736,v2cal,13-inf,3,3,1;2;3,planet,16.821945125581912,1336.2940481212604,0.0031785431077975064,0.4058749150290238,0.0,0.0,0.0,0.552688,0.547666,3748.0,4.69162,3.24396,0.168742,,
v2c_0130,229748103,v2cal,13-inf,5,5,14;15;16;17;18,planet,20.82422136331105,1687.6506034442143,0.031945881683194025,0.008694294478580788,0.0,0.0,0.0,0.821557,0.982,5568.0,4.6009,1.77092,0.387551,,
v2c_0131,219731796,v2cal,7-12,8,7,14;15;16;20;21;22;26,planet,0.6364177021400043,1683.3561565416076,0.007467680791984154,0.5068743682016803,0.0,0.0,0.0,1.54909,1.266,6362.0,4.16035,0.340569,0.0789594,,
v2c_0132,394582214,v2cal,2-3,6,2,27;28,planet,0.8776500031865995,2036.5516659129155,0.0007649778495354641,0.6949697822070859,0.0,0.0,0.0,1.01264,0.97,5534.0,4.41393,0.934141,0.210129,,
v2c_0133,161667485,v2cal,4-6,1,1,16,planet,1.6168926919328577,1739.660060208356,0.014365966579798687,0.062497910328381194,0.0,0.0,0.0,0.844213,0.86,5113.0,4.51966,1.42936,0.348724,,
v2c_0134,154512930,v2cal,4-6,1,1,40,eb_ecc,1.4439719498998596,2391.9247885048667,0.03305484293296861,0.8169147873038902,0.02734731878737886,0.2937255054236798,0.061672167005057746,0.781719,1.06,5862.0,4.67727,2.21899,0.458064,,
v2c_0135,382307690,v2cal,2-3,8,1,3,eb_unequal,12.105843578696483,1391.3322110489398,0.016250425056199946,0.4981795344159124,0.00698126052522451,0.0,0.0,1.74894,1.13,6069.6,4.0056,0.21123,0.0474153,,
v2c_0136,229748103,v2cal,13-inf,9,9,14;15;16;17;18;19;20;22;23,eb_twin,3.4764890940670714,1683.8459755981828,0.0005329780328324328,0.2165219496655413,0.0005329780328324328,0.0,0.0,0.821557,0.982,5568.0,4.6009,1.77092,0.387551,,
v2c_0137,49594649,v2cal,4-6,6,1,3,eb_twin,12.326334982542997,1392.44326035817,0.000560858533395295,0.061091060311172944,0.000560858533395295,0.0,0.0,0.304188,0.281402,3362.0,4.92111,9.99772,0.173,,
v2c_0138,257088768,v2cal,7-12,8,4,15;20;21;22,planet,1.041693151053473,1712.270457123958,0.0022569729403975197,0.16576313055978592,0.0,0.0,0.0,1.25231,1.02,5704.0,4.25125,0.519357,0.106351,,
v2c_0139,284903300,v2cal,7-12,9,5,14;17;24;25;26,planet,11.73853076154803,1694.7477585135223,0.00855155319315418,0.92778672356853,0.0,0.0,0.0,0.898881,0.96,5498.0,4.51293,1.3218,0.298375,,
v2c_0140,166745428,v2cal,4-6,2,2,2;3,planet,2.031534310764532,1355.7398635325019,0.0008541149504286959,0.7984801374930829,0.0,0.0,0.0,0.818499,0.86,5125.0,4.54653,1.56836,0.390487,,
v2c_0141,238037356,v2cal,7-12,3,2,32;36,planet,23.008160350905634,2183.797083172894,0.019583831444821523,0.8205535981142515,0.0,0.0,0.0,1.93539,1.5,6891.0,4.04062,0.206911,0.0453858,,
v2c_0142,286231807,v2cal,4-6,4,2,23;24,eb_ecc,1.1045824866074512,1928.5357810519326,0.0015479409841982403,0.2165072094286654,0.0012112883544300923,0.23368484458316738,3.862122506400904,1.2927,1.098,5978.0,4.25567,0.508284,0.111712,,
v2c_0143,350861890,v2cal,7-12,10,7,4;5;7;8;10;11;13,planet,0.8591120521655371,1411.0324667528332,0.0036967778547062637,0.15960194183931908,0.0,0.0,0.0,0.817554,0.91,5279.0,4.57208,1.6653,0.393035,,
v2c_0144,180998339,v2cal,2-3,4,2,2;3,planet,2.9690156519764273,1356.7554086305383,0.00032031437149545244,0.16486930240004452,0.0,0.0,0.0,1.05582,1.17,6155.0,4.45907,0.99407,0.219997,,
v2c_0145,198185764,v2cal,13-inf,5,5,14;15;16;17;18,eb_unequal,0.7102145124746758,1683.8034756576567,0.0008165858303156652,0.747326246203855,0.0003048955499574265,0.0,0.0,0.811882,0.804,4910.0,4.52434,1.50237,0.391517,,
v2c_0146,142081973,v2cal,7-12,5,5,1;2;3;4;6,planet,1.243071880597294,1325.4971894069795,0.0026095326830167403,0.04888043082265352,0.0,0.0,0.0,0.696891,0.77,4795.0,4.63823,2.27507,0.852835,,
v2c_0147,198479044,v2cal,2-3,7,1,24,eb_twin,26.940514127947317,1971.186426706097,0.000344396516748538,0.2628419693263068,0.000344396516748538,0.0,0.0,0.9881,1.1,5970.0,4.48986,1.14022,0.244068,,
v2c_0148,315758126,v2cal,7-12,2,2,18;19,planet,1.0182240444274924,1791.5109323624192,0.006952965492533221,0.3615401874622285,0.0,0.0,0.0,0.988682,1.058,5856.0,4.47244,1.09475,0.230817,,
v2c_0149,369962331,v2cal,4-6,10,2,12;13,planet,1.185030795493354,1625.9608770228529,0.0010388992629547912,0.9158300969071045,0.0,0.0,0.0,1.95468,1.49,6863.0,4.0291,0.199507,0.0444761,,
v2c_0150,166282414,v2cal,2-3,8,1,13,eb_ecc,16.414513906833317,1659.6808488540348,0.008496144714315207,0.16758905459090476,0.0034591181360330374,0.4489220031249787,0.7253817174646008,1.00659,1.13,6048.0,4.48544,1.10795,0.250088,,
v2c_0151,231825380,v2cal,4-6,3,2,1;2,planet,3.565342216987042,1327.1012946947053,0.018285740686645003,0.6408545431908376,0.0,0.0,0.0,0.799509,0.95,5461.0,4.61014,1.85889,0.40984,,
v2c_0152,219109580,v2cal,13-inf,3,3,14;15;16,eb_ecc,1.1112645614441328,1683.4302813722318,0.0035170930743404502,0.5840358309976428,0.0027772218199170343,0.07917130097113842,5.500045011341376,0.709229,0.668,4276.0,4.56127,1.87248,0.594748,,
v2c_0153,767658,v2cal,2-3,4,1,5,eb_ecc,7.377754166106925,1441.727054321007,0.0005048848630950922,0.12720988016432494,0.0004416379513254757,0.48166410843451757,1.1061197660199156,0.330773,0.311984,3417.0,4.89314,8.62069,0.215274,,
v2c_0154,259273813,v2cal,7-12,1,1,40,planet,1.8794902588890503,2392.4776348302134,0.0025931158813780196,0.656892680514824,0.0,0.0,0.0,1.84228,1.38,6612.0,4.04724,0.220707,0.0527238,,
v2c_0155,219389713,v2cal,7-12,7,2,4;5,planet,2.341928379298805,1412.706725976438,0.0003789619430257766,0.8619532601974169,0.0,0.0,0.0,0.75324,0.94,5404.0,4.65733,2.19952,0.503083,,
v2c_0156,180212522,v2cal,2-3,10,2,94;95,eb_unequal,0.6202339093206436,3856.2833655862637,0.0027374648191229017,0.8677831293859302,0.001462128065818431,0.0,0.0,0.923045,1.0,5650.82,4.50762,1.27154,0.282301,,
v2c_0157,441661659,v2cal,4-6,5,4,15;16;22;23,planet,12.054002296604162,1716.647439494497,0.00021771433024524945,0.8629279069437005,0.0,0.0,0.0,0.656698,0.72,4544.0,4.66067,2.54235,0.691902,,
v2c_0158,116542530,v2cal,4-6,4,2,23;24,planet,7.214339578372993,1931.659452965128,0.0018992564863473868,0.7593034075999956,0.0,0.0,0.0,0.870456,1.08,5912.0,4.592,1.63751,0.344757,,
v2c_0159,198385751,v2cal,7-12,2,2,17;19,planet,3.074804385322317,1765.2696963072963,0.0005645478349740825,0.8225815287983337,0.0,0.0,0.0,1.14536,1.234,6294.0,4.4115,0.821282,0.186935,,
v2c_0160,382463274,v2cal,2-3,10,2,28;29,planet,2.0209138365895933,2063.4962020928438,0.026647265993819263,0.5456758810335374,0.0,0.0,0.0,0.844241,0.93,5384.0,4.55362,1.54555,0.374842,,
v2c_0161,401398665,v2cal,2-3,9,1,10,planet,8.931284423586291,1573.4560382270697,0.019771460288182375,0.7306974027513639,0.0,0.0,0.0,1.04324,1.012,5686.3,4.40648,0.891298,0.181758,,
v2c_0162,67509129,v2cal,2-3,6,1,20,planet,14.791949273966011,1844.838439987861,0.0038236622283280013,0.5494140254752325,0.0,0.0,0.0,0.8906,0.944,5421.94,4.51367,1.33636,0.332081,,
v2c_0163,199633399,v2cal,7-12,4,4,16;18;19;22,planet,0.8317214366272386,1739.2579042280165,0.0004814835435173852,0.7072773656570992,0.0,0.0,0.0,1.25371,1.206,6234.0,4.32302,0.612013,0.140979,,
v2c_0164,415704533,v2cal,4-6,8,3,14;20;26,eb_twin,0.5152673511817298,1683.8496323809475,0.03020755633809048,0.3860925001543619,0.03020755633809048,0.0,0.0,0.85376,0.907,5284.0,4.533,1.45747,0.337222,,
v2c_0165,198508404,v2cal,7-12,2,2,20;21,planet,25.44487580436987,1861.4163867019051,0.0009696802055899968,0.6085881587473632,0.0,0.0,0.0,1.21762,1.09,5941.0,4.30447,0.6038,0.134192,,
v2c_0166,294928018,v2cal,13-inf,7,1,7,eb_twin,3.387611392897752,1492.1176425284068,0.003969899760896494,0.08357789605949277,0.003969899760896494,0.0,0.0,1.0676,0.91,5312.56,4.34029,0.747854,0.159555,,
v2c_0167,359313803,v2cal,7-12,6,6,14;15;18;19;20;21,planet,1.7379210873984046,1684.1259122513945,0.0003381144119041771,0.39489096924348466,0.0,0.0,0.0,0.729558,0.864,5128.41,4.64846,2.22502,0.482762,,
v2c_0168,31384768,v2cal,7-12,8,8,1;2;4;5;7;8;9;10,planet,5.163777422047437,1327.373586570031,0.026321578169014755,0.2053840009481774,0.0,0.0,0.0,1.19072,0.97,5504.64,4.27322,0.574575,0.128397,,
v2c_0169,8483309,v2cal,4-6,6,2,24;25,eb_twin,0.8079462337952794,1956.0880699084596,0.004710906894659882,0.055479904712030174,0.004710906894659882,0.0,0.0,0.922979,1.044,5807.25,4.52638,1.32777,0.243508,,
v2c_0170,424730909,v2cal,13-inf,6,6,14;15;16;17;18;19,eb_unequal,1.4547855986039588,1684.3380914977513,0.011338288813960295,0.4031800744300975,0.002781397936789952,0.0,0.0,0.742069,0.76,4726.07,4.57799,1.85986,0.535684,,
v2c_0171,136949182,v2cal,2-3,10,2,21;22,planet,6.636565925634991,1872.568884455613,0.021985322345356002,0.48876317550435244,0.0,0.0,0.0,0.87009,0.872,5156.0,4.49946,1.32381,0.328528,,
v2c_0172,198157467,v2cal,13-inf,7,7,14;15;16;17;18;19;20,planet,0.8463874060195518,1683.8243371690223,0.010872365586997295,0.4901661947066999,0.0,0.0,0.0,0.589749,0.658,4204.0,4.71496,3.20792,1.05375,,
v2c_0173,8483309,v2cal,4-6,9,2,24;25,planet,8.005378905114005,1958.2401280212973,0.0007766096172860971,0.5013211431620955,0.0,0.0,0.0,0.922979,1.044,5807.25,4.52638,1.32777,0.243508,,
v2c_0174,18422408,v2cal,2-3,8,2,25;26,planet,3.003274586695037,1984.1586742784802,0.0002883421048479779,0.0035250522245378,0.0,0.0,0.0,0.787236,0.7,4452.0,4.49096,1.43477,0.415017,,
v2c_0175,5716636,v2cal,7-12,7,1,2,planet,1.0375089233114467,1355.1412027008719,0.00034579434568148443,0.183173952495353,0.0,0.0,0.0,1.41681,1.18,6177.0,4.20733,0.414908,0.0904875,,
v2c_0176,294928018,v2cal,13-inf,7,1,7,planet,6.908280303092548,1495.3113012272156,0.027796618809834982,0.19794222894183552,0.0,0.0,0.0,1.0676,0.91,5312.56,4.34029,0.747854,0.159555,,
v2c_0177,149857901,v2cal,4-6,4,1,18,eb_twin,11.231273903714797,1797.0970509657998,0.0015838830981909026,0.7323867672331394,0.0015838830981909026,0.0,0.0,1.15926,1.161,6135.0,4.37454,0.745227,0.169369,,
v2c_0178,436865119,v2cal,4-6,8,1,18,eb_unequal,4.403870068128527,1793.8040855061254,0.03515611106494438,0.4449008904041373,0.0022538424268931296,0.0,0.0,1.95789,1.449,6767.0,4.01556,0.193065,0.0452802,,
v2c_0179,230114936,v2cal,7-12,8,8,14;15;16;17;18;19;20;22,eb_twin,16.341005630014898,1695.8056318097658,0.00046328817380507034,0.723186706458887,0.00046328817380507034,0.0,0.0,1.28284,1.1,5983.0,4.26311,0.521039,0.107741,,
v2c_0180,34468360,v2cal,2-3,10,1,6,eb_twin,27.568195890275923,1471.2735810779548,0.00021703437327678867,0.09643637656476892,0.00021703437327678867,0.0,0.0,0.7909,0.91,5294.0,4.60087,1.8394,0.412876,,
v2c_0181,310001905,v2cal,7-12,4,4,40;41;47;48,eb_twin,1.078340562619408,2390.9739737998266,0.00032628910635659156,0.241618117054397,0.00032628910635659156,0.0,0.0,0.952208,1.14,6082.0,4.53751,1.32041,0.287818,,
v2c_0182,160191980,v2cal,2-3,7,1,3,planet,28.12997817945338,1385.1486766740254,0.007350115813464189,0.18045007436268318,0.0,0.0,0.0,0.967076,0.92,5342.0,4.43093,1.0172,0.242649,,
v2c_0183,258874963,v2cal,13-inf,4,4,16;18;19;24,planet,1.2867428024256033,1739.4349323409424,0.014732603064947194,0.20830320235136998,0.0,0.0,0.0,0.708059,0.733,4623.0,4.60303,2.06488,0.597726,,
v2c_0184,367683115,v2cal,2-3,6,1,22,planet,5.245063536523673,1904.121846170551,0.004070861701010878,0.8152484505976236,0.0,0.0,0.0,0.849009,0.94,5405.0,4.55337,1.536,0.326848,,
v2c_0185,160394950,v2cal,13-inf,10,4,14;19;22;26,eb_unequal,2.8621510714492064,1683.9798279206902,0.000216949555089509,0.9420446648762205,2.4846822158091687e-05,0.0,0.0,0.519094,0.516606,3773.0,4.72074,3.69336,0.182408,,
v2c_0186,233199678,v2cal,13-inf,4,4,14;15;16;18,planet,7.178885347103211,1686.722962036454,0.0019615624274573543,0.9184089561856096,0.0,0.0,0.0,1.57806,1.19,6202.0,4.11737,0.302814,0.0662953,,
v2c_0187,394557592,v2cal,2-3,2,1,1,planet,3.9617777707941024,1326.6161602453362,0.006786583425330419,0.6608447551022308,0.0,0.0,0.0,1.01837,0.91,5306.55,4.38129,0.861627,0.231784,,
v2c_0188,402442750,v2cal,13-inf,3,3,14;16;17,eb_ecc,0.6834849260643424,1683.7044423824593,0.0014844068348104512,0.13079480028507937,0.000735900593047456,0.3349515408223015,2.4177127534675185,1.08526,1.07,5894.0,4.39639,0.837113,0.188057,,
v2c_0189,382473126,v2cal,2-3,2,1,2,planet,0.7791503228582083,1354.257613770308,0.0002918121286342346,0.2225555016288988,0.0,0.0,0.0,1.30851,1.29,6411.0,4.3151,0.57578,0.134692,,
v2c_0190,255926809,v2cal,4-6,1,1,24,planet,0.7125982277820818,1956.4440119817934,0.0003570340100125413,0.1909651355780767,0.0,0.0,0.0,0.74124,0.85,5075.27,4.62757,2.0871,0.540468,,
v2c_0191,219008946,v2cal,4-6,4,4,14;16;21;22,eb_ecc,9.302966720213115,1686.7590753285126,0.00046150979441330264,0.3625144298377083,0.00015022268195938784,0.4619910865589029,1.114619080162702,1.51419,1.361,6564.0,4.21157,0.39203,0.0915831,,
v2c_0192,159453559,v2cal,13-inf,1,1,14,planet,4.724636919668273,1683.648891466054,0.0011510157145845198,0.875598027073078,0.0,0.0,0.0,1.00743,1.039,5788.0,4.44825,1.01617,0.208178,,
v2c_0193,405305758,v2cal,4-6,5,2,42;43,planet,0.882686098598889,2448.328719918727,0.0003875236264500947,0.8716182945968971,0.0,0.0,0.0,0.822457,1.04,5804.0,4.62487,1.86936,0.402074,,
v2c_0194,177353880,v2cal,7-12,10,8,87;88;89;90;93;94;95;96,planet,5.0468909925664365,3664.637403605279,0.015209331640535523,0.4622239229130699,0.0,0.0,0.0,1.72539,1.13,6056.66,4.01737,0.219997,0.047325,,
v2c_0195,238197355,v2cal,13-inf,7,7,1;2;3;6;7;9;10,eb_twin,1.0011119272498694,1325.4569673783194,0.0013418314757899204,0.738321949963279,0.0013418314757899204,0.0,0.0,1.22073,1.0,5636.0,4.26483,0.549723,0.115096,,
v2c_0196,393796033,v2cal,2-3,1,1,5,eb_twin,5.031427770040482,1441.9301936188833,0.018255132891898496,0.6376905525348707,0.018255132891898496,0.0,0.0,1.14427,1.014,5696.0,4.32705,0.676787,0.142905,,
v2c_0197,441812191,v2cal,13-inf,5,5,14;15;16;17;18,planet,0.835692887450499,1683.8912125623099,0.0032363738558764082,0.18617565561429447,0.0,0.0,0.0,0.736576,0.855,5094.0,4.6356,2.13951,0.542378,,
v2c_0198,350992982,v2cal,2-3,4,2,40;53,planet,7.384357110179138,2393.8526798162484,0.0006892598961485483,0.013868518333868823,0.0,0.0,0.0,1.64145,1.36,6554.0,4.14115,0.307508,0.0716519,,
v2c_0199,262873951,v2cal,7-12,7,4,1;2;3;7,eb_twin,1.2683945232874503,1326.1265029693313,0.0022081764931439346,0.061495685900637836,0.0022081764931439346,0.0,0.0,1.18742,1.06,5875.0,4.31416,0.633124,0.128646,,
v2c_0200,276231042,v2cal,2-3,3,3,19;25;26,eb_unequal,27.390487857099526,1837.7453040611233,0.0006687712234286027,0.3880171891597491,0.0004016267678576677,0.0,0.0,1.11573,1.252,6332.0,4.44056,0.901426,0.210873,,
v2c_0201,229613765,v2cal,7-12,4,3,24;25;26,eb_ecc,23.163504186972197,1966.3333671950027,0.02276731034733856,0.8116042176233204,0.014194069163920969,0.1459263696126349,2.8591879287400537,0.769564,0.876,5173.0,4.60808,1.92207,0.481948,,
v2c_0202,258954539,v2cal,13-inf,2,2,14;15,eb_unequal,7.978966786047382,1688.5147826605653,0.013478476065016676,0.11416496624466813,0.004768937179087594,0.0,0.0,0.933314,0.919,5328.0,4.46133,1.1304,0.259157,,
v2c_0203,232682547,v2cal,13-inf,6,6,14;15;16;17;18;19,planet,2.977488771350755,1683.8351808943112,0.0021776755566686084,0.9308324801373625,0.0,0.0,0.0,0.422348,0.416464,3335.0,4.8063,5.52798,0.224933,,
v2c_0204,269663324,v2cal,13-inf,4,4,14;15;16;18,planet,9.216893371971402,1685.731760881313,0.03781944606140416,0.42752102683197857,0.0,0.0,0.0,0.547609,0.543099,3909.0,4.69601,3.30725,0.168544,,
v2c_0205,303584211,v2cal,2-3,7,1,2,eb_unequal,2.6060048581821977,1356.4508285567313,0.0027992750909568986,0.16502919055864976,0.0007919665872856563,0.0,0.0,0.696791,0.84,5057.0,4.67614,2.48297,0.617298,,
v2c_0206,82605922,v2cal,4-6,3,1,22,eb_twin,9.002495938544318,1903.8363726000482,0.00022626656300875814,0.4295543041019349,0.00022626656300875814,0.0,0.0,0.792833,0.998,5632.0,4.63883,2.00256,0.445545,,
v2c_0207,155875539,v2cal,4-6,5,2,14;20,eb_ecc,25.54705941334728,1699.6031152728895,0.005155262886266531,0.8579638568198723,0.003224108296622009,0.3092874537091417,3.365679585349895,1.16886,1.113,6016.0,4.34904,0.696965,0.153238,,
v2c_0208,38468688,v2cal,7-12,8,8,27;28;29;30;31;35;36;37,planet,22.195532532161344,2050.1688275416845,0.007065446915454976,0.8070862031670818,0.0,0.0,0.0,1.76141,1.14,6087.43,4.00325,0.208604,0.0439024,,
v2c_0209,336778628,v2cal,2-3,3,2,42;43,eb_ecc,4.7335746156518494,2449.826766924121,0.02099926152590564,0.3891701948728199,0.013322665308306902,0.07502358554605591,2.698394269846252,0.848021,0.94,5393.0,4.55438,1.54137,0.351723,,
v2c_0210,160987265,v2cal,4-6,5,2,49;50,eb_ecc,1.5046811035648429,2638.639631003202,0.00761025182728344,0.18024505361181214,0.006745715966685924,0.4802933146227201,3.9640280668157586,1.40871,1.24,6307.0,4.23384,0.44356,,,
v2c_0211,232636773,v2cal,13-inf,4,4,14;15;16;17,planet,2.471916823757667,1684.9150967845167,0.010892754810846688,0.8626254718612484,0.0,0.0,0.0,1.41329,1.245,6319.0,4.23278,0.44104,0.102019,,
v2c_0212,219900265,v2cal,7-12,2,2,15;16,eb_ecc,16.386822040071152,1721.9426689439042,0.00067552120231665,0.5484976986583945,0.0002101387043192328,0.4952278911282183,0.8241272774888185,0.915098,1.05,5828.0,4.53632,1.37021,0.292147,,
v2c_0213,3576581,v2cal,4-6,6,4,44;45;46;47,eb_twin,11.653010153500187,2510.4649207157677,0.00027344680733467925,0.20881135677035317,0.00027344680733467925,0.0,0.0,1.66816,1.263,6357.0,4.095,0.272078,0.0620223,,
v2c_0214,262873951,v2cal,7-12,8,4,1;2;3;7,planet,9.856082947259969,1329.3722879204665,0.0025288351835156876,0.8687652109508268,0.0,0.0,0.0,1.18742,1.06,5875.0,4.31416,0.633124,0.128646,,
v2c_0215,290236103,v2cal,4-6,2,1,27,planet,17.676780768269637,2037.4893550375257,0.0013053793711473867,0.8961975546954154,0.0,0.0,0.0,0.263957,0.236115,3239.0,4.96812,12.8388,0.0672096,,
v2c_0216,229149668,v2cal,4-6,2,1,30,planet,2.3865017386697174,2117.0103006901622,0.027198059626724613,0.02178521239343387,0.0,0.0,0.0,0.589745,0.57964,3931.0,4.6599,2.82596,0.151804,,
v2c_0217,381204994,v2cal,4-6,6,2,1;2,planet,9.753086493902913,1327.688146072366,0.0009211523535146274,0.6771741020524839,0.0,0.0,0.0,0.758702,0.89,5222.0,4.62732,2.03787,0.507918,,
v2c_0218,358154514,v2cal,13-inf,1,1,1,planet,0.5063515573089516,1325.6948020607542,0.0024065102955587504,0.30458051867375724,0.0,0.0,0.0,1.28483,1.44,6749.7,4.37874,0.678924,0.150987,,
v2c_0219,24696180,v2cal,4-6,3,2,1;2,planet,20.481882070534805,1334.047473993134,0.0006046733948472924,0.6561225141557443,0.0,0.0,0.0,1.53667,1.07,5901.33,4.09429,0.294879,0.0563661,,
v2c_0220,301797581,v2cal,4-6,5,1,18,planet,11.372946701489434,1800.2607604014856,0.005813590726884441,0.7867104790124522,0.0,0.0,0.0,0.873209,0.93,5354.64,4.52431,1.39678,0.36551,,
v2c_0221,229944367,v2cal,7-12,7,7,14;16;17;18;19;20;21,planet,1.4521519737542476,1683.5452549069264,0.00022819845484269523,0.5349140255470313,0.0,0.0,0.0,1.43529,1.403,6658.0,4.27124,0.474498,0.106336,,
v2c_0222,233733207,v2cal,13-inf,1,1,14,planet,0.6890394193561707,1683.4418868925982,0.00085300357805219,0.9163177749613733,0.0,0.0,0.0,0.367218,0.35407,3391.0,4.85731,7.15018,0.225344,,
v2c_0223,30941364,v2cal,7-12,4,4,4;5;6;7,eb_twin,2.036989755703329,1412.2765610132842,0.017144939555369977,0.43102695481597786,0.017144939555369977,0.0,0.0,1.59705,1.26,6340.43,4.1318,0.309325,0.0670483,,
v2c_0224,272786863,v2cal,13-inf,10,10,14;15;16;17;18;19;20;21;22;23,planet,4.161434612330338,1686.9542806463865,0.0016550722378749706,0.2168942326845288,0.0,0.0,0.0,0.812885,0.98,5559.0,4.60924,1.82448,0.409593,,
v2c_0225,248648883,v2cal,2-3,9,1,5,eb_unequal,1.9680013045029083,1438.0972431368766,0.0033629473724208765,0.6966394040093233,0.001679639575390489,0.0,0.0,0.762574,0.9,5248.29,4.62775,2.02954,0.448729,,
v2c_0226,192942147,v2cal,4-6,10,1,9,planet,14.63496142023268,1549.510112887084,0.00549587218674162,0.2884876096374982,0.0,0.0,0.0,1.52028,1.454,6779.0,4.23679,0.413807,0.0998222,,
v2c_0227,233051360,v2cal,13-inf,9,9,14;15;16;17;18;19;20;21;22,planet,9.23821619164647,1688.7146098931003,0.027393478137741713,0.6620990852101107,0.0,0.0,0.0,1.11325,1.114,6020.0,4.39177,0.807431,0.176151,,
v2c_0228,177039581,v2cal,13-inf,3,3,1;2;3,eb_twin,16.557277789063544,1332.5699063369411,0.005130026315616976,0.7487483790242233,0.005130026315616976,0.0,0.0,1.4789,1.13,6058.66,4.15127,0.349349,0.0741403,,
v2c_0229,154091848,v2cal,4-6,1,1,14,eb_twin,1.089647685022839,1684.0860322480887,0.0009639369120536803,0.020782357500682636,0.0009639369120536803,0.0,0.0,1.13234,1.21,6238.0,4.4129,0.833396,0.182332,,
v2c_0230,259265911,v2cal,13-inf,8,8,14;15;16;17;18;19;20;21,planet,3.1776169954902955,1685.9600569961653,0.023456576760098227,0.7149770751757848,0.0,0.0,0.0,1.58958,1.406,6664.0,4.18349,0.350059,0.082795,,
v2c_0231,55652005,v2cal,7-12,10,9,4;5;6;8;9;10;11;12;13,eb_unequal,27.698741729201494,1412.0665142775758,0.0059670225510033165,0.3500720330419106,0.0038027317685234816,0.0,0.0,1.6668,1.19,6200.34,4.06985,0.256977,0.051793,,
v2c_0232,356631941,v2cal,4-6,10,3,14;20;21,planet,7.634973474989633,1689.1802743092746,0.0187610295278952,0.5682045362255203,0.0,0.0,0.0,1.16315,1.13,6060.0,4.35987,0.718075,0.154851,,
v2c_0233,234523528,v2cal,2-3,2,2,28;29,planet,28.869579826333993,2067.683648018673,0.035095782694566216,0.2885643228709833,0.0,0.0,0.0,0.676667,0.75,4710.57,4.65238,2.42067,0.627805,,
v2c_0234,26078826,v2cal,4-6,5,2,42;43,eb_ecc,2.560335492486798,2450.138210101815,0.02477993715537765,0.7598312608668963,0.009610709925716727,0.2723024964751995,2.846095411066717,1.58178,1.38,6602.28,4.17965,0.348688,0.0804769,,
v2c_0235,352316369,v2cal,4-6,2,1,13,planet,1.0877526910259467,1654.5963066235643,0.00791456751863565,0.057345833877304846,0.0,0.0,0.0,0.967831,1.0,5625.36,4.46647,1.10306,0.25565,,
v2c_0236,55452577,v2cal,13-inf,8,8,1;2;3;4;5;7;8;9,planet,2.3582768178752054,1325.400522293013,0.01059192885471869,0.9458074887884352,0.0,0.0,0.0,1.55576,0.94,5394.2,4.02731,0.249632,0.0525067,,
v2c_0237,417915215,v2cal,4-6,6,1,14,eb_unequal,6.868546880762683,1689.203472236041,0.018469021511606676,0.5994987772714034,0.009245663185237285,0.0,0.0,1.0593,1.12,6036.0,4.43725,0.942247,0.20709,,
v2c_0238,137606469,v2cal,2-3,9,2,14;26,planet,7.664954159578205,1690.519364497103,0.007917378183656423,0.602292047055825,0.0,0.0,0.0,0.885726,1.075,5910.0,4.57488,1.54707,0.334742,,
v2c_0239,353731941,v2cal,13-inf,7,7,14;15;16;17;18;19;20,planet,12.038177969435056,1689.6588929206998,0.015099051356133925,0.2271847818274738,0.0,0.0,0.0,0.916484,0.98,5561.0,4.50504,1.27307,0.285096,,
v2c_0240,167721974,v2cal,7-12,5,5,27;28;29;30;31,eb_unequal,1.7982474570107434,2037.4115248430887,0.0003416974159440231,0.5587871535676197,0.00017498861035320748,0.0,0.0,1.54374,1.41,6682.0,4.21014,0.383262,0.0916181,,
v2c_0241,348960526,v2cal,7-12,2,2,4;5,eb_twin,13.90519805912068,1421.6887085890128,0.008599355067600213,0.26720328562414936,0.008599355067600213,0.0,0.0,1.32018,1.31,6456.0,4.31407,0.569337,0.135908,,
v2c_0242,55452577,v2cal,13-inf,5,5,1;2;3;4;5,planet,16.942351245586487,1336.8350837895264,0.03278278516956028,0.3043680713462934,0.0,0.0,0.0,1.55576,0.94,5394.2,4.02731,0.249632,0.0525067,,
v2c_0243,349268719,v2cal,7-12,5,5,4;5;6;7;8,eb_unequal,16.685907486619964,1414.7236320090053,0.00045738025114021823,0.7521735025326233,3.578178185824455e-05,0.0,0.0,0.780658,0.85,5092.0,4.58256,1.78664,0.440015,,
v2c_0244,229770431,v2cal,13-inf,1,1,40,eb_ecc,1.2448001516853424,2391.2271879221644,0.011525841824132294,0.17232508336805005,0.005616036250430289,0.35106131321281037,3.427958364806414,1.51804,1.04,5795.0,4.09254,0.297295,0.0655951,,
v2c_0245,258029388,v2cal,2-3,8,3,42;43;44,planet,1.4658498967274571,2448.922980209388,0.0005052846472974934,0.7392254130388953,0.0,0.0,0.0,1.02726,0.993,5611.53,4.41165,0.91602,0.23216,,
v2c_0246,420130101,v2cal,13-inf,9,9,14;17;18;19;20;21;22;23;24,planet,4.410599962736313,1684.5711561368676,0.026446340028121875,0.27375900712332524,0.0,0.0,0.0,0.519644,0.51713,3597.0,4.72026,3.68538,0.183354,,
v2c_0247,155233032,v2cal,4-6,6,4,44;45;46;47,planet,0.7010187843016498,2500.233461723756,0.024692062596141484,0.7833604610900002,0.0,0.0,0.0,1.0307,1.034,5771.84,4.42633,0.944343,0.196186,,
v2c_0248,358579477,v2cal,7-12,7,3,2;3;4,planet,0.7789996170856954,1354.3349299009542,0.016258512615508702,0.3208520771778204,0.0,0.0,0.0,0.79035,0.96,5470.0,4.6247,1.94452,0.450646,,
v2c_0249,260161587,v2cal,13-inf,10,2,7;10,planet,16.710798982552923,1501.868483227501,0.0016839017427453878,0.30771264478476706,0.0,0.0,0.0,1.06919,1.1,5981.19,4.42135,0.89997,0.176624,,
v2c_0250,270378256,v2cal,2-3,4,1,2,planet,2.1352400688874233,1355.2291953824113,0.0223179528781316,0.7134441141299374,0.0,0.0,0.0,0.909657,0.82,4967.7,4.43413,1.08938,0.274574,,
v2c_0251,8447415,v2cal,4-6,5,2,24;25,eb_twin,1.398999296850029,1956.1915855227214,0.00027393966401530857,0.7265214837840979,0.00027393966401530857,0.0,0.0,0.422675,0.416825,3550.0,4.80601,5.51994,0.24516,,
v2c_0252,123206180,v2cal,7-12,6,2,14;26,eb_ecc,11.521512776181819,1685.9331643726232,0.03597766409243417,0.587255474467158,0.03441423517495937,0.3347861380855994,0.4177460056351369,1.13237,1.12,6046.3,4.37931,0.77136,0.160339,,
v2c_0253,99936548,v2cal,2-3,3,2,41;48,eb_ecc,16.429768238940444,2425.661920698039,0.0005063446234007694,0.36292177404805925,0.0002920699696638542,0.08054879821875653,1.1058219133802405,1.0577,1.09,5967.0,4.42677,0.921171,0.192232,,
v2c_0254,425865767,v2cal,7-12,6,5,94;95;102;104;105,eb_unequal,1.7070434087304036,3856.7156516121795,0.0021903422451235092,0.2971980191863952,0.0005439781318558322,0.0,0.0,1.36725,1.34,6512.0,4.29348,0.524282,0.127173,,
v2c_0255,269032792,v2cal,4-6,10,1,55,planet,4.732252303639413,2797.2916325568594,0.000374603636262235,0.4437460404585087,0.0,0.0,0.0,1.65996,1.15,6106.64,4.05857,0.251422,0.0772129,,
v2c_0256,229789901,v2cal,13-inf,1,1,14,planet,5.405549923321793,1688.4740881064017,0.0006109629830810518,0.44293579851002024,0.0,0.0,0.0,0.936957,1.032,5763.0,4.50831,1.25465,0.269763,,
v2c_0257,8483309,v2cal,4-6,4,2,24;25,eb_twin,15.036540427762624,1961.081490102494,0.0049837835764893375,0.17987772485991382,0.0049837835764893375,0.0,0.0,0.922979,1.044,5807.25,4.52638,1.32777,0.243508,,
v2c_0258,270560239,v2cal,2-3,10,1,34,eb_unequal,3.294546340577459,2231.3616309003546,0.0006400825513695478,0.7411453902924523,0.00016914486362636796,0.0,0.0,0.751802,0.84,5040.0,4.61014,1.97683,0.512654,,
v2c_0259,237252543,v2cal,4-6,2,2,16;24,planet,5.71975642705786,1739.1826535211865,0.0011387713562714971,0.9280250548823468,0.0,0.0,0.0,1.21762,1.115,6021.0,4.31432,0.617641,0.12965,,
v2c_0260,117414377,v2cal,4-6,7,1,21,planet,1.1911937774669499,1871.2139677014488,0.0004582372228563981,0.9091067469028377,0.0,0.0,0.0,1.13382,1.124,6044.0,4.37975,0.771151,0.164372,,
v2c_0261,230087941,v2cal,13-inf,7,7,14;15;16;17;18;19;20,eb_twin,1.9145930271947404,1684.513113680648,0.0011570245350160221,0.012820329554141169,0.0011570245350160221,0.0,0.0,0.795054,0.963,5495.0,4.6209,1.91618,0.430849,,
v2c_0262,301020470,v2cal,2-3,2,1,4,eb_twin,23.460933713092096,1415.0379169194905,0.0070439028060616015,0.5409631608572536,0.0070439028060616015,0.0,0.0,1.04812,1.0,5625.0,4.39725,0.868505,0.188318,,
v2c_0263,166573547,v2cal,2-3,7,1,11,eb_unequal,7.196723419854493,1600.8629340291259,0.011966021079836868,0.4524678145427839,0.0035451198288430075,0.0,0.0,1.73247,1.41,6681.55,4.10995,0.271156,0.0614745,,
v2c_0264,120461208,v2cal,2-3,4,1,2,planet,17.829354975831308,1356.8860692636094,0.006356674313183439,0.305886366000982,0.0,0.0,0.0,1.15139,1.18,6174.56,4.38751,0.773068,0.164859,,
v2c_0265,443588000,v2cal,2-3,7,2,45;46,planet,13.89116591761539,2533.4199866277954,0.007676755815681977,0.7078934279800204,0.0,0.0,0.0,1.14189,1.14,6083.0,4.37973,0.765657,0.172096,,
v2c_0266,359630395,v2cal,13-inf,5,5,15;16;17;18;19,eb_twin,10.966108222040306,1712.3676079748755,0.001412929945636703,0.5288455752977584,0.001412929945636703,0.0,0.0,0.493091,0.491186,3576.0,4.74346,4.09699,0.196114,,
v2c_0267,199714223,v2cal,13-inf,10,10,15;16;17;19;20;22;23;24;25;26,eb_unequal,10.05722053742368,1711.5433816565167,0.0010771682777194042,0.9371830420002698,0.0002839127001920907,0.0,0.0,0.965555,1.127,6053.0,4.52044,1.25197,0.253387,,
v2c_0268,234523528,v2cal,2-3,10,2,28;29,planet,19.621644037305067,2066.8940327808377,0.002593714537500161,0.5021638287090212,0.0,0.0,0.0,0.676667,0.75,4710.57,4.65238,2.42067,0.627805,,
v2c_0269,47480770,v2cal,2-3,9,2,35;36,planet,9.029269895209397,2261.5217150186063,0.04364633129025192,0.5514577113285822,0.0,0.0,0.0,0.991563,0.97,5519.4,4.4322,0.994972,0.226592,,
v2c_0270,260415529,v2cal,13-inf,2,2,27;28,planet,1.1636689424404403,2036.5980122697022,0.002142581795183338,0.9260279802550831,0.0,0.0,0.0,1.72597,1.35,6547.0,4.09433,0.262562,0.0595398,,
v2c_0271,316420315,v2cal,4-6,4,4,15;16;22;23,eb_twin,17.65282301502213,1716.4602875776334,0.0014090096679332162,0.23712123285708084,0.0014090096679332162,0.0,0.0,1.51715,1.12,6032.0,4.12523,0.320725,0.067567,,
v2c_0272,21501907,v2cal,2-3,10,1,21,planet,1.4568184132160222,1871.6772573678381,0.00873369435673527,0.7778611982097733,0.0,0.0,0.0,1.13339,1.091,5958.0,4.36713,0.749344,0.164162,,
v2c_0273,115612391,v2cal,2-3,1,1,51,planet,8.182529672991615,2693.863257351947,0.0024163912181856765,0.7305137718547622,0.0,0.0,0.0,0.915778,1.102,5987.0,4.55667,1.43487,0.320674,,
v2c_0274,220513500,v2cal,4-6,6,3,1;2;3,planet,5.255645413196626,1325.9806279682587,0.0035385382190617786,0.7866999386741214,0.0,0.0,0.0,1.00034,1.01,5686.6,4.4421,1.00898,0.222475,,
v2c_0275,130579119,v2cal,2-3,4,2,6;8,planet,0.7382469975369323,1465.2329502918258,0.04651827422382991,0.4735930426932903,0.0,0.0,0.0,1.41236,1.4,6649.0,4.28431,0.49693,0.115408,,
v2c_0276,61107882,v2cal,2-3,9,2,45;46,eb_unequal,0.662348342357214,2526.093285037382,0.006009122616811361,0.38940840494647905,0.003674422136600901,0.0,0.0,1.14887,0.966,5504.16,4.3025,0.63704,0.163373,,
v2c_0277,33831261,v2cal,7-12,4,4,87;88;89;90,eb_unequal,5.554938616436571,3663.8730755873053,0.004840515640624918,0.030915733666862844,0.0035929288231183057,0.0,0.0,0.87914,0.96,5495.0,4.53222,1.41285,0.317171,,
v2c_0278,365966774,v2cal,2-3,9,1,22,eb_unequal,0.6448742515008302,1899.57460793651,0.001463681299452467,0.7026299919499907,0.001112084023906213,0.0,0.0,1.61284,1.34,6519.0,4.14999,0.319397,0.0729349,,
v2c_0279,233203368,v2cal,13-inf,7,7,14;15;16;18;19;20;21,eb_unequal,19.944092427020603,1692.548381455231,0.0020699818544454634,0.8665098786205102,0.001162092972459366,0.0,0.0,0.774441,0.76,4744.0,4.5409,1.63625,0.441371,,
v2c_0280,259166291,v2cal,7-12,1,1,14,eb_twin,5.342259080661162,1686.5663122647707,0.0010914245832971215,0.20618279001510753,0.0010914245832971215,0.0,0.0,1.17191,1.388,6623.0,4.44267,0.862385,0.197535,,
v2c_0281,136949182,v2cal,2-3,8,2,21;22,planet,8.44690722063087,1878.8295332671062,0.017466183438961603,0.14199836028631266,0.0,0.0,0.0,0.87009,0.872,5156.0,4.49946,1.32381,0.328528,,
v2c_0282,101724919,v2cal,2-3,2,2,44;45,planet,9.215706766984699,2509.369361271861,0.04464201340720612,0.3948797499143839,0.0,0.0,0.0,1.04435,1.156,6122.0,4.46333,1.01489,0.221346,,
v2c_0283,441720612,v2cal,4-6,9,4,14;15;25;26,eb_ecc,1.474859669142512,1684.0622958641354,0.0007337233642778152,0.5116734816376559,0.0007225581304432478,0.06312860675136753,5.875699744529858,1.42439,1.377,6598.0,4.26974,0.476479,0.111525,,
v2c_0284,157133425,v2cal,7-12,10,2,6;7,planet,2.381853177600146,1466.114407644173,0.02333451141785605,0.34082597227745853,0.0,0.0,0.0,0.842323,0.86,5127.29,4.52161,1.43901,0.328818,,
v2c_0285,142044942,v2cal,4-6,2,2,19;20,planet,16.802125219356444,1828.708731783985,0.005037662719677939,0.34926483993554025,0.0,0.0,0.0,0.91151,1.014,5696.0,4.52458,1.33892,0.293321,,
v2c_0286,271726852,v2cal,4-6,8,5,4;6;7;8;11,eb_unequal,14.221975333839744,1420.5358532189782,0.031260116547808414,0.4758379407996584,0.018026599156133388,0.0,0.0,0.744231,0.98,5574.0,4.68588,2.3774,0.51273,,
v2c_0287,237117512,v2cal,13-inf,5,5,14;15;16;17;18,planet,8.814607581909577,1686.577315465006,0.013311458412335556,0.816811279442798,0.0,0.0,0.0,1.14226,1.017,5705.43,4.32986,0.682372,0.149225,,
v2c_0288,55452577,v2cal,13-inf,9,9,1;2;3;4;5;7;8;9;10,planet,2.2867063402738688,1325.3611036170273,0.018800948836491235,0.9356425834576789,0.0,0.0,0.0,1.55576,0.94,5394.2,4.02731,0.249632,0.0525067,,
v2c_0289,219866503,v2cal,7-12,2,2,40;47,eb_unequal,21.999410910260202,2404.473564463294,0.002515891488287481,0.5178492897396487,0.0013509816162187484,0.0,0.0,1.00488,1.06,5847.0,4.45914,1.04463,0.2171,,
v2c_0290,272750988,v2cal,13-inf,6,6,14;15;16;17;20;21,eb_twin,8.189309488854251,1687.097047245876,0.0009057474224481935,0.2556255314683232,0.0009057474224481935,0.0,0.0,0.902551,1.003,5652.0,4.52842,1.36422,0.300934,,
v2c_0291,284928339,v2cal,2-3,1,1,21,planet,2.0747318091923854,1871.6437338594844,0.0002627955688650297,0.7974379833717834,0.0,0.0,0.0,0.841965,0.78,4830.0,4.47957,1.30681,0.348776,,
v2c_0292,57061535,v2cal,2-3,2,2,51;52,eb_unequal,2.9421967973719934,2695.8705737895025,0.04554003655683015,0.3319766745892668,0.027174271867322897,0.0,0.0,0.988297,0.912,5304.54,4.40829,0.944783,0.193126,,
v2c_0293,154716886,v2cal,2-3,9,3,14;20;26,planet,4.5221190045160755,1684.2696397726263,0.0016387557014207023,0.48455913224887237,0.0,0.0,0.0,0.706806,0.8,4892.0,4.64256,2.26563,0.575671,,
v2c_0294,99920924,v2cal,2-3,4,2,41;48,eb_unequal,20.133223966439726,2427.3555197774467,0.00035377052797402593,0.8849975091099539,0.00014924824683637785,0.0,0.0,1.15984,1.11,6012.0,4.3546,0.711431,0.150063,,
v2c_0295,287348079,v2cal,2-3,1,1,36,planet,2.686127017543945,2283.057933300865,0.001867932330460244,0.6747133995422298,0.0,0.0,0.0,0.961344,1.07,5882.0,4.50169,1.20433,0.256185,,
v2c_0296,353991512,v2cal,13-inf,3,3,15;16;18,eb_unequal,6.534022973438716,1712.0102289965607,0.009836851481099904,0.9274189892576106,0.0009624313950606095,0.0,0.0,0.708262,0.776,4801.0,4.62754,2.18414,0.575396,,
v2c_0297,232538287,v2cal,4-6,10,2,21;22,planet,2.082557457899506,1872.108614329118,0.00042090428701510715,0.30658251730896546,0.0,0.0,0.0,0.920103,0.884,5200.0,4.45685,1.13486,0.268529,,
v2c_0298,298441199,v2cal,2-3,8,1,25,planet,9.761743014482759,1992.4698837565209,0.005772858866016312,0.7429598517778411,0.0,0.0,0.0,1.08908,1.097,5973.0,4.40415,0.849226,0.185922,,
v2c_0299,394557592,v2cal,2-3,6,1,1,planet,5.459004295227939,1326.9326205985033,0.0010624161580756182,0.22087251961169974,0.0,0.0,0.0,1.01837,0.91,5306.55,4.38129,0.861627,0.231784,,
v2c_0300,220460948,v2cal,13-inf,6,6,1;2;3;5;6;7,eb_ecc,11.710198521733655,1331.0739873436426,0.02186691319201545,0.1923870797481247,0.009291223935753143,0.2477741366925722,1.7661017743922822,1.43164,1.27,6366.73,4.23021,0.432818,0.0903137,,
v2c_0301,220474002,v2cal,4-6,5,5,9;10;11;12;13,planet,0.7105353566900858,1543.654563005459,0.001984675068122448,0.6199998630436625,0.0,0.0,0.0,1.62961,1.1,5972.17,4.05529,0.254178,0.0598779,,
v2c_0302,358019385,v2cal,7-12,3,2,20;26,planet,3.430234112145451,1843.7619019686538,0.0003236924288619931,0.49071281127128397,0.0,0.0,0.0,0.922923,1.05,5816.0,4.52893,1.33565,0.272761,,
v2c_0303,307762301,v2cal,2-3,4,1,22,eb_unequal,3.1307858275863265,1899.6386700290293,0.0002717790799416261,0.26784304735693654,3.314568704754979e-05,0.0,0.0,1.14808,0.966,5505.78,4.3031,0.638349,0.136884,,
v2c_0304,142395432,v2cal,7-12,2,2,14;15,planet,2.510088430267835,1685.0504710017226,0.009804023590148026,0.8120475380936474,0.0,0.0,0.0,1.10406,1.165,6143.0,4.41841,0.865662,0.200432,,
v2c_0305,229898456,v2cal,2-3,8,2,50;51,planet,23.226047382854915,2683.817980457453,0.0002791424687101808,0.7462265968478903,0.0,0.0,0.0,1.13997,1.06,5854.98,4.34959,0.715523,0.15958,,
v2c_0306,230114936,v2cal,7-12,6,6,14;15;16;17;18;19,eb_unequal,2.7114759323490714,1685.5064614237122,0.027856374962255032,0.7100152079166735,0.00882584008609332,0.0,0.0,1.28284,1.1,5983.0,4.26311,0.521039,0.107741,,
v2c_0307,167368416,v2cal,7-12,7,7,87;88;89;90;93;94;95,eb_unequal,7.709740585883435,3664.1923641250264,0.016593076430260197,0.06227399603146314,0.003434006740010314,0.0,0.0,0.842471,1.3,6424.0,4.7009,2.17409,0.488912,,
v2c_0308,5641823,v2cal,2-3,6,2,29;42,planet,16.155985808116395,2098.26830941325,0.005260499299215315,0.9036196184617107,0.0,0.0,0.0,0.870623,0.97,5522.0,4.54518,1.46988,0.330374,,
v2c_0309,262720080,v2cal,4-6,7,1,8,planet,15.95171912481005,1529.9188315224915,0.018080282513139343,0.7156988775430082,0.0,0.0,0.0,0.503523,0.501527,3574.0,4.73432,3.92859,0.190575,,
v2c_0310,394582214,v2cal,2-3,7,2,27;28,planet,1.0683963489309931,2037.2649036440257,0.00589048403240773,0.209074154117742,0.0,0.0,0.0,1.01264,0.97,5534.0,4.41393,0.934141,0.210129,,
v2c_0311,29781101,v2cal,13-inf,6,6,1;2;3;4;6;7,eb_twin,1.129561853543135,1326.2333920898723,0.001053811590684303,0.30759796216835805,0.001053811590684303,0.0,0.0,0.982814,0.96,5472.92,4.4354,1.01125,0.22593,,
v2c_0312,189618822,v2cal,2-3,9,2,8;9,planet,10.630414920123622,1521.1099771810061,0.007088142248869227,0.7671838527895682,0.0,0.0,0.0,0.765914,1.001,5643.0,4.67014,2.22789,0.490193,,
v2c_0313,309001972,v2cal,4-6,4,3,59;71;72,eb_twin,1.4537932971973988,2910.7110101758726,0.002241215826425918,0.671214319299757,0.002241215826425918,0.0,0.0,1.23633,1.26,6345.0,4.35417,0.66675,0.155291,,
v2c_0314,47819125,v2cal,13-inf,8,5,14;15;22;25;26,planet,4.485852508570004,1686.5000751346684,0.0024554845762204233,0.6000403855150497,0.0,0.0,0.0,1.10597,1.151,6110.0,4.41165,0.850826,0.193551,,
v2c_0315,160533720,v2cal,13-inf,8,8,14;15;16;19;20;21;22;25,planet,15.840490115049844,1698.7005830599446,0.0028222690240416693,0.26355965207013954,0.0,0.0,0.0,1.28953,1.113,6018.0,4.2637,0.519045,0.110674,,
v2c_0316,270378256,v2cal,2-3,9,1,2,planet,1.6057153391079388,1354.301281902682,0.0007219109378811641,0.1451168521969811,0.0,0.0,0.0,0.909657,0.82,4967.7,4.43413,1.08938,0.274574,,
v2c_0317,144284767,v2cal,7-12,7,1,2,planet,0.8122619223954091,1354.6808013171567,0.04444929762645315,0.4715556561962178,0.0,0.0,0.0,1.7035,1.11,6003.0,4.02071,0.224542,0.0472882,,
v2c_0318,380941020,v2cal,2-3,5,3,30;42;43,planet,2.710107256496619,2117.6207818196485,0.0074593042716516135,0.2730209568174475,0.0,0.0,0.0,1.14609,1.01,5690.26,4.32395,0.670912,0.154467,,
v2c_0319,28079908,v2cal,2-3,10,2,14;15,planet,2.9005725761136,1684.3428886642919,0.041383219435515144,0.33973204103198784,0.0,0.0,0.0,1.26456,1.35,6534.0,4.36452,0.667603,0.155257,,
v2c_0320,198390801,v2cal,13-inf,10,10,14;15;16;17;18;19;20;21;22;23,eb_ecc,0.6267008189254115,1683.707960182564,0.03515204605086648,0.21673897347668447,0.029711194219882938,0.39834946274796834,3.055399268289026,1.05208,0.939,5401.0,4.36664,0.806344,0.179185,,
v2c_0321,233518230,v2cal,7-12,7,5,14;18;21;25;26,eb_unequal,0.6748370149799429,1683.9874957152244,0.00023592836522759827,0.7805680358765092,0.0001124601162925714,0.0,0.0,1.15355,1.16,6122.0,4.37845,0.755697,0.157578,,
v2c_0322,420001714,v2cal,2-3,9,1,4,eb_ecc,6.654083808125014,1411.7041968369026,0.0028267325172515846,0.19538923170205402,0.0011058497188615724,0.4496498247020534,3.7388856902074665,0.889246,1.05,5844.51,4.56121,1.49322,0.328507,,
v2c_0323,219757178,v2cal,13-inf,2,2,14;15,eb_unequal,14.687312533129184,1689.2448420202963,0.018100685639009982,0.6569888931158223,0.011463684562952258,0.0,0.0,1.15617,1.04,5794.0,4.32906,0.672931,0.141754,,
v2c_0324,7153462,v2cal,7-12,8,1,29,planet,5.886174323108118,2091.3567699201826,0.006110566182430202,0.6983854394448967,0.0,0.0,0.0,1.76587,1.17,6145.0,4.01233,0.212474,0.0462344,,
v2c_0325,119954197,v2cal,2-3,10,2,51;52,planet,19.050510281293523,2695.400894743944,0.0012655316269954643,0.46706439460656224,0.0,0.0,0.0,1.33514,1.39,6634.84,4.33003,0.584023,0.129157,,
v2c_0326,399760463,v2cal,4-6,6,2,16;23,planet,12.73438483753056,1742.4545730007628,0.00026829727132557266,0.2939705189249686,0.0,0.0,0.0,1.75761,1.24,6307.0,4.04164,0.228378,0.0502579,,
v2c_0327,417581749,v2cal,4-6,10,2,24;25,eb_unequal,24.594399248224704,1963.7986566686957,0.007258917558581333,0.6229994717055659,0.003987507053491724,0.0,0.0,0.809173,0.93,5361.44,4.59047,1.75533,0.394347,,
v2c_0328,172843253,v2cal,4-6,7,4,44;45;46;47,planet,0.8625650569158151,2500.5755169850636,0.0017233337418084932,0.32856727336191555,0.0,0.0,0.0,0.994538,1.131,6063.0,4.49629,1.14974,0.248366,,
v2c_0329,402236219,v2cal,2-3,10,2,70;71,planet,1.501266073192316,3209.19257434867,0.002679559722525596,0.41028076931335,0.0,0.0,0.0,1.33671,1.05,5843.83,4.20718,0.43962,0.109807,,
v2c_0330,177039581,v2cal,13-inf,1,1,1,eb_unequal,3.20299026388351,1327.8977352283482,0.00526466468107935,0.6867226230381014,0.002905247674092712,0.0,0.0,1.4789,1.13,6058.66,4.15127,0.349349,0.0741403,,
v2c_0331,352698649,v2cal,7-12,1,1,16,planet,12.401336197755123,1743.8066817933645,0.018575889695849227,0.057343635591139655,0.0,0.0,0.0,0.284211,0.258709,3480.0,4.9436,11.2691,0.129192,,
v2c_0332,202439632,v2cal,7-12,10,4,15;16;22;23,eb_unequal,19.974595874414238,1722.6775603869062,0.0004951886686154945,0.7356184652186819,0.00022271121107350357,0.0,0.0,0.323624,0.303734,3391.0,4.90048,8.9613,0.206782,,
v2c_0333,365188734,v2cal,2-3,2,2,42;43,planet,10.192519991503191,2448.247620129555,0.011238053280761794,0.1675328098038656,0.0,0.0,0.0,0.976758,0.985,5579.0,4.45193,1.057,0.233099,,
v2c_0334,198182246,v2cal,13-inf,9,9,14;15;16;17;18;19;20;21;22,eb_unequal,17.439458064331813,1689.436363096864,0.002568997085744115,0.1905848806489206,0.0017129763973120129,0.0,0.0,1.0688,1.099,5980.0,4.42127,0.900143,0.189119,,
v2c_0335,259166291,v2cal,7-12,3,3,14;15;16,planet,0.7489551717881177,1684.0638445960694,0.021923052761255567,0.2938772388383892,0.0,0.0,0.0,1.17191,1.388,6623.0,4.44267,0.862385,0.197535,,
v2c_0336,341630038,v2cal,4-6,6,4,14;19;20;26,planet,2.7614372555662188,1683.8998666717985,0.0021565087586011356,0.8904523703287405,0.0,0.0,0.0,1.0777,1.124,6044.0,4.42384,0.898004,0.198763,,
v2c_0337,32032672,v2cal,13-inf,4,4,1;2;3;4,eb_ecc,14.712217381160928,1335.6746069532085,0.0038722297255227595,0.555009460017369,0.0013007002815178638,0.19245951554259,3.155170368447233,0.743889,0.69,4434.0,4.5339,1.6762,0.502124,,
v2c_0338,165529438,v2cal,7-12,6,6,14;15;16;17;18;20,eb_twin,12.928968607832656,1695.493468004957,0.011222564599616527,0.269250296116562,0.011222564599616527,0.0,0.0,0.934731,0.993,5611.82,4.49364,1.21588,0.246672,,
v2c_0339,233193629,v2cal,13-inf,4,4,15;16;17;18,eb_unequal,0.6310023279901009,1711.9549012175432,0.03202654275205989,0.5240027047707759,0.008849088218583382,0.0,0.0,0.637989,0.675,4319.0,4.65774,2.59934,0.746502,,
v2c_0340,259166291,v2cal,7-12,2,2,14;15,planet,3.8009696196077485,1685.437230456771,0.00027719901650750993,0.4384583074327513,0.0,0.0,0.0,1.17191,1.388,6623.0,4.44267,0.862385,0.197535,,
v2c_0341,63695346,v2cal,2-3,2,1,2,eb_unequal,25.609630537669617,1376.6497845503172,0.015267060143944798,0.7259174674104746,0.011431450380457212,0.0,0.0,1.57475,1.4,6645.0,4.18977,0.358502,0.084353,,
v2c_0342,307849590,v2cal,7-12,8,5,5;8;9;10;11,planet,17.916145004710156,1451.8901765142891,0.0010779487928959826,0.3270645625678701,0.0,0.0,0.0,0.737646,0.64,4072.0,4.50855,1.59454,0.559336,,
v2c_0343,394582214,v2cal,2-3,10,2,27;28,eb_unequal,2.2788576180747393,2037.4338119416368,0.029841493689223307,0.3807080918167548,0.015834083205505844,0.0,0.0,1.01264,0.97,5534.0,4.41393,0.934141,0.210129,,
v2c_0344,233502816,v2cal,7-12,10,10,14;15;18;19;20;21;22;23;24;25,planet,1.7796553534629822,1684.4397957498272,0.006265774639210612,0.47954437164041486,0.0,0.0,0.0,1.80648,1.352,6543.0,4.05538,0.229339,0.0521094,,
v2c_0345,166975502,v2cal,7-12,1,1,1,eb_unequal,2.5320796280069424,1326.5826857583077,0.0025617521782084433,0.45672532012800876,0.001509741763525817,0.0,0.0,1.43518,1.06,5861.64,4.14956,0.358577,0.0671021,,
v2c_0346,166052599,v2cal,7-12,7,4,15;16;21;23,planet,6.77685783070271,1717.352531309338,0.0008084196976389795,0.40705798052248054,0.0,0.0,0.0,1.66183,1.366,6574.0,4.13234,0.297639,0.0725975,,
v2c_0347,14456477,v2cal,2-3,4,1,23,planet,2.8923879395156704,1930.117133024939,0.0011004347118750224,0.42712624663548376,0.0,0.0,0.0,1.05095,1.16,6131.0,4.45936,0.999328,0.224395,,
v2c_0348,229714508,v2cal,13-inf,8,8,14;15;16;17;18;19;21;22,planet,7.101061341585731,1689.8193589418365,0.018779874124386278,0.2509373814776723,0.0,0.0,0.0,1.14464,1.058,5857.0,4.34521,0.705465,0.152911,,
v2c_0349,47480770,v2cal,2-3,1,1,35,planet,0.7376849176552925,2255.1427541175035,0.010213547434636022,0.9414233718321676,0.0,0.0,0.0,0.991563,0.97,5519.4,4.4322,0.994972,0.226592,,
v2c_0350,141282136,v2cal,13-inf,6,6,1;2;3;4;5;6,eb_unequal,3.0564182161316418,1327.0433023596993,0.000821808717349431,0.2751753197743497,0.00025828758829068077,0.0,0.0,1.7263,1.52,6937.0,4.14568,0.295457,0.0615463,,
v2c_0351,335682523,v2cal,4-6,6,4,41;48;49;50,planet,9.733974225313819,2427.91433438942,0.00023245555669293335,0.5300442803242188,0.0,0.0,0.0,1.15586,1.06,5867.0,4.33756,0.686423,0.141815,,
v2c_0352,262720080,v2cal,4-6,9,1,8,planet,23.268210421322063,1539.1182567781088,0.0018127096339431764,0.06649862154980722,0.0,0.0,0.0,0.503523,0.501527,3574.0,4.73432,3.92859,0.190575,,
v2c_0353,279616701,v2cal,4-6,4,3,1;2;3,planet,2.233260102815417,1325.376953266857,0.0017783988393644452,0.10376975943591181,0.0,0.0,0.0,1.01521,1.1,5980.0,4.46635,1.0513,0.230101,,
v2c_0354,233094762,v2cal,7-12,2,2,14;15,eb_unequal,0.9239105863221263,1684.0961726727965,0.00425908068858333,0.22046331919551126,0.0016740398157622297,0.0,0.0,1.14035,1.152,6113.0,4.38545,0.77686,0.16885,,
v2c_0355,259128910,v2cal,13-inf,5,5,14;15;16;17;18,eb_unequal,0.7516788108635016,1683.9618431310078,0.0023533159156516404,0.30167512087724413,0.0017536730494408233,0.0,0.0,1.24909,1.176,6169.0,4.31529,0.603435,0.12994,,
v2c_0356,32050031,v2cal,7-12,9,9,1;2;3;4;6;7;10;11;13,eb_ecc,16.43055292172569,1328.4132289137328,0.0010433729630932654,0.5754169781276802,0.0007150397120067073,0.47568959074393397,2.447070419810966,1.50231,0.96,5467.6,4.06682,0.283134,0.0648406,,
v2c_0357,286729352,v2cal,2-3,8,2,45;46,planet,4.79722187269939,2526.927297789741,0.007793730068934675,0.41265744320943076,0.0,0.0,0.0,1.09619,0.988,5591.0,4.35305,0.750069,0.153447,,
v2c_0358,331573567,v2cal,2-3,3,2,14;15,planet,1.8441490533400138,1684.5622418183236,0.0007951468041846244,0.8888906351186112,0.0,0.0,0.0,0.783121,0.81,4926.0,4.5589,1.68655,0.411767,,
v2c_0359,33878459,v2cal,13-inf,1,1,5,eb_twin,4.857274177773229,1438.7129065639424,0.00288591668123309,0.8396672018374748,0.00288591668123309,0.0,0.0,0.566553,0.559903,3812.0,4.6797,3.07887,0.162611,,
v2c_0360,382523882,v2cal,4-6,5,4,103;104;105;106,planet,8.66401726454294,4169.850393509026,0.0009598750357096795,0.5561046463991245,0.0,0.0,0.0,0.437415,0.432985,3471.0,4.79275,5.17359,0.220215,,
v2c_0361,229612173,v2cal,13-inf,7,7,14;15;16;17;18;19;20,eb_unequal,5.675610783083029,1686.139726458012,0.012754483559136326,0.3319105130343778,0.009419871832863797,0.0,0.0,1.13046,1.15,6119.76,4.39225,0.796025,0.162189,,
v2c_0362,198553139,v2cal,7-12,9,9,14;15;16;17;18;20;21;22;23,eb_twin,10.248614756037307,1689.7826283125974,0.0006093693122661289,0.5780895272383682,0.0006093693122661289,0.0,0.0,0.946101,1.036,5779.0,4.50155,1.22334,0.268273,,
v2c_0363,172518675,v2cal,4-6,8,1,21,planet,17.221238490373686,1884.5922251593595,0.013840211905702017,0.8476689825006501,0.0,0.0,0.0,0.644646,0.64,4118.0,4.6256,2.389,0.855549,,
v2c_0364,435920675,v2cal,4-6,9,3,32;43;44,eb_twin,5.0510542316940725,2174.0216333274043,0.011717695775432652,0.7743020401569677,0.011717695775432652,0.0,0.0,0.312992,0.291494,3239.0,4.91163,9.5067,0.190108,,
v2c_0365,355380999,v2cal,7-12,10,4,35;36;37;38,planet,14.83126122921993,2264.6878751315885,0.002149127699520902,0.23923716067116307,0.0,0.0,0.0,1.4659,1.37,6584.0,4.24258,0.434918,0.100994,,
v2c_0366,310981801,v2cal,4-6,7,4,40;41;47;48,planet,1.0410769816519947,2391.3388581700146,0.0031502783093745397,0.45801437550736607,0.0,0.0,0.0,1.17511,1.1,5994.0,4.3393,0.677882,0.148468,,
v2c_0367,406404433,v2cal,2-3,1,1,2,eb_ecc,6.934158596734698,1355.0904591248952,0.0008267619689912674,0.8819536703054759,0.0007777405957564951,0.1158684276112062,1.0721418665375002,1.21933,1.23,6293.93,4.35573,0.678483,0.137246,,
v2c_0368,157133425,v2cal,7-12,6,2,6;7,planet,21.069322058896056,1472.6017426425226,0.002146082181481284,0.5616572193767101,0.0,0.0,0.0,0.842323,0.86,5127.29,4.52161,1.43901,0.328818,,
v2c_0369,154012376,v2cal,4-6,9,3,14;15;21,eb_ecc,14.107139149521673,1687.7205920907647,0.004280270577794683,0.3366442999356839,0.0021176281791498246,0.09582031174774594,5.185389722949828,0.306781,0.284369,3209.0,4.91829,9.84911,0.173932,,
v2c_0370,394050859,v2cal,2-3,1,1,14,eb_unequal,3.4406512239227847,1684.8436726457571,0.0007388611733431325,0.8408914101482832,0.0005149278679566954,0.0,0.0,0.988906,1.092,5959.0,4.48598,1.12917,0.249406,,
v2c_0371,215403879,v2cal,2-3,1,1,104,planet,3.720763196177257,4181.257879826501,0.001400988182783943,0.24872215004464787,0.0,0.0,0.0,1.51962,1.15,6120.0,4.13529,0.32771,0.0751464,,
v2c_0372,306934657,v2cal,13-inf,10,8,1;2;5;6;8;9;11;12,planet,2.249899438368193,1325.6818875933889,0.011122519916752518,0.637586664043543,0.0,0.0,0.0,0.716077,0.64,4119.0,4.53433,1.74301,0.606498,,
v2c_0373,230081514,v2cal,13-inf,7,7,15;16;17;18;20;21;22,planet,4.135943175677942,1713.0896398915029,0.008867313147151907,0.9236991223489899,0.0,0.0,0.0,1.65338,1.27,6370.0,4.10512,0.280985,0.0626632,,
v2c_0374,82605922,v2cal,4-6,8,1,22,planet,19.37063625792674,1916.735678572643,0.016642136755002982,0.050197930917979666,0.0,0.0,0.0,0.792833,0.998,5632.0,4.63883,2.00256,0.445545,,
v2c_0375,177349718,v2cal,13-inf,1,1,5,planet,11.5965183106918,1442.61081925371,0.007144869159019675,0.1646982648142026,0.0,0.0,0.0,1.6547,1.26,6345.26,4.101,0.278109,0.0582921,,
v2c_0376,160040284,v2cal,2-3,4,2,48;49,eb_twin,7.099342212853147,2608.1860823207267,0.0005839474419851578,0.749462842519394,0.0005839474419851578,0.0,0.0,1.02993,0.992,5608.93,4.40896,0.908005,0.180973,,
v2c_0377,390558073,v2cal,2-3,4,1,10,planet,0.5365226431028488,1569.8731243300504,0.015920180325396112,0.25200890767769657,0.0,0.0,0.0,1.52011,1.439,6743.0,4.23238,0.409669,0.096508,,
v2c_0378,315758126,v2cal,7-12,8,5,18;19;20;24;25,eb_unequal,12.013028505813114,1797.1085635304416,0.018899129876094753,0.3241847068851843,0.007033022116677311,0.0,0.0,0.988682,1.058,5856.0,4.47244,1.09475,0.230817,,
v2c_0379,255558852,v2cal,7-12,1,1,5,eb_ecc,0.9928485859355425,1438.3282114015913,0.0033858084729048834,0.5114220904928811,0.0018422959783970408,0.42691738506665194,4.525280601234304,1.17148,1.02,5731.0,4.3092,0.634452,0.139305,,
v2c_0380,231091343,v2cal,7-12,4,4,87;88;89;90,eb_ecc,0.6273509809331347,3663.232625815082,0.0010798077749247105,0.05932188467662014,0.0007203356484664977,0.08876990988184476,1.4556531490285114,1.58074,1.0,5639.6,4.04035,0.253174,0.0552617,,
v2c_0381,22237080,v2cal,2-3,8,1,9,eb_twin,0.7900376711955205,1543.620481440376,0.014892812641980833,0.7221042313252403,0.014892812641980833,0.0,0.0,0.740573,0.95,5447.0,4.67666,2.33894,0.50417,,
v2c_0382,230081402,v2cal,7-12,1,1,15,eb_twin,2.842506842599419,1712.7164671535957,0.0007777030719358542,0.3026200906938126,0.0007777030719358542,0.0,0.0,1.37203,1.35,6548.0,4.29367,0.522686,0.118351,,
v2c_0383,379098632,v2cal,2-3,2,1,23,eb_twin,23.0586015667609,1949.1646370842993,0.0026025338688513214,0.7851756426318602,0.0026025338688513214,0.0,0.0,1.16026,1.115,6022.33,4.35623,0.713855,0.168032,,
v2c_0384,139053380,v2cal,2-3,2,1,22,eb_unequal,1.4808741435480182,1899.776581147893,0.000615326005653526,0.31865767449906185,0.0004313808452449611,0.0,0.0,1.05949,1.143,6091.62,4.44592,0.961072,0.193289,,
v2c_0385,232970131,v2cal,4-6,5,4,14;15;21;22,planet,8.545888976295805,1686.6805209313452,0.00028619506628349453,0.3434500736701716,0.0,0.0,0.0,0.715666,0.872,5156.0,4.66916,2.37895,0.587781,,
v2c_0386,445832471,v2cal,2-3,5,2,21;22,planet,4.322913876604084,1874.1108925742158,0.0017420432797761428,0.12270313771922847,0.0,0.0,0.0,1.22997,1.18,6177.0,4.33016,0.634165,0.135471,,
v2c_0387,219251046,v2cal,2-3,3,3,3;4;5,eb_ecc,0.7855144585633255,1382.8306223195423,0.00023643376033610192,0.854633306374736,0.00020835923429030683,0.15031584191063757,2.868335226465555,1.13749,1.13,6062.0,4.37925,0.76778,0.170481,,
v2c_0388,298663845,v2cal,13-inf,2,2,14;15,planet,29.87784841571245,1710.0177755912857,0.007211569171301476,0.5616279624445866,0.0,0.0,0.0,0.895786,0.99,5611.57,4.52929,1.37728,0.280472,,
v2c_0389,165530042,v2cal,13-inf,6,6,14;15;16;17;18;19,planet,6.50835867161637,1689.1965950250287,0.010541621383431298,0.9346973164524176,0.0,0.0,0.0,0.884543,0.975,5541.0,4.53363,1.40879,0.314515,,
v2c_0390,355950542,v2cal,13-inf,4,4,14;15;16;17,eb_twin,1.7189104429246167,1683.4870732814152,0.04449627004868374,0.5186899716967764,0.04449627004868374,0.0,0.0,0.90387,0.97,5527.66,4.51263,1.31357,0.326721,,
v2c_0391,289545024,v2cal,2-3,10,1,8,planet,4.0056695330032985,1517.8797724709138,0.0004192420347151577,0.9289261481471992,0.0,0.0,0.0,0.594669,0.583718,3965.0,4.65572,2.77573,0.150443,,
v2c_0392,416815016,v2cal,7-12,1,1,17,eb_twin,21.98753548002172,1770.137672020759,0.0023468507322136622,0.36286873422208815,0.0023468507322136622,0.0,0.0,1.51665,1.447,6762.0,4.23677,0.414776,0.106134,,
v2c_0393,459242821,v2cal,7-12,2,2,14;16,planet,3.3759464360298805,1686.5966876260622,0.020116818038112272,0.23346510125409367,0.0,0.0,0.0,0.791961,0.876,5172.0,4.58316,1.76357,0.447615,,
v2c_0394,155233032,v2cal,4-6,8,4,44;45;46;47,planet,0.8682977211177774,2500.9618616443186,0.0009618450256119518,0.05640543848599486,0.0,0.0,0.0,1.0307,1.034,5771.84,4.42633,0.944343,0.196186,,
v2c_0395,232075203,v2cal,7-12,7,2,1;2,planet,0.8467717742463722,1325.999252501421,0.005814538336568815,0.09282747790598832,0.0,0.0,0.0,0.248022,0.218723,3231.0,4.98898,14.3359,0.0411145,,
v2c_0396,283828652,v2cal,4-6,4,3,16;23;24,planet,1.3650443550440958,1739.356460056336,0.010544019722017154,0.1073557588440051,0.0,0.0,0.0,1.09588,1.127,6053.72,4.41046,0.856316,0.198513,,
v2c_0397,99920000,v2cal,4-6,1,1,14,planet,2.7665402881642485,1684.4376924288053,0.0016175157411778228,0.3110433233981184,0.0,0.0,0.0,1.04444,1.014,5696.0,4.40633,0.889982,0.190536,,
v2c_0398,386908873,v2cal,4-6,5,4,44;45;46;48,planet,8.388263978659884,2502.376077351502,0.0003233129112890674,0.6749474707546463,0.0,0.0,0.0,1.31133,1.05,5831.06,4.22383,0.465646,0.0868699,,
v2c_0399,123203822,v2cal,4-6,7,2,14;26,eb_twin,4.170307123528816,1685.0436468760624,0.01630760857549011,0.8116457639675246,0.01630760857549011,0.0,0.0,0.318451,0.297773,3369.0,4.90587,9.22056,0.186615,,
v2c_0400,215403879,v2cal,2-3,4,2,104;105,planet,20.542494550272053,4195.377155400224,0.0002412693406833997,0.9412949359083627,0.0,0.0,0.0,1.51962,1.15,6120.0,4.13529,0.32771,0.0751464,,
v2c_0401,18634351,v2cal,4-6,9,2,25;26,eb_ecc,11.645016323456606,1983.6457988383154,0.0009554058043489237,0.27213884729468446,0.00033682158031594634,0.29377433931377334,2.5920803802105317,0.529727,0.526655,3786.0,4.71149,3.54299,0.177727,,
v2c_0402,270378256,v2cal,2-3,2,1,2,planet,1.1796323936850153,1354.8459824750823,0.000342770272204553,0.12114862919915946,0.0,0.0,0.0,0.909657,0.82,4967.7,4.43413,1.08938,0.274574,,
v2c_0403,142081973,v2cal,7-12,4,4,1;2;3;4,planet,1.6177415026373263,1325.5209813002957,0.01874782051467225,0.1296577712705916,0.0,0.0,0.0,0.696891,0.77,4795.0,4.63823,2.27507,0.852835,,
v2c_0404,231091343,v2cal,7-12,1,1,87,eb_twin,3.2265789869819375,3665.643104855848,0.0014457628204412444,0.32229922357375185,0.0014457628204412444,0.0,0.0,1.58074,1.0,5639.6,4.04035,0.253174,0.0552617,,
v2c_0405,232627112,v2cal,7-12,10,10,14;15;16;17;18;19;20;21;23;24,planet,14.656611445625414,1692.1173526598993,0.0003225883087080307,0.5836129622084452,0.0,0.0,0.0,1.57684,1.037,5780.75,4.05827,0.264496,0.0493317,,
v2c_0406,65143950,v2cal,4-6,3,1,7,eb_twin,0.9902882136267407,1492.0312862671522,0.00036328597249471104,0.704721186267666,0.00036328597249471104,0.0,0.0,1.58448,1.272,6376.0,4.14278,0.319762,0.0735852,,
v2c_0407,272671671,v2cal,7-12,9,8,14;15;16;17;20;21;23;24,planet,3.6884350943825903,1686.4008939178311,0.0009835140433376334,0.6508560656112506,0.0,0.0,0.0,1.44818,1.476,6834.0,4.28551,0.485985,0.112846,,
v2c_0408,255995023,v2cal,7-12,2,2,15;16,planet,0.5865497462082466,1711.4873577397705,0.004802436066904693,0.7998995655716219,0.0,0.0,0.0,1.30645,1.108,6003.0,4.25042,0.496896,0.111115,,
v2c_0409,274674083,v2cal,2-3,2,2,24;26,eb_ecc,13.995289789882417,1968.9719338908528,0.011361153020043839,0.27035485185978353,0.009961257212860992,0.25619760886398213,0.04314560832462878,0.976606,1.049,5824.0,4.4794,1.1262,0.237327,,
v2c_0410,400711585,v2cal,4-6,4,4,44;45;46;47,eb_ecc,0.6148433703815837,2500.2816814405955,0.000681432234955675,0.6611367850127513,0.0005262764716998929,0.2326993915844703,4.3190970371462365,1.82574,1.395,6639.0,4.05976,0.229221,0.0541766,,
v2c_0411,39268506,v2cal,4-6,3,2,25;26,planet,2.004736161228254,1984.417112228011,0.0030737789518345206,0.5866545592772511,0.0,0.0,0.0,0.764685,0.95,5444.0,4.64883,2.1246,0.4942,,
v2c_0412,237926943,v2cal,7-12,9,8,1;2;3;4;7;8;10;11,eb_ecc,20.656770896951073,1339.2702223573392,0.0016403495807254748,0.9110744041496626,0.0014825959577220902,0.2265604784430232,5.731201930808197,1.39816,1.23,6277.0,4.23686,0.450024,0.108519,,
v2c_0413,364131317,v2cal,2-3,6,2,17;19,planet,22.6275057938335,1772.535116687521,0.009415211087825068,0.0012435803193078852,0.0,0.0,0.0,1.89838,1.536,6993.0,4.06769,0.224514,0.0508944,,
v2c_0414,287259708,v2cal,7-12,6,6,14;15;16;17;20;23,planet,11.726085588191713,1692.103622709856,0.0005442269733393634,0.8008857560175868,0.0,0.0,0.0,1.22363,1.179,6175.0,4.33428,0.643524,0.142578,,
v2c_0415,34821191,v2cal,4-6,5,1,18,eb_unequal,3.9143920163044923,1791.6790477747988,0.0013174830786001708,0.2896901704749911,0.0002335511601503302,0.0,0.0,1.01966,1.045,5810.52,4.44027,0.9857,0.270483,,
v2c_0416,235988531,v2cal,4-6,7,2,47;52,eb_twin,4.925267790421487,2581.846308544624,0.016284448002502356,0.16987023280243913,0.016284448002502356,0.0,0.0,0.825514,0.981,5562.0,4.59629,1.74379,0.380922,,
v2c_0417,367077910,v2cal,7-12,6,6,17;18;19;24;25;26,planet,14.845859919764951,1777.1240836563302,0.0002247368712965635,0.5914584755821501,0.0,0.0,0.0,1.12445,1.008,5673.0,4.33965,0.70899,0.157541,,
v2c_0418,272750988,v2cal,13-inf,4,4,14;15;16;17,planet,27.600829588723112,1698.980408408867,0.004781385535414114,0.7769738335683479,0.0,0.0,0.0,0.902551,1.003,5652.0,4.52842,1.36422,0.300934,,
v2c_0419,402442750,v2cal,13-inf,3,3,14;16;17,planet,8.441620258739787,1686.2208791535231,0.001983443006623326,0.3658210034067689,0.0,0.0,0.0,1.08526,1.07,5894.0,4.39639,0.837113,0.188057,,
v2c_0420,350296771,v2cal,2-3,1,1,6,planet,2.1279813892122452,1465.5918242953253,0.010294147404918772,0.8748803766774873,0.0,0.0,0.0,1.48977,1.3,6431.0,4.20577,0.393175,0.0869229,,
v2c_0421,302964354,v2cal,4-6,4,2,5;6,planet,2.533532709313987,1438.5713921329095,0.011865404490943218,0.39475314487942964,0.0,0.0,0.0,0.700013,0.76,4755.0,4.62867,2.21562,0.61276,,
v2c_0422,293458314,v2cal,2-3,1,1,30,eb_ecc,0.8509051442763453,2116.5012798050448,0.0008710662731631831,0.10718479141167933,0.0007537255340479341,0.12791372270224338,0.4005065622560719,0.718514,0.676,4327.0,4.55514,1.82239,0.555731,,
v2c_0423,167120384,v2cal,7-12,8,8,1;2;3;4;5;6;7;9,planet,9.512956778059037,1330.4778563392122,0.0011453006497200357,0.6883160569959658,0.0,0.0,0.0,1.13954,0.97,5516.82,4.31138,0.655515,0.13249,,
v2c_0424,219150008,v2cal,13-inf,7,7,1;4;5;6;7;8;11,eb_unequal,0.9307986438313266,1325.9733840306494,0.0005238541520772454,0.904868361782483,0.00041510292984118033,0.0,0.0,1.54443,1.42,6706.75,4.21282,0.385467,0.091737,,
v2c_0425,307087051,v2cal,7-12,6,6,1;2;5;8;9;10,planet,1.4542927898895335,1325.5757138101135,0.0027012421416971037,0.14006649081390965,0.0,0.0,0.0,0.983792,1.08,5920.0,4.48568,1.13426,0.245486,,
v2c_0426,286055732,v2cal,4-6,7,1,8,eb_twin,3.991672886682184,1519.7880412267725,0.0003756939398855378,0.17879371838088048,0.0003756939398855378,0.0,0.0,0.848357,0.95,5442.92,4.55863,1.55592,0.387298,,
v2c_0427,459217634,v2cal,4-6,4,4,14;15;21;22,eb_unequal,11.032391163686354,1693.32332961484,0.002204287636006192,0.4105451011757097,0.00014472888760996643,0.0,0.0,0.924499,0.936,5391.0,4.47753,1.18456,0.274031,,
v2c_0428,300324667,v2cal,13-inf,10,2,12;13,planet,12.558628499153548,1629.3960979204203,0.0007895430166780125,0.5007465901578464,0.0,0.0,0.0,0.734157,0.75,4680.0,4.58155,1.89538,0.678078,,
v2c_0429,301797581,v2cal,4-6,10,1,18,eb_twin,0.8077289787123084,1791.062292360137,0.02880897521678489,0.9260167774532893,0.02880897521678489,0.0,0.0,0.873209,0.93,5354.64,4.52431,1.39678,0.36551,,
v2c_0430,198508404,v2cal,7-12,6,3,20;21;22,planet,13.311554528168212,1844.9577135406812,0.0008746238526796514,0.2885618580362548,0.0,0.0,0.0,1.21762,1.09,5941.0,4.30447,0.6038,0.134192,,
v2c_0431,233578672,v2cal,13-inf,10,10,14;15;16;17;19;20;21;22;23;24,planet,1.0434946455711525,1684.0865078269992,0.0003711235871455368,0.5843833628104064,0.0,0.0,0.0,1.02963,1.225,6276.0,4.50084,1.12226,0.244469,,
v2c_0432,198388094,v2cal,13-inf,1,1,14,planet,7.657171101918781,1685.9878582200968,0.014330279987674851,0.6430490114384568,0.0,0.0,0.0,1.03226,1.18,6178.0,4.48237,1.07279,0.23637,,
v2c_0433,167894606,v2cal,13-inf,2,2,1;2,eb_ecc,11.116196718761186,1329.6956986194798,0.005962958024937506,0.39774271754803125,0.0044873758903854815,0.29848478194535877,3.580448000931086,0.885438,0.89,5213.79,4.49314,1.28208,0.265272,,
v2c_0434,33833395,v2cal,7-12,8,7,27;30;31;35;36;38;39,planet,0.9408196248809392,2036.7309482303042,0.0004786700648518661,0.8740873015849314,0.0,0.0,0.0,0.630378,1.03,5749.0,4.8517,4.11183,0.918017,,
v2c_0435,459970268,v2cal,13-inf,9,9,14;15;16;17;18;19;20;21;22,planet,0.8835864113364605,1683.8463038439209,0.0008454050755381338,0.6275359222392645,0.0,0.0,0.0,1.66418,1.298,6430.0,4.10894,0.281627,0.0661827,,
v2c_0436,237930201,v2cal,2-3,8,3,2;3;7,planet,2.190445938207022,1356.1144891070976,0.03273312738852352,0.23007454400294625,0.0,0.0,0.0,1.43903,1.07,5899.6,4.15131,0.359066,0.0755055,,
v2c_0437,198147416,v2cal,7-12,5,3,16;22;23,planet,1.2063556628510232,1739.7029071595775,0.0013444115152030905,0.8181540864682555,0.0,0.0,0.0,1.37186,1.228,6281.69,4.25265,0.47563,0.118284,,
v2c_0438,239205761,v2cal,4-6,6,1,21,eb_twin,0.6068219272070411,1870.6710308358029,0.04931569380131147,0.8431691442439674,0.04931569380131147,0.0,0.0,0.938976,1.07,5896.0,4.52214,1.29247,0.276895,,
v2c_0439,198479347,v2cal,13-inf,4,4,14;15;16;17,planet,3.8900295511379754,1684.1522782144116,0.0052099737561072034,0.3029490251770368,0.0,0.0,0.0,0.614348,0.59964,3902.0,4.63913,2.58611,0.140467,,
v2c_0440,229944367,v2cal,7-12,8,8,14;16;17;18;19;20;21;22,planet,7.226092411376704,1689.4711541899014,0.00205309006078443,0.9483677246848043,0.0,0.0,0.0,1.43529,1.403,6658.0,4.27124,0.474498,0.106336,,
v2c_0441,230065783,v2cal,13-inf,3,3,14;15;16,eb_ecc,11.442045575288518,1684.839942791319,0.01871981664278451,0.3158895630243033,0.007476546885815273,0.43622776823292136,0.2750934707383653,1.06545,1.175,6166.0,4.45304,0.971494,0.211642,,
v2c_0442,459970335,v2cal,13-inf,7,7,17;18;19;20;21;22;24,eb_ecc,0.6177715561948471,1764.9577450665197,0.006371974695431861,0.44452163670274053,0.005921043868881937,0.345794469248476,0.29885119589206965,1.16362,1.049,5825.0,4.32722,0.665802,0.141319,,
v2c_0443,233193629,v2cal,13-inf,1,1,15,eb_twin,3.0119094969905214,1713.6364231743548,0.0013255952676665649,0.13340486370531468,0.0013255952676665649,0.0,0.0,0.637989,0.675,4319.0,4.65774,2.59934,0.746502,,
v2c_0444,309700725,v2cal,7-12,3,3,1;2;4,planet,0.9320170784966577,1325.8951882318356,0.02199269664569115,0.09886659512130899,0.0,0.0,0.0,1.17562,0.98,5542.0,4.28876,0.603152,0.134013,,
v2c_0445,219896856,v2cal,13-inf,9,9,15;16;17;18;19;20;21;22;23,planet,5.599126948379523,1712.3745906674721,0.03869428439986604,0.3283770829825026,0.0,0.0,0.0,0.870214,0.92,5323.0,4.5226,1.39608,0.331576,,
v2c_0446,150316358,v2cal,4-6,5,3,19;20;26,planet,19.160996633968345,1819.1670668370825,0.0003611667623168548,0.026535997919436602,0.0,0.0,0.0,0.608172,0.594705,3924.0,4.64432,2.64376,0.144647,,
v2c_0447,236890698,v2cal,4-6,2,2,14;15,eb_ecc,2.3298916125841793,1684.0945149146262,0.000660449073723407,0.606708403995313,0.0004500269625196762,0.3806441654862863,3.5718864302301454,1.50149,1.479,6842.0,4.25499,0.436919,0.106581,,
v2c_0448,389012647,v2cal,4-6,3,2,12;13,planet,23.55586138792659,1641.7991632512671,0.0008004401380517764,0.13966912254794664,0.0,0.0,0.0,0.841366,0.83,5016.0,4.50718,1.39355,0.340641,,
v2c_0449,219380984,v2cal,13-inf,1,1,3,planet,0.7338753380237235,1383.4191173017666,0.04714117494759731,0.3373474047896831,0.0,0.0,0.0,1.30964,1.14,6080.19,4.26067,0.507514,0.112439,,
v2c_0450,141713989,v2cal,7-12,6,6,87;88;89;90;93;94,eb_ecc,4.064928027468319,3666.6644166779847,0.001838128936361541,0.42375470715952707,0.0013629911960823511,0.4223329216134333,5.042414702236291,1.24789,0.96,5485.12,4.22799,0.494018,0.109426,,
v2c_0451,300324697,v2cal,7-12,7,7,87;88;89;90;93;94;95,planet,14.163874390527255,3674.3508859248923,0.0009201701501539691,0.09884450695463909,0.0,0.0,0.0,0.982437,0.99,5607.23,4.44909,1.04405,0.222372,,
v2c_0452,410394408,v2cal,2-3,3,1,9,planet,1.7574690206525547,1544.48663018762,0.019266708874047585,0.5492695854453762,0.0,0.0,0.0,0.854987,0.98,5546.0,4.56537,1.568,0.336608,,
v2c_0453,358510446,v2cal,13-inf,2,2,1;2,planet,0.9663924470608097,1325.7499107740537,0.013919303225380751,0.6301300233937379,0.0,0.0,0.0,1.02242,1.12,6038.0,4.46803,1.04793,0.232689,,
v2c_0454,229581416,v2cal,7-12,7,7,14;15;16;17;18;19;20,planet,1.1359422880414898,1683.8266968200387,0.00023547132618589582,0.02269134600056605,0.0,0.0,0.0,0.899802,0.889,5218.0,4.47868,1.22028,0.30015,,
v2c_0455,380544627,v2cal,2-3,7,2,45;46,planet,1.5202172448080462,2525.757294313469,0.0030734348049958784,0.7693068653186375,0.0,0.0,0.0,0.933581,0.93,5369.32,4.46625,1.14295,0.284976,,
v2c_0456,458646284,v2cal,2-3,9,2,45;46,eb_ecc,5.4514004129255405,2526.186338501855,0.02436498467786846,0.6388381339840788,0.018051574117258096,0.17344772225435756,0.8839341828169507,0.6407,0.677,4330.0,4.65535,2.57409,0.840434,,
v2c_0457,425865767,v2cal,7-12,9,5,94;95;102;104;105,eb_unequal,1.1484037257535011,3856.7787949645367,0.004072074554594239,0.7565045031605272,0.0019230899704368338,0.0,0.0,1.36725,1.34,6512.0,4.29348,0.524282,0.127173,,
v2c_0458,288375338,v2cal,2-3,4,2,10;11,planet,1.0570955972250498,1570.1887435644999,0.0007847928215819674,0.8118225699371154,0.0,0.0,0.0,1.33532,1.28,6398.0,4.29411,0.537593,0.121092,,
v2c_0459,142942547,v2cal,2-3,3,3,14;15;21,planet,5.956415663279314,1686.3423050593315,0.0011549066804337647,0.19588033080974493,0.0,0.0,0.0,1.3835,1.304,6443.0,4.27139,0.49243,0.110445,,
v2c_0460,219380984,v2cal,13-inf,7,6,3;4;5;6;10;13,eb_unequal,5.402680864163569,1383.703163130713,0.000995676820756951,0.647172062046184,0.0006188829941836405,0.0,0.0,1.30964,1.14,6080.19,4.26067,0.507514,0.112439,,
v2c_0461,350481129,v2cal,13-inf,5,5,1;2;3;4;5,eb_twin,9.171314500289942,1328.8107297469146,0.0006336995646371774,0.33541988362477004,0.0006336995646371774,0.0,0.0,1.56677,1.24,6306.24,4.14148,0.322408,0.0719529,,
v2c_0462,166760122,v2cal,4-6,1,1,2,eb_ecc,20.26437017567937,1360.1732834341067,0.004997557561145663,0.07687639719200036,0.00171602170850977,0.3454831898269528,3.2070668172234345,0.883624,1.04,5782.0,4.56257,1.50741,0.30885,,
v2c_0463,290754113,v2cal,4-6,2,1,6,eb_unequal,10.568059086248633,1468.7794156461005,0.0008059235428275848,0.17803043981616307,0.0004547389629330255,0.0,0.0,0.893147,0.93,5374.0,4.5047,1.30531,0.325137,,
v2c_0464,140999455,v2cal,7-12,3,3,87;88;89,eb_unequal,2.7130592253295585,3663.95621941815,0.004652107367227533,0.35258530216820455,0.0007742854768927808,0.0,0.0,1.17633,1.01,5683.0,4.30133,0.62049,0.129048,,
v2c_0465,346594558,v2cal,4-6,1,1,18,eb_unequal,0.9058261509169643,1791.2749826216566,0.021684283345078104,0.744348563422304,0.013844218864770346,0.0,0.0,0.35753,0.342904,3340.0,4.86662,7.503,0.228749,,
v2c_0466,219100883,v2cal,13-inf,9,9,14;15;16;17;18;19;20;21;22,eb_twin,7.074783744220647,1688.682981240978,0.004825202202814539,0.18660497514507393,0.004825202202814539,0.0,0.0,0.937675,0.94,5408.0,4.46709,1.14017,0.254779,,
v2c_0467,228508541,v2cal,2-3,10,1,2,planet,23.81324810637494,1358.6572336802249,0.0026338363560122905,0.16459174330930276,0.0,0.0,0.0,0.850383,0.9,5270.0,4.53308,1.46352,0.346096,,
v2c_0468,287979081,v2cal,7-12,3,3,10;11;12,planet,10.023599823027558,1572.2949814265435,0.0008388487855242319,0.2638159861787469,0.0,0.0,0.0,1.60525,1.34,6524.0,4.15409,0.323947,0.0753373,,
v2c_0469,136949182,v2cal,2-3,5,2,21;22,planet,3.6169217671225637,1873.1632288100097,0.0005777868288187559,0.8967524152926148,0.0,0.0,0.0,0.87009,0.872,5156.0,4.49946,1.32381,0.328528,,
v2c_0470,304103353,v2cal,2-3,6,3,1;2;13,planet,11.047878863742872,1326.2478460073155,0.015076316097675534,0.6117933795200615,0.0,0.0,0.0,1.35999,0.92,5318.1,4.13478,0.365746,0.0809833,,
v2c_0471,264222290,v2cal,4-6,10,3,16;24;25,eb_twin,1.275840757746022,1739.1731700794037,0.00038961260335383516,0.3559859310462367,0.00038961260335383516,0.0,0.0,0.857289,1.086,5944.0,4.60764,1.72365,0.39609,,
v2c_0472,38696814,v2cal,13-inf,5,5,1;2;4;5;6,planet,1.1657495133689153,1326.2103928422498,0.0015445472487072129,0.23102311122768193,0.0,0.0,0.0,1.18228,0.96,5467.04,4.2749,0.580916,0.118534,,
v2c_0473,307849590,v2cal,7-12,5,5,5;8;9;10;11,planet,16.32744206322773,1438.9522559133604,0.0002446358128731142,0.8666406034867499,0.0,0.0,0.0,0.737646,0.64,4072.0,4.50855,1.59454,0.559336,,
v2c_0474,34821191,v2cal,4-6,9,1,18,eb_twin,6.940203337488579,1794.8085011782632,0.004092644770994838,0.34457335717211207,0.004092644770994838,0.0,0.0,1.01966,1.045,5810.52,4.44027,0.9857,0.270483,,
v2c_0475,7392944,v2cal,4-6,10,2,4;6,planet,17.759689377325255,1411.5528620573873,0.03583759674841622,0.08837849073682955,0.0,0.0,0.0,1.00716,1.04,5790.0,4.4489,1.01796,0.219975,,
v2c_0476,417581749,v2cal,4-6,4,2,24;25,planet,1.4045518230506924,1956.2778838968188,0.0061962998680076915,0.5255729137077043,0.0,0.0,0.0,0.809173,0.93,5361.44,4.59047,1.75533,0.394347,,
v2c_0477,372819328,v2cal,7-12,4,4,1;2;3;4,planet,26.852980237133856,1342.5259317764228,0.0008771856032190229,0.43862591273385776,0.0,0.0,0.0,0.50274,0.500757,3805.0,4.73501,3.94091,0.196329,,
v2c_0478,469943599,v2cal,7-12,9,1,1,eb_ecc,3.2662409534505263,1325.7356980556324,0.0002680761194652518,0.20454556502099766,0.000155499018742587,0.09370259512440819,5.262116685595194,0.849488,0.86,5110.0,4.51425,1.4029,0.313024,,
v2c_0479,166090343,v2cal,4-6,4,3,15;16;23,eb_ecc,4.610776650788743,1712.7037329216548,0.000857615546191154,0.7552186344431975,0.0003514888851057893,0.4896695197404199,0.8154267696260208,1.05792,1.057,5851.0,4.41324,0.892734,0.187257,,
v2c_0480,55663810,v2cal,13-inf,1,1,4,eb_twin,3.311333473398686,1413.2641387966266,0.010827982600242843,0.3923010879012282,0.010827982600242843,0.0,0.0,0.597555,0.586089,3949.0,4.65328,2.74682,0.150214,,
v2c_0481,201309511,v2cal,4-6,1,1,1,planet,14.583590750805985,1328.1236209223907,0.02851619394687205,0.099103891934541,0.0,0.0,0.0,1.08044,1.04,5791.0,4.3879,0.824581,0.163493,,
v2c_0482,424730909,v2cal,13-inf,1,1,14,eb_ecc,1.383904140766714,1683.4536318829478,0.00039015388888674895,0.2511300745203005,0.0001855213235847504,0.43164202840713345,3.189120837749024,0.742069,0.76,4726.07,4.57799,1.85986,0.535684,,
v2c_0483,8577279,v2cal,4-6,3,2,24;25,eb_unequal,7.169894103528527,1960.032069420667,0.0003404293151963025,0.5258972999168189,0.00026459002506219726,0.0,0.0,1.22548,1.18,6177.0,4.33334,0.641162,0.1421,,
v2c_0484,237098012,v2cal,13-inf,8,8,14;15;16;17;18;19;20;21,eb_twin,0.5123374899872204,1683.7621696203191,0.004827919477903187,0.7114224062522827,0.004827919477903187,0.0,0.0,0.844889,0.918,5326.0,4.54731,1.5221,0.358586,,
v2c_0485,38206278,v2cal,2-3,8,2,45;46,planet,4.103974663761506,2525.817280898973,0.0005094166727185479,0.923743831267476,0.0,0.0,0.0,1.60403,1.03,5768.71,4.04048,0.249572,0.0625442,,
v2c_0486,47819125,v2cal,13-inf,1,1,14,eb_twin,0.6406332966435497,1683.9022058145918,0.0019066999347691171,0.09272569980914194,0.0019066999347691171,0.0,0.0,1.10597,1.151,6110.0,4.41165,0.850826,0.193551,,
v2c_0487,278992516,v2cal,13-inf,10,9,2;3;5;6;7;8;9;12;13,planet,5.1907063866054886,1356.8364193585626,0.037291608943614434,0.10563439355547374,0.0,0.0,0.0,0.973574,1.02,5723.0,4.46993,1.10533,0.242529,,
v2c_0488,231070206,v2cal,7-12,3,2,2;3,planet,2.426588569570075,1354.2673857821399,0.03203197231717132,0.1633902378617324,0.0,0.0,0.0,1.62422,1.01,5662.0,4.0211,0.235713,0.0511033,,
v2c_0489,198179036,v2cal,7-12,8,8,14;15;16;18;19;21;22;23,planet,2.105087586451091,1683.5837915784666,0.0006456045548610739,0.6698683087783224,0.0,0.0,0.0,0.765754,0.789,4853.0,4.56697,1.75715,0.471624,,
v2c_0490,126585122,v2cal,2-3,8,1,1,planet,0.9686926707930297,1326.1199093539256,0.0004970740086473228,0.13021560951367567,0.0,0.0,0.0,0.848746,0.94,5418.0,4.55364,1.53743,0.346787,,
v2c_0491,29759800,v2cal,13-inf,9,9,1;2;3;4;5;6;7;8;9,eb_ecc,29.00183508550669,1350.8729803507902,0.0012607157238973532,0.5088106160619086,0.0012355691207492667,0.2115155437116786,2.2097668804251027,1.44746,1.34,6513.11,4.24396,0.441864,0.103522,,
v2c_0492,341618557,v2cal,7-12,5,1,20,planet,0.5119320877802723,1842.7640479265444,0.02707311441705361,0.4414615597237281,0.0,0.0,0.0,0.561624,0.555591,3780.0,4.68393,3.1363,0.164342,,
v2c_0493,149039116,v2cal,7-12,9,9,1;2;4;5;6;7;8;9;10,eb_unequal,4.619170317949721,1329.6031306679795,0.0009684667077726763,0.21709245376955713,0.0003174280242518782,0.0,0.0,1.50684,1.09,5949.2,4.11936,0.318584,0.0654289,,
v2c_0494,199661731,v2cal,13-inf,10,9,15;16;19;20;22;23;24;25;26,planet,0.5520798882057893,1711.5450989505252,0.04497188093904784,0.3759183109678183,0.0,0.0,0.0,0.738875,0.93,5368.0,4.66941,2.30553,0.540016,,
v2c_0495,231627703,v2cal,4-6,8,1,27,planet,0.7604015646345353,2036.646591054195,0.007755035581550548,0.7868596320104178,0.0,0.0,0.0,1.89509,1.49,6881.0,4.05599,0.218925,0.0503715,,
v2c_0496,377292209,v2cal,13-inf,7,7,14;15;16;17;19;20;21,eb_ecc,25.340883032456347,1693.1257485891877,0.02409862870169551,0.15351223403591815,0.012622643474710479,0.4243672877216466,2.5905139479747668,0.991384,1.08,5913.0,4.47901,1.1084,0.227868,,
v2c_0497,271726852,v2cal,4-6,5,5,4;6;7;8;11,eb_ecc,15.75802666903546,1425.3969984597932,0.0018179657686588954,0.8587516168992175,0.0017494376917397347,0.3298398380051923,2.5873057582486254,0.744231,0.98,5574.0,4.68588,2.3774,0.51273,,
v2c_0498,209451929,v2cal,4-6,1,1,4,eb_twin,0.9273213389884687,1411.0096054528456,0.007424156704904654,0.7890211156704047,0.007424156704904654,0.0,0.0,1.06472,1.08,5925.0,4.41702,0.894788,0.188089,,
v2c_0499,61107882,v2cal,2-3,3,2,45;46,eb_unequal,17.569044017123698,2530.2138856166816,0.00038809836365651394,0.4701878303290994,0.00023556887283604673,0.0,0.0,1.14887,0.966,5504.16,4.3025,0.63704,0.163373,,
v2c_0500,74787842,v2cal,4-6,6,2,8;9,eb_unequal,0.60549474610943,1517.9266632578644,0.04424560717082394,0.08616532792024675,0.01581582588578215,0.0,0.0,1.33229,1.4,6658.0,4.335,0.592014,0.136405,,
v2c_0501,56997941,v2cal,2-3,10,1,22,eb_twin,26.182126587299276,1910.511629643557,0.009180113738468516,0.4067185082990765,0.009180113738468516,0.0,0.0,0.752263,0.74,4672.0,4.55456,1.73829,0.474728,,
v2c_0502,160394950,v2cal,13-inf,5,4,14;19;22;26,planet,27.01036092933581,1702.3296603918986,0.0026108888129080213,0.7117664575784797,0.0,0.0,0.0,0.519094,0.516606,3773.0,4.72074,3.69336,0.182408,,
v2c_0503,48302533,v2cal,7-12,8,2,15;26,planet,11.820389200484346,1718.6204119260724,0.00025923151000957994,0.0746194549502734,0.0,0.0,0.0,0.34958,0.333722,3516.0,4.87436,7.81169,0.217108,,
v2c_0504,38206278,v2cal,2-3,6,2,45;46,eb_twin,9.654527676472206,2526.8136909523682,0.012217071546490698,0.5922139959748521,0.012217071546490698,0.0,0.0,1.60403,1.03,5768.71,4.04048,0.249572,0.0625442,,
v2c_0505,422048416,v2cal,2-3,7,1,13,eb_twin,2.1575707659694325,1654.5061443550294,0.004322687945281466,0.4943955209116126,0.004322687945281466,0.0,0.0,1.10895,1.44,6742.45,4.5066,1.0559,0.252268,,
v2c_0506,259739542,v2cal,4-6,5,1,19,planet,7.249585127496389,1817.001258160198,0.002680167119508322,0.7883764444524096,0.0,0.0,0.0,1.503,1.534,6985.56,4.26997,0.4518,0.110392,,
v2c_0507,140827974,v2cal,7-12,10,8,87;88;89;90;93;94;95;96,eb_unequal,15.266667783944639,3665.7077638140354,0.015693094526431063,0.939961654891486,0.0038152412882570736,0.0,0.0,1.33283,1.1,5986.0,4.22991,0.464585,0.103443,,
v2c_0508,233082344,v2cal,7-12,5,5,14;15;16;17;18,eb_twin,1.6078540217325927,1684.8216145068243,0.013114277270273552,0.47008920776825946,0.013114277270273552,0.0,0.0,1.03443,1.102,5989.0,4.45085,0.995597,0.20129,,
v2c_0509,417581749,v2cal,4-6,2,2,24;25,eb_unequal,0.6627085151181111,1956.3796468101152,0.01954188200962345,0.680030514393279,0.008116142673294285,0.0,0.0,0.809173,0.93,5361.44,4.59047,1.75533,0.394347,,
v2c_0510,17547198,v2cal,4-6,4,1,35,planet,7.556847662263812,2257.3961661188255,0.0007975583707035437,0.04684131529242044,0.0,0.0,0.0,0.866968,0.92,5345.0,4.52585,1.41182,0.310328,,
v2c_0511,219760133,v2cal,7-12,5,5,14;15;16;17;19,planet,28.69839452654393,1697.7982620557848,0.0038634493447497155,0.6260928064372357,0.0,0.0,0.0,1.55018,1.375,6594.2,4.19561,0.369112,0.0974431,,
v2c_0512,230198647,v2cal,4-6,9,4,16;22;23;24,planet,8.869569758821548,1741.780449442176,0.0014503045647957262,0.5999356288881101,0.0,0.0,0.0,1.18469,1.108,6003.57,4.3354,0.666392,0.168271,,
v2c_0513,83133371,v2cal,2-3,4,1,37,eb_twin,13.800206819472901,2309.2645985443664,0.04281059650054637,0.9358279578950759,0.04281059650054637,0.0,0.0,0.983086,1.08,5938.41,4.48631,1.13671,0.214009,,
v2c_0514,191288300,v2cal,4-6,6,1,17,planet,1.1058919489615568,1765.207068989887,0.0004039768172454247,0.4364601119325635,0.0,0.0,0.0,1.13277,1.17,6161.71,4.39797,0.804934,0.187212,,
v2c_0515,220516129,v2cal,2-3,8,3,28;29;30,planet,0.7232211294414607,2062.3371695309525,0.0015992086083927047,0.4432357690762058,0.0,0.0,0.0,0.950807,0.96,5475.0,4.46415,1.11685,0.25646,,
v2c_0516,259265911,v2cal,13-inf,3,3,14;15;16,planet,16.55761936103045,1689.350883568097,0.0306225258893714,0.8366948308123089,0.0,0.0,0.0,1.58958,1.406,6664.0,4.18349,0.350059,0.082795,,
v2c_0517,55850719,v2cal,13-inf,10,10,1;2;3;4;5;6;8;9;10;11,planet,29.91222646011951,1349.920761718655,0.0036222862047531655,0.008736030114518645,0.0,0.0,0.0,1.61329,1.27,6378.6,4.12645,0.30246,0.0652397,,
v2c_0518,320340060,v2cal,4-6,4,2,33;34,planet,19.50700875475684,2209.0811852370234,0.0016270944894965253,0.15340855150824667,0.0,0.0,0.0,1.14182,1.15,6118.0,4.38357,0.772508,0.161462,,
v2c_0519,201891537,v2cal,2-3,1,1,17,eb_ecc,0.9355775728975888,1765.301973151056,0.0027377810660973675,0.8987171635336216,0.001331324021309212,0.28785846556808947,5.915544813917456,1.65969,1.452,6774.0,4.15998,0.317601,0.0784344,,
v2c_0520,398267226,v2cal,4-6,1,1,18,eb_ecc,12.025769288247048,1798.8580297257338,0.022787747417814985,0.14556039004260182,0.008235831325071477,0.10786101041619812,5.746539548096767,0.937484,1.073,5903.0,4.52474,1.30229,0.273297,,
v2c_0521,255783216,v2cal,4-6,3,3,32;33;34,eb_twin,25.357104615973483,2177.228492673222,0.023287727461120605,0.7702421587424717,0.023287727461120605,0.0,0.0,1.01583,0.82,4973.3,4.33824,0.782264,0.19546,,
v2c_0522,159614563,v2cal,7-12,1,1,14,planet,0.8776800143747743,1684.144098289693,0.0023835248210142246,0.6553266110226424,0.0,0.0,0.0,0.895453,1.052,5836.0,4.556,1.46517,0.314079,,
v2c_0523,154107534,v2cal,7-12,9,4,14;15;21;22,planet,4.083168806913052,1684.8095428243719,0.00040910477359499056,0.306319302249293,0.0,0.0,0.0,0.893281,0.998,5630.0,4.53522,1.40012,0.287872,,
v2c_0524,224293125,v2cal,4-6,6,3,15;21;22,planet,2.6294373350082103,1712.6556112111302,0.002254379795769492,0.18010586565456052,0.0,0.0,0.0,1.91565,1.438,6740.0,4.03119,0.204554,0.0473012,,
v2c_0525,255926809,v2cal,4-6,8,2,24;25,planet,1.7838504178336017,1956.8932387556706,0.025086876873361735,0.4432442331592544,0.0,0.0,0.0,0.74124,0.85,5075.27,4.62757,2.0871,0.540468,,
v2c_0526,417757363,v2cal,7-12,10,2,20;26,planet,15.64180332007026,1857.7559663118247,0.00022720735219410816,0.25737109591746316,0.0,0.0,0.0,1.76074,1.288,6408.0,4.05659,0.235954,0.0559771,,
v2c_0527,350096522,v2cal,7-12,6,6,4;5;6;7;8;9,eb_twin,1.6994065765114676,1411.7753032947512,0.006833602074050209,0.5958139398977841,0.006833602074050209,0.0,0.0,1.3521,1.07,5898.62,4.20543,0.432869,0.102245,,
v2c_0528,367098359,v2cal,2-3,9,3,17;18;19,planet,3.8482614252667093,1768.1496413666603,0.031041653783671377,0.7684994112329101,0.0,0.0,0.0,1.29506,1.513,6929.0,4.39333,0.696576,0.172648,,
v2c_0529,68071947,v2cal,2-3,4,2,16;23,planet,0.9107166253379286,1738.840528251182,0.005904552560816229,0.1736414866340141,0.0,0.0,0.0,0.626303,0.66,4209.37,4.66404,2.68652,0.878166,,
v2c_0530,462519478,v2cal,2-3,2,2,46;49,planet,0.8456211179479909,2551.8499336000546,0.017484904136463815,0.4124417880949103,0.0,0.0,0.0,1.04044,1.13,6065.0,4.45671,1.00328,0.210267,,
v2c_0531,219896856,v2cal,13-inf,5,5,15;16;17;18;19,planet,18.916286044776665,1721.2200582161743,0.0011361835813628012,0.08363283733537084,0.0,0.0,0.0,0.870214,0.92,5323.0,4.5226,1.39608,0.331576,,
v2c_0532,99920924,v2cal,2-3,5,2,41;48,planet,5.538759323755645,2422.752721640747,0.02065265558141687,0.6645937123104864,0.0,0.0,0.0,1.15984,1.11,6012.0,4.3546,0.711431,0.150063,,
v2c_0533,257023250,v2cal,13-inf,8,7,14;15;16;20;21;22;26,planet,1.0468685154475075,1684.0118417463375,0.018945690794136463,0.0877060686108978,0.0,0.0,0.0,0.947322,1.006,5663.0,4.48767,1.18333,0.248146,,
v2c_0534,99920924,v2cal,2-3,9,2,41;48,planet,0.5776362299873425,2420.5031782106194,0.0007026828908441488,0.6485242444013319,0.0,0.0,0.0,1.15984,1.11,6012.0,4.3546,0.711431,0.150063,,
v2c_0535,356111025,v2cal,13-inf,8,8,14;15;16;17;18;19;20;21,planet,0.965011490930556,1684.1867230070168,0.0013911590498878498,0.14808231917401032,0.0,0.0,0.0,1.26741,1.158,6127.0,4.29594,0.56879,0.124063,,
v2c_0536,387539173,v2cal,4-6,9,1,4,planet,9.994490740787027,1419.506466296015,0.006020268105258625,0.24299464632294512,0.0,0.0,0.0,0.244367,0.214789,3256.0,4.99399,14.7192,0.044812,,
v2c_0537,319257744,v2cal,7-12,6,2,2;7,planet,3.2200900070917804,1354.7993423798432,0.00030389839791186707,0.7569531881979876,0.0,0.0,0.0,1.17264,0.98,5562.6,4.29096,0.607752,0.135056,,
v2c_0538,172518675,v2cal,4-6,2,1,21,planet,0.849501846383979,1870.5956511117479,0.000399116425767719,0.80713968218352,0.0,0.0,0.0,0.644646,0.64,4118.0,4.6256,2.389,0.855549,,
v2c_0539,257088768,v2cal,7-12,4,4,15;20;21;22,planet,2.156004564491009,1712.7715927399577,0.00027701425715045925,0.7695899988517292,0.0,0.0,0.0,1.25231,1.02,5704.0,4.25125,0.519357,0.106351,,
v2c_0540,209456892,v2cal,2-3,3,2,105;106,planet,2.0162694028152033,4205.975127946673,0.0017473105691862662,0.39644213085628593,0.0,0.0,0.0,1.49989,1.14,6088.0,4.14286,0.337855,0.0754042,,
v2c_0541,234523528,v2cal,2-3,4,2,28;29,planet,9.683232383902157,2069.345049728236,0.0026447097396830096,0.5692229280680207,0.0,0.0,0.0,0.676667,0.75,4710.57,4.65238,2.42067,0.627805,,
v2c_0542,255995023,v2cal,7-12,9,7,15;16;18;19;22;24;25,planet,0.8855307328327742,1711.6319066933402,0.008666083342536327,0.08955386404078296,0.0,0.0,0.0,1.30645,1.108,6003.0,4.25042,0.496896,0.111115,,
v2c_0543,405305758,v2cal,4-6,3,2,42;43,planet,2.4785878113052107,2447.9626407300766,0.00029461209508257395,0.44962390634392296,0.0,0.0,0.0,0.822457,1.04,5804.0,4.62487,1.86936,0.402074,,
v2c_0544,279674412,v2cal,4-6,3,2,1;3,planet,1.4898386485158377,1326.6256081764682,0.00035081388291039985,0.7754904834092775,0.0,0.0,0.0,1.15014,1.0,5625.0,4.31657,0.657283,0.1423,,
v2c_0545,341630038,v2cal,4-6,9,4,14;19;20;26,eb_twin,17.901734593045393,1684.4080434378604,0.003247991444841447,0.5275118981321296,0.003247991444841447,0.0,0.0,1.0777,1.124,6044.0,4.42384,0.898004,0.198763,,
v2c_0546,356976911,v2cal,13-inf,2,2,14;15,planet,0.8422301197125969,1683.8540194061686,0.00039154684924528824,0.6951545581853056,0.0,0.0,0.0,0.7093,0.68,4339.0,4.56892,1.90554,0.545825,,
v2c_0547,404344156,v2cal,7-12,10,1,13,eb_unequal,14.311363663768184,1659.7042987824964,0.0021163324632012307,0.784302828255778,0.0005181634168132155,0.0,0.0,1.31811,1.38,6597.0,4.33804,0.602588,0.142103,,
v2c_0548,350296771,v2cal,2-3,2,2,6;7,eb_ecc,19.54202233209401,1481.6605824716073,0.003800923328452859,0.19983714378741546,0.0033578740023826256,0.45791541248068834,3.174489766551273,1.48977,1.3,6431.0,4.20577,0.393175,0.0869229,,
v2c_0549,423025387,v2cal,13-inf,1,1,14,planet,1.7560223627439546,1683.9973942368213,0.000967387800512208,0.06607788892834295,0.0,0.0,0.0,1.07038,1.156,6122.0,4.44195,0.942622,0.20207,,
v2c_0550,408817799,v2cal,2-3,1,1,70,planet,2.106054151622773,3208.3665845160967,0.003019104311902978,0.8466839306081335,0.0,0.0,0.0,0.73171,0.866,5137.0,4.64691,2.21056,0.576641,,
v2c_0551,424436126,v2cal,4-6,8,3,14;25;26,planet,2.8292107115906404,1685.8972963043148,0.001972441410223462,0.20770946969278253,0.0,0.0,0.0,0.813692,0.95,5461.0,4.59487,1.76337,0.375297,,
v2c_0552,219251046,v2cal,2-3,5,3,3;4;5,planet,0.5482535049212663,1382.8859635029683,0.01138503481194636,0.4707635686765375,0.0,0.0,0.0,1.13749,1.13,6062.0,4.37925,0.76778,0.170481,,
v2c_0553,230114084,v2cal,13-inf,4,4,15;16;17;18,eb_unequal,0.984805123816186,1711.7392974141087,0.016318544158669384,0.6301269740146824,0.004835037556703298,0.0,0.0,1.13272,1.162,6137.0,4.39503,0.799537,0.181975,,
v2c_0554,199523459,v2cal,13-inf,5,5,14;15;17;18;21,planet,7.93758429217252,1683.8081811668287,0.0020414821043136435,0.019109465062982504,0.0,0.0,0.0,1.07613,0.96,5497.0,4.35661,0.770322,0.171747,,
v2c_0555,219092150,v2cal,13-inf,10,10,14;15;16;17;18;19;20;21;22;23,planet,6.6959439407274175,1683.4344292777776,0.0005901049656332709,0.6599894956631203,0.0,0.0,0.0,1.49928,1.477,6837.0,4.25568,0.438263,0.0993353,,
v2c_0556,239883630,v2cal,2-3,5,2,44;45,eb_twin,1.7286605279921186,2501.3659821868173,0.011509122266551226,0.8639937152973983,0.011509122266551226,0.0,0.0,0.493694,0.491788,3631.0,4.74293,4.087,0.194768,,
v2c_0557,310352540,v2cal,4-6,9,4,15;16;22;23,planet,20.968400157418444,1715.7550979014457,0.0015858200481027392,0.8660224148442017,0.0,0.0,0.0,1.36057,1.189,6196.61,4.24581,0.47208,0.0944116,,
v2c_0558,199548745,v2cal,4-6,1,1,15,planet,2.594764468971776,1711.3733274676063,0.00020969586659108153,0.2550396891591207,0.0,0.0,0.0,0.839431,0.984,5577.0,4.58309,1.66357,0.347367,,
v2c_0559,72600876,v2cal,4-6,3,1,36,eb_unequal,10.417479856285645,2284.145135850047,0.0032934269155350383,0.45640340871364227,0.0018766245412238194,0.0,0.0,0.921925,0.97,5504.25,4.49545,1.2379,0.258436,,
v2c_0560,88523474,v2cal,2-3,4,2,105;106,planet,3.2815151187980582,4205.602455913385,0.0005615814232643815,0.8324257494225407,0.0,0.0,0.0,1.18376,1.192,6205.0,4.36782,0.718599,0.158078,,
v2c_0561,345035899,v2cal,4-6,1,1,8,planet,5.745387632030564,1522.9053197406968,0.007439575220075332,0.8112446842817329,0.0,0.0,0.0,1.20897,1.165,6142.42,4.33956,0.659297,0.158852,,
v2c_0562,198393843,v2cal,13-inf,4,4,14;15;16;17,planet,2.6010987537298917,1684.80723574596,0.0004519118243524875,0.3339671899386143,0.0,0.0,0.0,1.66742,1.312,6459.9,4.11191,0.283008,0.0718528,,
v2c_0563,300141025,v2cal,13-inf,1,1,1,planet,0.5544867362192596,1325.426027137472,0.0027354080565573746,0.5558056873817161,0.0,0.0,0.0,0.797156,0.83,5020.71,4.55406,1.63851,0.375229,,
v2c_0564,149973879,v2cal,7-12,2,2,1;2,planet,7.330860799825724,1327.6232661073204,0.0014476059683499606,0.12096504965493399,0.0,0.0,0.0,0.920177,0.94,5418.0,4.48345,1.20646,0.280232,,
v2c_0565,233051360,v2cal,13-inf,3,3,14;15;16,planet,26.680981869675293,1692.365585307658,0.0023120619930432685,0.15621648598146667,0.0,0.0,0.0,1.11325,1.114,6020.0,4.39177,0.807431,0.176151,,
v2c_0566,219488381,v2cal,2-3,5,2,24;25,planet,9.268132257506634,1961.4883693017591,0.0030219851266949376,0.02027671157307068,0.0,0.0,0.0,0.446625,0.442936,3740.0,4.78452,4.97178,0.212324,,
v2c_0567,113878726,v2cal,2-3,7,2,70;71,planet,3.931090614155966,3211.7193145884617,0.007015189404500046,0.7441900468175418,0.0,0.0,0.0,1.26981,1.125,6047.0,4.28174,0.549457,0.122269,,
v2c_0568,469943599,v2cal,7-12,7,1,1,planet,16.729680893086655,1326.0954737407324,0.0011696763465616137,0.2809977685365932,0.0,0.0,0.0,0.849488,0.86,5110.0,4.51425,1.4029,0.313024,,
v2c_0569,142634134,v2cal,7-12,8,3,14;20;21,planet,0.5446866260988025,1683.7266120558816,0.012326982800456953,0.23662336268714085,0.0,0.0,0.0,0.385854,0.375427,3370.0,4.83975,6.53516,0.231218,,
v2c_0570,279674412,v2cal,4-6,6,2,1;3,planet,2.962324535368368,1326.5448359915508,0.0028387493635772462,0.2729119826534773,0.0,0.0,0.0,1.15014,1.0,5625.0,4.31657,0.657283,0.1423,,
v2c_0571,219008684,v2cal,4-6,1,1,41,planet,1.4305005857094808,2420.483189354654,0.044950235632399034,0.5864280992283517,0.0,0.0,0.0,0.75536,0.98,5547.0,4.67299,2.27386,0.519562,,
v2c_0572,300938299,v2cal,7-12,7,7,87;88;89;93;94;95;96,eb_twin,1.5975648289729525,3663.680716816664,0.016426299386782157,0.5508140287461948,0.016426299386782157,0.0,0.0,1.14698,1.02,5704.46,4.32756,0.675984,0.155694,,
v2c_0573,159163331,v2cal,4-6,4,3,15;16;22,planet,2.4682173457647796,1711.6457310932565,0.010157206613062226,0.8636372873706347,0.0,0.0,0.0,0.998437,1.125,6048.0,4.49058,1.13029,0.24243,,
v2c_0574,293458314,v2cal,2-3,5,3,30;42;43,planet,14.236415544660119,2124.127344471188,0.01598960853803397,0.26881359756359263,0.0,0.0,0.0,0.718514,0.676,4327.0,4.55514,1.82239,0.555731,,
v2c_0575,235951122,v2cal,7-12,5,5,18;19;20;24;25,planet,11.539047926484228,1795.8340277768982,0.005205102865151412,0.9275298248802708,0.0,0.0,0.0,1.21923,1.06,5862.0,4.2912,0.58485,0.123219,,
v2c_0576,29833504,v2cal,13-inf,2,2,1;2,planet,5.588166873079994,1328.5362814890386,0.00028048699950945674,0.43538247946243397,0.0,0.0,0.0,1.06629,1.03,5762.91,4.39515,0.849592,0.178414,,
v2c_0577,380941020,v2cal,2-3,8,3,30;42;43,planet,2.063996584101443,2116.8747850990408,0.0004794384736237783,0.037973575329466436,0.0,0.0,0.0,1.14609,1.01,5690.26,4.32395,0.670912,0.154467,,
v2c_0578,119954197,v2cal,2-3,10,2,51;52,eb_unequal,7.421730326265204,2697.4614039411217,0.009464067905642602,0.6319094036516337,0.002984212753709032,0.0,0.0,1.33514,1.39,6634.84,4.33003,0.584023,0.129157,,
v2c_0579,343450178,v2cal,4-6,7,2,12;13,planet,2.1543679208653863,1626.6334145159835,0.030217421728668144,0.832364058854031,0.0,0.0,0.0,1.23189,1.06,5860.0,4.28223,0.567006,0.11782,,
v2c_0580,458516874,v2cal,2-3,2,2,51;52,planet,5.310429676355584,2697.0987973079245,0.00031123931792419944,0.6697513022337747,0.0,0.0,0.0,0.95739,1.073,5904.16,4.50649,1.22274,0.269504,,
v2c_0581,288599646,v2cal,7-12,4,4,14;15;17;18,planet,1.0231085442129317,1684.3762610029291,0.0006582098700686802,0.7784147751289248,0.0,0.0,0.0,1.06858,1.149,6107.0,4.44077,0.941673,0.229298,,
v2c_0582,255995023,v2cal,7-12,7,7,15;16;18;19;22;24;25,eb_twin,1.6683341868999007,1712.4650186647573,0.005810750763572625,0.7712892188756046,0.005810750763572625,0.0,0.0,1.30645,1.108,6003.0,4.25042,0.496896,0.111115,,
v2c_0583,122558413,v2cal,2-3,10,2,105;106,planet,5.499414199969108,4206.726667937083,0.0009639602894789218,0.01935108450945308,0.0,0.0,0.0,1.13844,1.24,6300.0,4.41887,0.840414,0.185592,,
v2c_0584,257432633,v2cal,2-3,5,2,105;106,eb_twin,29.36135355479848,4220.380372511553,0.0008415825349272536,0.2574084068722182,0.0008415825349272536,0.0,0.0,1.48952,1.48,6845.0,4.26224,0.447838,0.107118,,
v2c_0585,281655530,v2cal,2-3,7,3,35;45;46,planet,0.5554892263665968,2255.1754959656478,0.0005420949272566209,0.36555700967024324,0.0,0.0,0.0,1.24094,1.024,5734.58,4.26086,0.53585,0.124673,,
v2c_0586,77176261,v2cal,4-6,2,2,4;5,planet,5.514738852682599,1416.0401224364184,0.0012258727149020254,0.4576033493403962,0.0,0.0,0.0,0.980155,1.0,5642.0,4.45548,1.06198,0.225142,,
v2c_0587,278776583,v2cal,13-inf,10,10,27;28;29;30;31;32;33;34;35;36,planet,1.1882401831197735,2037.3778303650474,0.026263009138565094,0.18369315979675477,0.0,0.0,0.0,1.86088,1.33,6500.31,4.02248,0.206395,0.0468839,,
v2c_0588,199632719,v2cal,13-inf,10,10,14;15;16;17;18;19;20;21;22;23,eb_twin,0.5738523539348891,1683.8815142515248,0.00027094692016821413,0.6853248553517456,0.00027094692016821413,0.0,0.0,1.17109,1.13,6068.83,4.35396,0.703564,0.14077,,
v2c_0589,198553139,v2cal,7-12,1,1,14,eb_twin,1.0591781139708567,1683.7264306519055,0.00035182429560153537,0.08356515740499433,0.00035182429560153537,0.0,0.0,0.946101,1.036,5779.0,4.50155,1.22334,0.268273,,
v2c_0590,159453559,v2cal,13-inf,4,4,14;19;20;21,planet,22.56631690497713,1699.7223018685054,0.04234256694995301,0.6396907212021904,0.0,0.0,0.0,1.00743,1.039,5788.0,4.44825,1.01617,0.208178,,
v2c_0591,382268851,v2cal,13-inf,1,1,1,planet,0.8460287049502798,1325.3590940993088,0.0003758608149690904,0.8062238562506402,0.0,0.0,0.0,0.25555,0.226892,3311.0,4.97894,13.5954,0.0353076,,
v2c_0592,255995023,v2cal,7-12,9,7,15;16;18;19;22;24;25,eb_unequal,2.117485665237829,1712.989778450985,0.004967518864236761,0.816276775238959,0.0002786393215940131,0.0,0.0,1.30645,1.108,6003.0,4.25042,0.496896,0.111115,,
v2c_0593,176936125,v2cal,13-inf,2,2,1;2,eb_twin,3.274981723184895,1327.6953863012834,0.0002212490857552877,0.6472774638743941,0.0002212490857552877,0.0,0.0,1.66501,1.03,5739.5,4.00807,0.223146,0.0473414,,
v2c_0594,382307690,v2cal,2-3,8,1,3,planet,11.307286049468145,1385.3925653806746,0.022408615133370124,0.697759577331025,0.0,0.0,0.0,1.74894,1.13,6069.6,4.0056,0.21123,0.0474153,,
v2c_0595,269209376,v2cal,7-12,2,2,19;25,planet,13.46564742280362,1817.0861108964257,0.004781074943541416,0.12455428167720141,0.0,0.0,0.0,1.79897,1.354,6548.67,4.05964,0.232567,0.052618,,
v2c_0596,307955351,v2cal,13-inf,4,4,14;15;16;17,planet,1.5419979787583422,1684.2394773994863,0.0029272218097751,0.5334918759062355,0.0,0.0,0.0,0.409204,0.401832,3625.0,4.81823,5.86442,0.228755,,
v2c_0597,470128342,v2cal,4-6,1,1,18,planet,29.173996871089745,1791.6715031264107,0.0008839807449578091,0.2765919453790838,0.0,0.0,0.0,0.757235,1.005,5661.0,4.68177,2.31459,0.551493,,
v2c_0598,237252543,v2cal,4-6,7,4,16;24;25;26,planet,11.71154415041118,1740.0187426482828,0.000845331271027994,0.8528419618034152,0.0,0.0,0.0,1.21762,1.115,6021.0,4.31432,0.617641,0.12965,,
v2c_0599,219008684,v2cal,4-6,2,2,41;47,planet,1.6904997658876424,2420.6523317674705,0.0020517885256903824,0.4283206694880052,0.0,0.0,0.0,0.75536,0.98,5547.0,4.67299,2.27386,0.519562,,
v2c_0600,274014993,v2cal,2-3,1,1,27,planet,15.417090234359863,2039.443306173368,0.04711607339636696,0.15620186264887617,0.0,0.0,0.0,0.557118,0.551613,3764.0,4.68781,3.19002,0.166923,,
v2c_0601,199715818,v2cal,7-12,5,5,14;15;16;17;18,planet,2.169447971177497,1685.1478430966192,0.0029702108306232148,0.5192039054065007,0.0,0.0,0.0,0.793689,0.831,5009.24,4.55837,1.66207,0.471221,,
v2c_0602,390558073,v2cal,2-3,4,1,10,planet,1.0587597247120009,1569.695239800165,0.0034596409325972403,0.6051230134217593,0.0,0.0,0.0,1.52011,1.439,6743.0,4.23238,0.409669,0.096508,,
v2c_0603,166052599,v2cal,7-12,8,4,15;16;21;23,planet,1.2066323566108603,1712.1157751655908,0.0005821973308417395,0.9078721411728579,0.0,0.0,0.0,1.66183,1.366,6574.0,4.13234,0.297639,0.0725975,,
v2c_0604,56997941,v2cal,2-3,7,1,22,eb_unequal,1.158841319102662,1900.0389962105241,0.00025880451108362855,0.5611430545644986,4.55656768860863e-05,0.0,0.0,0.752263,0.74,4672.0,4.55456,1.73829,0.474728,,
v2c_0605,365338205,v2cal,4-6,8,4,31;42;43;44,planet,1.362460446512492,2145.870057804243,0.0006934630581719822,0.3794259769466837,0.0,0.0,0.0,0.852805,1.068,5887.0,4.60494,1.72195,0.39433,,
v2c_0606,289590127,v2cal,7-12,8,8,40;47;48;49;50;51;52;53,planet,29.807548747161114,2392.7097015065647,0.005696094111415677,0.9218733893100834,0.0,0.0,0.0,0.695319,0.787,4843.57,4.64967,2.34111,0.614033,,
v2c_0607,229483903,v2cal,13-inf,5,5,14;15;16;17;18,planet,22.81028233111173,1699.0176167313662,0.04470594858091082,0.1969344475434604,0.0,0.0,0.0,0.419328,0.413119,3406.0,4.80904,5.60291,0.225997,,
v2c_0608,81103318,v2cal,2-3,2,1,20,planet,2.213569060547604,1844.4819623077751,0.00043682169222053073,0.4739464529433401,0.0,0.0,0.0,0.944763,1.12,6026.03,4.53664,1.32816,0.262107,,
v2c_0609,198479044,v2cal,2-3,2,1,24,planet,1.0386090235541798,1955.9572948856962,0.0019848545620072466,0.2893932904380628,0.0,0.0,0.0,0.9881,1.1,5970.0,4.48986,1.14022,0.244068,,
v2c_0610,270494015,v2cal,7-12,7,7,15;16;19;20;21;22;26,eb_unequal,3.297752251984951,1713.2285792495827,0.002478018776578611,0.8115181018114563,0.0010603888476147468,0.0,0.0,0.687752,0.885,5204.0,4.71015,2.7205,0.660667,,
v2c_0611,353820067,v2cal,2-3,9,2,14;25,planet,1.1722621549346,1683.7520471892558,0.003708507800620356,0.825008116262238,0.0,0.0,0.0,1.33511,1.03,5758.0,4.19987,0.4328,0.0926955,,
v2c_0612,141910606,v2cal,13-inf,2,2,1;2,eb_ecc,17.972495820216157,1333.8471788274207,0.023056219659197515,0.42197631832152377,0.011796774143977451,0.4353518765692911,3.460045663780306,1.3723,1.43,6730.0,4.31851,0.553338,0.12841,,
v2c_0613,20212152,v2cal,2-3,1,1,24,eb_ecc,9.733104110697614,1961.6417990367008,0.004486082966763196,0.784937469063248,0.0038882937104670607,0.20536787140065535,5.254025656110605,0.917243,1.067,5884.15,4.54126,1.38265,0.272956,,
v2c_0614,229767929,v2cal,13-inf,5,5,14;15;16;18;19,eb_twin,27.230716805191676,1703.5877576786706,0.04444550805732351,0.8209609007584597,0.04444550805732351,0.0,0.0,0.966361,1.08,5924.0,4.50121,1.19676,0.24622,,
v2c_0615,270378256,v2cal,2-3,7,1,2,planet,28.110275568524393,1359.6001333852164,0.003679213070449824,0.7597944268178036,0.0,0.0,0.0,0.909657,0.82,4967.7,4.43413,1.08938,0.274574,,
v2c_0616,72600876,v2cal,4-6,8,1,36,planet,6.304726908410305,2284.5404463895884,0.0077114992483578605,0.5439104000456891,0.0,0.0,0.0,0.921925,0.97,5504.25,4.49545,1.2379,0.258436,,
v2c_0617,293458314,v2cal,2-3,3,3,30;42;43,planet,1.6673441306352628,2117.141884227906,0.0025474017304575793,0.07488303860482222,0.0,0.0,0.0,0.718514,0.676,4327.0,4.55514,1.82239,0.555731,,
v2c_0618,149218890,v2cal,7-12,4,4,4;5;6;7,eb_ecc,4.263653304830458,1413.9068504290324,0.0012709622613759593,0.4894886470076181,0.0009876030708227661,0.3294365817653536,2.2303341652007322,1.41424,1.34,6525.0,4.26413,0.47374,0.110419,,
v2c_0619,233518230,v2cal,7-12,6,5,14;18;21;25;26,planet,12.162687313854924,1691.5270145090599,0.0023126402715028696,0.12955692294456644,0.0,0.0,0.0,1.15355,1.16,6122.0,4.37845,0.755697,0.157578,,
v2c_0620,142306518,v2cal,4-6,2,2,21;22,eb_ecc,10.566565699062354,1880.639322854649,0.0003357534341176068,0.5526015616921668,0.00010564717626653148,0.13608505205606033,2.771818986050919,0.590495,0.580264,3967.0,4.65926,2.81823,0.150441,,
v2c_0621,169746153,v2cal,2-3,1,1,29,planet,10.567668679514393,2098.1003069659314,0.02097260916166722,0.5907604049418771,0.0,0.0,0.0,0.807569,0.75,4715.1,4.49877,1.42404,0.356866,,
v2c_0622,367077910,v2cal,7-12,4,4,17;18;19;24,eb_twin,1.343448127357688,1765.3442184890619,0.012911711853883007,0.12861308433727842,0.012911711853883007,0.0,0.0,1.12445,1.008,5673.0,4.33965,0.70899,0.157541,,
v2c_0623,219109580,v2cal,13-inf,1,1,14,planet,2.7368160754695086,1685.2810197014762,0.0004189835955804255,0.5561493819920832,0.0,0.0,0.0,0.709229,0.668,4276.0,4.56127,1.87248,0.594748,,
v2c_0624,149601140,v2cal,7-12,10,10,1;3;4;5;6;7;8;9;10;11,planet,5.924281312836891,1329.1429839462198,0.0014202333164185117,0.11761301450740994,0.0,0.0,0.0,1.51875,1.14,6080.5,4.132,0.325422,0.0686603,,
v2c_0625,390233221,v2cal,4-6,8,2,10;11,eb_unequal,24.078132213213117,1589.0406460874765,0.04903815529880347,0.842356929579241,0.010947658407551648,0.0,0.0,1.77667,1.18,6173.0,4.01074,0.210409,0.0457923,,
v2c_0626,38679565,v2cal,13-inf,6,6,1;2;3;4;5;8,planet,6.026166968817542,1328.4676997863614,0.0005103221353554889,0.42396982555778706,0.0,0.0,0.0,0.298762,0.275206,3456.0,4.92707,10.3201,0.175882,,
v2c_0627,386908873,v2cal,4-6,10,4,44;45;46;48,eb_twin,0.5102472891485627,2500.2044858915915,0.0006950442973303658,0.5600425123167484,0.0006950442973303658,0.0,0.0,1.31133,1.05,5831.06,4.22383,0.465646,0.0868699,,
v2c_0628,353820067,v2cal,2-3,1,1,14,eb_twin,0.5271897231405898,1683.4977510261092,0.0029646480184403246,0.23812505301409864,0.0029646480184403246,0.0,0.0,1.33511,1.03,5758.0,4.19987,0.4328,0.0926955,,
v2c_0629,197831644,v2cal,2-3,10,3,2;3;4,eb_unequal,1.9679352335454796,1354.221752264614,0.0005611189450101095,0.8674115309645092,0.0003973701653989461,0.0,0.0,1.67322,1.26,6347.0,4.09133,0.268976,0.0616702,,
v2c_0630,139482873,v2cal,2-3,2,1,3,eb_twin,0.8365160088324471,1383.1973868717648,0.0151279120009634,0.15743770632197504,0.0151279120009634,0.0,0.0,0.757112,0.959,5477.0,4.66157,2.20972,0.487433,,
v2c_0631,137905084,v2cal,2-3,1,1,47,eb_twin,5.90721218036116,2585.2670951282553,0.0010160064777924962,0.663813668598192,0.0010160064777924962,0.0,0.0,1.00617,1.08,5922.0,4.46615,1.06024,0.236544,,
v2c_0632,229612173,v2cal,13-inf,5,5,14;15;16;17;18,eb_twin,7.471475942944625,1683.983086968635,0.0018270563751610713,0.4026386960952806,0.0018270563751610713,0.0,0.0,1.13046,1.15,6119.76,4.39225,0.796025,0.162189,,
v2c_0633,287348079,v2cal,2-3,6,3,36;45;46,eb_twin,3.4195372170981506,2281.1213540116455,0.000546720931075288,0.551799387532799,0.000546720931075288,0.0,0.0,0.961344,1.07,5882.0,4.50169,1.20433,0.256185,,
v2c_0634,386908873,v2cal,4-6,7,4,44;45;46;48,eb_ecc,0.9997998359189744,2500.944630768407,0.004308853931015919,0.23479769405327522,0.003948859316861977,0.10844991516961766,2.119760845261995,1.31133,1.05,5831.06,4.22383,0.465646,0.0868699,,
v2c_0635,280868316,v2cal,4-6,1,1,87,planet,3.2121035467315133,3665.982565781407,0.005197915394966722,0.02360037453178681,0.0,0.0,0.0,0.723237,0.82,4970.0,4.63332,2.16756,0.570184,,
v2c_0636,154180755,v2cal,7-12,8,4,14;15;21;22,planet,1.3829270596452568,1683.692979673345,0.00021052558442000572,0.1589982974874793,0.0,0.0,0.0,0.435447,0.430843,3615.0,4.79452,5.21811,0.215774,,
v2c_0637,398267226,v2cal,4-6,5,4,18;19;24;26,eb_twin,6.84272114692612,1797.4056182127943,0.017509702375626948,0.29083853064303217,0.017509702375626948,0.0,0.0,0.937484,1.073,5903.0,4.52474,1.30229,0.273297,,
v2c_0638,422045258,v2cal,2-3,1,1,42,planet,0.5694235890750964,2447.7658695536043,0.02326443280353015,0.7977585265699723,0.0,0.0,0.0,1.58282,1.36,6562.0,4.17274,0.342958,0.0813699,,
v2c_0639,197890795,v2cal,4-6,8,3,2;3;4,planet,0.632966454684782,1354.3180045201962,0.0021523383723000633,0.38420533779258753,0.0,0.0,0.0,0.751757,0.63,4031.0,4.48525,1.48289,0.516128,,
v2c_0640,417707531,v2cal,4-6,6,4,18;19;24;25,planet,19.078412617869525,1809.1733629139446,0.02568820440736096,0.601690613217057,0.0,0.0,0.0,1.59167,1.264,6359.0,4.13611,0.313466,0.0735831,,
v2c_0641,266075926,v2cal,2-3,8,2,42;43,eb_twin,24.40567781028491,2451.2398860567732,0.0056421046000955846,0.9368103012119915,0.0056421046000955846,0.0,0.0,1.295,1.113,6016.0,4.26002,0.512489,0.117432,,
v2c_0642,316258758,v2cal,4-6,2,2,16;22,planet,3.1269872209837253,1740.911829366275,0.0119860793875077,0.7411819835168474,0.0,0.0,0.0,1.61912,1.437,6736.0,4.17697,0.338546,0.0750636,,
v2c_0643,352319881,v2cal,2-3,2,1,17,planet,2.5932109328679624,1765.107824974688,0.0018856363865016232,0.007114608608140227,0.0,0.0,0.0,0.818853,0.83,5003.0,4.53073,1.51168,0.375734,,
v2c_0644,233657878,v2cal,13-inf,4,4,14;15;16;17,eb_twin,2.0915074025230327,1684.2361574677113,0.00023672636200854322,0.9011929739434348,0.00023672636200854322,0.0,0.0,0.892584,0.906,5282.0,4.4939,1.27403,0.299395,,
v2c_0645,289510559,v2cal,7-12,9,1,15,eb_unequal,28.80440559793841,1724.1873322071465,0.0029380402183189144,0.04512104853626958,0.00116367528289631,0.0,0.0,0.386053,0.375653,3412.0,4.83956,6.52899,0.23397,,
v2c_0646,142084091,v2cal,7-12,5,5,87;88;89;90;93,planet,24.17676021867715,3667.123498463021,0.017317589091292374,0.5337741192606045,0.0,0.0,0.0,0.883523,1.15,6119.0,4.60633,1.66742,0.364136,,
v2c_0647,230391939,v2cal,7-12,5,2,14;18,planet,9.16356850999704,1689.1622264373905,0.024539622028673155,0.790213085257192,0.0,0.0,0.0,0.979387,1.079,5922.0,4.48918,1.14857,0.252263,,
v2c_0648,356735189,v2cal,7-12,5,5,14;16;17;18;19,eb_twin,18.238667603726086,1688.6893331015754,0.004686128545840692,0.49462326332111867,0.004686128545840692,0.0,0.0,1.06216,1.197,6216.0,4.46378,0.998898,0.224404,,
v2c_0649,161667485,v2cal,4-6,1,1,16,planet,7.048633078684597,1739.480395155099,0.020463020535059516,0.06474604985951678,0.0,0.0,0.0,0.844213,0.86,5113.0,4.51966,1.42936,0.348724,,
v2c_0650,13024362,v2cal,4-6,6,1,2,eb_ecc,2.260015532387539,1354.2195787632625,0.0012142999965337857,0.013335575560896406,0.0009247102667745391,0.19579335459967837,1.264291023956704,1.58563,1.085,5941.0,4.07309,0.272159,0.0569833,,
v2c_0651,161004057,v2cal,4-6,2,2,16;23,planet,2.0468494532413213,1740.5237164914024,0.01791673974246171,0.9461009450325708,0.0,0.0,0.0,0.996881,1.03,5756.51,4.45362,1.0397,0.201337,,
v2c_0652,355688238,v2cal,2-3,6,1,1,planet,27.225950104206337,1338.8116956054337,0.018361973763845085,0.333085925456193,0.0,0.0,0.0,0.398605,0.389905,3569.0,4.82794,6.15645,0.23592,,
v2c_0653,237930201,v2cal,2-3,3,3,2;3;7,planet,5.346893587154401,1355.439128757116,0.01972958620068115,0.8529944679076492,0.0,0.0,0.0,1.43903,1.07,5899.6,4.15131,0.359066,0.0755055,,
v2c_0654,198185764,v2cal,13-inf,5,5,14;15;16;17;18,planet,0.8637584190227053,1683.655667382189,0.03365169393684808,0.35821820192768666,0.0,0.0,0.0,0.811882,0.804,4910.0,4.52434,1.50237,0.391517,,
v2c_0655,326201069,v2cal,4-6,9,4,18;19;24;25,planet,1.0176714224305692,1791.098556267754,0.0026644709459979943,0.06411599422168314,0.0,0.0,0.0,1.02335,1.328,6493.0,4.54122,1.23917,0.297676,,
v2c_0656,394120880,v2cal,4-6,5,4,16;24;25;26,eb_ecc,3.55249812974543,1741.4119035495344,0.0006846037386647829,0.8315208948035865,0.00021301272213515855,0.20888742573945168,5.506389951993291,0.898527,0.982,5567.0,4.52312,1.35368,0.307494,,
v2c_0657,400711585,v2cal,4-6,2,2,44;45,planet,3.2436596128715145,2502.5690979655574,0.006048186440239206,0.28577524288602324,0.0,0.0,0.0,1.82574,1.395,6639.0,4.05976,0.229221,0.0541766,,
v2c_0658,215403879,v2cal,2-3,7,2,104;105,eb_twin,1.190022511860553,4179.070922544211,0.028810437232326753,0.6369898879372208,0.028810437232326753,0.0,0.0,1.51962,1.15,6120.0,4.13529,0.32771,0.0751464,,
v2c_0659,358510446,v2cal,13-inf,5,5,1;2;4;5;7,planet,1.2509272816033767,1326.4050859597214,0.004312084813087448,0.2189002496430823,0.0,0.0,0.0,1.02242,1.12,6038.0,4.46803,1.04793,0.232689,,
v2c_0660,144284767,v2cal,7-12,8,1,2,eb_twin,7.477907526809294,1358.1149145534537,0.018123231863532575,0.6276451243787512,0.018123231863532575,0.0,0.0,1.7035,1.11,6003.0,4.02071,0.224542,0.0472882,,
v2c_0661,154071400,v2cal,7-12,9,5,14;15;20;21;22,eb_unequal,6.804239989358332,1685.065162643909,0.00030202605882286823,0.5015833384386501,0.00019950355785704354,0.0,0.0,0.336504,0.318606,3357.0,4.88734,8.36148,0.214386,,
v2c_0662,198187666,v2cal,13-inf,1,1,14,eb_unequal,7.709821171267191,1686.649781389136,0.0006539261516670712,0.7974336945828396,0.0001478919063213436,0.0,0.0,1.00241,1.112,6013.0,4.48208,1.104,0.239705,,
v2c_0663,122687138,v2cal,4-6,5,2,30;31,eb_twin,0.942945517884745,2116.054365173004,0.00027376343316955096,0.21223906586376043,0.00027376343316955096,0.0,0.0,0.97351,1.08,5928.0,4.49481,1.17058,0.246936,,
v2c_0664,147789223,v2cal,4-6,8,2,20;26,planet,19.011432843419676,1854.7527369062564,0.04191993555394286,0.3865115459420912,0.0,0.0,0.0,0.276825,0.250414,3444.0,4.95232,11.8044,0.105841,,
v2c_0665,349766259,v2cal,7-12,1,1,89,eb_unequal,7.192669443902537,3724.680851029118,0.021782951070198963,0.16325123843482087,0.004565644169893526,0.0,0.0,1.11684,0.99,5595.75,4.33772,0.710652,0.158986,,
v2c_0666,49594649,v2cal,4-6,6,1,3,planet,1.6104492047446113,1383.8827252009055,0.0009475456734096699,0.9137708772849394,0.0,0.0,0.0,0.304188,0.281402,3362.0,4.92111,9.99772,0.173,,
v2c_0667,220421191,v2cal,13-inf,3,3,1;2;3,planet,0.7122105614883023,1325.5218982357856,0.001184757088705205,0.5769036879134638,0.0,0.0,0.0,1.26305,1.04,5785.92,4.25226,0.516141,0.100722,,
v2c_0668,358154514,v2cal,13-inf,2,2,1;2,planet,13.088041963725283,1332.3795287874307,0.021047152377239486,0.7832331140662715,0.0,0.0,0.0,1.28483,1.44,6749.7,4.37874,0.678924,0.150987,,
v2c_0669,279423762,v2cal,13-inf,6,6,1;2;3;4;5;6,eb_unequal,14.114565784785414,1334.7800080466818,0.013292423123756553,0.7700515451529535,0.001661842358142216,0.0,0.0,1.01116,0.94,5413.69,4.40156,0.909232,0.213442,,
v2c_0670,198177771,v2cal,13-inf,4,4,15;16;17;18,eb_twin,1.233594606701392,1711.7259126772594,0.001001934816665626,0.08491351225868614,0.001001934816665626,0.0,0.0,0.867258,1.046,5815.0,4.5813,1.60356,0.342014,,
v2c_0671,219754931,v2cal,7-12,2,2,24;25,planet,1.2222841806316904,1956.9136660624135,0.0004097593895603954,0.23356584967048133,0.0,0.0,0.0,1.20423,1.034,5770.0,4.29117,0.592091,0.122557,,
v2c_0672,419635831,v2cal,2-3,9,2,1;13,eb_ecc,0.9362698402807402,1325.7814443529833,0.021833442780279128,0.8577571469816428,0.012510292139919383,0.20024113112622668,4.572768767515,0.73293,0.7,4460.2,4.55304,1.77791,0.532618,,
v2c_0673,404549087,v2cal,2-3,9,1,23,eb_ecc,11.538691190744506,1937.1499829018132,0.0017506622691319184,0.8952289648949757,0.0005551954164159871,0.26034725099069306,1.1288432948256197,0.947009,0.993,5611.0,4.48231,1.1692,0.256981,,
v2c_0674,293686787,v2cal,4-6,8,4,15;16;22;23,planet,6.206661387499907,1715.2673205362498,0.005043954579879609,0.47516476909205063,0.0,0.0,0.0,0.755113,0.91,5296.85,4.64109,2.11352,0.50416,,
v2c_0675,441663519,v2cal,7-12,3,3,15;16;22,planet,0.9113991715771729,1711.762480349599,0.0004184849831798065,0.2910556127028004,0.0,0.0,0.0,1.19319,1.12,6034.81,4.33387,0.659315,0.139189,,
v2c_0676,148913053,v2cal,4-6,9,2,21;22,planet,1.8840422792286273,1870.9913783746397,0.042711132252063064,0.8377982262887407,0.0,0.0,0.0,1.00774,1.006,5665.0,4.43397,0.98299,0.201731,,
v2c_0677,356087112,v2cal,13-inf,4,4,14;15;16;17,planet,1.65906114665096,1684.3264873779167,0.03867339001057906,0.9460843989279074,0.0,0.0,0.0,1.53234,1.278,6387.0,4.17389,0.355195,0.0786775,,
v2c_0678,178271310,v2cal,2-3,5,2,4;5,planet,1.9365165012993568,1411.7181486905135,0.00037077664359458487,0.0951940947945138,0.0,0.0,0.0,1.18473,1.25,6325.0,4.38774,0.751715,0.176208,,
v2c_0679,38633112,v2cal,13-inf,5,5,1;2;3;4;5,planet,11.553627548570834,1333.2670510487196,0.00956503411411527,0.8628370013077735,0.0,0.0,0.0,1.41218,1.11,6021.37,4.18361,0.394143,0.0891116,,
v2c_0680,302553786,v2cal,2-3,8,1,52,planet,16.855681860704234,2721.5635245686854,0.036192660376818064,0.1915484697316758,0.0,0.0,0.0,1.32558,1.18,6185.0,4.26514,0.5066,0.118477,,
v2c_0681,258085772,v2cal,2-3,6,1,23,planet,1.0685153517688013,1928.9096339208834,0.010621591257470893,0.42494016340766155,0.0,0.0,0.0,0.870189,0.941,5412.0,4.53243,1.42807,0.317411,,
v2c_0682,160080353,v2cal,4-6,6,1,2,eb_ecc,0.5058367103318581,1354.4438853717013,0.004579025853184704,0.9446982076344459,0.002910409081809564,0.3277631884758202,3.4140911873913007,1.61373,1.1,5977.47,4.0638,0.261757,0.0555349,,
v2c_0683,358019385,v2cal,7-12,8,2,20;26,planet,1.5616312109410184,1843.7180319967367,0.02532147758499707,0.0005712445908568564,0.0,0.0,0.0,0.922923,1.05,5816.0,4.52893,1.33565,0.272761,,
v2c_0684,3899820,v2cal,2-3,9,1,3,planet,3.00645495572418,1384.7438776367214,0.040640656919677325,0.7881016919899694,0.0,0.0,0.0,1.1562,0.973,5534.2,4.30011,0.629526,0.146932,,
v2c_0685,219754975,v2cal,13-inf,9,9,14;15;16;17;18;19;20;22;23,planet,0.570086980621458,1683.7915869644062,0.0014528178642149458,0.2671387777404173,0.0,0.0,0.0,1.0486,1.12,6033.0,4.44607,0.971387,0.209808,,
v2c_0686,322325725,v2cal,7-12,4,3,17;18;25,planet,0.6000261619266023,1765.1949960986783,0.0004464147572251581,0.6795250890563965,0.0,0.0,0.0,1.09485,1.146,6098.0,4.41855,0.873225,0.188305,,
v2c_0687,150431816,v2cal,13-inf,1,1,28,planet,3.318995573829417,2064.6894962264214,0.045101694518320176,0.02906535737443193,0.0,0.0,0.0,1.83862,1.29,6411.0,4.01967,0.207547,0.0484422,,
v2c_0688,358112861,v2cal,4-6,4,4,87;88;89;93,planet,2.571115268764128,3664.7694582475347,0.009349646266659989,0.17526438231451738,0.0,0.0,0.0,1.48909,1.05,5830.0,4.11342,0.318002,0.0684944,,
v2c_0689,102720812,v2cal,2-3,6,3,19;25;26,eb_twin,27.377517439895318,1837.354130921196,0.0014361041051373887,0.28028631039859414,0.0014361041051373887,0.0,0.0,1.33828,1.237,6301.0,4.27735,0.516099,0.121354,,
v2c_0690,303584211,v2cal,2-3,7,1,2,planet,4.638768923502762,1356.7798360730753,0.00044203136356271396,0.5680552302153212,0.0,0.0,0.0,0.696791,0.84,5057.0,4.67614,2.48297,0.617298,,
v2c_0691,172843253,v2cal,4-6,7,4,44;45;46;47,eb_twin,0.5954972153403035,2500.474197505383,0.0002559625631021317,0.3440971862708552,0.0002559625631021317,0.0,0.0,0.994538,1.131,6063.0,4.49629,1.14974,0.248366,,
v2c_0692,294204563,v2cal,7-12,4,4,6;7;8;9,planet,5.891685124377664,1469.6870598016528,0.010474194676909082,0.17576421255235308,0.0,0.0,0.0,0.877801,0.97,5504.0,4.53805,1.43411,0.31465,,
v2c_0693,310098477,v2cal,2-3,8,3,21;22;23,planet,1.3644947112645571,1871.086724093285,0.00029228093018653556,0.21590907086110264,0.0,0.0,0.0,1.38818,1.06,5850.0,4.17848,0.396249,0.0810438,,
v2c_0694,287348079,v2cal,2-3,10,3,36;45;46,eb_unequal,0.5064492545707315,2281.013129029068,0.0025888887564023922,0.15928921299436052,0.0003691905235011201,0.0,0.0,0.961344,1.07,5882.0,4.50169,1.20433,0.256185,,
v2c_0695,259929953,v2cal,2-3,10,3,1;2;3,planet,19.245684327881165,1340.5426673488641,0.00021990017159870072,0.5399179924636511,0.0,0.0,0.0,0.418885,0.412627,3445.0,4.80944,5.61401,0.22519,,
v2c_0696,55452577,v2cal,13-inf,2,2,1;2,planet,1.622882500985172,1325.5298284318476,0.0006770957208775048,0.3725703987887546,0.0,0.0,0.0,1.55576,0.94,5394.2,4.02731,0.249632,0.0525067,,
v2c_0697,301082854,v2cal,2-3,7,2,31;32,eb_unequal,10.999275306798257,2147.672360376447,0.00033856913175852503,0.01012885376343337,7.371960075540643e-05,0.0,0.0,1.11842,0.95,5435.0,4.31858,0.679067,0.151776,,
v2c_0698,350744943,v2cal,13-inf,7,7,27;28;29;30;31;32;33,eb_unequal,2.687851587481494,2037.6100015480663,0.0002896776155582076,0.9264413701442359,0.00016973552445157794,0.0,0.0,0.69586,0.73,4620.0,4.61635,2.1665,0.614441,,
v2c_0699,441639062,v2cal,4-6,3,3,15;16;22,planet,1.7871071786510158,1713.1028056681016,0.0027145464395517487,0.21298799265472868,0.0,0.0,0.0,1.44041,1.25,6334.46,4.218,0.418262,0.102121,,
v2c_0700,258874963,v2cal,13-inf,9,5,16;18;19;24;25,eb_unequal,2.815281766593281,1740.344687946295,0.009741388366062217,0.7507793263929877,0.004455925806989748,0.0,0.0,0.708059,0.733,4623.0,4.60303,2.06488,0.597726,,
v2c_0701,38609021,v2cal,13-inf,2,2,1;2,planet,5.797246205209644,1327.1549685507996,0.0007091604132902998,0.24057768676943228,0.0,0.0,0.0,0.902057,0.88,5184.0,4.47208,1.19889,0.286537,,
v2c_0702,310362891,v2cal,2-3,3,2,49;50,planet,3.115978471882819,2638.50611980934,0.002338081166776093,0.4719331800188248,0.0,0.0,0.0,0.949719,0.966,5504.8,4.46785,1.1277,0.230857,,
v2c_0703,198479044,v2cal,2-3,10,1,24,eb_twin,1.5095141979883089,1956.8727801852867,0.03728563560520129,0.5850429665592313,0.03728563560520129,0.0,0.0,0.9881,1.1,5970.0,4.48986,1.14022,0.244068,,
v2c_0704,417915215,v2cal,4-6,6,1,14,planet,1.710278110528838,1684.7105489887035,0.0011769916326358541,0.6210919359697621,0.0,0.0,0.0,1.0593,1.12,6036.0,4.43725,0.942247,0.20709,,
v2c_0705,201891537,v2cal,2-3,1,1,17,planet,20.591971780146473,1782.7148862279628,0.03356613067651249,0.9096709128413181,0.0,0.0,0.0,1.65969,1.452,6774.0,4.15998,0.317601,0.0784344,,
v2c_0706,21891703,v2cal,4-6,1,1,8,planet,9.905062417275746,1520.9014301388497,0.0017666729649825756,0.8268813239740335,0.0,0.0,0.0,1.69515,1.366,6574.26,4.1151,0.28043,0.0618903,,
v2c_0707,237340884,v2cal,4-6,9,2,3;4,planet,25.980190503069803,1402.073467930041,0.0005392650312445829,0.9414264085102437,0.0,0.0,0.0,0.939452,1.06,5845.88,4.51762,1.27845,0.260243,,
v2c_0708,418468534,v2cal,2-3,3,2,38;39,planet,8.984804222018024,2337.1054062263634,0.03509088207896695,0.4351118661043637,0.0,0.0,0.0,1.18583,1.37,6584.0,4.42675,0.821596,0.180917,,
v2c_0709,41030765,v2cal,4-6,7,4,4;5;7;8,eb_unequal,0.9261399484557119,1411.1683064268777,0.0035329899751527657,0.14666660362575068,0.0005678783124543187,0.0,0.0,1.11932,0.95,5460.13,4.31788,0.677426,0.156712,,
v2c_0710,229613765,v2cal,7-12,9,3,24;25;26,eb_unequal,0.5548414639607213,1956.2008627543507,0.003132376459658331,0.6127136972150816,0.0018079917803818363,0.0,0.0,0.769564,0.876,5173.0,4.60808,1.92207,0.481948,,
v2c_0711,302285797,v2cal,2-3,1,1,10,eb_twin,12.078040113014206,1572.816324796102,0.049620666339942006,0.33736271145259195,0.049620666339942006,0.0,0.0,1.05235,1.11,6018.0,4.43907,0.952447,0.201022,,
v2c_0712,178271310,v2cal,2-3,6,2,4;5,planet,16.476002414057067,1419.7296299289983,0.0007480842032146167,0.2774989800150012,0.0,0.0,0.0,1.18473,1.25,6325.0,4.38774,0.751715,0.176208,,
v2c_0713,272187046,v2cal,7-12,8,8,1;2;3;4;5;6;7;9,planet,26.60344299438278,1330.6662319038396,0.0003312734704059,0.3578305184032271,0.0,0.0,0.0,0.635653,0.71,4536.0,4.68289,2.76438,0.753506,,
v2c_0714,341871810,v2cal,13-inf,7,7,18;19;20;21;22;23;24,planet,0.8414804700239998,1790.9527796727748,0.00022686824825956836,0.4877037548973377,0.0,0.0,0.0,0.526681,0.523797,3795.0,4.71414,3.58525,0.182087,,
v2c_0715,137905084,v2cal,2-3,10,2,47;48,eb_ecc,5.978852414138657,2584.408869360765,0.00039366953026981816,0.29483771067386266,0.00022157175215502335,0.1956278123761835,6.011233681256441,1.00617,1.08,5922.0,4.46615,1.06024,0.236544,,
v2c_0716,116542530,v2cal,4-6,6,2,23;24,planet,1.3678499817284078,1929.1199358278695,0.008251039910597047,0.3551935889594716,0.0,0.0,0.0,0.870456,1.08,5912.0,4.592,1.63751,0.344757,,
v2c_0717,160421259,v2cal,13-inf,3,3,14;15;16,eb_unequal,15.0433452950506,1694.2884223783824,0.008268996702574208,0.9341169228913465,0.0007262091778968766,0.0,0.0,1.32428,1.185,6188.0,4.26783,0.510248,0.11004,,
v2c_0718,414969627,v2cal,4-6,6,4,44;45;46;48,eb_twin,3.5254259047423377,2501.561711374131,0.0006921176287500747,0.49325229206067156,0.0006921176287500747,0.0,0.0,1.02378,1.13,6057.0,4.47073,1.05307,0.225344,,
v2c_0719,286170847,v2cal,7-12,8,5,16;22;23;24;25,planet,26.412725482058125,1759.434480711041,0.008420322957032975,0.36995007829894555,0.0,0.0,0.0,1.72216,1.404,6659.06,4.11329,0.274884,0.062158,,
v2c_0720,135365577,v2cal,2-3,6,1,10,eb_twin,7.757002120723084,1572.2529797053205,0.00040959140915672516,0.7849400261857253,0.00040959140915672516,0.0,0.0,1.10184,1.04,5798.0,4.37086,0.777455,0.165517,,
v2c_0721,272786863,v2cal,13-inf,7,7,14;15;16;17;18;19;20,planet,0.530276680794044,1683.473958015837,0.0262473708204911,0.42757526285328057,0.0,0.0,0.0,0.812885,0.98,5559.0,4.60924,1.82448,0.409593,,
v2c_0722,31851830,v2cal,4-6,1,1,1,planet,15.568834505913317,1325.5704162578756,0.0006282350245668559,0.46592635466946847,0.0,0.0,0.0,1.28358,1.11,6002.3,4.26654,0.524872,0.109415,,
v2c_0723,38206278,v2cal,2-3,4,2,45;46,planet,7.997209911286732,2531.9544899183406,0.04165838964318401,0.20351751951389765,0.0,0.0,0.0,1.60403,1.03,5768.71,4.04048,0.249572,0.0625442,,
v2c_0724,359557642,v2cal,13-inf,1,1,14,planet,3.632909787464723,1683.799107933702,0.029581324500147572,0.7480750836988709,0.0,0.0,0.0,0.874554,0.93,5351.0,4.52298,1.39035,0.320818,,
v2c_0725,259929953,v2cal,2-3,2,2,1;2,planet,22.24776894851716,1339.2125520214895,0.0020478374046436314,0.7424310653189358,0.0,0.0,0.0,0.418885,0.412627,3445.0,4.80944,5.61401,0.22519,,
v2c_0726,153183745,v2cal,2-3,4,1,6,planet,4.27524647226682,1469.3052327062142,0.023674238186366988,0.7327011164485725,0.0,0.0,0.0,0.761757,0.75,4703.5,4.5495,1.69672,0.488105,,
v2c_0727,199710904,v2cal,7-12,2,2,15;16,eb_unequal,2.774700307707701,1712.454169312826,0.006052916336578657,0.6973927806399426,0.003931012859810593,0.0,0.0,1.45043,1.24,6308.0,4.20849,0.406375,0.0912274,,
v2c_0728,469943599,v2cal,7-12,7,1,1,planet,1.554571050376273,1325.5526137739403,0.0018295196006941424,0.7716611260232192,0.0,0.0,0.0,0.849488,0.86,5110.0,4.51425,1.4029,0.313024,,
v2c_0729,277100210,v2cal,2-3,8,3,4;6;7,eb_twin,14.103344044362917,1414.2108800851224,0.013695010077347214,0.7396180452004729,0.013695010077347214,0.0,0.0,1.05895,1.37,6589.0,4.52504,1.15371,0.259249,,
v2c_0730,458646284,v2cal,2-3,6,2,45;46,planet,1.9618369901544366,2525.672372219968,0.00455943232570747,0.8085531154905042,0.0,0.0,0.0,0.6407,0.677,4330.0,4.65535,2.57409,0.840434,,
v2c_0731,341816295,v2cal,13-inf,10,10,14;15;16;17;18;19;20;21;22;23,planet,3.2773500103405504,1686.2745945612076,0.018055085459170228,0.7100073727652574,0.0,0.0,0.0,0.57975,0.571244,3943.0,4.66841,2.93156,0.157315,,
v2c_0732,150099511,v2cal,13-inf,10,10,1;2;3;4;5;6;7;8;9;10,eb_unequal,3.666391000021787,1327.5111752282528,0.005468604734713142,0.10219774104365768,0.004072256752433718,0.0,0.0,0.750575,0.93,5356.0,4.65576,2.19938,0.513766,,
v2c_0733,47579320,v2cal,2-3,2,2,41;52,planet,6.979724640320594,2423.9400666308657,0.0002546853203008825,0.947091445826571,0.0,0.0,0.0,1.36333,1.35,6533.0,4.2992,0.532761,0.129091,,
v2c_0734,199710577,v2cal,13-inf,2,2,16;17,eb_ecc,13.509851206392502,1751.6726449700773,0.0011919880450206894,0.02473724820333277,0.0005668376406247244,0.4727418631669945,6.257646854586249,1.0795,1.031,5761.0,4.38488,0.819575,0.167453,,
v2c_0735,219376911,v2cal,13-inf,6,5,3;4;5;10;13,planet,3.2652994297004043,1384.8722780765352,0.004828501073826659,0.1760464061678747,0.0,0.0,0.0,0.267528,0.240062,3431.0,4.96365,12.5376,0.0752692,,
v2c_0736,404105593,v2cal,4-6,8,4,16;17;18;24,eb_twin,3.1539510150684653,1740.6110288960565,0.0024212075440200806,0.31570149148971594,0.0024212075440200806,0.0,0.0,0.926902,0.953,5455.0,4.48309,1.19672,0.284653,,
v2c_0737,233062953,v2cal,13-inf,8,8,14;15;16;17;18;19;20;21,planet,0.5285812720867884,1683.756146518648,0.020005555225802243,0.18015838566783463,0.0,0.0,0.0,1.03182,1.083,5934.0,4.44549,0.985866,0.217626,,
v2c_0738,16370959,v2cal,4-6,1,1,24,eb_ecc,9.71535650207179,1965.4839341849415,0.003933749278127455,0.6135772352562598,0.003788803117655727,0.4365534451970046,4.021550344625845,1.20554,1.17,6165.14,4.34389,0.667789,0.130021,,
v2c_0739,119954197,v2cal,2-3,10,2,51;52,planet,1.592343695648632,2693.619252584914,0.023466134495753438,0.5434651176322218,0.0,0.0,0.0,1.33514,1.39,6634.84,4.33003,0.584023,0.129157,,
v2c_0740,137843815,v2cal,4-6,6,4,16;22;23;24,eb_unequal,0.8793861697481524,1738.9308808564886,0.01998223671223132,0.8472662747895479,0.01079048821107961,0.0,0.0,0.513716,0.511447,3632.0,4.72542,3.77252,0.184088,,
v2c_0741,87955155,v2cal,2-3,4,3,45;46;48,planet,12.44838445927658,2525.9349866577218,0.0009445623742039682,0.3684825507869736,0.0,0.0,0.0,1.26768,1.05,5825.0,4.25324,0.515422,0.110473,,
v2c_0742,167709098,v2cal,2-3,9,1,11,eb_twin,13.917105336660862,1604.6564974636306,0.014379816821252788,0.3124547258044342,0.014379816821252788,0.0,0.0,1.66246,1.17,6157.0,4.06475,0.254645,0.0577301,,
v2c_0743,47579320,v2cal,2-3,2,2,41;52,eb_unequal,7.3120983620597535,2426.6513911695106,0.003915830335135549,0.31677717795020666,0.001517267784868724,0.0,0.0,1.36333,1.35,6533.0,4.2992,0.532761,0.129091,,
v2c_0744,313305089,v2cal,2-3,10,3,14;20;21,planet,1.1266609849202776,1684.4050222777687,0.0008624345881617991,0.3804434319304707,0.0,0.0,0.0,1.26427,1.243,6313.0,4.32886,0.61511,0.138162,,
v2c_0745,141680245,v2cal,4-6,5,5,4;5;6;7;8,eb_twin,1.9624829957319125,1412.1921600040444,0.0012368842537086643,0.7168603108559866,0.0012368842537086643,0.0,0.0,0.667544,0.63,4011.0,4.58845,2.11788,0.742895,,
v2c_0746,441790989,v2cal,7-12,7,7,14;15;16;17;18;19;20,eb_unequal,17.056979697668247,1691.1495451407386,0.04366546448905687,0.15906978205872677,0.025383111524018825,0.0,0.0,0.740077,0.763,4751.0,4.58204,1.88233,0.487666,,
v2c_0747,160191980,v2cal,2-3,4,1,3,planet,0.7008177519178996,1383.1556632433474,0.01853844708793867,0.30962493762921284,0.0,0.0,0.0,0.967076,0.92,5342.0,4.43093,1.0172,0.242649,,
v2c_0748,237340884,v2cal,4-6,10,2,3;4,eb_unequal,2.1909782867284244,1384.0006130367149,0.020733416908115112,0.32100362016412126,0.013121003412253782,0.0,0.0,0.939452,1.06,5845.88,4.51762,1.27845,0.260243,,
v2c_0749,159614563,v2cal,7-12,7,5,14;15;16;21;23,eb_unequal,21.090884468253744,1687.3271050751034,0.0002835672345455958,0.6611090800946483,0.00021992004533767813,0.0,0.0,0.895453,1.052,5836.0,4.556,1.46517,0.314079,,
v2c_0750,206436211,v2cal,2-3,7,2,3;4,planet,10.484889635390852,1391.8766225011307,0.002699943794080605,0.22560147204495065,0.0,0.0,0.0,0.989097,1.04,5786.0,4.46462,1.07477,0.229729,,
v2c_0751,302285797,v2cal,2-3,6,2,10;11,eb_unequal,9.127846302017904,1576.8962021608193,0.028442441397676103,0.7792241288002902,0.0031502583347271054,0.0,0.0,1.05235,1.11,6018.0,4.43907,0.952447,0.201022,,
v2c_0752,13960421,v2cal,2-3,9,1,17,eb_ecc,10.043722138582329,1766.2013973303372,0.005918705963900969,0.26992800143426093,0.004613686482394896,0.3073755707670796,2.1970456679285006,1.07861,1.113,6015.72,4.41883,0.886948,0.177088,,
v2c_0753,29781101,v2cal,13-inf,8,8,1;2;3;4;6;7;8;9,planet,12.123428672744724,1331.482086252261,0.00021483745366238815,0.4080374130126294,0.0,0.0,0.0,0.982814,0.96,5472.92,4.4354,1.01125,0.22593,,
v2c_0754,219008946,v2cal,4-6,2,2,14;16,planet,7.505210760706167,1684.885790813255,0.00024069726995839416,0.8995585903595994,0.0,0.0,0.0,1.51419,1.361,6564.0,4.21157,0.39203,0.0915831,,
v2c_0755,229483903,v2cal,13-inf,2,2,14;15,planet,2.9008093051434685,1684.7661596600603,0.006338668300204173,0.23780648299844193,0.0,0.0,0.0,0.419328,0.413119,3406.0,4.80904,5.60291,0.225997,,
v2c_0756,237118852,v2cal,4-6,6,2,25;26,planet,27.8336078114301,1999.3479355871166,0.028354194157905986,0.4416155901428242,0.0,0.0,0.0,0.719577,0.63,4046.0,4.52325,1.69086,0.594921,,
v2c_0757,198177771,v2cal,13-inf,4,4,15;16;17;18,eb_unequal,1.0406508692422567,1711.7423380082346,0.000333996968874798,0.8213283142205191,0.0002384425234505858,0.0,0.0,0.867258,1.046,5815.0,4.5813,1.60356,0.342014,,
v2c_0758,102720812,v2cal,2-3,10,3,19;25;26,planet,21.931000044926662,1816.1040061021972,0.0023813034811642937,0.6678340166154636,0.0,0.0,0.0,1.33828,1.237,6301.0,4.27735,0.516099,0.121354,,
v2c_0759,100612261,v2cal,2-3,2,2,32;33,planet,0.9893077147413804,2173.8662858930793,0.0004471707689674356,0.12636018057951964,0.0,0.0,0.0,0.728946,0.91,5290.0,4.67172,2.34939,0.547575,,
v2c_0760,300141025,v2cal,13-inf,2,2,1;2,planet,1.8176006701055463,1325.336393651097,0.004566256619002645,0.0023599313282262778,0.0,0.0,0.0,0.797156,0.83,5020.71,4.55406,1.63851,0.375229,,
v2c_0761,259039037,v2cal,13-inf,4,4,14;15;16;17,planet,2.193169604502863,1684.6988171105866,0.016402940747445045,0.6774793488297438,0.0,0.0,0.0,1.114,1.092,5959.0,4.38252,0.7899,0.167119,,
v2c_0762,236900797,v2cal,7-12,7,7,15;16;17;18;21;24;25,planet,16.951581216562136,1727.5311178412878,0.00039176695294872215,0.0005377329334192326,0.0,0.0,0.0,0.709049,0.829,5002.0,4.65527,2.32555,0.602979,,
v2c_0763,230087941,v2cal,13-inf,7,7,14;15;16;17;18;19;20,eb_ecc,2.8705978386960704,1683.5016098996482,0.00034274617818370873,0.17378395688886233,0.00014581139516747348,0.13275850028020547,2.6950067363986725,0.795054,0.963,5495.0,4.6209,1.91618,0.430849,,
v2c_0764,229767929,v2cal,13-inf,5,5,14;15;16;18;19,planet,1.0373923416934208,1683.9066230729438,0.002478014094622063,0.6404594688376062,0.0,0.0,0.0,0.966361,1.08,5924.0,4.50121,1.19676,0.24622,,
v2c_0765,259005576,v2cal,13-inf,6,6,14;15;16;17;18;19,eb_ecc,13.992787051054279,1694.1547418988364,0.007532523440415087,0.6907641411417546,0.004746094430710153,0.45064956827133795,0.9701616441261054,0.938451,1.072,5900.0,4.52344,1.29706,0.299958,,
v2c_0766,39268506,v2cal,4-6,6,2,25;26,eb_unequal,1.9031657294704523,1985.491868866955,0.0013603191779896597,0.5037714224983855,0.0008045215800670187,0.0,0.0,0.764685,0.95,5444.0,4.64883,2.1246,0.4942,,
v2c_0767,233129260,v2cal,4-6,1,1,15,eb_unequal,1.2353747333344265,1712.3706536259863,0.0008475033199580173,0.7538026016573877,0.000457861694863178,0.0,0.0,0.911057,0.92,5331.0,4.48276,1.21661,0.297919,,
v2c_0768,252878031,v2cal,2-3,7,1,20,planet,4.912527648059468,1842.5362654491048,0.04664762510402029,0.331187015931071,0.0,0.0,0.0,1.03393,1.115,6020.81,4.45636,1.00879,0.22255,,
v2c_0769,215113416,v2cal,7-12,7,1,1,planet,17.093443851209297,1333.4273673686855,0.0035681618756145707,0.8922927560825453,0.0,0.0,0.0,1.73981,1.35,6538.8,4.0874,0.256346,0.057344,,
v2c_0770,17547198,v2cal,4-6,7,1,35,eb_ecc,4.4196601154010935,2255.7160782101964,0.029188764375629707,0.5573895438908879,0.019809818529492384,0.425989064810877,4.283898623458669,0.866968,0.92,5345.0,4.52585,1.41182,0.310328,,
v2c_0771,39425970,v2cal,4-6,9,2,25;26,planet,21.935131484043573,1990.2985882039184,0.004032537431085695,0.5309083770002617,0.0,0.0,0.0,0.373285,0.361044,3353.0,4.85155,6.94126,0.227101,,
v2c_0772,166803705,v2cal,2-3,8,1,4,eb_unequal,1.858144886585348,1412.0014277926296,0.007218752190770906,0.3972157423353727,0.0018308056195667705,0.0,0.0,0.891637,0.95,5450.0,4.51542,1.34017,0.291665,,
v2c_0773,243222345,v2cal,2-3,7,1,17,planet,1.415657546064874,1765.012919431164,0.011951539178648263,0.5350116036324564,0.0,0.0,0.0,0.88044,0.761,4740.51,4.43005,1.11503,0.289145,,
v2c_0774,281655530,v2cal,2-3,2,2,35;45,planet,11.96303914124616,2265.1552206579586,0.0006590706105977095,0.5153681308605343,0.0,0.0,0.0,1.24094,1.024,5734.58,4.26086,0.53585,0.124673,,
v2c_0775,165599030,v2cal,2-3,10,3,16;22;23,eb_twin,2.131845456783857,1739.6164440960574,0.017110647113945228,0.9198771310959525,0.017110647113945228,0.0,0.0,1.12459,1.04,5795.0,4.35312,0.731232,0.157519,,
v2c_0776,274014993,v2cal,2-3,6,2,27;39,eb_twin,8.230084872049588,2042.7371247148053,0.000846782212844979,0.659459505160883,0.000846782212844979,0.0,0.0,0.557118,0.551613,3764.0,4.68781,3.19002,0.166923,,
v2c_0777,7623762,v2cal,2-3,2,2,31;32,planet,1.347252619587362,2145.0358038617765,0.00489913337369466,0.9441252511744535,0.0,0.0,0.0,0.772319,0.67,4316.0,4.48855,1.4544,0.453099,,
v2c_0778,274674083,v2cal,2-3,9,2,24;26,planet,3.9521607387743223,1959.3317568618106,0.042319519045735166,0.5772232444231761,0.0,0.0,0.0,0.976606,1.049,5824.0,4.4794,1.1262,0.237327,,
v2c_0779,239205761,v2cal,4-6,9,1,21,eb_unequal,3.352109649950853,1872.7916115851224,0.004834971608266498,0.07121872633176433,0.0016659200963092223,0.0,0.0,0.938976,1.07,5896.0,4.52214,1.29247,0.276895,,
v2c_0780,3899820,v2cal,2-3,8,1,3,planet,4.140928927048844,1383.0952799583736,0.0031938639502136616,0.13936434275261075,0.0,0.0,0.0,1.1562,0.973,5534.2,4.30011,0.629526,0.146932,,
v2c_0781,141333591,v2cal,7-12,2,2,4;5,planet,5.81345575418641,1416.1206551089579,0.003906879170452712,0.5046774907454851,0.0,0.0,0.0,1.42339,0.97,5532.0,4.11819,0.336357,0.0764176,,
v2c_0782,230391939,v2cal,7-12,2,2,14;18,eb_unequal,0.6017191742134632,1683.4657059408764,0.000233489751385854,0.6132172427518319,0.0001840058794039328,0.0,0.0,0.979387,1.079,5922.0,4.48918,1.14857,0.252263,,
v2c_0783,142049025,v2cal,13-inf,1,1,1,eb_twin,4.157210491045924,1328.0403577885754,0.0013197159371405795,0.07636581476709041,0.0013197159371405795,0.0,0.0,1.66055,1.26,6358.05,4.09793,0.275177,0.0613782,,
v2c_0784,232679537,v2cal,7-12,10,7,14;15;16;19;22;25;26,planet,5.103230947973056,1686.9146579060296,0.0022374214986305313,0.6066828549300579,0.0,0.0,0.0,1.30598,1.378,6601.0,4.34544,0.618638,0.140334,,
v2c_0785,233612454,v2cal,13-inf,7,7,14;15;16;17;18;19;20,planet,16.471099395090455,1696.6651988077786,0.0008757669235345359,0.560497289372264,0.0,0.0,0.0,1.52312,1.131,6062.0,4.12606,0.320081,0.0702504,,
v2c_0786,236288902,v2cal,2-3,9,2,50;51,planet,2.0458338188569454,2666.912752678205,0.0009253035386986634,0.744357591243496,0.0,0.0,0.0,0.99741,1.072,5902.0,4.47051,1.08037,0.225836,,
v2c_0787,274226319,v2cal,4-6,8,2,12;13,planet,6.6926135129742885,1626.9056523653737,0.0015828340569405746,0.7776665182534227,0.0,0.0,0.0,0.933332,1.09,5943.0,4.53542,1.34066,0.305048,,
v2c_0788,355380999,v2cal,7-12,4,4,35;36;37;38,eb_twin,5.2241176226399055,2257.099422425211,0.0124863992958417,0.17738378102588756,0.0124863992958417,0.0,0.0,1.4659,1.37,6584.0,4.24258,0.434918,0.100994,,
v2c_0789,233745092,v2cal,13-inf,10,8,40;47;48;49;50;51;52;53,planet,7.117962446661799,2394.2975113725697,0.0004634559289773348,0.454283749281678,0.0,0.0,0.0,1.59722,1.23,6292.0,4.12124,0.301865,0.0705979,,
v2c_0790,445855689,v2cal,7-12,8,5,14;19;20;21;26,eb_ecc,11.01939059556546,1691.0457723112047,0.00578619298283861,0.031042341271120825,0.004738886826144695,0.24032092531351193,0.54315447370993,1.14635,1.15,6103.0,4.38013,0.763389,0.168499,,
v2c_0791,271973332,v2cal,7-12,9,6,4;7;10;11;12;13,eb_unequal,0.5081640101201879,1411.079486233534,0.0041308816599970035,0.28372176385948383,0.0002854810656673597,0.0,0.0,0.746663,0.76,4725.0,4.57263,1.82574,0.517088,,
v2c_0792,49621795,v2cal,2-3,3,1,42,eb_ecc,6.710600061693754,2447.7658752882307,0.0011181148872693553,0.6646276482600558,0.001018188671027937,0.269973616790373,4.427745831431052,0.529901,0.526818,3841.0,4.71134,3.5406,0.180748,,
v2c_0793,219428470,v2cal,7-12,1,1,14,planet,9.273687549605572,1691.7135944521901,0.0003704734637770346,0.9011033200800619,0.0,0.0,0.0,1.29124,1.137,6077.0,4.27182,0.528134,0.112511,,
v2c_0794,262873951,v2cal,7-12,3,3,1;2;3,planet,5.100268906695862,1327.2369977418668,0.013513994467784491,0.13167692837668174,0.0,0.0,0.0,1.18742,1.06,5875.0,4.31416,0.633124,0.128646,,
v2c_0795,318928983,v2cal,4-6,5,1,4,planet,12.389054034278116,1411.4584487470133,0.0005184609226281275,0.2973764879950005,0.0,0.0,0.0,0.882083,0.987,5586.8,4.54137,1.4381,0.284198,,
v2c_0796,459242821,v2cal,7-12,4,4,14;16;21;22,eb_twin,3.875411322040431,1686.0335404905773,0.0012542374874962665,0.5133476127520054,0.0012542374874962665,0.0,0.0,0.791961,0.876,5172.0,4.58316,1.76357,0.447615,,
v2c_0797,166052599,v2cal,7-12,5,4,15;16;21;23,planet,8.329407070215503,1712.2726977609393,0.0015889421831284758,0.04685372854501221,0.0,0.0,0.0,1.66183,1.366,6574.0,4.13234,0.297639,0.0725975,,
v2c_0798,55603918,v2cal,13-inf,4,4,1;2;3;4,eb_ecc,4.137618738703726,1326.0902293680094,0.000535339769315796,0.47994204380475475,0.0005068840824643901,0.3052079547984217,5.1307292104404985,1.42534,1.28,6394.0,4.23744,0.442036,0.0978016,,
v2c_0799,142084091,v2cal,7-12,8,8,87;88;89;90;93;94;95;96,planet,1.8860726106348722,3664.3471590486724,0.009422279151334114,0.5475831081776424,0.0,0.0,0.0,0.883523,1.15,6119.0,4.60633,1.66742,0.364136,,
v2c_0800,219896856,v2cal,13-inf,4,4,15;16;17;18,planet,0.5884972555484776,1711.879841900386,0.012203432152650882,0.5612691878490033,0.0,0.0,0.0,0.870214,0.92,5323.0,4.5226,1.39608,0.331576,,
v2c_0801,7623762,v2cal,2-3,1,1,31,planet,7.9483962186273205,2147.502790947182,0.0019526040568037264,0.9076328035967471,0.0,0.0,0.0,0.772319,0.67,4316.0,4.48855,1.4544,0.453099,,
v2c_0802,302241857,v2cal,4-6,4,4,44;45;46;47,eb_twin,4.955928022119371,2500.99950781385,0.0053358095258341474,0.10934664008423345,0.0053358095258341474,0.0,0.0,1.50866,1.033,5768.96,4.09499,0.300835,0.0625445,,
v2c_0803,259128910,v2cal,13-inf,8,8,14;15;16;17;18;19;20;21,eb_ecc,8.26204327153234,1689.16775269979,0.00030954834679352677,0.5907799391565802,0.0001924765701555868,0.263080965531624,3.360544339389168,1.24909,1.176,6169.0,4.31529,0.603435,0.12994,,
v2c_0804,313485314,v2cal,4-6,2,2,14;15,planet,14.621132847382194,1685.601758546614,0.0004965480411825271,0.8475255084743597,0.0,0.0,0.0,1.15025,1.203,6229.0,4.39675,0.790478,0.173527,,
v2c_0805,219389713,v2cal,7-12,7,2,4;5,planet,1.6994554667572155,1411.2928003774905,0.003915479687266753,0.23084430163244637,0.0,0.0,0.0,0.75324,0.94,5404.0,4.65733,2.19952,0.503083,,
v2c_0806,156462093,v2cal,7-12,5,2,20;22,planet,6.24880885730739,1845.5284068644874,0.0008740397408265384,0.4261363993190924,0.0,0.0,0.0,0.445469,0.441694,3666.0,4.78555,4.99654,0.212144,,
v2c_0807,219460005,v2cal,7-12,9,4,14;20;21;22,planet,0.7592742878053956,1684.0092108083702,0.00939534358877098,0.05832975172581295,0.0,0.0,0.0,1.21344,1.037,5782.0,4.28581,0.580398,0.123163,,
v2c_0808,85879267,v2cal,2-3,8,3,19;25;26,eb_unequal,26.06683263138775,1833.1165382387321,0.0031193031808973977,0.9147962668999042,0.0006020684293950517,0.0,0.0,0.762954,0.94,5405.0,4.6462,2.11657,0.472145,,
v2c_0809,26078826,v2cal,4-6,7,2,42;43,eb_twin,0.5255569018472075,2447.7347240193703,0.004299204756945822,0.4469150084833364,0.004299204756945822,0.0,0.0,1.58178,1.38,6602.28,4.17965,0.348688,0.0804769,,
v2c_0810,252878031,v2cal,2-3,4,1,20,planet,4.617079100009561,1843.3308187814514,0.0015010793652200374,0.7892031101913866,0.0,0.0,0.0,1.03393,1.115,6020.81,4.45636,1.00879,0.22255,,
v2c_0811,350992982,v2cal,2-3,9,2,40;53,eb_twin,10.244115910137353,2393.544205792495,0.0030278927322192058,0.08061966056685713,0.0030278927322192058,0.0,0.0,1.64145,1.36,6554.0,4.14115,0.307508,0.0716519,,
v2c_0812,233062953,v2cal,13-inf,8,8,14;15;16;17;18;19;20;21,eb_twin,16.782506535378456,1695.2118943143175,0.03461752729372557,0.7453755203243024,0.03461752729372557,0.0,0.0,1.03182,1.083,5934.0,4.44549,0.985866,0.217626,,
v2c_0813,349766259,v2cal,7-12,5,2,89;90,eb_unequal,8.408181525783279,3719.3194221580725,0.0002341459625989447,0.08963526841528455,7.258824746652923e-05,0.0,0.0,1.11684,0.99,5595.75,4.33772,0.710652,0.158986,,
v2c_0814,219008946,v2cal,4-6,6,5,14;16;21;22;23,planet,0.8399062763926324,1683.6386661586807,0.0006749067487086919,0.03230108358838777,0.0,0.0,0.0,1.51419,1.361,6564.0,4.21157,0.39203,0.0915831,,
v2c_0815,278776583,v2cal,13-inf,9,9,27;28;29;30;31;32;33;34;35,planet,9.510114764731538,2043.2056102495685,0.0011458972474686514,0.7595842600406513,0.0,0.0,0.0,1.86088,1.33,6500.31,4.02248,0.206395,0.0468839,,
v2c_0816,389968964,v2cal,13-inf,5,5,14;15;16;17;18,planet,3.527228072787072,1685.0608359133519,0.018573249614843,0.21113613374741186,0.0,0.0,0.0,0.92957,0.922,5338.0,4.46623,1.14785,0.259502,,
v2c_0817,352698649,v2cal,7-12,6,2,16;24,eb_unequal,1.8769779650881555,1739.5369567051878,0.012351097627906612,0.3860248720320116,0.005763182279189035,0.0,0.0,0.284211,0.258709,3480.0,4.9436,11.2691,0.129192,,
v2c_0818,80128040,v2cal,2-3,10,2,7;8,planet,27.035737465157624,1496.7143423941297,0.016290725557762814,0.7107975889158256,0.0,0.0,0.0,0.985337,1.03,5761.0,4.46374,1.07667,0.234895,,
v2c_0819,219104847,v2cal,13-inf,3,3,14;15;16,eb_ecc,1.0531045834015935,1683.763936794289,0.018087606865419187,0.4407464820141673,0.014915619088636287,0.37746263933448576,1.934718582773878,0.942452,1.091,5958.0,4.52737,1.30331,0.279739,,
v2c_0820,278863500,v2cal,7-12,1,1,28,planet,0.5320882963045169,2062.160901084511,0.013819355838576795,0.6674345069354038,0.0,0.0,0.0,1.67608,1.39,6631.49,4.13249,0.295208,0.0647297,,
v2c_0821,200713278,v2cal,2-3,1,1,12,planet,3.273726393106166,1625.3424981362953,0.003363626056746837,0.2152939439681766,0.0,0.0,0.0,1.29458,1.44,6748.0,4.37217,0.663706,0.155194,,
v2c_0822,316517667,v2cal,4-6,9,2,18;19,planet,13.580954586019015,1791.4480565836104,0.000317692986181398,0.9192813533069993,0.0,0.0,0.0,0.526727,0.52384,3682.0,4.7141,3.58461,0.179704,,
v2c_0823,419635831,v2cal,2-3,9,2,1;13,planet,4.528464766693187,1326.705752782285,0.017903245296564903,0.8526241425823099,0.0,0.0,0.0,0.73293,0.7,4460.2,4.55304,1.77791,0.532618,,
v2c_0824,357128174,v2cal,13-inf,10,3,17;18;24,planet,20.380449705386564,1766.4199274546706,0.00023439751145205685,0.8277665836192079,0.0,0.0,0.0,1.33738,1.358,6556.0,4.31846,0.567726,0.134998,,
v2c_0825,308398336,v2cal,7-12,9,8,4;5;7;8;9;10;11;12,planet,2.647090377884739,1411.2320581378472,0.001472114737351837,0.5857752882872806,0.0,0.0,0.0,1.0929,1.02,5722.4,4.3695,0.781365,0.173022,,
v2c_0826,55452577,v2cal,13-inf,1,1,1,planet,3.8554616225272156,1325.4677122046198,0.0009158942709007083,0.40850280922196497,0.0,0.0,0.0,1.55576,0.94,5394.2,4.02731,0.249632,0.0525067,,
v2c_0827,219801626,v2cal,13-inf,6,6,47;48;49;50;51;57,planet,11.464341775425703,2591.017188132591,0.0008814552594728733,0.20686543691073594,0.0,0.0,0.0,1.20116,1.33,6494.0,4.40271,0.767439,0.181657,,
v2c_0828,301797581,v2cal,4-6,1,1,18,eb_twin,8.926988116350076,1797.8072537221587,0.007353991699746868,0.5820362886681716,0.007353991699746868,0.0,0.0,0.873209,0.93,5354.64,4.52431,1.39678,0.36551,,
v2c_0829,274014993,v2cal,2-3,6,2,27;39,eb_unequal,0.7953478336708871,2036.9715275380477,0.00023770482404042846,0.06232640918051918,1.8762406465025352e-05,0.0,0.0,0.557118,0.551613,3764.0,4.68781,3.19002,0.166923,,
v2c_0830,361568774,v2cal,4-6,3,1,66,planet,1.2605088580646913,3098.080701683105,0.004087285687163158,0.2418827441211312,0.0,0.0,0.0,1.51918,1.53,6966.65,4.25954,0.436376,0.0943519,,
v2c_0831,243222345,v2cal,2-3,7,1,17,eb_unequal,3.8583281349868264,1767.285136761766,0.004282100452999635,0.3513092323391538,0.0019520713697498769,0.0,0.0,0.88044,0.761,4740.51,4.43005,1.11503,0.289145,,
v2c_0832,232627112,v2cal,7-12,7,7,14;15;16;17;18;19;20,planet,2.537230514160903,1684.6614599371806,0.0066670514430661396,0.8560089871089644,0.0,0.0,0.0,1.57684,1.037,5780.75,4.05827,0.264496,0.0493317,,
v2c_0833,425865767,v2cal,7-12,2,2,94;95,eb_twin,3.09863699085573,3858.2584212074444,0.0003757016185118473,0.7565304655284762,0.0003757016185118473,0.0,0.0,1.36725,1.34,6512.0,4.29348,0.524282,0.127173,,
v2c_0834,232970131,v2cal,4-6,10,4,14;15;21;22,eb_unequal,4.8924614878240895,1686.8639473120204,0.00027901806114867284,0.3537917238870878,0.00019841987073337865,0.0,0.0,0.715666,0.872,5156.0,4.66916,2.37895,0.587781,,
v2c_0835,202510861,v2cal,7-12,3,3,15;16;21,eb_ecc,0.6861894356147392,1711.6519640266974,0.001545369785385999,0.5091843592488929,0.0008108978624769396,0.403695492869086,6.0663565286231815,0.620535,0.604529,3926.0,4.63395,2.52999,0.138131,,
v2c_0836,288345034,v2cal,7-12,3,3,14;18;19,planet,8.278645558084612,1684.5137212653383,0.001465369250655624,0.28362380966541983,0.0,0.0,0.0,0.998277,0.99,5614.0,4.4352,0.995135,0.222545,,
v2c_0837,353808368,v2cal,7-12,10,10,14;15;16;17;18;19;20;21;22;23,planet,2.804561078512379,1684.516792631742,0.011992568835450374,0.3748078664597915,0.0,0.0,0.0,1.43523,1.095,5968.0,4.16364,0.370383,0.0836434,,
v2c_0838,239883630,v2cal,2-3,3,2,44;45,eb_ecc,19.44137851155934,2509.279100995881,0.0064366675207572326,0.9465349587551859,0.005979690859819863,0.3703881742483125,5.667931276102808,0.493694,0.491788,3631.0,4.74293,4.087,0.194768,,
v2c_0839,229966858,v2cal,13-inf,1,1,14,eb_ecc,6.366753591760114,1683.5150705000317,0.0002807285595077118,0.20004924180513145,0.0002701299347219293,0.2595666021093757,0.3048250596639328,0.898502,1.0,5640.0,4.53103,1.37862,0.301354,,
v2c_0840,215403879,v2cal,2-3,2,2,104;105,planet,0.5552716110679855,4178.670665516328,0.0018646670616039027,0.6225684733550946,0.0,0.0,0.0,1.51962,1.15,6120.0,4.13529,0.32771,0.0751464,,
v2c_0841,388187719,v2cal,2-3,1,1,15,planet,3.557319196593116,1714.3402594330996,0.0008562350502432925,0.8356087079066157,0.0,0.0,0.0,0.494848,0.492941,3713.0,4.74192,4.06799,0.196363,,
v2c_0842,238037356,v2cal,7-12,6,2,32;36,eb_twin,8.047425464406976,2178.628237048322,0.010599687759781404,0.8901255360198596,0.010599687759781404,0.0,0.0,1.93539,1.5,6891.0,4.04062,0.206911,0.0453858,,
v2c_0843,281839410,v2cal,2-3,4,2,45;46,planet,1.4406518849167247,2526.2007880609303,0.010151039184087949,0.9413152525047891,0.0,0.0,0.0,0.738321,0.69,4416.0,4.54043,1.71441,0.503482,,
v2c_0844,165312698,v2cal,2-3,2,2,48;49,eb_unequal,12.997399195828697,2611.3922549106305,0.0011683317933809606,0.9275737593249767,0.00045166189600443575,0.0,0.0,1.02927,0.877,5173.73,4.35601,0.80428,0.215756,,
v2c_0845,459970335,v2cal,13-inf,5,5,17;18;19;20;21,eb_twin,1.4451912216194691,1764.781794752211,0.02707794107985834,0.2914177828755773,0.02707794107985834,0.0,0.0,1.16362,1.049,5825.0,4.32722,0.665802,0.141319,,
v2c_0846,290975310,v2cal,2-3,8,2,45;46,eb_unequal,1.7425624146848666,2526.6265970077934,0.004680281322318426,0.9297824564509892,0.001290399873240646,0.0,0.0,0.416282,0.409735,3407.0,4.8118,5.67989,0.300971,,
v2c_0847,230114084,v2cal,13-inf,8,8,15;16;17;18;19;20;21;22,eb_twin,0.5071741014565111,1711.7188862213545,0.0007364707672899152,0.10687452029624163,0.0007364707672899152,0.0,0.0,1.13272,1.162,6137.0,4.39503,0.799537,0.181975,,
v2c_0848,130707519,v2cal,2-3,6,1,10,eb_ecc,23.32205120799087,1573.7309048261482,0.019469307890731383,0.0296652464458884,0.018458236821293498,0.44372990778512755,2.977366755215536,1.37785,1.21,6239.0,4.24245,0.462568,0.0995902,,
v2c_0849,376849303,v2cal,7-12,8,4,18;20;21;23,eb_twin,4.859055410425455,1791.7670879885607,0.001094275078700959,0.740011874006588,0.001094275078700959,0.0,0.0,0.883671,1.027,5746.0,4.55706,1.48833,0.321043,,
v2c_0850,341078639,v2cal,7-12,1,1,13,planet,5.128430781551578,1654.5370813157722,0.002079901956993389,0.7772027829757222,0.0,0.0,0.0,1.30978,1.01,5693.01,4.20799,0.4495,0.088773,,
v2c_0851,258831993,v2cal,13-inf,7,7,14;15;16;17;18;19;20,planet,17.83869539158684,1685.7669296753909,0.026786747996332735,0.7938701082461248,0.0,0.0,0.0,1.26841,1.08,5926.0,4.26497,0.529234,0.115738,,
v2c_0852,215113416,v2cal,7-12,4,1,1,planet,6.065216703840542,1329.8815749409061,0.014461878255011187,0.576027656304921,0.0,0.0,0.0,1.73981,1.35,6538.8,4.0874,0.256346,0.057344,,
v2c_0853,17677244,v2cal,4-6,2,1,7,planet,13.078990832756215,1492.2203805537192,0.001099634471345728,0.9256850251723012,0.0,0.0,0.0,0.309225,0.28717,3436.0,4.91566,9.71215,0.18144,,
v2c_0854,382382650,v2cal,2-3,3,1,1,eb_unequal,13.276541112560219,1335.138934550571,0.004281259133305502,0.4443212595432962,0.0003512697533046757,0.0,0.0,0.801719,0.98,5565.0,4.62125,1.90178,0.404236,,
v2c_0855,117299081,v2cal,4-6,6,1,21,planet,1.0618382331494702,1871.2010380093736,0.00038636752757223924,0.37311284687733604,0.0,0.0,0.0,1.61447,1.167,6148.38,4.08908,0.277318,0.0674127,,
v2c_0856,95437024,v2cal,2-3,7,2,45;46,planet,22.56861957373778,2534.035653054272,0.00022001956387107633,0.8251764564162865,0.0,0.0,0.0,1.15172,1.32,6469.0,4.43594,0.864028,0.199152,,
v2c_0857,390233221,v2cal,4-6,8,2,10;11,planet,0.975180405385514,1569.5183009334328,0.035459520303923804,0.28002299131946673,0.0,0.0,0.0,1.77667,1.18,6173.0,4.01074,0.210409,0.0457923,,
v2c_0858,293686787,v2cal,4-6,4,4,15;16;22;23,eb_twin,21.80406279141653,1712.3063913087924,0.0003078488917524064,0.621391980332281,0.0003078488917524064,0.0,0.0,0.755113,0.91,5296.85,4.64109,2.11352,0.50416,,
v2c_0859,348718444,v2cal,13-inf,10,2,1;13,eb_ecc,10.73318417078932,1331.9780118411272,0.008959365483358605,0.7097699495761947,0.0064170156979705545,0.4645411964147328,0.097733745195693,1.50769,1.14,6094.49,4.13835,0.332635,0.0721384,,
v2c_0860,155637861,v2cal,7-12,9,5,14;19;20;21;26,planet,9.420904671382658,1685.2620130693483,0.0013391956435800042,0.05084672079835903,0.0,0.0,0.0,1.10444,1.055,5846.0,4.37503,0.78311,0.17488,,
v2c_0861,341618557,v2cal,7-12,2,1,20,planet,0.8624699820646536,1842.8485421880764,0.00035291961042509414,0.10616899749163516,0.0,0.0,0.0,0.561624,0.555591,3780.0,4.68393,3.1363,0.164342,,
v2c_0862,101101702,v2cal,4-6,7,1,4,eb_twin,3.9206663949731166,1413.8231747787922,0.007149508732207881,0.06942770150435575,0.007149508732207881,0.0,0.0,0.81789,0.95,5433.0,4.5904,1.73635,0.386941,,
v2c_0863,207084753,v2cal,2-3,3,1,2,eb_twin,12.329461179599868,1365.966933024988,0.0011817017554455462,0.3744761817064281,0.0011817017554455462,0.0,0.0,0.708209,0.92,5327.0,4.70153,2.59002,0.57888,,
v2c_0864,260418991,v2cal,4-6,3,3,88;94;95,eb_unequal,2.034494745786097,3691.4796595416014,0.000896294981670581,0.08463567916843118,0.0006661533556107207,0.0,0.0,1.65524,1.2,6228.0,4.07953,0.264605,0.0605971,,
v2c_0865,41898667,v2cal,7-12,3,2,2;3,eb_twin,3.5778808009463035,1354.7293330891603,0.009617543528217632,0.8481108625151801,0.009617543528217632,0.0,0.0,1.22596,1.26,6342.0,4.36149,0.683818,0.152371,,
v2c_0866,3663779,v2cal,2-3,4,3,44;45;46,eb_ecc,13.846829748531915,2508.4397875728237,0.002711936245696923,0.3762201686434493,0.001764159579020552,0.2953079962010295,4.487287047215835,1.0982,1.06,5862.24,4.38201,0.800318,0.150053,,
v2c_0867,414969627,v2cal,4-6,7,4,44;45;46;48,planet,16.622484667941876,2503.2580034791595,0.001246135674787981,0.2270259128067631,0.0,0.0,0.0,1.02378,1.13,6057.0,4.47073,1.05307,0.225344,,
v2c_0868,3663779,v2cal,2-3,4,3,44;45;46,planet,2.14476534454221,2500.8409795418793,0.011134675115640568,0.8201461320680146,0.0,0.0,0.0,1.0982,1.06,5862.24,4.38201,0.800318,0.150053,,
v2c_0869,178937089,v2cal,2-3,4,2,31;32,planet,1.1839931826673609,2144.9847223745155,0.0007260941028017055,0.643614927033673,0.0,0.0,0.0,0.732574,0.689,4402.0,4.54658,1.75253,0.555943,,
v2c_0870,402236219,v2cal,2-3,8,2,70;71,eb_ecc,3.10926836327478,3210.080966479938,0.000619930008753328,0.7461412918384702,0.00021213579890607732,0.19935326978884998,1.806171635593564,1.33671,1.05,5843.83,4.20718,0.43962,0.109807,,
v2c_0871,402976323,v2cal,4-6,7,4,18;19;25;26,eb_unequal,2.698884177575594,1791.4055528943675,0.0002525132992192028,0.4725819826932236,0.00017334685767252616,0.0,0.0,1.15619,1.051,5833.0,4.33361,0.680003,0.144982,,
v2c_0872,233210206,v2cal,13-inf,9,9,14;15;17;18;19;21;22;24;25,planet,0.5510952824982278,1683.4929102154917,0.003587170573036625,0.10215918604050872,0.0,0.0,0.0,0.868166,1.05,5827.0,4.58205,1.60465,0.325709,,
v2c_0873,161667485,v2cal,4-6,10,3,16;23;24,eb_twin,3.5238013905323107,1738.9547932185556,0.012044011347805382,0.10907508184553336,0.012044011347805382,0.0,0.0,0.844213,0.86,5113.0,4.51966,1.42936,0.348724,,
v2c_0874,259739542,v2cal,4-6,1,1,19,eb_twin,3.0283404279808104,1818.5270851792986,0.020498102977059285,0.7609335967269562,0.020498102977059285,0.0,0.0,1.503,1.534,6985.56,4.26997,0.4518,0.110392,,
v2c_0875,199632719,v2cal,13-inf,5,5,14;15;16;17;18,planet,1.6971870975184076,1684.9140160738662,0.015067145653551816,0.5837451194708653,0.0,0.0,0.0,1.17109,1.13,6068.83,4.35396,0.703564,0.14077,,
v2c_0876,153183745,v2cal,2-3,8,1,6,planet,1.1759960559139493,1466.2004751936922,0.003918300355060079,0.517211758827113,0.0,0.0,0.0,0.761757,0.75,4703.5,4.5495,1.69672,0.488105,,
v2c_0877,406404433,v2cal,2-3,1,1,2,planet,1.1250853429482819,1355.032376256621,0.002040449250319749,0.8922183357791332,0.0,0.0,0.0,1.21933,1.23,6293.93,4.35573,0.678483,0.137246,,
v2c_0878,356785094,v2cal,7-12,8,7,40;47;48;49;50;51;52,planet,0.6427865851756913,2391.1064277855294,0.042486806896201976,0.561746294844002,0.0,0.0,0.0,1.59728,1.35,6534.0,4.16164,0.331274,0.0769077,,
v2c_0879,258085772,v2cal,2-3,5,1,23,planet,1.4354906066918658,1929.0470528388328,0.006394533227386402,0.19704259970903013,0.0,0.0,0.0,0.870189,0.941,5412.0,4.53243,1.42807,0.317411,,
v2c_0880,259929953,v2cal,2-3,10,3,1;2;3,planet,1.473884388271809,1326.4954792514666,0.00028500457147795144,0.7644532606094263,0.0,0.0,0.0,0.418885,0.412627,3445.0,4.80944,5.61401,0.22519,,
v2c_0881,247374720,v2cal,2-3,6,3,42;43;44,eb_unequal,0.6082964615069564,2447.8072852499477,0.011909788300119396,0.8817893262377522,0.002396556864087296,0.0,0.0,1.08168,1.042,5800.64,4.38774,0.823334,0.230816,,
v2c_0882,219008946,v2cal,4-6,5,5,14;16;21;22;23,eb_unequal,3.9170466080046604,1683.6764389881296,0.0010667692207373253,0.7417286882665599,0.0005009135636997522,0.0,0.0,1.51419,1.361,6564.0,4.21157,0.39203,0.0915831,,
v2c_0883,219380984,v2cal,13-inf,10,6,3;4;5;6;10;13,planet,14.01776555607357,1383.9497449579867,0.03468627244017292,0.13328745559592708,0.0,0.0,0.0,1.30964,1.14,6080.19,4.26067,0.507514,0.112439,,
v2c_0884,176937262,v2cal,13-inf,10,10,1;2;3;4;5;6;7;8;9;10,eb_ecc,1.7738605737771607,1325.7816249065881,0.003319648079340842,0.39842452888454183,0.0027554065385825078,0.34710907592756846,4.475585766575609,1.44589,0.98,5571.79,4.10903,0.324208,0.0762461,,
v2c_0885,243222345,v2cal,2-3,5,1,17,eb_unequal,2.055633033332285,1765.0732004230158,0.01623048847476828,0.8368328796315382,0.005967714161843484,0.0,0.0,0.88044,0.761,4740.51,4.43005,1.11503,0.289145,,
v2c_0886,278776583,v2cal,13-inf,7,7,27;28;29;30;31;32;33,eb_unequal,24.553986012407456,2038.7380599793253,0.008577973846186922,0.08073197499198086,0.005436049277401191,0.0,0.0,1.86088,1.33,6500.31,4.02248,0.206395,0.0468839,,
v2c_0887,286055732,v2cal,4-6,4,1,8,eb_twin,1.0967402345772697,1517.5168037318508,0.0016251838754390681,0.4007983945411204,0.0016251838754390681,0.0,0.0,0.848357,0.95,5442.92,4.55863,1.55592,0.387298,,
v2c_0888,446168745,v2cal,4-6,4,4,14;20;21;26,planet,19.695356831571015,1695.1193105784628,0.0063132868399100334,0.5657902830132245,0.0,0.0,0.0,0.968948,1.09,5955.0,4.50289,1.19819,0.250908,,
v2c_0889,326201069,v2cal,4-6,10,4,18;19;24;25,eb_unequal,18.480177442814735,1802.789698748048,0.034152244764435555,0.6080181073236522,0.017358000866499888,0.0,0.0,1.02335,1.328,6493.0,4.54122,1.23917,0.297676,,
v2c_0890,198147416,v2cal,7-12,8,3,16;22;23,planet,0.6085875210907535,1738.7515861209722,0.002525702545403445,0.5197151445720145,0.0,0.0,0.0,1.37186,1.228,6281.69,4.25265,0.47563,0.118284,,
v2c_0891,269663324,v2cal,13-inf,7,7,14;15;16;18;19;20;21,planet,12.389205050677479,1683.708702919521,0.006978073357550084,0.40758815739782295,0.0,0.0,0.0,0.547609,0.543099,3909.0,4.69601,3.30725,0.168544,,
v2c_0892,434497459,v2cal,2-3,8,1,9,eb_ecc,27.837587918253305,1565.4980197087862,0.0010393298112941157,0.47917029901216923,0.0006679147002902403,0.4313831845331138,4.214014337067321,0.955364,1.004,5654.0,4.47946,1.1514,0.257929,,
v2c_0893,308398336,v2cal,7-12,1,1,4,eb_unequal,5.2324610520122485,1412.5300971830313,0.004619959029315395,0.8364898522743199,0.0008866842267506723,0.0,0.0,1.0929,1.02,5722.4,4.3695,0.781365,0.173022,,
v2c_0894,437256180,v2cal,2-3,7,1,9,planet,10.440313161085236,1549.7584764746437,0.0002071946468123441,0.4684294398086698,0.0,0.0,0.0,1.194,0.981,5562.0,4.27573,0.576316,0.125915,,
v2c_0895,171738813,v2cal,4-6,8,1,39,planet,1.5546378480036713,2362.692410451516,0.009992947689335003,0.2868080947010425,0.0,0.0,0.0,1.53567,1.4,6647.0,4.2116,0.386579,0.0856133,,
v2c_0896,286231807,v2cal,4-6,5,2,23;24,planet,29.316452046199508,1952.5426915675207,0.005672388746443425,0.812757213417089,0.0,0.0,0.0,1.2927,1.098,5978.0,4.25567,0.508284,0.111712,,
v2c_0897,400711585,v2cal,4-6,4,4,44;45;46;47,planet,3.0684804064818905,2500.6638469519035,0.03243323265141281,0.5534042282693895,0.0,0.0,0.0,1.82574,1.395,6639.0,4.05976,0.229221,0.0541766,,
v2c_0898,239883630,v2cal,2-3,9,2,44;45,planet,6.777396132513171,2504.4144773849634,0.004015318270630637,0.17561825529375524,0.0,0.0,0.0,0.493694,0.491788,3631.0,4.74293,4.087,0.194768,,
v2c_0899,313305089,v2cal,2-3,9,3,14;20;21,eb_ecc,6.383841275693452,1688.527897001259,0.013924640930575004,0.6923941927231061,0.009445160223634414,0.23007245697904868,2.2064973331706828,1.26427,1.243,6313.0,4.32886,0.61511,0.138162,,
v2c_0900,298781076,v2cal,7-12,3,2,25;26,eb_twin,22.711529624836476,2005.9342034887031,0.00022431633871441715,0.7714951210992672,0.00022431633871441715,0.0,0.0,1.13843,1.176,6168.0,4.39586,0.797055,0.174517,,
v2c_0901,126237012,v2cal,4-6,4,1,21,planet,8.986831798194544,1874.0255562052266,0.0003575197773569319,0.011151874066996902,0.0,0.0,0.0,0.916352,0.895,5239.99,4.46577,1.16315,0.314436,,
v2c_0902,71591972,v2cal,2-3,4,2,99;100,planet,3.1318439845913133,4046.6062124731066,0.02397814342643476,0.6941025416493691,0.0,0.0,0.0,1.17556,1.22,6256.0,4.38394,0.75097,0.169107,,
v2c_0903,139700604,v2cal,2-3,7,1,1,planet,2.5565341179907084,1327.0813344829014,0.00041664522280181887,0.16301915766528932,0.0,0.0,0.0,1.53499,1.36,6551.02,4.1994,0.376033,0.0862708,,
v2c_0904,29759557,v2cal,13-inf,10,10,1;2;3;4;5;6;7;8;9;10,eb_twin,0.9595477870053576,1326.213371126079,0.021665570888551044,0.2834766203524635,0.021665570888551044,0.0,0.0,0.748268,0.81,4914.38,4.59844,1.93337,0.535928,,
v2c_0905,142306518,v2cal,4-6,4,2,21;22,planet,8.930928068805535,1878.37566302817,0.0071490375139256655,0.15545845655207183,0.0,0.0,0.0,0.590495,0.580264,3967.0,4.65926,2.81823,0.150441,,
v2c_0906,239976503,v2cal,2-3,6,3,43;44;45,planet,1.117704631459671,2474.48355240529,0.0003732047246474482,0.8470873299561706,0.0,0.0,0.0,1.44146,1.35,6537.51,4.2508,0.450738,0.0979296,,
v2c_0907,99936548,v2cal,2-3,5,2,41;48,planet,3.0183712760157557,2422.5948507298467,0.006402029064096896,0.2578898104765902,0.0,0.0,0.0,1.0577,1.09,5967.0,4.42677,0.921171,0.192232,,
v2c_0908,441812191,v2cal,13-inf,10,10,14;15;16;17;18;19;20;21;22;23,eb_ecc,1.82133317489223,1684.7378534783568,0.002459932848920773,0.8258456886429556,0.0009111810191585811,0.19063804265879977,4.575746497251303,0.736576,0.855,5094.0,4.6356,2.13951,0.542378,,
v2c_0909,276231042,v2cal,2-3,9,3,19;25;26,planet,2.8597332574605088,1817.4255998151282,0.04156121055887968,0.690384521581135,0.0,0.0,0.0,1.11573,1.252,6332.0,4.44056,0.901426,0.210873,,
v2c_0910,202293183,v2cal,4-6,8,2,21;22,planet,2.2365915041133966,1871.7944450996013,0.005246090111113383,0.9336296359742745,0.0,0.0,0.0,1.0873,1.07,5904.87,4.39475,0.83241,0.193851,,
v2c_0911,21017001,v2cal,4-6,7,3,14;25;26,eb_twin,0.5047024193449223,1683.5008697867459,0.0009183643747035905,0.8640881002402476,0.0009183643747035905,0.0,0.0,0.730633,0.87,5132.94,4.65019,2.2306,0.468602,,
v2c_0912,160602790,v2cal,13-inf,7,3,18;23;24,planet,5.282461374425486,1795.9359143638358,0.0004650536774028715,0.583559606767457,0.0,0.0,0.0,0.244023,0.21442,3210.0,4.99447,14.7561,0.074283,,
v2c_0913,39268506,v2cal,4-6,9,2,25;26,eb_ecc,0.5123171053589276,1984.04938271888,0.0014474818995730456,0.4599512025219441,0.0009653967398344356,0.33953038796715185,3.38016073467066,0.764685,0.95,5444.0,4.64883,2.1246,0.4942,,
v2c_0914,298601369,v2cal,2-3,5,3,14;25;26,planet,0.8904155286675465,1683.7771550965037,0.0017931120618132799,0.7128837273760213,0.0,0.0,0.0,0.980534,1.044,5806.0,4.47384,1.10742,0.218278,,
v2c_0915,41898667,v2cal,7-12,2,2,2;3,planet,25.020036312265066,1354.7961768449263,0.005702586369463188,0.07000642868380849,0.0,0.0,0.0,1.22596,1.26,6342.0,4.36149,0.683818,0.152371,,
v2c_0916,188776067,v2cal,7-12,4,4,17;24;25;26,eb_ecc,10.681334350599625,1769.36618141654,0.0021325830294518016,0.8986393322430931,0.0018378686186010702,0.33288555495701655,5.824740298717216,1.03121,1.087,5947.0,4.4476,0.991267,0.21191,,
v2c_0917,137809770,v2cal,2-3,4,2,41;48,eb_twin,1.0068779188258177,2420.6349138567502,0.005800798991939403,0.05046332881329776,0.005800798991939403,0.0,0.0,1.20168,1.07,5905.0,4.30788,0.616622,0.137965,,
v2c_0918,68874932,v2cal,4-6,1,1,24,eb_unequal,1.936267082778614,1956.3331673001728,0.007148746575742968,0.3076516184186125,0.002976287342923488,0.0,0.0,1.15193,1.07,5888.94,4.3446,0.70001,0.15823,,
v2c_0919,115353752,v2cal,4-6,3,2,24;25,planet,0.8702399862907506,1956.1382035620106,0.01029044349243565,0.12044884184163045,0.0,0.0,0.0,1.15815,1.29,6406.76,4.42113,0.830424,0.181604,,
v2c_0920,230199859,v2cal,4-6,8,3,16;22;24,planet,13.145523407693767,1742.7576388015386,0.04647401359310333,0.7716059556298237,0.0,0.0,0.0,1.19954,1.058,5856.18,4.30452,0.612973,0.143371,,
v2c_0921,47480770,v2cal,2-3,4,2,35;36,planet,0.5804656891526686,2255.2698303835314,0.02443331486755287,0.6057544554204771,0.0,0.0,0.0,0.991563,0.97,5519.4,4.4322,0.994972,0.226592,,
v2c_0922,47510709,v2cal,2-3,9,1,2,planet,1.8043224346070823,1355.0495038275042,0.007744905456731467,0.2956416191246388,0.0,0.0,0.0,1.45408,1.227,6281.0,4.20174,0.399098,0.0907283,,
v2c_0923,91399407,v2cal,2-3,4,2,42;43,planet,4.518679490080208,2451.5692301877275,0.0006132448364651244,0.9006188011603937,0.0,0.0,0.0,1.282,1.05,5832.95,4.24348,0.498341,0.0955682,,
v2c_0924,326201069,v2cal,4-6,8,4,18;19;24;25,planet,19.238787070841784,1804.0222635059238,0.040953333946516686,0.9053841242102175,0.0,0.0,0.0,1.02335,1.328,6493.0,4.54122,1.23917,0.297676,,
v2c_0925,316258758,v2cal,4-6,5,2,16;22,planet,4.157460230055536,1740.0215696018274,0.0011677875580887978,0.4903970326887338,0.0,0.0,0.0,1.61912,1.437,6736.0,4.17697,0.338546,0.0750636,,
v2c_0926,100612261,v2cal,2-3,6,2,32;33,planet,25.954494556569774,2193.1062014011136,0.0007023623173868865,0.3850783278100375,0.0,0.0,0.0,0.728946,0.91,5290.0,4.67172,2.34939,0.547575,,
v2c_0927,356919787,v2cal,7-12,3,3,14;15;16,eb_unequal,2.5994450577113835,1684.3339618992911,0.014979331780105628,0.9086262789663186,0.006924274685772128,0.0,0.0,1.26404,1.4,6651.0,4.38067,0.693177,0.166647,,
v2c_0928,441761798,v2cal,7-12,4,3,14;25;26,eb_unequal,1.6998773518774573,1684.1938343801849,0.0002191545661113264,0.48334043864708903,5.0949542326249484e-05,0.0,0.0,1.00079,1.136,6075.0,4.49276,1.1333,0.248076,,
v2c_0929,167792267,v2cal,7-12,9,8,4;6;7;8;9;11;12;13,eb_twin,4.665318750538623,1411.1752846727993,0.001665768788349589,0.08459878403239202,0.001665768788349589,0.0,0.0,1.65609,1.32,6483.0,4.12047,0.290618,0.066701,,
v2c_0930,310979172,v2cal,4-6,9,1,42,planet,6.7121317568931795,2448.863613013773,0.004439227656261908,0.8540325460278276,0.0,0.0,0.0,1.29357,1.15,6100.0,4.27519,0.531286,0.113723,,
v2c_0931,219462217,v2cal,7-12,9,4,14;20;21;22,planet,0.9830551059095517,1684.32888542443,0.0005900122698970502,0.7755958976488742,0.0,0.0,0.0,0.94713,0.977,5548.0,4.47514,1.14991,0.246073,,
v2c_0932,199710577,v2cal,13-inf,3,3,16;17;18,planet,0.528626300998182,1738.8787168473928,0.0006290949526491316,0.18038669059254575,0.0,0.0,0.0,1.0795,1.031,5761.0,4.38488,0.819575,0.167453,,
v2c_0933,229685186,v2cal,7-12,7,7,14;15;16;17;18;19;20,planet,4.56073809625066,1684.3781853152943,0.0018405245515713796,0.43530645416100106,0.0,0.0,0.0,1.20534,1.285,6403.0,4.38475,0.733801,0.163637,,
v2c_0934,341630038,v2cal,4-6,7,4,14;19;20;26,eb_twin,10.369838147105348,1686.0825202184617,0.0006085207142973577,0.7029286077660855,0.0006085207142973577,0.0,0.0,1.0777,1.124,6044.0,4.42384,0.898004,0.198763,,
v2c_0935,130707519,v2cal,2-3,1,1,10,planet,6.962334315331568,1573.4369512369522,0.000649061622199589,0.236285814267854,0.0,0.0,0.0,1.37785,1.21,6239.0,4.24245,0.462568,0.0995902,,
v2c_0936,177353880,v2cal,7-12,10,8,87;88;89;90;93;94;95;96,eb_ecc,0.570845699020255,3663.150065891772,0.0017177485015757545,0.685454642233844,0.0011994067745728558,0.41647898878340256,1.1105108612009076,1.72539,1.13,6056.66,4.01737,0.219997,0.047325,,
v2c_0937,160987265,v2cal,4-6,7,2,49;50,eb_ecc,16.45534771271036,2639.053397517016,0.006512518729410044,0.39296332173955384,0.003414793254286247,0.07832778007592088,5.854556058549506,1.40871,1.24,6307.0,4.23384,0.44356,,,
v2c_0938,336007244,v2cal,7-12,7,7,40;47;48;49;50;51;52,planet,1.531636541668552,2391.4283712035444,0.0013648658795435697,0.28729294750488005,0.0,0.0,0.0,1.165,1.15,6100.0,4.36612,0.727316,0.168414,,
v2c_0939,202511046,v2cal,2-3,4,2,22;23,planet,0.786557496806567,1900.0731772701026,0.024810118755110525,0.1418093348786778,0.0,0.0,0.0,1.75354,1.13,6056.0,4.00332,0.209573,0.0482249,,
v2c_0940,38206278,v2cal,2-3,7,2,45;46,eb_twin,22.449900591407296,2536.339595616875,0.0013644918650489353,0.509151265906926,0.0013644918650489353,0.0,0.0,1.60403,1.03,5768.71,4.04048,0.249572,0.0625442,,
v2c_0941,200280954,v2cal,2-3,1,1,4,planet,2.9466545027866644,1413.0770073672322,0.0243936290629347,0.10685478619354706,0.0,0.0,0.0,1.88664,1.5,6884.0,4.06278,0.223369,0.0493746,,
v2c_0942,459865437,v2cal,4-6,1,1,19,planet,0.5554095395835077,1816.4783740797684,0.0031474825079740847,0.18053436604410772,0.0,0.0,0.0,1.4537,1.2,6227.0,4.1923,0.390624,0.0876964,,
v2c_0943,335610394,v2cal,4-6,1,1,20,eb_twin,17.842511834343377,1849.928510054419,0.0002977732808589216,0.4762346115391006,0.0002977732808589216,0.0,0.0,1.2782,1.28,6398.0,4.33208,0.612938,0.14337,,
v2c_0944,348960526,v2cal,7-12,2,2,4;5,eb_unequal,4.064637471862548,1411.3507977196891,0.0013321016904475817,0.5794894422057735,0.0007599263801281477,0.0,0.0,1.32018,1.31,6456.0,4.31407,0.569337,0.135908,,
v2c_0945,102720812,v2cal,2-3,7,3,19;25;26,eb_unequal,7.707955879115865,1816.6077224431176,0.0002569228630685136,0.0496260967879291,9.461960703781552e-05,0.0,0.0,1.33828,1.237,6301.0,4.27735,0.516099,0.121354,,
v2c_0946,265531469,v2cal,2-3,2,1,8,eb_twin,2.358709388941078,1519.2185389439287,0.011815003531206352,0.47840394515732854,0.011815003531206352,0.0,0.0,0.805781,0.978,5550.93,4.61597,1.86934,0.4545,,
v2c_0947,359630395,v2cal,13-inf,8,8,15;16;17;18;19;20;21;22,planet,11.130021194338621,1712.9171835209804,0.002815202480614194,0.7097368036016297,0.0,0.0,0.0,0.493091,0.491186,3576.0,4.74346,4.09699,0.196114,,
v2c_0948,294928018,v2cal,13-inf,2,1,7,planet,4.684085060820911,1492.8269873392157,0.029974860499472,0.22798568563634525,0.0,0.0,0.0,1.0676,0.91,5312.56,4.34029,0.747854,0.159555,,
v2c_0949,320340060,v2cal,4-6,8,2,33;34,eb_twin,12.750018535413732,2204.106974667499,0.021552906844388736,0.8825231968820152,0.021552906844388736,0.0,0.0,1.14182,1.15,6118.0,4.38357,0.772508,0.161462,,
v2c_0950,17677244,v2cal,4-6,6,1,7,planet,2.0848631190926654,1492.9027983022722,0.006505645715968441,0.8426821709021389,0.0,0.0,0.0,0.309225,0.28717,3436.0,4.91566,9.71215,0.18144,,
v2c_0951,402236219,v2cal,2-3,2,2,70;71,planet,7.6882508712317845,3208.731708977952,0.028329166291767526,0.3663236850781532,0.0,0.0,0.0,1.33671,1.05,5843.83,4.20718,0.43962,0.109807,,
v2c_0952,232538287,v2cal,4-6,7,2,21;22,eb_unequal,14.072324684849221,1876.7046246717857,0.0020123099971030723,0.36554368863629505,0.0010283440925788548,0.0,0.0,0.920103,0.884,5200.0,4.45685,1.13486,0.268529,,
v2c_0953,52254854,v2cal,2-3,1,1,36,eb_unequal,19.97063258359308,2295.8947419601395,0.04575947834074927,0.47067935445753717,0.004567374978302258,0.0,0.0,0.683699,0.751,4700.0,4.64398,2.34988,0.651527,,
v2c_0954,260127258,v2cal,13-inf,8,8,27;28;29;30;31;32;33;34,planet,28.222405351124376,2053.8371110721732,0.001474977763647852,0.25546699481179097,0.0,0.0,0.0,1.74706,1.28,6396.0,4.06066,0.24004,0.0554533,,
v2c_0955,441790989,v2cal,7-12,3,3,14;15;16,eb_twin,1.9508339330820736,1684.3693403433344,0.00039692453030555473,0.18122674753295842,0.00039692453030555473,0.0,0.0,0.740077,0.763,4751.0,4.58204,1.88233,0.487666,,
v2c_0956,308747556,v2cal,2-3,2,2,9;10,planet,4.549968025872051,1545.7589946661087,0.022842891514835317,0.5950807881262048,0.0,0.0,0.0,1.84796,1.29,6408.0,4.01527,0.204414,0.0455973,,
v2c_0957,184893654,v2cal,4-6,10,3,44;45;46,planet,11.49356524135218,2510.0653292212655,0.006453934131129882,0.38948310132187186,0.0,0.0,0.0,1.29829,1.03,5757.06,4.22416,0.470679,0.108757,,
v2c_0958,67509129,v2cal,2-3,3,1,20,eb_unequal,28.678469610938066,1856.2029767376034,0.0023728762308499246,0.7300622217746277,0.0006636065987980844,0.0,0.0,0.8906,0.944,5421.94,4.51367,1.33636,0.332081,,
v2c_0959,55274592,v2cal,7-12,10,9,4;5;7;8;9;10;11;12;13,planet,7.863619300487405,1416.1853709432403,0.0005201364463728333,0.8768445440086376,0.0,0.0,0.0,1.13183,0.99,5612.08,4.32614,0.682799,0.144742,,
v2c_0960,233129260,v2cal,4-6,8,4,15;17;18;21,eb_unequal,15.142508231393395,1724.0450774314177,0.04296992674472547,0.2606184757019335,0.031177127979907147,0.0,0.0,0.911057,0.92,5331.0,4.48276,1.21661,0.297919,,
v2c_0961,150430837,v2cal,13-inf,1,1,1,planet,16.029675609905983,1330.9717974149175,0.00023460319461132118,0.8444808102641931,0.0,0.0,0.0,1.4221,1.33,6486.79,4.25606,0.46245,0.116424,,
v2c_0962,233082344,v2cal,7-12,1,1,14,planet,1.5757197809814572,1684.9105679080235,0.00023390115807076634,0.6372361269746795,0.0,0.0,0.0,1.03443,1.102,5989.0,4.45085,0.995597,0.20129,,
v2c_0963,29833504,v2cal,13-inf,3,3,1;2;3,eb_twin,6.565871812260152,1329.0171884862893,0.0009712540600802942,0.5484058715804131,0.0009712540600802942,0.0,0.0,1.06629,1.03,5762.91,4.39515,0.849592,0.178414,,
v2c_0964,30941364,v2cal,7-12,3,3,4;5;6,planet,3.159126368558209,1412.4656475609852,0.006396635494796958,0.06069433217297993,0.0,0.0,0.0,1.59705,1.26,6340.43,4.1318,0.309325,0.0670483,,
v2c_0965,274674083,v2cal,2-3,10,2,24;26,eb_twin,0.5570228110527614,1955.8043114529132,0.0010303038450819228,0.8822405416778558,0.0010303038450819228,0.0,0.0,0.976606,1.049,5824.0,4.4794,1.1262,0.237327,,
v2c_0966,301021917,v2cal,2-3,6,2,30;31,planet,0.6505414104647717,2116.3516309924203,0.018092017968976592,0.8994292059253466,0.0,0.0,0.0,1.52375,1.19,6199.5,4.14779,0.336363,0.0765242,,
v2c_0967,219822744,v2cal,13-inf,10,5,40;47;49;50;53,planet,2.4157917992619264,2391.9153551299887,0.00586527164057371,0.7907042967086089,0.0,0.0,0.0,1.39915,1.28,6383.0,4.25355,0.467323,0.109002,,
v2c_0968,428798205,v2cal,7-12,10,3,18;19;25,planet,1.3662406180357822,1791.4007568644577,0.02135061803328297,0.767328677896403,0.0,0.0,0.0,1.13639,1.01,5687.0,4.33133,0.688231,0.14904,,
v2c_0969,458646284,v2cal,2-3,9,2,45;46,eb_twin,1.1317932829923583,2526.2715453622286,0.0014063323856866503,0.15999953368229133,0.0014063323856866503,0.0,0.0,0.6407,0.677,4330.0,4.65535,2.57409,0.840434,,
v2c_0970,355950542,v2cal,13-inf,9,7,14;15;16;17;21;22;23,planet,2.5481871991196448,1685.4011179952836,0.0004091708655473108,0.4438848603238878,0.0,0.0,0.0,0.90387,0.97,5527.66,4.51263,1.31357,0.326721,,
v2c_0971,34821191,v2cal,4-6,4,1,18,planet,26.53588392005926,1799.422284539786,0.002937018371376259,0.05740589324944572,0.0,0.0,0.0,1.01966,1.045,5810.52,4.44027,0.9857,0.270483,,
v2c_0972,282049722,v2cal,13-inf,10,3,6;10;12,planet,21.067988447584455,1469.9665458037914,0.002967237750641839,0.2772080041533984,0.0,0.0,0.0,0.373741,0.361566,3478.0,4.85111,6.92589,0.235415,,
v2c_0973,198214408,v2cal,13-inf,9,9,14;15;16;17;18;19;20;21;22,eb_unequal,3.442596935245544,1685.643192842648,0.043634011053017105,0.27359183074281657,0.016620441488213997,0.0,0.0,0.828277,0.86,5115.0,4.53622,1.51346,0.377475,,
v2c_0974,237232981,v2cal,13-inf,6,6,17;18;19;20;23;24,planet,0.7895511150115061,1765.0521592281818,0.0003516978746374221,0.13507536906883896,0.0,0.0,0.0,0.313125,0.291646,3311.0,4.91149,9.49955,0.185726,,
v2c_0975,373657895,v2cal,2-3,4,2,21;22,planet,1.8469916617729045,1871.0314755589684,0.021407762142952813,0.6071699282727374,0.0,0.0,0.0,0.860981,0.88,5173.41,4.51256,1.3788,0.39933,,
v2c_0976,219750936,v2cal,13-inf,9,9,14;15;16;17;18;19;20;21;22,planet,15.9924505363832,1689.0978658575104,0.039628516593275244,0.5649416109127889,0.0,0.0,0.0,1.16269,1.159,6129.0,4.37123,0.737389,0.167932,,
v2c_0977,198185764,v2cal,13-inf,8,8,14;15;16;17;18;19;20;21,eb_unequal,0.5135730290012193,1683.5527762607371,0.03524786513363104,0.6118253757873939,0.02295984299669481,0.0,0.0,0.811882,0.804,4910.0,4.52434,1.50237,0.391517,,
v2c_0978,302964354,v2cal,4-6,1,1,5,eb_ecc,2.424716362950062,1439.512468918985,0.0002663209867239599,0.5148389376042734,0.00014954393424032082,0.21518108660500487,3.1361316784195035,0.700013,0.76,4755.0,4.62867,2.21562,0.61276,,
v2c_0979,224607505,v2cal,13-inf,2,2,14;15,planet,4.812995526732813,1687.2066610759946,0.0006455220797426077,0.6834784884760603,0.0,0.0,0.0,1.78032,1.427,6714.0,4.0915,0.252891,0.0593411,,
v2c_0980,24530425,v2cal,4-6,1,1,5,eb_unequal,22.688913616724957,1454.3995877561913,0.0006774823349977633,0.5132510316394935,6.903649572733523e-05,0.0,0.0,0.53205,0.528824,3934.0,4.70947,3.51119,0.1781,,
v2c_0981,219882087,v2cal,13-inf,6,6,14;15;16;17;18;19,planet,2.0706451588935897,1684.6731652009144,0.02965122046305653,0.7068458074273173,0.0,0.0,0.0,1.40951,1.437,6736.0,4.29739,0.513156,0.118266,,
v2c_0982,24696180,v2cal,4-6,3,2,1;2,eb_twin,4.279603673159157,1328.7615339583322,0.01104298251131764,0.7291489727880024,0.01104298251131764,0.0,0.0,1.53667,1.07,5901.33,4.09429,0.294879,0.0563661,,
v2c_0983,283828652,v2cal,4-6,2,2,16;23,eb_unequal,23.973471762260537,1758.5486127303866,0.002915102364636225,0.11595964306055244,0.0020296991591224845,0.0,0.0,1.09588,1.127,6053.72,4.41046,0.856316,0.198513,,
v2c_0984,309754803,v2cal,7-12,9,9,27;28;29;30;32;33;34;35;36,eb_unequal,9.778535581655479,2042.7387273169088,0.0014096207472811873,0.5358220121646988,0.0009783778184360558,0.0,0.0,0.469321,0.466934,3706.0,4.76438,4.51695,0.208663,,
v2c_0985,263601265,v2cal,4-6,8,4,40;41;47;53,planet,1.4255107906272002,2391.2576311969215,0.000672463174721823,0.9125686672385138,0.0,0.0,0.0,0.8754,0.92,5341.0,4.51744,1.37141,0.320956,,
v2c_0986,100612261,v2cal,2-3,9,2,32;33,planet,21.181333842240246,2176.123325144613,0.008394139870423782,0.4585727942130282,0.0,0.0,0.0,0.728946,0.91,5290.0,4.67172,2.34939,0.547575,,
v2c_0987,236890698,v2cal,4-6,5,5,14;15;17;18;21,planet,4.651718301571077,1685.0159659895894,0.020352987480525896,0.29948531896145203,0.0,0.0,0.0,1.50149,1.479,6842.0,4.25499,0.436919,0.106581,,
v2c_0988,24360502,v2cal,2-3,7,2,5;6,planet,6.341476631905795,1439.5020880806708,0.048675895539530625,0.20381321977982006,0.0,0.0,0.0,0.79304,0.954,5458.0,4.61903,1.91277,0.437577,,
v2c_0989,359313803,v2cal,7-12,9,9,14;15;18;19;20;21;22;24;25,eb_ecc,12.564739808519464,1693.6223533004013,0.0004741105517031005,0.8816062641970069,0.0004717113229771948,0.480863864293647,5.267432494146055,0.729558,0.864,5128.41,4.64846,2.22502,0.482762,,
v2c_0990,280162536,v2cal,13-inf,8,2,16;24,eb_twin,12.871744289206214,1742.8939174309571,0.0028961418624828773,0.3138176402421665,0.0028961418624828773,0.0,0.0,0.646959,0.672,4301.0,4.64368,2.48165,0.761651,,
v2c_0991,115353752,v2cal,4-6,3,2,24;25,eb_unequal,0.5686524432485044,1956.2720487903234,0.002863417686064592,0.6419874530108338,0.001323728913849975,0.0,0.0,1.15815,1.29,6406.76,4.42113,0.830424,0.181604,,
v2c_0992,230198647,v2cal,4-6,8,4,16;22;23;24,planet,16.761517628310493,1751.264744642134,0.016424601924813084,0.18491410290768026,0.0,0.0,0.0,1.18469,1.108,6003.57,4.3354,0.666392,0.168271,,
v2c_0993,238060684,v2cal,4-6,4,3,6;7;8,eb_unequal,2.996221298782767,1467.849292583746,0.001294386836145662,0.9305044944468367,0.0006527191129237576,0.0,0.0,1.1361,1.03,5761.0,4.34007,0.702403,0.148213,,
v2c_0994,123206180,v2cal,7-12,4,2,14;26,planet,2.232300500285974,1683.6531800483588,0.0015299474938578286,0.6457357997838039,0.0,0.0,0.0,1.13237,1.12,6046.3,4.37931,0.77136,0.160339,,
v2c_0995,167709098,v2cal,2-3,6,1,11,eb_twin,26.946294717661587,1606.1246484900948,0.03173705443043237,0.09232102457681785,0.03173705443043237,0.0,0.0,1.66246,1.17,6157.0,4.06475,0.254645,0.0577301,,
v2c_0996,180212522,v2cal,2-3,9,2,94;95,eb_ecc,28.14707448737859,3877.210580568416,0.008240179948905992,0.8561501665332686,0.005838228395521545,0.29544758596791976,2.6819662769343635,0.923045,1.0,5650.82,4.50762,1.27154,0.282301,,
v2c_0997,294928018,v2cal,13-inf,7,1,7,planet,0.8485738822067684,1491.9108958277764,0.0026372273630837833,0.550188795479766,0.0,0.0,0.0,1.0676,0.91,5312.56,4.34029,0.747854,0.159555,,
v2c_0998,46850461,v2cal,4-6,8,1,8,planet,9.7723832044842,1521.6542106298202,0.04337185751629391,0.21983364629148616,0.0,0.0,0.0,0.882887,0.906,5281.0,4.50339,1.31647,0.318637,,
v2c_0999,150168739,v2cal,13-inf,1,1,2,planet,1.454926445346627,1354.7983320345218,0.00035480669837036614,0.23817157959311275,0.0,0.0,0.0,0.871365,1.11,6010.0,4.60299,1.67773,0.357445,,
v2c_1000,61044859,v2cal,4-6,10,1,18,planet,0.5207166885276837,1791.0780549534013,0.00544015491491188,0.7318393797016362,0.0,0.0,0.0,0.905372,0.91,5293.0,4.48346,1.2262,0.283399,,
v2c_1001,165831403,v2cal,4-6,8,4,44;45;46;47,eb_unequal,1.896734798830139,2500.315372756901,0.00775767464388596,0.815170089951175,0.002617077949494271,0.0,0.0,0.554195,0.549012,3893.0,4.69032,3.22548,0.166367,,
v2c_1002,22740650,v2cal,2-3,5,2,22;23,planet,3.790441296902052,1901.0284745393099,0.00870560772690407,0.14464679228655575,0.0,0.0,0.0,0.942229,0.947,5431.51,4.4661,1.13209,0.269551,,
v2c_1003,350716054,v2cal,7-12,8,8,87;88;89;90;93;94;95;96,planet,2.276258492135054,3664.295726634122,0.0017372818347824595,0.5712343615888726,0.0,0.0,0.0,1.07133,0.92,5315.58,4.34201,0.748209,0.176073,,
v2c_1004,294928018,v2cal,13-inf,8,1,7,planet,5.649421507416804,1493.6808636352243,0.0008191746265601373,0.19867962642390638,0.0,0.0,0.0,1.0676,0.91,5312.56,4.34029,0.747854,0.159555,,
v2c_1005,233525703,v2cal,13-inf,10,10,14;16;17;18;19;20;21;22;23;24,eb_unequal,1.8641368500058508,1685.1049932082708,0.00026215050222058115,0.18784506147676938,0.00010712272562527309,0.0,0.0,0.962603,1.029,5753.0,4.48359,1.15365,0.235163,,
v2c_1006,137843815,v2cal,4-6,6,4,16;22;23;24,eb_twin,1.435607966284428,1739.3017856157253,0.009650954521951348,0.7720274164857208,0.009650954521951348,0.0,0.0,0.513716,0.511447,3632.0,4.72542,3.77252,0.184088,,
v2c_1007,356087112,v2cal,13-inf,10,10,14;15;16;17;18;19;20;21;22;23,planet,0.8637809103360508,1684.0706567034495,0.005877045116479632,0.49959124237092006,0.0,0.0,0.0,1.53234,1.278,6387.0,4.17389,0.355195,0.0786775,,
v2c_1008,376849303,v2cal,7-12,5,4,18;20;21;23,eb_twin,3.16142818513188,1792.4398258565147,0.03070722765309712,0.032031424796575954,0.03070722765309712,0.0,0.0,0.883671,1.027,5746.0,4.55706,1.48833,0.321043,,
v2c_1009,177312459,v2cal,13-inf,3,3,1;2;3,planet,6.287915003751114,1325.4258659906832,0.031667841319332875,0.8706901953786134,0.0,0.0,0.0,1.4554,1.08,5912.63,4.14552,0.350327,0.0715322,,
v2c_1010,197831644,v2cal,2-3,2,2,2;3,planet,0.5158057163047238,1354.6080730182557,0.00023800450624880757,0.5148722594419921,0.0,0.0,0.0,1.67322,1.26,6347.0,4.09133,0.268976,0.0616702,,
v2c_1011,260418991,v2cal,4-6,3,3,88;94;95,planet,14.090513316704794,3692.1271289600545,0.0002861581142566145,0.6208707504814608,0.0,0.0,0.0,1.65524,1.2,6228.0,4.07953,0.264605,0.0605971,,
v2c_1012,160533720,v2cal,13-inf,8,8,14;15;16;19;20;21;22;25,eb_twin,17.837597657486413,1688.693448795408,0.0004385753934221687,0.43260963494428606,0.0004385753934221687,0.0,0.0,1.28953,1.113,6018.0,4.2637,0.519045,0.110674,,
v2c_1013,388198750,v2cal,2-3,8,2,94;95,planet,2.685162088782563,3857.09787247856,0.0005770200505210516,0.7792053986565992,0.0,0.0,0.0,1.19657,1.0,5623.98,4.28219,0.583696,0.126757,,
v2c_1014,229586495,v2cal,13-inf,1,1,14,eb_ecc,3.040692870050383,1684.1132133297224,0.00020762811363505111,0.8855635620068357,6.868349182130708e-05,0.20006141040222838,0.01659721120889004,0.958862,1.08,5939.0,4.50798,1.22505,0.267889,,
v2c_1015,365338205,v2cal,4-6,10,4,31;42;43;44,eb_twin,2.864910004624169,2145.7765907196986,0.0002435508293651733,0.2794735589731053,0.0002435508293651733,0.0,0.0,0.852805,1.068,5887.0,4.60494,1.72195,0.39433,,
v2c_1016,362256785,v2cal,13-inf,3,3,14;15;16,planet,5.371487859588288,1685.3352978991456,0.0018492591104565456,0.5774925933995536,0.0,0.0,0.0,1.23113,1.276,6383.0,4.36331,0.683817,0.164353,,
v2c_1017,394051802,v2cal,13-inf,9,8,14;18;19;20;21;24;25;26,eb_twin,0.7261699461177537,1684.0803228711864,0.0002854361768353407,0.218235124700762,0.0002854361768353407,0.0,0.0,1.15537,1.141,6086.0,4.36991,0.739811,0.159352,,
v2c_1018,237217129,v2cal,13-inf,10,10,14;15;16;17;18;19;20;21;22;23,planet,1.896960815699884,1684.1836580923004,0.0004589817417979214,0.30147750482331964,0.0,0.0,0.0,0.83151,0.97,5511.0,4.5851,1.68721,0.375522,,
v2c_1019,172827758,v2cal,4-6,5,4,44;45;46;47,eb_twin,4.691492043358839,2501.8179554838102,0.003168456101781231,0.6803308953480455,0.003168456101781231,0.0,0.0,0.294094,0.269894,3225.0,4.93229,10.6105,0.154031,,
v2c_1020,237082003,v2cal,4-6,2,2,15;16,eb_unequal,4.124769346004878,1712.6869621588016,0.0006815831372518678,0.7186776733199038,0.0003416355189542641,0.0,0.0,1.42749,1.326,6489.0,4.25147,0.455857,0.102357,,
v2c_1021,230072574,v2cal,13-inf,8,8,14;16;17;18;19;20;21;22,planet,8.23749264535505,1688.110109740024,0.018109196417585613,0.9359772018717232,0.0,0.0,0.0,0.968128,1.007,5668.0,4.46923,1.10977,0.244549,,
v2c_1022,301082854,v2cal,2-3,7,2,31;32,planet,0.6113044587985884,2144.974540405547,0.00029162972964681027,0.12194050203436163,0.0,0.0,0.0,1.11842,0.95,5435.0,4.31858,0.679067,0.151776,,
v2c_1023,462575265,v2cal,7-12,6,6,14;15;16;17;20;21,eb_twin,3.364521807588865,1685.082066561786,0.014076579254199447,0.07223105611569904,0.014076579254199447,0.0,0.0,0.722089,0.72,4550.0,4.57822,1.91232,0.55837,,
v2c_1024,24360502,v2cal,2-3,1,1,5,planet,5.166895319700105,1443.1249416373487,0.0002583465708348175,0.17393628561577798,0.0,0.0,0.0,0.79304,0.954,5458.0,4.61903,1.91277,0.437577,,
v2c_1025,99936548,v2cal,2-3,2,2,41;48,eb_twin,15.890125994200604,2421.8491043156923,0.014742831390422137,0.37443085531075376,0.014742831390422137,0.0,0.0,1.0577,1.09,5967.0,4.42677,0.921171,0.192232,,
v2c_1026,229598094,v2cal,13-inf,8,8,17;18;19;20;21;22;23;24,planet,5.878100244808989,1770.5552902083734,0.00039319044522822605,0.10661148997165958,0.0,0.0,0.0,0.413358,0.406476,3460.0,4.81445,5.75514,0.22373,,
v2c_1027,236759909,v2cal,7-12,9,3,17;21;24,planet,9.465352517932946,1768.6192652495477,0.03161739073458281,0.5013829977062819,0.0,0.0,0.0,1.00901,1.067,5885.0,4.45844,1.03868,0.229906,,
v2c_1028,141660852,v2cal,2-3,2,2,20;26,planet,19.99179747170123,1854.9668133284488,0.0009247711956986636,0.892624677797345,0.0,0.0,0.0,0.884125,0.89,5222.0,4.49443,1.2878,0.28918,,
v2c_1029,275294416,v2cal,4-6,4,3,35;45;46,eb_unequal,0.5622436116045881,2255.068892285125,0.007428043069462854,0.2621192346654207,0.001586511068808708,0.0,0.0,0.707796,0.667,4268.0,4.56238,1.88106,0.614452,,
v2c_1030,47579320,v2cal,2-3,2,2,41;52,planet,1.8477013902810204,2420.7666716647186,0.006835704023625254,0.833436967756051,0.0,0.0,0.0,1.36333,1.35,6533.0,4.2992,0.532761,0.129091,,
v2c_1031,150364128,v2cal,2-3,1,1,15,planet,13.783661006133023,1718.4220683863264,0.0025190905785364066,0.298775881826977,0.0,0.0,0.0,1.43094,1.36,6565.0,4.26036,0.464165,0.110487,,
v2c_1032,166803705,v2cal,2-3,1,1,4,eb_twin,1.771471931737096,1411.1325190175457,0.0013078276472255233,0.15170932223286263,0.0013078276472255233,0.0,0.0,0.891637,0.95,5450.0,4.51542,1.34017,0.291665,,
v2c_1033,405305758,v2cal,4-6,7,2,42;43,planet,4.580637167042391,2452.1163589053863,0.0017043130927296003,0.6206089190653055,0.0,0.0,0.0,0.822457,1.04,5804.0,4.62487,1.86936,0.402074,,
v2c_1034,353993248,v2cal,13-inf,7,7,14;15;16;17;18;19;20,planet,1.9055561632468143,1685.1941437231592,0.00021105529512807777,0.1957516865662778,0.0,0.0,0.0,1.65586,1.07,5893.06,4.02941,0.235677,0.0435573,,
v2c_1035,269662152,v2cal,7-12,2,2,15;16,planet,22.915848430832096,1723.673041041227,0.00020790939683539353,0.3906259387103072,0.0,0.0,0.0,1.90869,1.408,6669.0,4.0252,0.202488,0.0479784,,
v2c_1036,160602609,v2cal,13-inf,6,6,14;15;16;17;18;19,planet,1.1458642749016987,1683.8874992112553,0.03334501511120121,0.25773391131024903,0.0,0.0,0.0,0.931351,1.086,5942.0,4.53567,1.34428,0.27837,,
v2c_1037,149219092,v2cal,7-12,8,8,1;2;3;4;5;6;7;9,planet,10.887382080554119,1332.3144560947808,0.0003356595827211421,0.17542262777020115,0.0,0.0,0.0,1.52536,1.44,6751.0,4.22969,0.40574,0.0953669,,
v2c_1038,232966497,v2cal,4-6,10,2,21;22,planet,26.545081610052748,1896.9076454342116,0.001866407165740142,0.7985052639129305,0.0,0.0,0.0,0.941754,1.069,5892.0,4.51917,1.27987,0.272312,,
v2c_1039,394653833,v2cal,4-6,9,2,1;13,planet,3.498531611654879,1327.2851315333207,0.015078179463330342,0.4655954020350336,0.0,0.0,0.0,0.98984,0.92,5327.3,4.41073,0.948622,0.206455,,
v2c_1040,346594558,v2cal,4-6,7,1,18,planet,22.649727031060607,1804.147020053625,0.0012908926615224756,0.29760885018215766,0.0,0.0,0.0,0.35753,0.342904,3340.0,4.86662,7.503,0.228749,,
v2c_1041,206596339,v2cal,2-3,10,1,28,eb_unequal,1.356465953947274,2062.431171437683,0.00129334018906136,0.7463721801985933,0.0008234310583180291,0.0,0.0,0.803024,0.898,5251.0,4.58189,1.73417,0.406779,,
v2c_1042,113878726,v2cal,2-3,3,2,70;71,planet,14.295438049406544,3221.9459513195043,0.0006587362225851718,0.15560543403000238,0.0,0.0,0.0,1.26981,1.125,6047.0,4.28174,0.549457,0.122269,,
v2c_1043,121660708,v2cal,7-12,8,2,40;41,planet,9.949201546838555,2400.559186621014,0.015715504561698516,0.39029523163529994,0.0,0.0,0.0,1.03161,1.03,5755.0,4.42387,0.938177,0.185456,,
v2c_1044,141910230,v2cal,4-6,1,1,9,eb_unequal,4.747008437494287,1546.597746609809,0.00047233819400964195,0.12949599110683213,7.26306758259183e-05,0.0,0.0,1.27522,1.1,5973.21,4.26829,0.530438,0.128615,,
v2c_1045,175492787,v2cal,4-6,6,2,30;31,eb_ecc,0.8212303246806142,2116.3781047546518,0.0015845741831433326,0.6350856046513367,0.0011039780940769336,0.24166578403994196,1.3028499955552388,1.10633,0.95,5460.6,4.32803,0.701576,0.172633,,
v2c_1046,274226319,v2cal,4-6,1,1,12,planet,6.191698355167962,1629.1307301930042,0.020588882067296043,0.5602567073776817,0.0,0.0,0.0,0.933332,1.09,5943.0,4.53542,1.34066,0.305048,,
v2c_1047,207202635,v2cal,2-3,9,2,29;30,eb_ecc,0.676197613348879,2088.348826598086,0.00309035748614368,0.5172741812865895,0.002817290392709584,0.20709879682937818,2.2674999262854985,1.0348,0.95,5448.0,4.38608,0.857351,0.191808,,
v2c_1048,141910606,v2cal,13-inf,2,2,1;2,planet,9.796631325389935,1327.0059026738356,0.00047396429084236983,0.13063692292496235,0.0,0.0,0.0,1.3723,1.43,6730.0,4.31851,0.553338,0.12841,,
v2c_1049,5738944,v2cal,2-3,10,2,29;42,eb_twin,2.184235183722599,2090.371066629161,0.018958271280208872,0.02130830553905136,0.018958271280208872,0.0,0.0,1.10371,1.09,5963.0,4.38978,0.810698,0.169616,,
v2c_1050,159182396,v2cal,7-12,5,4,15;16;21;22,eb_unequal,4.304326453678731,1714.0749212087978,0.009416732912311394,0.6967177340094113,0.000795988327402469,0.0,0.0,1.60796,1.365,6573.0,4.16065,0.32833,0.0763002,,
v2c_1051,260297253,v2cal,13-inf,7,7,1;2;3;4;5;6;7,eb_unequal,13.10514021928484,1327.7468821173359,0.0014237353979152695,0.9343641919952678,0.0006392052791663466,0.0,0.0,1.47614,1.16,6138.0,4.16427,0.360644,0.07905,,
v2c_1052,154384371,v2cal,4-6,5,4,15;16;22;23,eb_unequal,1.2798618568965061,1712.4235059861307,0.0004121212253516407,0.3826354745882767,0.0001838808854117225,0.0,0.0,1.11486,1.166,6144.72,4.41032,0.841462,0.206318,,
v2c_1053,219822744,v2cal,13-inf,10,5,40;47;49;50;53,planet,1.562983042223049,2391.263821110985,0.0027782415501848017,0.29251109670325076,0.0,0.0,0.0,1.39915,1.28,6383.0,4.25355,0.467323,0.109002,,
v2c_1054,85879267,v2cal,2-3,3,3,19;25;26,planet,20.8073745812258,1832.4777681040136,0.0012355467797710437,0.7279664822883174,0.0,0.0,0.0,0.762954,0.94,5405.0,4.6462,2.11657,0.472145,,
v2c_1055,38570601,v2cal,7-12,10,10,27;28;29;30;31;35;36;37;38;39,planet,2.307193964433906,2038.4645190665751,0.01587965959105408,0.6460870966091943,0.0,0.0,0.0,1.47127,1.25,6321.95,4.19959,0.392491,0.0918273,,
v2c_1056,257303464,v2cal,2-3,6,2,42;43,eb_unequal,6.585946347211032,2451.521272300898,0.03474965448097705,0.621130153100697,0.026236405347046816,0.0,0.0,1.72147,1.463,6801.0,4.13151,0.286778,0.0614988,,
v2c_1057,99936548,v2cal,2-3,6,2,41;48,eb_unequal,21.678399587472335,2429.461788324897,0.0010143025500752509,0.601259460642163,0.0005336750157282037,0.0,0.0,1.0577,1.09,5967.0,4.42677,0.921171,0.192232,,
v2c_1058,212951253,v2cal,2-3,3,3,30;42;43,planet,17.495735642561684,2133.238333020373,0.0013535931295633637,0.5293678729697989,0.0,0.0,0.0,0.803468,1.04,5789.0,4.64516,2.00506,0.418437,,
v2c_1059,220500424,v2cal,7-12,9,1,1,planet,5.927967575996795,1328.160473595435,0.012345717449402886,0.1703886221015311,0.0,0.0,0.0,1.61077,1.28,6388.91,4.13121,0.306276,0.0630354,,
v2c_1060,180998339,v2cal,2-3,7,2,2;3,eb_twin,21.009911111303047,1366.3160258836724,0.004144668710566248,0.21789387397362675,0.004144668710566248,0.0,0.0,1.05582,1.17,6155.0,4.45907,0.99407,0.219997,,
v2c_1061,380941020,v2cal,2-3,3,3,30;42;43,planet,6.13993441906143,2117.632427545224,0.009641923288899054,0.036117557301044545,0.0,0.0,0.0,1.14609,1.01,5690.26,4.32395,0.670912,0.154467,,
v2c_1062,25196356,v2cal,13-inf,2,2,1;2,planet,9.02258640040436,1331.1070451001756,0.014654852930178184,0.7473727868288862,0.0,0.0,0.0,1.2921,1.39,6634.0,4.35849,0.644362,0.151073,,
v2c_1063,316937718,v2cal,7-12,6,2,1;2,planet,1.4837358442403874,1326.1616132521722,0.0010770230613910668,0.558166779399674,0.0,0.0,0.0,1.35683,1.19,6195.8,4.24857,0.476403,0.106932,,
v2c_1064,102720812,v2cal,2-3,3,3,19;25;26,eb_unequal,0.6815985524390746,1816.186201948318,0.0009756713133676018,0.933545345682229,8.044346403728543e-05,0.0,0.0,1.33828,1.237,6301.0,4.27735,0.516099,0.121354,,
v2c_1065,415704533,v2cal,4-6,5,3,14;20;26,eb_twin,0.6815005299100729,1683.969853335803,0.0003972259436980286,0.545738027344395,0.0003972259436980286,0.0,0.0,0.85376,0.907,5284.0,4.533,1.45747,0.337222,,
v2c_1066,25904529,v2cal,2-3,4,2,8;9,planet,1.0499819404731494,1517.96195145171,0.04579228878503831,0.43162748973453746,0.0,0.0,0.0,1.3422,1.19,6201.7,4.25798,0.492152,0.108879,,
v2c_1067,212951253,v2cal,2-3,6,3,30;42;43,planet,16.90220191215428,2116.6482651631754,0.004141942697863876,0.11480365834838048,0.0,0.0,0.0,0.803468,1.04,5789.0,4.64516,2.00506,0.418437,,
v2c_1068,394120880,v2cal,4-6,8,4,16;24;25;26,planet,6.438363225054655,1742.4580742927042,0.00775000571125915,0.5083261888575976,0.0,0.0,0.0,0.898527,0.982,5567.0,4.52312,1.35368,0.307494,,
v2c_1069,165599030,v2cal,2-3,5,3,16;22;23,eb_ecc,3.0110835486078487,1741.2395584619542,0.014229608901377947,0.514206818084856,0.012589841514144062,0.20884436004883705,6.142659951980473,1.12459,1.04,5795.0,4.35312,0.731232,0.157519,,
v2c_1070,220427015,v2cal,7-12,9,4,4;5;6;13,eb_twin,5.471879241262125,1411.1701894672892,0.04635248883364163,0.39937757571453664,0.04635248883364163,0.0,0.0,1.87214,1.37,6584.0,4.03011,0.208787,0.0467833,,
v2c_1071,149912035,v2cal,4-6,4,2,14;21,planet,27.21779116661773,1709.4072403486166,0.010537847025051223,0.48611963738999087,0.0,0.0,0.0,0.475812,0.473649,3699.0,4.75865,4.39694,0.203198,,
v2c_1072,141282136,v2cal,13-inf,9,9,1;2;3;4;5;6;7;8;9,eb_unequal,15.512947444806265,1326.2718910263918,0.002781632945063996,0.09556256516028092,0.00044647209415388494,0.0,0.0,1.7263,1.52,6937.0,4.14568,0.295457,0.0615463,,
v2c_1073,198508404,v2cal,7-12,9,3,20;21;22,eb_twin,5.098799144193294,1845.9484606603755,0.01903693715458525,0.682611913440611,0.01903693715458525,0.0,0.0,1.21762,1.09,5941.0,4.30447,0.6038,0.134192,,
v2c_1074,382463274,v2cal,2-3,8,2,28;29,planet,13.63141783990476,2072.466003277362,0.003796615631089771,0.7333990672563134,0.0,0.0,0.0,0.844241,0.93,5384.0,4.55362,1.54555,0.374842,,
v2c_1075,202423090,v2cal,7-12,8,4,15;16;22;23,eb_ecc,0.6976296501329164,1711.458649692057,0.0005164685553801288,0.3998698835040946,0.00032130426631696914,0.49777388786325377,4.207019772070293,0.977445,1.1,5981.0,4.49928,1.17792,0.263142,,
v2c_1076,243140378,v2cal,4-6,2,1,11,planet,2.3376466341989537,1598.523073643409,0.0004262159312391432,0.6456209530784335,0.0,0.0,0.0,1.28062,1.25,6331.0,4.32014,0.595183,0.133903,,
v2c_1077,154257989,v2cal,4-6,5,3,16;22;23,eb_unequal,9.441148511143584,1746.4823844683863,0.023013682732721488,0.3781138928707627,0.003601364209507492,0.0,0.0,0.717888,0.81,4940.73,4.63444,2.18935,0.533451,,
v2c_1078,33831261,v2cal,7-12,7,7,87;88;89;90;93;94;95,planet,0.7230547351075609,3663.41271675407,0.0015516814635300254,0.2914875334624118,0.0,0.0,0.0,0.87914,0.96,5495.0,4.53222,1.41285,0.317171,,
v2c_1079,115612391,v2cal,2-3,6,2,51;52,planet,13.41859672364375,2700.728131341327,0.005357212387592871,0.9095390786481637,0.0,0.0,0.0,0.915778,1.102,5987.0,4.55667,1.43487,0.320674,,
v2c_1080,230378747,v2cal,13-inf,9,9,14;15;16;17;18;19;20;21;22,eb_unequal,0.9255107325673222,1683.6575599738303,0.017976780641392257,0.6965500322621667,0.0026128858323248407,0.0,0.0,1.672,1.228,6282.0,4.0808,0.26272,0.0587909,,
v2c_1081,357233448,v2cal,7-12,5,3,19;20;26,eb_twin,9.455871228835857,1824.048565045269,0.0005248520800184166,0.20201704501337236,0.0005248520800184166,0.0,0.0,0.812767,0.89,5236.0,4.56753,1.65764,0.403078,,
v2c_1082,356975793,v2cal,13-inf,9,9,14;15;16;17;18;19;20;21;22,eb_unequal,1.0793449561585922,1683.8103220469065,0.0020004942907487864,0.6016606256962992,0.0009278706719454597,0.0,0.0,0.872696,0.934,5384.0,4.52669,1.40527,0.320395,,
v2c_1083,269594762,v2cal,7-12,5,5,15;16;17;18;19,eb_ecc,9.911194432621974,1717.6749225663345,0.000350363756461234,0.3802149003470406,0.00024102796600019818,0.11870559179356746,4.764549104599351,1.1832,1.29,6416.0,4.40254,0.778777,0.176264,,
v2c_1084,232609966,v2cal,13-inf,10,10,14;15;16;18;19;20;21;22;23;24,planet,1.578940198955127,1684.0748601913574,0.0032469254505243616,0.42062241791195876,0.0,0.0,0.0,0.934614,1.046,5816.0,4.51633,1.28125,0.263593,,
v2c_1085,28769644,v2cal,2-3,9,2,14;26,planet,22.70392800664845,1705.442830002179,0.0012872758863561272,0.5210924993439743,0.0,0.0,0.0,1.24613,1.269,6368.0,4.3504,0.6558,0.158694,,
v2c_1086,279616701,v2cal,4-6,2,2,1;2,eb_twin,1.0827004362343164,1325.5090675575366,0.0004361147663967329,0.3311055874076713,0.0004361147663967329,0.0,0.0,1.01521,1.1,5980.0,4.46635,1.0513,0.230101,,
v2c_1087,219752252,v2cal,13-inf,5,5,14;15;16;17;19,planet,16.708619218785785,1683.5355536768966,0.019284044572153946,0.14713597696034345,0.0,0.0,0.0,1.04421,1.16,6132.0,4.46495,1.01881,0.215172,,
v2c_1088,220500424,v2cal,7-12,5,1,1,planet,2.016066697441121,1326.5606986547991,0.00481733425632331,0.20259692063731363,0.0,0.0,0.0,1.61077,1.28,6388.91,4.13121,0.306276,0.0630354,,
v2c_1089,52403906,v2cal,2-3,3,1,2,eb_unequal,0.8516632963751417,1354.3608515935032,0.0003762095003845237,0.80970906992106,4.667499383282257e-05,0.0,0.0,0.901837,0.94,5424.0,4.50094,1.28157,0.302839,,
v2c_1090,423184161,v2cal,4-6,7,1,27,planet,0.5807648718451822,2036.6779194116323,0.0014389421601895503,0.9218625702476659,0.0,0.0,0.0,0.58383,0.574691,3759.0,4.66493,2.88785,0.15677,,
v2c_1091,233727455,v2cal,13-inf,3,3,14;16;17,eb_unequal,1.3771323730598877,1683.6340299346678,0.0023065150993516873,0.8643243992970138,0.0008825743922395989,0.0,0.0,1.44437,1.46,6785.0,4.28306,0.484527,0.111965,,
v2c_1092,279616701,v2cal,4-6,6,3,1;2;3,planet,4.329740651203436,1329.3123212407925,0.03600938182151631,0.9415128537045704,0.0,0.0,0.0,1.01521,1.1,5980.0,4.46635,1.0513,0.230101,,
v2c_1093,331573567,v2cal,2-3,2,2,14;15,planet,2.446334210774888,1684.75881203766,0.0002353151041485444,0.3200816264732772,0.0,0.0,0.0,0.783121,0.81,4926.0,4.5589,1.68655,0.411767,,
v2c_1094,197787189,v2cal,4-6,10,3,2;3;4,planet,23.712927418729763,1365.119284889893,0.005225124010163305,0.5727008768987711,0.0,0.0,0.0,0.832419,0.83,4994.0,4.51646,1.43897,0.361557,,
v2c_1095,147789223,v2cal,4-6,9,2,20;26,planet,0.5777656651581334,1842.5952544110712,0.007962975906693617,0.7080645864255248,0.0,0.0,0.0,0.276825,0.250414,3444.0,4.95232,11.8044,0.105841,,
v2c_1096,117414377,v2cal,4-6,7,1,21,planet,0.5255928390988499,1870.545254335303,0.0021006414386754244,0.23058308180228393,0.0,0.0,0.0,1.13382,1.124,6044.0,4.37975,0.771151,0.164372,,
v2c_1097,177349718,v2cal,13-inf,3,3,5;6;7,eb_ecc,9.47196312840082,1442.9585865711053,0.0005975971263791021,0.2563790708803304,0.0005822815311211865,0.29018414865187686,1.5899141291336298,1.6547,1.26,6345.26,4.101,0.278109,0.0582921,,
v2c_1098,350296771,v2cal,2-3,1,1,6,eb_unequal,17.196072722130715,1467.808801044324,0.002537334274274833,0.11447395972337046,0.0014648131236201039,0.0,0.0,1.48977,1.3,6431.0,4.20577,0.393175,0.0869229,,
v2c_1099,141436215,v2cal,13-inf,8,8,4;5;6;7;8;9;10;11,planet,26.414472863443013,1424.4066787810243,0.0002330715777086078,0.8854861918154782,0.0,0.0,0.0,1.15567,1.06,5850.04,4.33771,0.686765,0.141407,,
v2c_1100,72600876,v2cal,4-6,6,1,36,planet,1.5406856167420984,2281.066113147981,0.008163742033755765,0.4304688064656386,0.0,0.0,0.0,0.921925,0.97,5504.25,4.49545,1.2379,0.258436,,
v2c_1101,237104188,v2cal,13-inf,9,9,14;15;16;17;18;19;20;21;22,eb_unequal,3.6788981698943695,1685.5126613963098,0.016152851541160022,0.9124471406181089,0.010384337834410454,0.0,0.0,1.4138,1.207,6237.0,4.219,0.427112,0.0984705,,
v2c_1102,359557642,v2cal,13-inf,1,1,14,planet,6.88499051915429,1686.6362931396661,0.0018882217564888438,0.7587031203647991,0.0,0.0,0.0,0.874554,0.93,5351.0,4.52298,1.39035,0.320818,,
v2c_1103,57609213,v2cal,2-3,5,1,10,eb_ecc,7.578951911509229,1573.0937228243213,0.023913017698480383,0.35733076785998197,0.007703979430545451,0.34975196026751826,2.5966664512788182,1.32104,1.21,6244.0,4.27902,0.524856,0.119782,,
v2c_1104,230114936,v2cal,7-12,1,1,14,eb_ecc,2.3562249651479856,1684.8930225847284,0.009354593286417497,0.25646000480620096,0.006242162553247838,0.46208035520567803,1.7038097169094257,1.28284,1.1,5983.0,4.26311,0.521039,0.107741,,
v2c_1105,150168739,v2cal,13-inf,5,5,2;3;5;6;7,eb_twin,27.244251953067575,1355.440131588177,0.009187230283703926,0.6153081280571644,0.009187230283703926,0.0,0.0,0.871365,1.11,6010.0,4.60299,1.67773,0.357445,,
v2c_1106,326201351,v2cal,7-12,3,2,18;24,eb_unequal,8.417187915607965,1794.5947322243803,0.0015633968559248647,0.5551253701039484,0.00042550554499314053,0.0,0.0,0.335107,0.316992,3437.0,4.88875,8.4236,0.218423,,
v2c_1107,443588000,v2cal,2-3,8,2,45;46,eb_twin,2.7497091771349913,2526.379223525249,0.01668806311107733,0.7753463387734085,0.01668806311107733,0.0,0.0,1.14189,1.14,6083.0,4.37973,0.765657,0.172096,,
v2c_1108,310098477,v2cal,2-3,4,3,21;22;23,eb_ecc,2.1803055011931893,1872.0226934367527,0.0022161275189817075,0.8393523398746179,0.0014719190299642075,0.4870582746183477,1.77408791726829,1.38818,1.06,5850.0,4.17848,0.396249,0.0810438,,
v2c_1109,367077910,v2cal,7-12,7,6,17;18;19;24;25;26,planet,2.2782729150535976,1765.1217102250846,0.00020873879919755807,0.036906049154944165,0.0,0.0,0.0,1.12445,1.008,5673.0,4.33965,0.70899,0.157541,,
v2c_1110,367857279,v2cal,7-12,10,7,40;47;48;50;51;52;53,planet,14.522284423517528,2398.038152590589,0.008709037986055452,0.44584873745099085,0.0,0.0,0.0,1.81871,1.38,6600.0,4.05842,0.229399,0.0526491,,
v2c_1111,324656458,v2cal,2-3,5,2,27;39,planet,0.9005797094635825,2036.751952770262,0.0010175176350202763,0.43486152162656344,0.0,0.0,0.0,0.744967,0.69,4388.0,4.53264,1.66893,0.471943,,
v2c_1112,150140166,v2cal,13-inf,4,4,1;4;5;6,eb_twin,12.482615738595978,1332.5332738201616,0.013638555943735125,0.04770817353749596,0.013638555943735125,0.0,0.0,0.690063,0.69,4429.0,4.59914,2.09982,0.63562,,
v2c_1113,198236922,v2cal,13-inf,7,7,14;15;16;17;18;19;20,planet,2.9594335972664165,1686.1170537356884,0.02312692792370891,0.09622100178408788,0.0,0.0,0.0,0.904081,0.994,5614.0,4.52304,1.34513,0.30568,,
v2c_1114,229581416,v2cal,7-12,4,4,14;15;16;17,eb_twin,8.667727193943119,1691.5336480578494,0.000813375047187715,0.8549654700695175,0.000813375047187715,0.0,0.0,0.899802,0.889,5218.0,4.47868,1.22028,0.30015,,
v2c_1115,399760463,v2cal,4-6,8,2,16;23,eb_twin,0.6478185971799707,1738.995211159487,0.04096195952710377,0.4981266953528843,0.04096195952710377,0.0,0.0,1.75761,1.24,6307.0,4.04164,0.228378,0.0502579,,
v2c_1116,334831854,v2cal,13-inf,2,2,14;16,planet,5.4767110375712225,1686.8812099732327,0.04903286409736509,0.055580159496728315,0.0,0.0,0.0,0.447632,0.444017,3638.0,4.78363,4.95035,0.22039,,
v2c_1117,422246096,v2cal,2-3,2,1,23,planet,4.045465514471494,1932.104974839118,0.0011118833045325874,0.45062312686956646,0.0,0.0,0.0,0.821531,0.962,5488.0,4.59199,1.73502,0.377715,,
v2c_1118,234509576,v2cal,4-6,2,2,1;2,eb_unequal,0.7708181011562083,1325.4281757823699,0.030109559572837147,0.4347971742699761,0.00994876402377391,0.0,0.0,1.59718,1.18,6181.0,4.10324,0.289612,0.0624706,,
v2c_1119,32050031,v2cal,7-12,7,7,1;2;3;4;6;7;10,eb_ecc,23.461722260420423,1339.8773693180187,0.030595182758844357,0.8989069586683769,0.02058785099856014,0.08220602081991495,1.293707958680135,1.50231,0.96,5467.6,4.06682,0.283134,0.0648406,,
v2c_1120,281930612,v2cal,2-3,5,2,45;46,planet,15.695767085347912,2531.9494753317063,0.017798193589053025,0.7954595474159154,0.0,0.0,0.0,0.457689,0.72,4540.0,4.97426,7.50967,1.87694,,
v2c_1121,405394992,v2cal,2-3,6,1,8,eb_ecc,7.340471171260686,1523.3801943903134,0.009518235829198312,0.505270821845001,0.0030484145944668604,0.18605035514952925,2.6716426599525556,1.01463,1.064,5874.0,4.45239,1.01863,0.22325,,
v2c_1122,357128937,v2cal,13-inf,8,8,14;15;16;17;18;19;20;21,eb_ecc,12.1634018599412,1690.1403767151319,0.001141482528582145,0.858900074863056,0.0008714461792637331,0.2885611971683857,5.89017385269714,1.17379,1.182,6181.0,4.37151,0.730882,0.164993,,
v2c_1123,272750988,v2cal,13-inf,2,2,14;15,planet,4.279896369143427,1687.1746152057492,0.04771798191150567,0.32317406753910405,0.0,0.0,0.0,0.902551,1.003,5652.0,4.52842,1.36422,0.300934,,
v2c_1124,405475827,v2cal,2-3,3,1,12,planet,12.815772119269052,1637.100457358046,0.0018414260199537864,0.5809839796733944,0.0,0.0,0.0,0.884285,0.91,5287.0,4.50392,1.31603,0.311071,,
v2c_1125,232644555,v2cal,4-6,1,1,47,eb_ecc,4.277621656917056,2581.258548956728,0.01364666885450202,0.340523215149568,0.004136143114292153,0.2873050445134155,2.686265021276395,1.231,1.17,6156.0,4.32574,0.627212,0.141246,,
v2c_1126,5738944,v2cal,2-3,7,2,29;42,planet,1.6808284340010373,2089.838963495453,0.004229537930386675,0.6633088735009705,0.0,0.0,0.0,1.10371,1.09,5963.0,4.38978,0.810698,0.169616,,
v2c_1127,258085772,v2cal,2-3,6,1,23,planet,4.83392516769918,1932.7060129117847,0.0009194243432967215,0.35202337003564677,0.0,0.0,0.0,0.870189,0.941,5412.0,4.53243,1.42807,0.317411,,
v2c_1128,26078826,v2cal,4-6,1,1,42,eb_ecc,11.715832117973239,2449.3448047134743,0.00037126804360850386,0.568610618987015,0.0002155930785747693,0.19940585305399053,0.005553990018591864,1.58178,1.38,6602.28,4.17965,0.348688,0.0804769,,
v2c_1129,33878459,v2cal,13-inf,10,5,5;6;7;8;13,planet,13.390535207839607,1447.2757269400445,0.0012423111945017917,0.29577401673301157,0.0,0.0,0.0,0.566553,0.559903,3812.0,4.6797,3.07887,0.162611,,
v2c_1130,470120772,v2cal,4-6,6,4,18;19;24;25,planet,10.919189733450686,1794.8335602035743,0.004775096941695673,0.23467451432075329,0.0,0.0,0.0,1.08984,1.214,6251.0,4.44756,0.937848,0.210199,,
v2c_1131,220594926,v2cal,7-12,7,1,7,eb_twin,15.959666958629503,1494.3990611836848,0.032036826920299744,0.35232570352257997,0.032036826920299744,0.0,0.0,0.865233,0.95,5449.0,4.54152,1.46664,0.331641,,
v2c_1132,404549087,v2cal,2-3,6,1,23,planet,1.5210926035410086,1929.1018414714335,0.005028641491901139,0.4136104802589899,0.0,0.0,0.0,0.947009,0.993,5611.0,4.48231,1.1692,0.256981,,
v2c_1133,235561232,v2cal,4-6,4,3,16;23;24,eb_twin,1.8151895972648555,1740.0430386266669,0.00032391040083633803,0.6131113139814296,0.00032391040083633803,0.0,0.0,0.761575,0.876,5173.0,4.61715,1.9832,0.479284,,
v2c_1134,146713291,v2cal,4-6,7,2,3;4,eb_ecc,2.371283900093538,1383.6960073034952,0.0011687015039021354,0.1709857092372453,0.0004542882326239837,0.4701201037033404,2.7765994175077453,0.788207,0.79,4860.0,4.54241,1.61327,0.44248,,
v2c_1135,141910230,v2cal,4-6,5,5,9;10;11;12;13,eb_unequal,0.5825126212286097,1543.3020132066329,0.026006775635743124,0.23660733232083317,0.01232034983186837,0.0,0.0,1.27522,1.1,5973.21,4.26829,0.530438,0.128615,,
v2c_1136,199633399,v2cal,7-12,4,4,16;18;19;22,eb_unequal,10.598386832883685,1747.7832553064443,0.0004617694633932664,0.7667898534870112,0.00019729191050565223,0.0,0.0,1.25371,1.206,6234.0,4.32302,0.612013,0.140979,,
v2c_1137,231825380,v2cal,4-6,5,2,1;2,planet,1.180559846653611,1326.216885546098,0.0015469555637065602,0.1371658950884442,0.0,0.0,0.0,0.799509,0.95,5461.0,4.61014,1.85889,0.40984,,
v2c_1138,235953116,v2cal,7-12,6,6,17;18;19;20;24;25,planet,26.70365291084622,1768.2365329182019,0.025575636557938427,0.33110275368152337,0.0,0.0,0.0,0.884922,1.06,5862.0,4.56956,1.52965,0.321613,,
v2c_1139,233504880,v2cal,13-inf,5,5,15;16;17;18;19,planet,8.029069434772365,1714.501107261103,0.00041123832463898396,0.9133807255709964,0.0,0.0,0.0,0.900404,1.04,5794.0,4.54623,1.42469,0.316151,,
v2c_1140,200460321,v2cal,2-3,1,1,31,eb_twin,2.7811920388055777,2144.8468828681134,0.0006080736696986477,0.7288260862947031,0.0006080736696986477,0.0,0.0,0.776971,0.77,4779.0,4.54375,1.64163,0.437896,,
v2c_1141,248648883,v2cal,2-3,8,1,5,eb_ecc,28.727902965912115,1439.0995237340805,0.026044521285585934,0.8593630090272995,0.011035999982685672,0.14421177034911764,4.7946521341946795,0.762574,0.9,5248.29,4.62775,2.02954,0.448729,,
v2c_1142,430671343,v2cal,2-3,2,2,15;16,planet,1.8768867439375885,1711.9735252835392,0.0021840479904976055,0.7394973090839159,0.0,0.0,0.0,0.645182,0.66,4199.0,4.63825,2.45752,0.798859,,
v2c_1143,219898343,v2cal,13-inf,7,7,15;16;17;18;19;20;22,planet,0.6508961310093272,1711.665741138932,0.02645237306754081,0.2079507947065146,0.0,0.0,0.0,1.21472,1.192,6205.0,4.3454,0.665048,0.146742,,
v2c_1144,352234671,v2cal,7-12,2,1,56,eb_unequal,29.655151282500455,2851.4441229627973,0.0005998519311720429,0.9089503509344986,0.00027191784176338067,0.0,0.0,1.76317,1.33,6492.0,4.06933,0.242645,0.0570504,,
v2c_1145,233504880,v2cal,13-inf,4,4,15;16;17;18,eb_twin,1.164042766246281,1711.4233670163626,0.009329666121909051,0.8702308504946697,0.009329666121909051,0.0,0.0,0.900404,1.04,5794.0,4.54623,1.42469,0.316151,,
v2c_1146,232538287,v2cal,4-6,3,2,21;22,eb_ecc,0.5933858433992959,1870.5521900758022,0.00022651597426546534,0.5702122071182527,0.00020097578302520443,0.46147962031995027,3.50314278746336,0.920103,0.884,5200.0,4.45685,1.13486,0.268529,,
v2c_1147,356976911,v2cal,13-inf,6,6,14;15;17;18;19;20,eb_unequal,1.2835072638936227,1683.7177064657728,0.00041445548936173586,0.3471540187392062,2.2613417835863543e-05,0.0,0.0,0.7093,0.68,4339.0,4.56892,1.90554,0.545825,,
v2c_1148,144284767,v2cal,7-12,4,1,2,eb_twin,13.901789171717175,1364.7996584250104,0.000893705130976471,0.8504234847472826,0.000893705130976471,0.0,0.0,1.7035,1.11,6003.0,4.02071,0.224542,0.0472882,,
v2c_1149,320340060,v2cal,4-6,9,2,33;34,eb_unequal,2.206006446647859,2202.3020701756504,0.019698531371347288,0.7342968992859128,0.004216135934701172,0.0,0.0,1.14182,1.15,6118.0,4.38357,0.772508,0.161462,,
v2c_1150,219866503,v2cal,7-12,3,3,40;47;48,eb_ecc,2.616798517860493,2391.0159972367746,0.03156179190112541,0.13341389927329497,0.01015110556339827,0.1389130803031472,3.7103234597302013,1.00488,1.06,5847.0,4.45914,1.04463,0.2171,,
v2c_1151,300141025,v2cal,13-inf,4,4,1;2;3;4,eb_ecc,3.953546090552392,1326.3585405271206,0.0005813851945354922,0.2916217473901851,0.0004777687659400652,0.38712109388584587,3.3573562866575304,0.797156,0.83,5020.71,4.55406,1.63851,0.375229,,
v2c_1152,308983576,v2cal,4-6,10,1,9,planet,13.198243653529127,1551.567975802159,0.01649190163834769,0.8238851343589723,0.0,0.0,0.0,1.07274,1.0,5629.6,4.37708,0.810056,0.160955,,
v2c_1153,229898456,v2cal,2-3,3,2,50;51,eb_ecc,8.339657269058947,2667.8036960561976,0.010228442182512834,0.6009910546651641,0.004655262197690281,0.43985872850157115,5.668521005106797,1.13997,1.06,5854.98,4.34959,0.715523,0.15958,,
v2c_1154,47819125,v2cal,13-inf,6,5,14;15;22;25;26,planet,6.236888136164686,1689.4854831293344,0.023825373897034135,0.7957004938965024,0.0,0.0,0.0,1.10597,1.151,6110.0,4.41165,0.850826,0.193551,,
v2c_1155,278198742,v2cal,7-12,1,1,1,eb_ecc,3.9894176647815938,1325.8187351967185,0.0004813520781606159,0.6865012575524818,0.0003644136993588819,0.34270458483257005,0.41691396712235684,0.869955,1.12,6036.0,4.60829,1.70109,0.374202,,
v2c_1156,385997634,v2cal,4-6,5,2,11;12,eb_twin,1.1601453224259801,1597.0372260011302,0.032264364352509324,0.06094071161911274,0.032264364352509324,0.0,0.0,1.54167,1.16,6134.0,4.12654,0.316583,0.073432,,
v2c_1157,61044859,v2cal,4-6,2,1,18,planet,6.389314740493822,1793.962428156138,0.011223430809116744,0.0223410265916201,0.0,0.0,0.0,0.905372,0.91,5293.0,4.48346,1.2262,0.283399,,
v2c_1158,20212152,v2cal,2-3,3,1,24,eb_ecc,1.7850265350308328,1957.3243132884438,0.0006214130571114679,0.043581158157889134,0.0001910206537967836,0.18540272616077416,3.4550998955227676,0.917243,1.067,5884.15,4.54126,1.38265,0.272956,,
v2c_1159,237228873,v2cal,13-inf,4,4,14;15;16;17,planet,0.5813960911734329,1683.8479831006316,0.010374102235989594,0.7412883653037757,0.0,0.0,0.0,1.30156,1.342,6522.0,4.33689,0.608637,0.138919,,
v2c_1160,393796033,v2cal,2-3,4,2,5;6,planet,0.9435515586506428,1438.0474135893248,0.0038163835606396814,0.8106955385464866,0.0,0.0,0.0,1.14427,1.014,5696.0,4.32705,0.676787,0.142905,,
v2c_1161,63627476,v2cal,2-3,6,1,18,planet,2.84013162017944,1792.0051750949697,0.011726993072461677,0.6101332195259839,0.0,0.0,0.0,0.74403,0.88,5203.0,4.63937,2.13654,0.544827,,
v2c_1162,117123472,v2cal,4-6,3,3,44;45;46,eb_ecc,9.325534146925978,2508.818293054767,0.0040741457650380454,0.025005431400410047,0.003919564719477389,0.3554149149727687,6.211694546478243,0.91503,1.047,5817.98,4.53514,1.3666,0.267145,,
v2c_1163,294928018,v2cal,13-inf,6,1,7,eb_twin,12.661972500277999,1503.0293150864857,0.003530883142130778,0.7882508147087688,0.003530883142130778,0.0,0.0,1.0676,0.91,5312.56,4.34029,0.747854,0.159555,,
v2c_1164,55758201,v2cal,13-inf,8,8,1;2;3;4;5;7;8;9,planet,3.4344433038911,1325.518576833909,0.04508601167500484,0.6785096554641267,0.0,0.0,0.0,0.585301,0.575927,3835.0,4.66368,2.8723,0.154412,,
v2c_1165,159501153,v2cal,7-12,1,1,19,planet,18.156595943213823,1834.095764015529,0.025432967824028704,0.9041764528823478,0.0,0.0,0.0,0.459598,0.456749,3375.0,4.77299,4.70482,0.210226,,
v2c_1166,308747556,v2cal,2-3,3,2,9;10,eb_unequal,2.8799697075541686,1546.0382867741262,0.01179977018522536,0.4708529833821861,0.008650219585504524,0.0,0.0,1.84796,1.29,6408.0,4.01527,0.204414,0.0455973,,
v2c_1167,196523034,v2cal,2-3,2,1,17,eb_unequal,5.49641911196401,1765.1872403742327,0.0039557810196387344,0.14472730289787028,0.002797449251317283,0.0,0.0,0.723019,0.874,5166.0,4.66128,2.3124,0.572516,,
v2c_1168,281930612,v2cal,2-3,6,2,45;46,eb_twin,28.46951338469868,2529.9674499232146,0.035466944747943305,0.9398277575598859,0.035466944747943305,0.0,0.0,0.457689,0.72,4540.0,4.97426,7.50967,1.87694,,
v2c_1169,88381767,v2cal,2-3,9,2,105;106,planet,3.4245353826936515,4207.493757930681,0.00831516480073394,0.6568908070704569,0.0,0.0,0.0,1.23291,1.05,5833.0,4.2774,0.560273,0.119332,,
v2c_1170,74787842,v2cal,4-6,4,2,8;9,planet,4.448529511761274,1518.7566033477783,0.04084722117557396,0.4329991262704198,0.0,0.0,0.0,1.33229,1.4,6658.0,4.335,0.592014,0.136405,,
v2c_1171,102720812,v2cal,2-3,4,3,19;25;26,planet,1.6305093786114628,1816.6090175137647,0.00242454483999854,0.5035516666333515,0.0,0.0,0.0,1.33828,1.237,6301.0,4.27735,0.516099,0.121354,,
v2c_1172,34821191,v2cal,4-6,7,1,18,eb_twin,2.4586316737301495,1791.3941853716697,0.0029718213444950704,0.46381565803464747,0.0029718213444950704,0.0,0.0,1.01966,1.045,5810.52,4.44027,0.9857,0.270483,,
v2c_1173,55758201,v2cal,13-inf,1,1,1,eb_twin,10.843086338433867,1334.7294953084108,0.006378405097949805,0.1586033857749279,0.006378405097949805,0.0,0.0,0.585301,0.575927,3835.0,4.66368,2.8723,0.154412,,
v2c_1174,233094762,v2cal,7-12,5,5,14;15;16;17;18,eb_ecc,4.332333593872924,1684.4488905693938,0.00037262804741890546,0.8146166712916451,0.00029252406722589624,0.14430972956534172,0.9827272316646927,1.14035,1.152,6113.0,4.38545,0.77686,0.16885,,
v2c_1175,377187995,v2cal,2-3,3,1,23,eb_ecc,2.7691943833918473,1929.1796883640125,0.042843111218132536,0.10448671942819932,0.0415339823110783,0.28423931226971294,0.23793445225427345,1.05771,1.033,5767.0,4.40343,0.872967,0.191426,,
v2c_1176,339632743,v2cal,7-12,2,2,27;28,planet,4.772588392420953,2037.3077981570898,0.00020001024046670195,0.6115081272940611,0.0,0.0,0.0,0.746281,0.88,5170.1,4.63674,2.11726,0.580886,,
v2c_1177,441153565,v2cal,2-3,9,1,4,planet,0.5442185048854299,1411.3679577143455,0.0010956952573799763,0.017301219606575834,0.0,0.0,0.0,0.836255,0.99,5600.0,4.58903,1.69285,0.356437,,
v2c_1178,282171504,v2cal,4-6,3,2,14;15,planet,0.568015591339476,1683.4195350154152,0.023923517919331613,0.6621578857100603,0.0,0.0,0.0,1.86495,1.403,6657.0,4.04379,0.216301,0.0525167,,
v2c_1179,33839044,v2cal,13-inf,3,3,1;2;3,planet,3.6252564850146998,1326.333591117529,0.0011601295681581026,0.16866840981558776,0.0,0.0,0.0,0.539821,0.536007,3846.0,4.70274,3.40738,0.174552,,
v2c_1180,67475670,v2cal,2-3,4,3,45;46;49,planet,18.898357595462898,2535.934164764136,0.000439571758027388,0.785893563870874,0.0,0.0,0.0,1.05384,1.11,6013.31,4.43784,0.948408,0.176558,,
v2c_1181,172292753,v2cal,4-6,3,1,20,planet,12.520730986339487,1848.9131052764285,0.00883378964378504,0.5881589777220414,0.0,0.0,0.0,1.53578,1.357,6554.0,4.19799,0.374618,0.0845087,,
v2c_1182,311234972,v2cal,13-inf,7,7,14;15;17;18;19;20;21,planet,0.6018057390507214,1683.7992599839877,0.005797775193500095,0.1978523891326864,0.0,0.0,0.0,0.511008,0.508829,3814.0,4.72778,3.81319,0.191509,,
v2c_1183,265531469,v2cal,2-3,10,1,8,planet,20.963913202787097,1528.9919087441958,0.0034065590772874087,0.36688675228738993,0.0,0.0,0.0,0.805781,0.978,5550.93,4.61597,1.86934,0.4545,,
v2c_1184,141910606,v2cal,13-inf,4,4,1;2;3;4,planet,1.4652698708528897,1325.3439687199302,0.0005393607222671989,0.326400228159408,0.0,0.0,0.0,1.3723,1.43,6730.0,4.31851,0.553338,0.12841,,
v2c_1185,293267910,v2cal,13-inf,1,1,2,planet,3.8282294429904207,1357.9247201779667,0.03898200847453087,0.6273060609358115,0.0,0.0,0.0,1.36561,0.92,5338.0,4.1312,0.361248,0.0878747,,
v2c_1186,229772186,v2cal,4-6,5,5,47;48;49;50;51,eb_twin,22.697795835374343,2589.207516001198,0.000780916560642228,0.05605004922829356,0.000780916560642228,0.0,0.0,1.16205,1.04,5796.0,4.32465,0.66276,0.141533,,
v2c_1187,290604534,v2cal,2-3,2,2,27;28,eb_unequal,1.095046513604333,2037.221886988922,0.025130639423260742,0.049496269746937396,0.017471897999137107,0.0,0.0,0.705599,0.85,5094.0,4.67037,2.41961,0.626104,,
v2c_1188,417707531,v2cal,4-6,8,4,18;19;24;25,planet,5.3144736820363665,1793.1706909099505,0.002181353875169163,0.9471923032184086,0.0,0.0,0.0,1.59167,1.264,6359.0,4.13611,0.313466,0.0735831,,
v2c_1189,137606469,v2cal,2-3,2,2,14;26,planet,0.8398922996131414,1683.6825202137543,0.00038333793429553566,0.12151194347571909,0.0,0.0,0.0,0.885726,1.075,5910.0,4.57488,1.54707,0.334742,,
v2c_1190,303365807,v2cal,2-3,4,2,42;43,planet,1.1141958067708995,2447.934996604939,0.010683999644437349,0.35667249670982626,0.0,0.0,0.0,1.16999,1.0,5621.0,4.3017,0.624388,0.133523,,
v2c_1191,95432896,v2cal,2-3,10,3,45;46;48,eb_unequal,11.641406098186973,2530.598007796504,0.018293216604900273,0.7577475771860958,0.0014853633162321465,0.0,0.0,1.00564,1.14,6085.0,4.49009,1.12092,0.241663,,
v2c_1192,38570601,v2cal,7-12,10,10,27;28;29;30;31;35;36;37;38;39,planet,16.629623040467916,2042.6035833453789,0.0027094759970434754,0.09300791759489427,0.0,0.0,0.0,1.47127,1.25,6321.95,4.19959,0.392491,0.0918273,,
v2c_1193,458646284,v2cal,2-3,8,2,45;46,planet,20.22095424448322,2540.4850756278324,0.00021371777499539868,0.8788503898922433,0.0,0.0,0.0,0.6407,0.677,4330.0,4.65535,2.57409,0.840434,,
v2c_1194,356919787,v2cal,7-12,4,4,14;15;16;17,planet,13.67802805121374,1691.068242559827,0.03477306389360901,0.13693757069548945,0.0,0.0,0.0,1.26404,1.4,6651.0,4.38067,0.693177,0.166647,,
v2c_1195,274226319,v2cal,4-6,7,2,12;13,planet,0.7234858191258199,1625.0740478233233,0.0003872652743029862,0.4794315599290994,0.0,0.0,0.0,0.933332,1.09,5943.0,4.53542,1.34066,0.305048,,
v2c_1196,230087941,v2cal,13-inf,6,6,14;15;16;17;18;19,planet,11.186717073545664,1694.403052638905,0.002923968127347557,0.8545019560827433,0.0,0.0,0.0,0.795054,0.963,5495.0,4.6209,1.91618,0.430849,,
v2c_1197,362256785,v2cal,13-inf,7,7,14;15;16;17;18;19;20,planet,7.2571503361917955,1686.1448196651522,0.020891743670082286,0.771139275250578,0.0,0.0,0.0,1.23113,1.276,6383.0,4.36331,0.683817,0.164353,,
v2c_1198,149741603,v2cal,2-3,2,1,34,eb_twin,1.6364510220459385,2230.094784971916,0.01245318022820696,0.08778201390758965,0.01245318022820696,0.0,0.0,1.30144,1.385,6616.0,4.35067,0.628315,0.14769,,
v2c_1199,143024848,v2cal,4-6,4,1,9,planet,8.272104324829696,1544.8670351466396,0.0016653478192183654,0.44297877897150456,0.0,0.0,0.0,0.904583,1.0,5643.0,4.52517,1.351,0.300659,,
v2c_1200,50439803,v2cal,2-3,2,2,1;2,planet,0.5378910686152472,1325.8404106714681,0.006734542140932301,0.160746271227,0.0,0.0,0.0,1.07596,1.03,5740.4,4.38731,0.826881,0.16493,,
v2c_1201,261091639,v2cal,7-12,1,1,1,planet,3.259566831905341,1327.053355033457,0.002405097789931473,0.14569382554039312,0.0,0.0,0.0,0.553844,0.72,4571.0,4.80862,4.23809,1.09131,,
v2c_1202,459865437,v2cal,4-6,6,4,19;20;25;26,eb_ecc,25.493266921381633,1835.8990034390245,0.00044898808575412016,0.21427099299749683,0.0004439234700685321,0.4473854964514089,0.08272040041548222,1.4537,1.2,6227.0,4.1923,0.390624,0.0876964,,
v2c_1203,172518675,v2cal,4-6,4,1,21,eb_unequal,1.618139211462787,1871.936622450512,0.0009036326256267049,0.15956744594375985,9.810793726918097e-05,0.0,0.0,0.644646,0.64,4118.0,4.6256,2.389,0.855549,,
v2c_1204,34468360,v2cal,2-3,1,1,6,planet,1.0238092355641955,1466.1005496050814,0.04597365814904547,0.024992733522218466,0.0,0.0,0.0,0.7909,0.91,5294.0,4.60087,1.8394,0.412876,,
v2c_1205,418386461,v2cal,2-3,3,2,11;12,eb_twin,11.668753485013186,1602.848059770095,0.00043846097073181156,0.43703889746965613,0.00043846097073181156,0.0,0.0,1.0502,0.98,5546.0,4.38675,0.846086,0.188613,,
v2c_1206,219167241,v2cal,4-6,2,2,5;7,planet,2.4709275988336263,1438.5843570729705,0.016221254826011704,0.5481170369409559,0.0,0.0,0.0,0.756351,0.9,5244.0,4.63486,2.08005,0.493164,,
v2c_1207,157118870,v2cal,4-6,1,1,10,eb_ecc,11.695057625840946,1579.1493978391447,0.04333404652801187,0.46949571506451404,0.03715397474210598,0.2831111903632398,3.1130774292212666,0.77668,0.83,5007.0,4.57666,1.77154,0.445536,,
v2c_1208,301021917,v2cal,2-3,4,2,30;31,planet,10.038584914556932,2120.4228253864203,0.000689636689398141,0.5957639429463568,0.0,0.0,0.0,1.52375,1.19,6199.5,4.14779,0.336363,0.0765242,,
v2c_1209,196523034,v2cal,2-3,9,1,17,planet,3.4809267294488118,1766.087268304417,0.04259160369224632,0.5211926806436804,0.0,0.0,0.0,0.723019,0.874,5166.0,4.66128,2.3124,0.572516,,
v2c_1210,230198647,v2cal,4-6,4,4,16;22;23;24,planet,3.0369491466729643,1740.362707443785,0.016627524725589957,0.19773189484570888,0.0,0.0,0.0,1.18469,1.108,6003.57,4.3354,0.666392,0.168271,,
v2c_1211,28769644,v2cal,2-3,4,2,14;26,planet,5.452032680188243,1686.8676175396085,0.0065969986614558464,0.9463297049032008,0.0,0.0,0.0,1.24613,1.269,6368.0,4.3504,0.6558,0.158694,,
v2c_1212,99920000,v2cal,4-6,5,3,14;15;21,eb_twin,10.362073823164641,1686.9158510338789,0.0009195249811585533,0.13093947709644826,0.0009195249811585533,0.0,0.0,1.04444,1.014,5696.0,4.40633,0.889982,0.190536,,
v2c_1213,258029388,v2cal,2-3,1,1,42,planet,0.5837730345743825,2447.7544830753136,0.0003992613455780563,0.02921197347878659,0.0,0.0,0.0,1.02726,0.993,5611.53,4.41165,0.91602,0.23216,,
v2c_1214,166282414,v2cal,2-3,8,1,13,planet,0.6249072866040143,1654.122517065504,0.00030255252368486494,0.7289325751215351,0.0,0.0,0.0,1.00659,1.13,6048.0,4.48544,1.10795,0.250088,,
v2c_1215,272680841,v2cal,13-inf,2,2,14;15,planet,1.0553103436058366,1683.6772992212286,0.006331467896070032,0.8037814036190534,0.0,0.0,0.0,1.01702,1.01,5698.0,4.42773,0.960146,0.218903,,
v2c_1216,258954539,v2cal,13-inf,8,8,14;15;16;17;18;19;21;22,planet,9.910005138590153,1691.0514685037115,0.0004898295764147713,0.027670580198943577,0.0,0.0,0.0,0.933314,0.919,5328.0,4.46133,1.1304,0.259157,,
v2c_1217,29781101,v2cal,13-inf,8,8,1;2;3;4;6;7;8;9,eb_twin,17.64704342492042,1341.1748991590896,0.0002765812598678329,0.2664332491786857,0.0002765812598678329,0.0,0.0,0.982814,0.96,5472.92,4.4354,1.01125,0.22593,,
v2c_1218,310001905,v2cal,7-12,1,1,40,eb_unequal,6.7609308831298875,2394.464372004791,0.01869950558620379,0.23564843872054494,0.012293434506130537,0.0,0.0,0.952208,1.14,6082.0,4.53751,1.32041,0.287818,,
v2c_1219,197883618,v2cal,7-12,10,3,2;3;4,planet,5.032905029014123,1358.867743207252,0.00030631408198407976,0.6614092974738293,0.0,0.0,0.0,1.25757,1.04,5794.1,4.25604,0.522923,0.106284,,
v2c_1220,248648883,v2cal,2-3,10,1,5,planet,12.564411012114952,1447.821358923096,0.0030026327913532267,0.6850402664802423,0.0,0.0,0.0,0.762574,0.9,5248.29,4.62775,2.02954,0.448729,,
v2c_1221,365232678,v2cal,4-6,2,2,31;42,planet,2.5633199756502645,2145.5414006083747,0.0006134034004609318,0.3013511083624829,0.0,0.0,0.0,1.02047,1.006,5662.78,4.42307,0.946667,0.282049,,
v2c_1222,237117512,v2cal,13-inf,9,9,14;15;16;17;18;19;20;21;22,planet,0.5917422610048831,1683.469685673472,0.00808234905161472,0.11091274978946461,0.0,0.0,0.0,1.14226,1.017,5705.43,4.32986,0.682372,0.149225,,
v2c_1223,243151019,v2cal,2-3,3,1,17,eb_unequal,9.99608869463548,1773.6533973478372,0.010355673141551149,0.5441952242403599,0.0007391246520753853,0.0,0.0,1.11798,1.19,6200.0,4.41675,0.851624,0.185852,,
v2c_1224,57609213,v2cal,2-3,8,1,10,planet,0.970321674194421,1569.768382767537,0.0017690272455439305,0.848417854068939,0.0,0.0,0.0,1.32104,1.21,6244.0,4.27902,0.524856,0.119782,,
v2c_1225,382159282,v2cal,13-inf,8,8,1;2;3;4;5;6;7;8,eb_unequal,4.759048478826076,1325.6832778140172,0.00030706794914126705,0.17645347422972849,2.708794418833351e-05,0.0,0.0,1.52391,1.44,6736.0,4.23051,0.406897,0.0943644,,
v2c_1226,219428470,v2cal,7-12,8,8,14;17;18;19;20;21;22;23,eb_ecc,0.8455102229001124,1683.8423962070283,0.0012497885942050176,0.163854834771224,0.0011569954503986165,0.37623949801194023,5.665422624985444,1.29124,1.137,6077.0,4.27182,0.528134,0.112511,,
v2c_1227,290236103,v2cal,4-6,5,1,27,planet,7.623265211720958,2036.4870846348454,0.0019747756160748958,0.08030604378559142,0.0,0.0,0.0,0.263957,0.236115,3239.0,4.96812,12.8388,0.0672096,,
v2c_1228,55652005,v2cal,7-12,3,3,4;5;6,planet,6.375497148114944,1413.16948239321,0.02761636226530213,0.004611644861667618,0.0,0.0,0.0,1.6668,1.19,6200.34,4.06985,0.256977,0.051793,,
v2c_1229,358112861,v2cal,4-6,4,4,87;88;89;93,planet,3.839623963613867,3663.701420490078,0.002307940516259794,0.13749923334041178,0.0,0.0,0.0,1.48909,1.05,5830.0,4.11342,0.318002,0.0684944,,
v2c_1230,341630038,v2cal,4-6,3,3,14;19;20,planet,0.5078801950146491,1683.6132815285869,0.001285377913511297,0.7194878537359071,0.0,0.0,0.0,1.0777,1.124,6044.0,4.42384,0.898004,0.198763,,
v2c_1231,230065783,v2cal,13-inf,10,8,14;15;16;20;21;22;23;26,eb_unequal,17.45972478839673,1693.9984511756672,0.0003602751539944222,0.3727788340207994,4.4113490934782535e-05,0.0,0.0,1.06545,1.175,6166.0,4.45304,0.971494,0.211642,,
v2c_1232,232076054,v2cal,2-3,9,2,1;2,eb_ecc,0.6417644590629356,1325.838975387486,0.006307272620362846,0.323626414976684,0.002703560358132982,0.38198621315032366,5.530083059127854,1.56481,1.43,6713.7,4.20448,0.373208,0.0815912,,
v2c_1233,120461208,v2cal,2-3,7,1,2,planet,2.245776055797216,1356.2477505815698,0.015402167026894793,0.6002129849794575,0.0,0.0,0.0,1.15139,1.18,6174.56,4.38751,0.773068,0.164859,,
v2c_1234,149741603,v2cal,2-3,3,1,34,eb_unequal,1.0427249425637635,2229.0968888953958,0.001247632100308671,0.1360870323441845,0.0005106412338190911,0.0,0.0,1.30144,1.385,6616.0,4.35067,0.628315,0.14769,,
v2c_1235,198182246,v2cal,13-inf,2,2,14;15,planet,6.706421581136011,1689.3906157449621,0.0009576745725065517,0.881767329549831,0.0,0.0,0.0,1.0688,1.099,5980.0,4.42127,0.900143,0.189119,,
v2c_1236,341816295,v2cal,13-inf,8,8,14;15;16;17;18;19;20;21,planet,2.5828606489278276,1684.6482055122276,0.006417706477372096,0.2828653044153303,0.0,0.0,0.0,0.57975,0.571244,3943.0,4.66841,2.93156,0.157315,,
v2c_1237,180567838,v2cal,2-3,1,1,22,planet,1.4623835356762904,1900.7421077588076,0.04528876544070874,0.0902673571918786,0.0,0.0,0.0,1.23094,1.21,6244.4,4.34038,0.648739,0.157067,,
v2c_1238,229738891,v2cal,7-12,9,9,14;15;17;18;19;20;21;22;23,eb_unequal,0.6477494549392033,1683.8806608165326,0.01877393601521043,0.19412532194593807,0.005972331276227016,0.0,0.0,0.734523,0.993,5610.0,4.70301,2.50572,0.555608,,
v2c_1239,258461740,v2cal,13-inf,2,2,14;15,eb_twin,0.535027880173137,1683.806256019764,0.0018432146337528277,0.9417797416220034,0.0018432146337528277,0.0,0.0,0.953965,1.08,5934.0,4.51243,1.24402,0.23835,,
v2c_1240,167721974,v2cal,7-12,8,8,27;28;29;30;31;32;33;34,planet,3.326336647093946,2038.1382495646062,0.03102621019479583,0.6714795085281042,0.0,0.0,0.0,1.54374,1.41,6682.0,4.21014,0.383262,0.0916181,,
v2c_1241,159614563,v2cal,7-12,3,3,14;15;16,eb_unequal,1.389059673506976,1683.8608684607127,0.01332072068349883,0.7801710286887963,0.0029779486194086713,0.0,0.0,0.895453,1.052,5836.0,4.556,1.46517,0.314079,,
v2c_1242,356631941,v2cal,4-6,4,3,14;20;21,planet,0.7393759272288738,1683.8756170765557,0.0011442212386839617,0.6751948651707705,0.0,0.0,0.0,1.16315,1.13,6060.0,4.35987,0.718075,0.154851,,
v2c_1243,286055732,v2cal,4-6,6,1,8,eb_twin,6.333482639851876,1517.5902387055496,0.0006016301413736876,0.42589661932514294,0.0006016301413736876,0.0,0.0,0.848357,0.95,5442.92,4.55863,1.55592,0.387298,,
v2c_1244,31652979,v2cal,7-12,10,3,1;2;3,eb_twin,3.6346128629278245,1325.354104221572,0.003841322159957188,0.33360380632606185,0.003841322159957188,0.0,0.0,0.85037,0.94,5388.0,4.55198,1.52864,0.35326,,
v2c_1245,389856146,v2cal,2-3,10,2,5;6,planet,6.824409247055334,1440.388108600849,0.04467847972675094,0.5191558893984406,0.0,0.0,0.0,0.960708,1.072,5901.0,4.50308,1.20899,0.27167,,
v2c_1246,313485314,v2cal,4-6,9,4,14;15;20;21,planet,3.848927919765821,1685.552087458122,0.0010047435075767122,0.08529376773813868,0.0,0.0,0.0,1.15025,1.203,6229.0,4.39675,0.790478,0.173527,,
v2c_1247,21017001,v2cal,4-6,6,3,14;25;26,eb_twin,1.3120608758113745,1683.6302293864928,0.0034824307866001647,0.8934616595036644,0.0034824307866001647,0.0,0.0,0.730633,0.87,5132.94,4.65019,2.2306,0.468602,,
v2c_1248,160297967,v2cal,4-6,7,4,40;41;48;53,planet,0.582730906534736,2390.745108074171,0.013657261155020476,0.18182129161633312,0.0,0.0,0.0,1.02774,1.13,6051.0,4.46738,1.04096,0.2217,,
v2c_1249,282171504,v2cal,4-6,5,2,14;15,planet,1.4299566174804383,1684.6208069340014,0.00036422893137108667,0.3057098492611056,0.0,0.0,0.0,1.86495,1.403,6657.0,4.04379,0.216301,0.0525167,,
v2c_1250,459957047,v2cal,7-12,7,6,14;19;20;21;25;26,planet,12.673730058916233,1693.6971279095212,0.0003055009310593451,0.1957984045315413,0.0,0.0,0.0,0.999181,1.17,6154.0,4.50697,1.17288,0.270282,,
v2c_1251,356919787,v2cal,7-12,8,8,14;15;16;17;18;19;20;21,planet,3.0751743854772053,1683.4315671647614,0.0004583561823452086,0.07961676423076348,0.0,0.0,0.0,1.26404,1.4,6651.0,4.38067,0.693177,0.166647,,
v2c_1252,142349164,v2cal,4-6,8,2,21;22,planet,2.0210060658431703,1871.528603474728,0.0017043382980930898,0.15113965456751255,0.0,0.0,0.0,1.03987,1.005,5660.0,4.40628,0.89378,0.178644,,
v2c_1253,198206463,v2cal,13-inf,2,2,14;15,planet,1.14143274444398,1684.334694623244,0.029020545723921497,0.8512387958593984,0.0,0.0,0.0,1.12775,1.096,5971.0,4.37345,0.764142,0.16619,,
v2c_1254,269662152,v2cal,7-12,7,4,15;16;25;26,eb_twin,7.198068245721662,1714.3140909984709,0.0041342068602313225,0.49706136561374736,0.0041342068602313225,0.0,0.0,1.90869,1.408,6669.0,4.0252,0.202488,0.0479784,,
v2c_1255,238037356,v2cal,7-12,4,2,32;36,planet,5.3769656131756385,2173.173755277209,0.014780373973934988,0.873143284991525,0.0,0.0,0.0,1.93539,1.5,6891.0,4.04062,0.206911,0.0453858,,
v2c_1256,356976911,v2cal,13-inf,9,9,14;15;17;18;19;20;21;22;23,planet,15.18170231135998,1698.2391250248345,0.04381246838789227,0.8753930891660766,0.0,0.0,0.0,0.7093,0.68,4339.0,4.56892,1.90554,0.545825,,
v2c_1257,22237080,v2cal,2-3,9,1,9,planet,0.5049220086714439,1543.4481563535594,0.0026771834607283037,0.8578295755672875,0.0,0.0,0.0,0.740573,0.95,5447.0,4.67666,2.33894,0.50417,,
v2c_1258,201309511,v2cal,4-6,5,2,1;2,eb_ecc,15.907041445431824,1328.1828175248404,0.0004220300382211104,0.790815172605479,0.0002824218516880219,0.37655452667261236,3.205743240461437,1.08044,1.04,5791.0,4.3879,0.824581,0.163493,,
v2c_1259,339577695,v2cal,7-12,10,2,1;2,planet,1.5942349984558337,1326.598535418094,0.0006632153230708284,0.5438524371472877,0.0,0.0,0.0,1.35755,1.19,6209.9,4.2481,0.475637,0.102826,,
v2c_1260,233051360,v2cal,13-inf,4,4,14;15;16;17,planet,8.020924641837762,1689.6891316582419,0.01788349841963081,0.8704082621217721,0.0,0.0,0.0,1.11325,1.114,6020.0,4.39177,0.807431,0.176151,,
v2c_1261,230071682,v2cal,13-inf,2,2,14;15,eb_unequal,7.574698862873243,1683.9834377931716,0.020805926602066063,0.6286618032344463,0.0018524437431540837,0.0,0.0,1.57617,1.0,5638.0,4.04286,0.255381,0.0570056,,
v2c_1262,25154154,v2cal,7-12,6,6,4;5;6;7;8;10,eb_unequal,2.0822910703266877,1412.9807266560144,0.022320000123437954,0.057365983073480106,0.0013102088086245059,0.0,0.0,1.01069,0.99,5605.63,4.42447,0.958915,0.197117,,
v2c_1263,199633399,v2cal,7-12,7,7,16;18;19;22;24;25;26,eb_ecc,1.191039627635809,1739.6779830415205,0.03488907237465817,0.8536787501385144,0.011557046851884434,0.1036709119576406,2.0422958062996335,1.25371,1.206,6234.0,4.32302,0.612013,0.140979,,
v2c_1264,398338027,v2cal,7-12,9,4,40;47;52;53,planet,1.7103658821320378,2391.8355827811292,0.026819647676689692,0.9201345072362946,0.0,0.0,0.0,1.44135,1.048,5821.0,4.14089,0.349986,0.0752781,,
v2c_1265,335746280,v2cal,7-12,10,1,15,eb_ecc,14.89170621727186,1719.9592252240184,0.00043927634464718384,0.33647247477502096,0.000402769297539126,0.15666676571411173,5.096269405539518,0.457832,0.454884,3684.0,4.77456,4.74004,0.21027,,
v2c_1266,287259708,v2cal,7-12,7,6,14;15;16;17;20;23,planet,4.322913607870387,1686.812095622506,0.0008624530421771162,0.9210844942294629,0.0,0.0,0.0,1.22363,1.179,6175.0,4.33428,0.643524,0.142578,,
v2c_1267,375090431,v2cal,13-inf,7,7,1;2;3;4;5;6;7,planet,2.260675636294742,1326.2262449039606,0.03780419665743649,0.16234289815733974,0.0,0.0,0.0,1.47125,1.27,6361.0,4.2065,0.398789,0.0903062,,
v2c_1268,219752252,v2cal,13-inf,6,6,14;15;16;17;19;20,eb_twin,7.373249331215088,1683.9734588792712,0.001283366872544479,0.6956222206099735,0.001283366872544479,0.0,0.0,1.04421,1.16,6132.0,4.46495,1.01881,0.215172,,
v2c_1269,238060684,v2cal,4-6,10,3,6;7;8,eb_ecc,12.762180443516318,1471.2026583982517,0.0014309734610924532,0.41462538396720783,0.0008909228051636177,0.4678731830675267,4.101591754461373,1.1361,1.03,5761.0,4.34007,0.702403,0.148213,,
v2c_1270,282049722,v2cal,13-inf,8,3,6;10;12,eb_ecc,14.325879164636827,1466.568972186674,0.002849212286547504,0.05418968404636091,0.002415695431864664,0.08790237564520155,4.997427021814725,0.373741,0.361566,3478.0,4.85111,6.92589,0.235415,,
v2c_1271,387353607,v2cal,2-3,6,2,17;18,planet,6.944973168142527,1767.114297063061,0.0007277091615686625,0.8868184914024126,0.0,0.0,0.0,0.655082,0.682,4360.0,4.63926,2.42603,0.749358,,
v2c_1272,199684892,v2cal,7-12,9,8,16;19;20;22;23;24;25;26,planet,8.78045659927585,1742.930276518769,0.003672855047314285,0.8552636072616755,0.0,0.0,0.0,0.879509,1.044,5808.0,4.56829,1.53455,0.317852,,
v2c_1273,441742021,v2cal,13-inf,8,8,14;15;16;17;18;19;20;21,planet,4.226501893187633,1683.5161024155366,0.040410444124255894,0.05900368477589211,0.0,0.0,0.0,1.19105,1.18,6178.0,4.35809,0.698373,0.161598,,
v2c_1274,159289196,v2cal,7-12,4,4,14;15;19;20,eb_ecc,1.7683049512594489,1683.8393818662623,0.02632791482256359,0.17931746574041846,0.022521281375908482,0.15761132462559552,1.4594640072017449,0.732197,0.89,5226.0,4.6582,2.26729,0.519042,,
v2c_1275,233743348,v2cal,7-12,1,1,15,eb_unequal,13.960829857335652,1725.0882450649392,0.0009182808011392199,0.2098943708393421,0.00033610687119256446,0.0,0.0,0.803074,0.933,5380.0,4.59844,1.80142,0.416835,,
v2c_1276,357233448,v2cal,7-12,8,3,19;20;26,planet,1.6176164411996625,1816.9861794327921,0.0016266762813147166,0.7903287710345253,0.0,0.0,0.0,0.812767,0.89,5236.0,4.56753,1.65764,0.403078,,
v2c_1277,233079504,v2cal,7-12,3,3,14;15;16,planet,0.5207981285109654,1683.5624790262548,0.014323099785746156,0.8208479848260065,0.0,0.0,0.0,1.37233,1.233,6293.0,4.25412,0.477078,0.107106,,
v2c_1278,237098343,v2cal,13-inf,5,5,14;15;16;17;18,planet,2.4529572481687385,1685.735870661615,0.018479478413256926,0.2180087917679126,0.0,0.0,0.0,1.20712,1.15,6097.0,4.33527,0.653804,0.141603,,
v2c_1279,457161589,v2cal,2-3,3,1,5,planet,0.8358014994581592,1438.375287251429,0.000701652761564781,0.903419968991798,0.0,0.0,0.0,1.01274,1.05,5840.4,4.44826,1.01086,0.196266,,
v2c_1280,219104847,v2cal,13-inf,9,9,14;15;16;17;18;19;20;21;22,eb_unequal,12.128059412548152,1691.2844296304374,0.04084505734836333,0.7428219696254997,0.031092786841334822,0.0,0.0,0.942452,1.091,5958.0,4.52737,1.30331,0.279739,,
v2c_1281,142634134,v2cal,7-12,9,3,14;20;21,planet,2.9596863983958372,1684.4248796860406,0.023398278434951878,0.8558087945914172,0.0,0.0,0.0,0.385854,0.375427,3370.0,4.83975,6.53516,0.231218,,
v2c_1282,357498149,v2cal,13-inf,7,7,14;15;16;17;18;19;20,eb_unequal,11.286741237902637,1690.8740107145156,0.010358109797735658,0.17309332284307652,0.00408635888834133,0.0,0.0,1.52568,1.371,6585.0,4.20818,0.38605,0.0865285,,
v2c_1283,290604534,v2cal,2-3,8,2,27;28,planet,15.095307174447333,2041.5324790129227,0.00031013580228636127,0.4703196233036395,0.0,0.0,0.0,0.705599,0.85,5094.0,4.67037,2.41961,0.626104,,
v2c_1284,138110412,v2cal,2-3,2,2,19;20,planet,0.6256253002351284,1816.4712947656444,0.0003643100013522624,0.006818064285120894,0.0,0.0,0.0,0.833424,0.983,5573.0,4.58889,1.69807,0.383958,,
v2c_1285,352316369,v2cal,4-6,9,1,13,eb_twin,4.277533139680792,1656.2785981261077,0.013248864007653256,0.9373989192800789,0.013248864007653256,0.0,0.0,0.967831,1.0,5625.36,4.46647,1.10306,0.25565,,
v2c_1286,202510861,v2cal,7-12,8,6,15;16;21;22;23;24,planet,2.552340415618882,1712.4349577638548,0.002236471749668246,0.01614867808140844,0.0,0.0,0.0,0.620535,0.604529,3926.0,4.63395,2.52999,0.138131,,
v2c_1287,56753935,v2cal,2-3,8,2,71;72,planet,2.4180738974257285,3236.296017059815,0.013225693212594269,0.7226224177787623,0.0,0.0,0.0,0.898272,1.011,5683.49,4.536,1.39485,0.256822,,
v2c_1288,198177771,v2cal,13-inf,10,10,15;16;17;18;19;20;21;22;23;24,planet,0.5376806058058385,1711.749184612109,0.029767044416000938,0.8346347153774092,0.0,0.0,0.0,0.867258,1.046,5815.0,4.5813,1.60356,0.342014,,
v2c_1289,375090431,v2cal,13-inf,10,10,1;2;3;4;5;6;7;8;9;10,eb_unequal,1.8345290676270942,1325.4223501684323,0.0004311648888816395,0.6267967146684016,0.0001947714105347635,0.0,0.0,1.47125,1.27,6361.0,4.2065,0.398789,0.0903062,,
v2c_1290,352234671,v2cal,7-12,1,1,56,planet,14.279675085580887,2839.1977985385274,0.014557364010748967,0.20530432063081108,0.0,0.0,0.0,1.76317,1.33,6492.0,4.06933,0.242645,0.0570504,,
v2c_1291,68257776,v2cal,2-3,5,1,65,eb_unequal,1.9866148371311003,3068.775510236778,0.0018820900143681056,0.7863509662037634,0.00045862758900993796,0.0,0.0,0.977587,0.679,4347.0,4.28963,0.726781,0.22584,,
v2c_1292,153183745,v2cal,2-3,10,1,6,eb_unequal,4.498887698295124,1468.431578321292,0.0017243720400092683,0.4904264162728215,0.0003518933127451176,0.0,0.0,0.761757,0.75,4703.5,4.5495,1.69672,0.488105,,
v2c_1293,158562911,v2cal,4-6,2,2,15;16,planet,2.129363544213136,1711.4905629476611,0.01327497663484859,0.2774611971018477,0.0,0.0,0.0,1.03837,1.01,5694.0,4.40969,0.902126,0.177022,,
v2c_1294,156462093,v2cal,7-12,6,2,20;22,planet,1.427374358072789,1843.7994269753744,0.0007779959566443288,0.42198778212641613,0.0,0.0,0.0,0.445469,0.441694,3666.0,4.78555,4.99654,0.212144,,
v2c_1295,120960091,v2cal,4-6,7,1,4,planet,0.627604932942688,1411.468295594595,0.00035665706638523517,0.3366068994526165,0.0,0.0,0.0,0.277098,0.25072,3322.0,4.95199,11.7839,0.118755,,
v2c_1296,56753935,v2cal,2-3,7,2,71;72,planet,0.8712699609950891,3234.4813632075793,0.008606879571805726,0.7157892087132166,0.0,0.0,0.0,0.898272,1.011,5683.49,4.536,1.39485,0.256822,,
v2c_1297,100919976,v2cal,4-6,2,2,3;4,planet,1.852341779550476,1383.5054130678323,0.00023794226871749218,0.8081049431580994,0.0,0.0,0.0,1.16333,1.19,6197.3,4.38221,0.755859,0.161791,,
v2c_1298,230087941,v2cal,13-inf,2,2,14;15,eb_twin,0.52163487695446,1683.8460288008544,0.0043837471741133855,0.1901729259630743,0.0043837471741133855,0.0,0.0,0.795054,0.963,5495.0,4.6209,1.91618,0.430849,,
v2c_1299,188776067,v2cal,7-12,10,4,17;24;25;26,planet,3.151368912422858,1766.8450264865387,0.008619666808530291,0.6826637414454547,0.0,0.0,0.0,1.03121,1.087,5947.0,4.4476,0.991267,0.21191,,
v2c_1300,141680245,v2cal,4-6,4,4,4;5;6;7,eb_unequal,1.9329657676771692,1412.7395855713428,0.0005343174225823653,0.6302135507190784,0.00020520933447106275,0.0,0.0,0.667544,0.63,4011.0,4.58845,2.11788,0.742895,,
v2c_1301,160533720,v2cal,13-inf,8,8,14;15;16;19;20;21;22;25,planet,1.3688911617472213,1684.159611543522,0.003394724949240708,0.8768397173559174,0.0,0.0,0.0,1.28953,1.113,6018.0,4.2637,0.519045,0.110674,,
v2c_1302,302285797,v2cal,2-3,10,2,10;11,eb_twin,4.641085670332858,1573.5739163314618,0.0014841077910075914,0.34532100012254424,0.0014841077910075914,0.0,0.0,1.05235,1.11,6018.0,4.43907,0.952447,0.201022,,
v2c_1303,32032672,v2cal,13-inf,3,3,1;2;3,eb_twin,0.5742835231983703,1325.5688980628272,0.0038475774949667508,0.6913496921475887,0.0038475774949667508,0.0,0.0,0.743889,0.69,4434.0,4.5339,1.6762,0.502124,,
v2c_1304,309700725,v2cal,7-12,10,10,1;2;4;5;6;7;8;9;10;11,planet,5.300420093450132,1326.9940956443763,0.03224222520005906,0.5038945634922439,0.0,0.0,0.0,1.17562,0.98,5542.0,4.28876,0.603152,0.134013,,
v2c_1305,238060684,v2cal,4-6,6,3,6;7;8,eb_twin,8.955182128640145,1466.4121829210671,0.013766011601124587,0.4130146931975888,0.013766011601124587,0.0,0.0,1.1361,1.03,5761.0,4.34007,0.702403,0.148213,,
v2c_1306,55651898,v2cal,4-6,8,6,87;88;89;93;95;96,eb_unequal,20.74283381217404,3680.278899890709,0.0002380657343670012,0.7668552280762487,0.0001540157558554106,0.0,0.0,1.71747,1.22,6259.75,4.05465,0.24082,0.0585559,,
v2c_1307,450027779,v2cal,2-3,3,1,5,planet,2.4718664374153536,1439.8718197370274,0.0005475185205000772,0.09672962674595492,0.0,0.0,0.0,0.787548,0.76,4739.0,4.52633,1.5559,0.427635,,
v2c_1308,188776067,v2cal,7-12,8,4,17;24;25;26,eb_twin,1.4024734295765524,1765.7892188159135,0.0006447547490515882,0.018285850440536593,0.0006447547490515882,0.0,0.0,1.03121,1.087,5947.0,4.4476,0.991267,0.21191,,
v2c_1309,149219092,v2cal,7-12,2,2,1;2,eb_ecc,27.188414514379502,1336.660756658864,0.0012820856398675705,0.40244756527313225,0.0007635885421742826,0.07158854337348625,3.1011965658785994,1.52536,1.44,6751.0,4.22969,0.40574,0.0953669,,
v2c_1310,116542530,v2cal,4-6,5,2,23;24,eb_twin,1.5196677770618112,1929.3890586915034,0.0059327731215776955,0.27379750728383845,0.0059327731215776955,0.0,0.0,0.870456,1.08,5912.0,4.592,1.63751,0.344757,,
v2c_1311,335682158,v2cal,4-6,6,5,14;15;16;21;23,planet,23.724837535848017,1696.9248555893564,0.0008282119344835281,0.9470198272728775,0.0,0.0,0.0,1.37825,1.27,6365.0,4.26322,0.485087,0.112929,,
v2c_1312,467182449,v2cal,7-12,1,1,14,planet,9.528122531266682,1683.745836355772,0.0016143183144174962,0.4003094288375142,0.0,0.0,0.0,0.820457,0.84,5047.0,4.53424,1.52094,0.365671,,
v2c_1313,178271310,v2cal,2-3,1,1,4,eb_ecc,15.728714605767099,1413.2195569020082,0.03226483019821807,0.36279310255756436,0.0317492849621776,0.45087269926697343,1.9301612159747128,1.18473,1.25,6325.0,4.38774,0.751715,0.176208,,
v2c_1314,252878031,v2cal,2-3,10,1,20,planet,9.668705077315746,1846.3719595423786,0.0011771975999809617,0.30472028990180716,0.0,0.0,0.0,1.03393,1.115,6020.81,4.45636,1.00879,0.22255,,
v2c_1315,117123472,v2cal,4-6,2,2,44;45,planet,5.747659061844506,2503.819662255753,0.021634727828122986,0.25045959878158053,0.0,0.0,0.0,0.91503,1.047,5817.98,4.53514,1.3666,0.267145,,
v2c_1316,387353607,v2cal,2-3,7,2,17;18,eb_unequal,1.1269631870052705,1764.8621165788031,0.00031520827492789857,0.49660121096906307,4.356435597053846e-05,0.0,0.0,0.655082,0.682,4360.0,4.63926,2.42603,0.749358,,
v2c_1317,238037356,v2cal,7-12,2,2,32;36,eb_unequal,2.150055937197319,2173.369207900432,0.00045374770347557,0.4666671002751054,0.00022753359060216896,0.0,0.0,1.93539,1.5,6891.0,4.04062,0.206911,0.0453858,,
v2c_1318,72600876,v2cal,4-6,1,1,36,planet,3.945519667933987,2282.976546368033,0.0003434370630993988,0.36208232962106696,0.0,0.0,0.0,0.921925,0.97,5504.25,4.49545,1.2379,0.258436,,
v2c_1319,420303093,v2cal,2-3,4,2,47;52,planet,12.5004482345433,2581.4344276153734,0.0009159344780901627,0.7483103145029759,0.0,0.0,0.0,1.31311,1.13,6069.0,4.25454,0.499082,0.111082,,
v2c_1320,23604751,v2cal,2-3,2,1,20,eb_twin,2.5004352038247877,1843.8311971184253,0.0005512206576274557,0.828553514982899,0.0005512206576274557,0.0,0.0,0.958475,1.126,6051.0,4.52644,1.27878,0.276684,,
v2c_1321,352412242,v2cal,2-3,8,3,17;18;19,eb_twin,0.9753549727470319,1765.6248126715277,0.006888100752458771,0.23071147524254204,0.006888100752458771,0.0,0.0,0.886384,0.981,5564.0,4.53449,1.40865,0.324348,,
v2c_1322,441812191,v2cal,13-inf,4,4,14;15;16;17,eb_twin,6.264929943517462,1684.4070320839448,0.004556363587247857,0.8468916204493236,0.004556363587247857,0.0,0.0,0.736576,0.855,5094.0,4.6356,2.13951,0.542378,,
v2c_1323,260418991,v2cal,4-6,5,4,88;94;95;96,planet,1.4628293461280364,3691.0431302870766,0.000264835014634501,0.503144164371702,0.0,0.0,0.0,1.65524,1.2,6228.0,4.07953,0.264605,0.0605971,,
v2c_1324,198147416,v2cal,7-12,3,3,16;22;23,planet,15.514976236645756,1738.7922501227,0.022196234174180374,0.9219015417230104,0.0,0.0,0.0,1.37186,1.228,6281.69,4.25265,0.47563,0.118284,,
v2c_1325,134221782,v2cal,7-12,2,2,6;7,eb_ecc,2.014703647322925,1467.126881044524,0.011453220212911593,0.3718931043528626,0.009653749347112618,0.29144696277093324,0.004333387739642859,1.81154,1.43,6714.0,4.07731,0.240545,0.0570761,,
v2c_1326,55603918,v2cal,13-inf,4,4,1;2;3;4,eb_ecc,4.226195324308869,1328.2455901298931,0.003786309601196138,0.3637041995626355,0.0015430369288781467,0.2462110101541553,5.11438999668059,1.42534,1.28,6394.0,4.23744,0.442036,0.0978016,,
v2c_1327,149473839,v2cal,13-inf,10,10,1;2;3;4;5;6;7;8;9;10,planet,20.662523151151426,1337.5289691122248,0.018746603638129813,0.3857742736035125,0.0,0.0,0.0,1.55607,1.42,6706.0,4.2063,0.376876,0.0900306,,
v2c_1328,160602790,v2cal,13-inf,10,3,18;23;24,eb_unequal,1.6109823711123357,1790.7709886956452,0.003478921068415496,0.3705165005753875,0.00129072965500729,0.0,0.0,0.244023,0.21442,3210.0,4.99447,14.7561,0.074283,,
v2c_1329,38696814,v2cal,13-inf,4,4,1;2;4;5,planet,2.143509652827963,1326.3665952876472,0.001514050812335714,0.3866379305003491,0.0,0.0,0.0,1.18228,0.96,5467.04,4.2749,0.580916,0.118534,,
v2c_1330,358510446,v2cal,13-inf,1,1,1,eb_unequal,1.8542350959334808,1326.9538139265119,0.004936812154816684,0.7270647932930314,0.0030608526584177897,0.0,0.0,1.02242,1.12,6038.0,4.46803,1.04793,0.232689,,
v2c_1331,219793006,v2cal,13-inf,1,1,15,eb_unequal,9.478887328549447,1714.443218070187,0.000990411126656438,0.3739758434068192,0.0005375861673038488,0.0,0.0,1.4238,1.22,6269.0,4.21753,0.422677,0.0975131,,
v2c_1332,49594649,v2cal,4-6,10,1,3,planet,3.311904337203127,1384.7228851804152,0.017274559776706916,0.5527744521452783,0.0,0.0,0.0,0.304188,0.281402,3362.0,4.92111,9.99772,0.173,,
v2c_1333,356785094,v2cal,7-12,9,7,40;47;48;49;50;51;52,eb_unequal,5.062689371167978,2394.7454717107926,0.0006287610965667042,0.7829871552534095,0.00031017300251704377,0.0,0.0,1.59728,1.35,6534.0,4.16164,0.331274,0.0769077,,
v2c_1334,199684892,v2cal,7-12,1,1,16,planet,2.829617518099693,1740.9638168912381,0.006459165402242146,0.30098771021362664,0.0,0.0,0.0,0.879509,1.044,5808.0,4.56829,1.53455,0.317852,,
v2c_1335,89632626,v2cal,2-3,1,1,64,eb_ecc,5.059347482973712,3042.6108067620285,0.03369162760489067,0.2081832258011895,0.02419244084682398,0.30280245634622116,0.45404732653421415,1.97375,1.48,6844.0,4.01775,0.192481,0.0466384,,
v2c_1336,349268719,v2cal,7-12,6,6,4;5;6;7;8;9,eb_ecc,15.51798437390591,1420.4823130989778,0.005415040836819969,0.7393003744904206,0.0035646971678865,0.09261297998918344,4.6669579835153945,0.780658,0.85,5092.0,4.58256,1.78664,0.440015,,
v2c_1337,353820067,v2cal,2-3,7,2,14;25,eb_unequal,25.611879692779272,1687.1693918803965,0.00038917517186304264,0.8722628750213897,0.00016644277439066513,0.0,0.0,1.33511,1.03,5758.0,4.19987,0.4328,0.0926955,,
v2c_1338,405394992,v2cal,2-3,5,1,8,planet,4.387915141131819,1518.7856947343842,0.0006402131861663648,0.5455316505378913,0.0,0.0,0.0,1.01463,1.064,5874.0,4.45239,1.01863,0.22325,,
v2c_1339,230114936,v2cal,7-12,10,10,14;15;16;17;18;19;20;22;23;24,planet,6.6047884275631175,1689.1186143325383,0.0020058536769910758,0.30903962060621276,0.0,0.0,0.0,1.28284,1.1,5983.0,4.26311,0.521039,0.107741,,
v2c_1340,55663810,v2cal,13-inf,4,4,4;5;6;7,planet,10.090546249031954,1419.7084998250293,0.02112756740900625,0.04990602278437803,0.0,0.0,0.0,0.597555,0.586089,3949.0,4.65328,2.74682,0.150214,,
v2c_1341,142081973,v2cal,7-12,5,5,1;2;3;4;6,planet,24.827071824260305,1333.5785888648318,0.0004740961782595965,0.1804984411844989,0.0,0.0,0.0,0.696891,0.77,4795.0,4.63823,2.27507,0.852835,,
v2c_1342,167792267,v2cal,7-12,2,2,4;6,planet,1.6098993197203213,1412.067573761243,0.00026306929241895206,0.8462884979373856,0.0,0.0,0.0,1.65609,1.32,6483.0,4.12047,0.290618,0.066701,,
v2c_1343,220411010,v2cal,13-inf,1,1,1,eb_twin,0.7518524843242004,1325.9401921870242,0.021301417972413313,0.671638333840766,0.021301417972413313,0.0,0.0,1.2412,1.12,6043.0,4.2996,0.585725,0.128424,,
v2c_1344,259238917,v2cal,13-inf,1,1,14,planet,8.401086083819063,1685.8151802611635,0.0014397787702177004,0.8153723557294179,0.0,0.0,0.0,0.733526,0.741,4657.0,4.57706,1.87747,0.558486,,
v2c_1345,322325725,v2cal,7-12,9,3,17;18;25,planet,1.2499853444235969,1765.3549933003885,0.0006770840630423582,0.038381588789232875,0.0,0.0,0.0,1.09485,1.146,6098.0,4.41855,0.873225,0.188305,,
v2c_1346,271726852,v2cal,4-6,7,5,4;6;7;8;11,planet,5.238473793527322,1410.9682267705034,0.00027981363535677794,0.37144668262487607,0.0,0.0,0.0,0.744231,0.98,5574.0,4.68588,2.3774,0.51273,,
v2c_1347,32432469,v2cal,4-6,10,1,3,planet,9.133548625568286,1390.3842542181596,0.02047562335778419,0.040150820977473974,0.0,0.0,0.0,1.52787,1.12,6029.1,4.11912,0.314024,0.069615,,
v2c_1348,443584533,v2cal,2-3,5,1,9,eb_unequal,4.003369091612245,1545.5706292422317,0.021365975006724408,0.3108715851032611,0.008936349201809524,0.0,0.0,1.09766,1.169,6153.5,4.42495,0.883914,0.202049,,
v2c_1349,148913053,v2cal,4-6,1,1,21,planet,2.8709387521390295,1872.2631818393245,0.0004338371948734254,0.9307536489179268,0.0,0.0,0.0,1.00774,1.006,5665.0,4.43397,0.98299,0.201731,,
v2c_1350,365335204,v2cal,4-6,7,1,4,planet,0.6757263933019011,1411.4882179497263,0.0005061052083594103,0.8726823974840366,0.0,0.0,0.0,0.996273,1.156,6123.0,4.50427,1.16902,0.339151,,
v2c_1351,126237012,v2cal,4-6,7,1,21,planet,3.2300634557546624,1871.7916081929964,0.004914460011757604,0.039813097573520244,0.0,0.0,0.0,0.916352,0.895,5239.99,4.46577,1.16315,0.314436,,
v2c_1352,238197355,v2cal,13-inf,10,9,1;2;3;6;7;9;10;12;13,planet,0.6936898167770872,1325.6197528769808,0.000477796263444211,0.30099596016675517,0.0,0.0,0.0,1.22073,1.0,5636.0,4.26483,0.549723,0.115096,,
v2c_1353,32432469,v2cal,4-6,2,1,3,eb_twin,1.0547379153433272,1382.948234280649,0.002736204392620541,0.8185508046592783,0.002736204392620541,0.0,0.0,1.52787,1.12,6029.1,4.11912,0.314024,0.069615,,
v2c_1354,356785094,v2cal,7-12,4,4,40;47;48;49,planet,1.7580225930799138,2391.5322089662195,0.0021518879995295953,0.7499313606640412,0.0,0.0,0.0,1.59728,1.35,6534.0,4.16164,0.331274,0.0769077,,
v2c_1355,382259082,v2cal,4-6,5,3,94;95;96,planet,4.366242655419627,3860.056268475839,0.0002886088302227929,0.13545366932375655,0.0,0.0,0.0,1.46552,1.06,5863.0,4.13139,0.336771,0.0717861,,
v2c_1356,154180755,v2cal,7-12,4,4,14;15;21;22,eb_ecc,0.5612839065464037,1683.4384696934144,0.0010364921158388003,0.10259920169386279,0.00036616482618412614,0.1575870996547492,4.348322686426037,0.435447,0.430843,3615.0,4.79452,5.21811,0.215774,,
v2c_1357,70999970,v2cal,2-3,1,1,59,eb_unequal,0.9209752946920401,2911.1741754474674,0.004009055079966817,0.5265731522065674,0.0016901602112518925,0.0,0.0,0.828967,0.808,4922.0,4.5084,1.4184,0.368224,,
v2c_1358,326201351,v2cal,7-12,3,2,18;24,planet,5.388386604490784,1790.9086964144462,0.01400976080320985,0.08554192821323567,0.0,0.0,0.0,0.335107,0.316992,3437.0,4.88875,8.4236,0.218423,,
v2c_1359,25131760,v2cal,7-12,10,7,87;88;89;90;93;94;95,planet,0.7646523637292341,3663.4559478987403,0.0013059740025518978,0.5290652857170823,0.0,0.0,0.0,1.19208,1.01,5677.39,4.28978,0.596221,0.124117,,
v2c_1360,150140166,v2cal,13-inf,7,7,1;4;5;6;8;9;10,planet,25.179027469740173,1336.698001983892,0.03163846002400052,0.47148050945693837,0.0,0.0,0.0,0.690063,0.69,4429.0,4.59914,2.09982,0.63562,,
v2c_1361,381483073,v2cal,2-3,4,1,17,eb_ecc,0.8445447671120109,1765.5013946511294,0.03251135555732033,0.5432942477154736,0.027885060642058895,0.06322663535632302,2.7975082072059263,1.05969,1.071,5898.78,4.4175,0.900016,0.18101,,
v2c_1362,167811187,v2cal,13-inf,7,7,1;3;4;5;6;7;8,planet,1.568846956764104,1326.057779195834,0.0002951145332995069,0.8402872552018726,0.0,0.0,0.0,1.42973,1.24,6298.0,4.22098,0.424283,0.0929553,,
v2c_1363,468797613,v2cal,7-12,5,2,19;26,eb_unequal,4.691270538322629,1818.357267734439,0.007697060900289539,0.23026926223625674,0.004360259318673331,0.0,0.0,1.36069,1.265,6361.0,4.27264,0.502128,0.119173,,
v2c_1364,260418991,v2cal,4-6,6,4,88;94;95;96,planet,1.6187320672678354,3691.195770308742,0.0009731427466273517,0.14282658667243042,0.0,0.0,0.0,1.65524,1.2,6228.0,4.07953,0.264605,0.0605971,,
v2c_1365,101724919,v2cal,2-3,7,2,44;45,planet,21.122125923204997,2505.6100818215755,0.01242554822050798,0.777267242156435,0.0,0.0,0.0,1.04435,1.156,6122.0,4.46333,1.01489,0.221346,,
v2c_1366,117414377,v2cal,4-6,10,1,21,planet,13.485322608434645,1878.3257341783153,0.0009404230700862761,0.6176416030011277,0.0,0.0,0.0,1.13382,1.124,6044.0,4.37975,0.771151,0.164372,,
v2c_1367,233094762,v2cal,7-12,3,3,14;15;16,eb_ecc,1.5033431754123068,1684.2820350009217,0.0004072167238453143,0.8039671418244309,0.00015096462471384303,0.28252184184106155,5.161415079889929,1.14035,1.152,6113.0,4.38545,0.77686,0.16885,,
v2c_1368,14456477,v2cal,2-3,2,1,23,planet,4.185048162013709,1929.5790984160005,0.009001741898366288,0.14866216428232398,0.0,0.0,0.0,1.05095,1.16,6131.0,4.45936,0.999328,0.224395,,
v2c_1369,345035899,v2cal,4-6,10,1,8,eb_twin,0.8659594923555692,1517.878065988451,0.0032208464330365943,0.7390533707979781,0.0032208464330365943,0.0,0.0,1.20897,1.165,6142.42,4.33956,0.659297,0.158852,,
v2c_1370,230087941,v2cal,13-inf,7,7,14;15;16;17;18;19;20,eb_twin,27.48008058198197,1692.4517441888456,0.0306426438507862,0.7685190458846444,0.0306426438507862,0.0,0.0,0.795054,0.963,5495.0,4.6209,1.91618,0.430849,,
v2c_1371,54442022,v2cal,2-3,9,1,9,planet,9.170478288980403,1551.091985600371,0.00025573861814687276,0.1820540264693701,0.0,0.0,0.0,0.516012,0.513655,3827.0,4.72342,3.73845,0.187024,,
v2c_1372,220421191,v2cal,13-inf,4,4,1;2;3;4,planet,2.9510801948078225,1325.3924454010535,0.018770733617002086,0.16690749456902132,0.0,0.0,0.0,1.26305,1.04,5785.92,4.25226,0.516141,0.100722,,
v2c_1373,365188734,v2cal,2-3,5,2,42;43,planet,21.881704620998864,2453.5497822359494,0.00021187477243074607,0.8892038461747958,0.0,0.0,0.0,0.976758,0.985,5579.0,4.45193,1.057,0.233099,,
v2c_1374,61542066,v2cal,2-3,6,2,63;64,planet,2.402817890851431,3015.895477335408,0.0080078335004926,0.249005895697091,0.0,0.0,0.0,1.4897,1.18,6167.0,4.16375,0.356932,0.0793754,,
v2c_1375,356194749,v2cal,13-inf,1,1,14,planet,1.1299964265444111,1684.3902496404605,0.0003735934931518025,0.3161900327179652,0.0,0.0,0.0,0.912209,0.887,5210.0,4.4658,1.16853,0.279423,,
v2c_1376,341078639,v2cal,7-12,7,1,13,planet,1.6343817010338189,1655.4496455162127,0.003228410226365702,0.5188469106865579,0.0,0.0,0.0,1.30978,1.01,5693.01,4.20799,0.4495,0.088773,,
v2c_1377,177036523,v2cal,7-12,4,4,1;2;4;5,eb_unequal,22.827239845901076,1345.3045469664153,0.0007302201694054025,0.2246860462503723,0.00035479716287279344,0.0,0.0,0.997458,0.96,5495.46,4.42255,0.96736,0.214782,,
v2c_1378,425863917,v2cal,2-3,10,2,1;2,planet,1.232584973358129,1325.6619986652775,0.0010257106550016078,0.34499839673269544,0.0,0.0,0.0,0.688371,0.87,5163.0,4.70194,2.66717,0.636688,,
v2c_1379,198181100,v2cal,7-12,7,7,14;15;16;17;18;19;20,planet,0.5914467879774334,1683.7080349891116,0.004358075824600307,0.42599329312444284,0.0,0.0,0.0,0.873751,0.983,5573.0,4.54785,1.47364,0.300904,,
v2c_1380,87955155,v2cal,2-3,4,3,45;46;48,eb_ecc,13.444227142634398,2537.4978471295794,0.00038322380921891066,0.06943133896775151,0.00037263008349418356,0.3750696130517893,4.481355110914823,1.26768,1.05,5825.0,4.25324,0.515422,0.110473,,
v2c_1381,299833015,v2cal,13-inf,7,7,1;2;3;4;5;6;7,planet,1.858107630106816,1326.5078299734164,0.0002513348256004725,0.7900502250682059,0.0,0.0,0.0,0.356379,0.341576,3345.0,4.86773,7.54659,0.232787,,
v2c_1382,7153462,v2cal,7-12,10,1,29,planet,1.480383654784476,2089.4834919402333,0.0006393947879727337,0.49816881225534343,0.0,0.0,0.0,1.76587,1.17,6145.0,4.01233,0.212474,0.0462344,,
v2c_1383,288635288,v2cal,13-inf,3,3,14;18;19,planet,5.973728078267209,1687.456290578677,0.0002693302204344186,0.860102907665741,0.0,0.0,0.0,0.853987,0.88,5198.0,4.51965,1.41296,0.343111,,
v2c_1384,376867201,v2cal,7-12,3,3,14;15;16,planet,25.392695439994842,1693.594495583187,0.0002292669302379539,0.44763465256189844,0.0,0.0,0.0,1.56527,1.081,5929.0,4.08271,0.281875,0.0617259,,
v2c_1385,435680679,v2cal,4-6,6,4,18;19;25;26,planet,0.9965246760314982,1791.29518117911,0.0005619501655391539,0.7627468769822703,0.0,0.0,0.0,0.425724,0.42019,3477.0,4.80326,5.4458,0.223088,,
v2c_1386,424388839,v2cal,13-inf,10,10,14;15;16;17;18;19;20;21;23;24,planet,21.6484499902714,1695.2327858582976,0.0005162513784240314,0.493066775891587,0.0,0.0,0.0,0.953856,1.086,5944.0,4.51493,1.25136,0.275699,,
v2c_1387,247374720,v2cal,2-3,10,3,42;43;44,eb_unequal,1.523536817898868,2448.0754887324474,0.016136373817483018,0.2313666654921213,0.009164944382679015,0.0,0.0,1.08168,1.042,5800.64,4.38774,0.823334,0.230816,,
v2c_1388,101718218,v2cal,2-3,3,1,25,eb_unequal,4.710700492041579,1986.8243351907474,0.001746415937201308,0.35136152405922516,0.0006362458011215718,0.0,0.0,0.909401,1.054,5841.37,4.5434,1.40144,0.265929,,
v2c_1389,85463294,v2cal,4-6,3,2,25;26,planet,2.780595158367875,1985.81785683913,0.0008346507741820011,0.33564492626804593,0.0,0.0,0.0,0.386696,0.376386,3366.0,4.83896,6.50915,0.232137,,
v2c_1390,365188734,v2cal,2-3,9,2,42;43,planet,1.0673934124418027,2448.214501526777,0.0021117948393212745,0.7039055705346463,0.0,0.0,0.0,0.976758,0.985,5579.0,4.45193,1.057,0.233099,,
v2c_1391,233210206,v2cal,13-inf,7,7,14;15;17;18;19;21;22,planet,0.9476744478742106,1684.0780372969286,0.0002364120061033897,0.372572218995557,0.0,0.0,0.0,0.868166,1.05,5827.0,4.58205,1.60465,0.325709,,
v2c_1392,100588940,v2cal,2-3,10,2,5;6,planet,28.07897825597618,1439.2547149557859,0.0021349108430082572,0.5030778743213369,0.0,0.0,0.0,1.07488,1.11,6004.0,4.42067,0.893795,0.191917,,
v2c_1393,141660852,v2cal,2-3,7,2,20;26,eb_ecc,0.9416723618037349,1843.1269395038405,0.009032399568270988,0.9310374156817597,0.00653418981567672,0.19768717773825017,4.794533684275891,0.884125,0.89,5222.0,4.49443,1.2878,0.28918,,
v2c_1394,282049722,v2cal,13-inf,1,1,6,planet,9.633453790666442,1465.5534164367446,0.0034491175689501784,0.024735803971709734,0.0,0.0,0.0,0.373741,0.361566,3478.0,4.85111,6.92589,0.235415,,
v2c_1395,201891537,v2cal,2-3,5,1,17,eb_ecc,1.5122144335590053,1765.285373958595,0.003794638458905622,0.21930536137321777,0.0017933276180372823,0.1426904507051595,0.2983355107291785,1.65969,1.452,6774.0,4.15998,0.317601,0.0784344,,
v2c_1396,176936125,v2cal,13-inf,6,6,1;2;3;4;5;6,planet,1.3765454124407117,1325.3811419183626,0.0006870606004229608,0.14472456817591284,0.0,0.0,0.0,1.66501,1.03,5739.5,4.00807,0.223146,0.0473414,,
v2c_1397,144284767,v2cal,7-12,7,1,2,eb_ecc,3.050653572285213,1356.4327178310832,0.0006933336355106867,0.5390589063167309,0.00040816086569845966,0.29453412177942695,5.834972693846922,1.7035,1.11,6003.0,4.02071,0.224542,0.0472882,,
v2c_1398,207462338,v2cal,13-inf,8,4,16;23;24;25,planet,0.6741003815723192,1738.9833448497552,0.008810198076491194,0.6051764260546191,0.0,0.0,0.0,1.68571,1.086,5942.59,4.02033,0.226714,0.0518598,,
v2c_1399,301082854,v2cal,2-3,9,2,31;32,planet,0.934277710399361,2144.7795102914324,0.0009831958454423358,0.12039394571904,0.0,0.0,0.0,1.11842,0.95,5435.0,4.31858,0.679067,0.151776,,
v2c_1400,358510446,v2cal,13-inf,3,3,1;2;4,planet,13.347820827240042,1335.4962637973813,0.0008326047327021104,0.5148355797607126,0.0,0.0,0.0,1.02242,1.12,6038.0,4.46803,1.04793,0.232689,,
v2c_1401,389012647,v2cal,4-6,1,1,12,planet,1.2119641879166334,1625.6191821536188,0.046726376887382154,0.37772434456696474,0.0,0.0,0.0,0.841366,0.83,5016.0,4.50718,1.39355,0.340641,,
v2c_1402,199633399,v2cal,7-12,1,1,16,planet,4.858222891282628,1742.0985968108623,0.0009370540358842934,0.2408683250910937,0.0,0.0,0.0,1.25371,1.206,6234.0,4.32302,0.612013,0.140979,,
v2c_1403,255783216,v2cal,4-6,7,4,32;33;34;35,eb_unequal,0.9049859792359454,2173.6330247951496,0.005718230624096131,0.06544686928009581,0.0015414250314217614,0.0,0.0,1.01583,0.82,4973.3,4.33824,0.782264,0.19546,,
v2c_1404,88523474,v2cal,2-3,7,2,105;106,eb_ecc,0.7580304135891726,4205.696232924049,0.0024050955256421855,0.21510534301858897,0.0008597786963625822,0.40270322280560583,2.9418716480221483,1.18376,1.192,6205.0,4.36782,0.718599,0.158078,,
v2c_1405,193794997,v2cal,4-6,6,2,25;26,eb_twin,10.225517404224512,1991.7295116833284,0.00597942561248318,0.17956218488692566,0.00597942561248318,0.0,0.0,0.997927,1.072,5902.0,4.47006,1.07869,0.218412,,
v2c_1406,40519210,v2cal,13-inf,1,1,1,planet,15.939495468457537,1334.7804278414642,0.038846256207172664,0.14840840452258808,0.0,0.0,0.0,0.947758,1.43,6714.0,4.64001,1.67974,0.369244,,
v2c_1407,103348849,v2cal,4-6,9,2,25;26,planet,9.259719948971169,1992.1967606634164,0.00027187759742644676,0.532500918134186,0.0,0.0,0.0,0.398776,0.390098,3507.0,4.82778,6.15158,0.22954,,
v2c_1408,452386765,v2cal,2-3,4,2,10;11,planet,1.3721409828127076,1569.8546416168401,0.005961994153854802,0.9185365935022379,0.0,0.0,0.0,0.762903,0.84,5054.0,4.59741,1.89178,0.469908,,
v2c_1409,302553786,v2cal,2-3,9,1,52,planet,7.267040477506546,2721.81288803028,0.0003286858129679233,0.10041461145661192,0.0,0.0,0.0,1.32558,1.18,6185.0,4.26514,0.5066,0.118477,,
v2c_1410,171557044,v2cal,2-3,8,2,45;46,eb_ecc,0.5163031296282374,2525.881944872514,0.0021411114235676747,0.13524259790339177,0.0007360012828525782,0.07302995198772425,0.02264634718806384,0.772905,0.88,5185.64,4.6063,1.90592,0.620615,,
v2c_1411,17677244,v2cal,4-6,7,1,7,planet,27.981357509772096,1513.0282952092628,0.0020102853212176958,0.7037229885421386,0.0,0.0,0.0,0.309225,0.28717,3436.0,4.91566,9.71215,0.18144,,
v2c_1412,167120384,v2cal,7-12,10,10,1;2;3;4;5;6;7;9;10;11,planet,4.475625527905832,1327.6675061529295,0.01577825686432087,0.1305491998360111,0.0,0.0,0.0,1.13954,0.97,5516.82,4.31138,0.655515,0.13249,,
v2c_1413,122687138,v2cal,4-6,10,2,30;31,planet,29.370037787331214,2128.136996643882,0.04266441623903047,0.24435296224925748,0.0,0.0,0.0,0.97351,1.08,5928.0,4.49481,1.17058,0.246936,,
v2c_1414,286231807,v2cal,4-6,7,2,23;24,eb_ecc,1.400359602791327,1928.7371564578818,0.0033955329862537897,0.8515169904619566,0.0019703727795222074,0.2777215692389611,3.02252135175564,1.2927,1.098,5978.0,4.25567,0.508284,0.111712,,
v2c_1415,8483309,v2cal,4-6,10,2,24;25,planet,1.5212437262070109,1956.808088309685,0.0017449567992127689,0.2941095234724687,0.0,0.0,0.0,0.922979,1.044,5807.25,4.52638,1.32777,0.243508,,
v2c_1416,198204626,v2cal,13-inf,6,6,14;15;17;18;19;20,planet,6.6651264750164785,1685.0899493046597,0.0005441166961240153,0.1949788924351092,0.0,0.0,0.0,0.633583,0.634,4056.0,4.63655,2.49275,0.858992,,
v2c_1417,237278258,v2cal,7-12,3,3,14;15;16,planet,3.0685771595001508,1686.0260451789195,0.0026677523491360974,0.8686786250448151,0.0,0.0,0.0,0.897046,0.912,5304.0,4.49243,1.26343,0.306573,,
v2c_1418,423025387,v2cal,13-inf,8,8,14;15;16;17;18;19;20;21,eb_unequal,4.799305651089,1687.3324884462686,0.006066719775005493,0.2529514148794678,0.0021657593274820594,0.0,0.0,1.07038,1.156,6122.0,4.44195,0.942622,0.20207,,
v2c_1419,215113416,v2cal,7-12,5,1,1,planet,3.7154569970136335,1326.5159796699081,0.0012497134721039423,0.49510433507508267,0.0,0.0,0.0,1.73981,1.35,6538.8,4.0874,0.256346,0.057344,,
v2c_1420,350481129,v2cal,13-inf,4,4,1;2;3;4,eb_ecc,4.700123591475557,1328.416290052454,0.000683854570291724,0.5259713682428241,0.00045356608859621985,0.05276459842524813,0.4885028896128743,1.56677,1.24,6306.24,4.14148,0.322408,0.0719529,,
v2c_1421,235561232,v2cal,4-6,10,3,16;23;24,eb_unequal,2.68699861893364,1739.6330401921773,0.00038989120944832263,0.8090257679082207,7.356464935781034e-05,0.0,0.0,0.761575,0.876,5173.0,4.61715,1.9832,0.479284,,
v2c_1422,382463274,v2cal,2-3,4,2,28;29,planet,1.8642448501441926,2062.917572982794,0.0003003197811091103,0.13754606954773543,0.0,0.0,0.0,0.844241,0.93,5384.0,4.55362,1.54555,0.374842,,
v2c_1423,50493502,v2cal,7-12,3,3,27;28;29,eb_unequal,22.451530477207104,2046.5468977424277,0.004502144818243826,0.09026983035718145,0.0024297436650906235,0.0,0.0,0.826378,0.91,5303.32,4.56275,1.61252,0.401549,,
v2c_1424,257079930,v2cal,7-12,6,3,20;21;22,eb_twin,3.0343404501741627,1844.330680767883,0.009596113425081597,0.032785037384407335,0.009596113425081597,0.0,0.0,0.925099,1.0,5633.0,4.50569,1.26309,0.266335,,
v2c_1425,197883618,v2cal,7-12,4,3,2;3;4,planet,1.4739782054880484,1355.4899186593445,0.000385629454095732,0.026844276514206077,0.0,0.0,0.0,1.25757,1.04,5794.1,4.25604,0.522923,0.106284,,
v2c_1426,167812505,v2cal,13-inf,2,2,28;36,planet,3.5136132573944128,2062.49997036962,0.0004963271979510421,0.7668570080859355,0.0,0.0,0.0,1.56955,1.38,6604.23,4.1864,0.356905,0.0835467,,
v2c_1427,289545024,v2cal,2-3,4,1,8,planet,29.665742172593585,1519.2268046524746,0.007279495096250161,0.08472196064943587,0.0,0.0,0.0,0.594669,0.583718,3965.0,4.65572,2.77573,0.150443,,
v2c_1428,142395432,v2cal,7-12,1,1,14,eb_twin,1.7239700433545728,1684.9692648140924,0.007767987308073573,0.8355278105588348,0.007767987308073573,0.0,0.0,1.10406,1.165,6143.0,4.41841,0.865662,0.200432,,
v2c_1429,353993248,v2cal,13-inf,8,8,14;15;16;17;18;19;20;21,eb_unequal,15.224007182620458,1696.711313912499,0.0004377959157924083,0.12654380365034595,7.677907543308536e-05,0.0,0.0,1.65586,1.07,5893.06,4.02941,0.235677,0.0435573,,
v2c_1430,219100883,v2cal,13-inf,9,9,14;15;16;17;18;19;20;21;22,eb_ecc,1.3745603115670784,1684.482663558749,0.0002886551599223851,0.8142582095464299,0.00011275517635810626,0.3906945915266822,0.9662722253129564,0.937675,0.94,5408.0,4.46709,1.14017,0.254779,,
v2c_1431,405394992,v2cal,2-3,5,1,8,eb_ecc,26.20719892401975,1518.7296445584761,0.009465756683986233,0.40494569132563674,0.006897012518859051,0.2905334194289685,1.3093616102380312,1.01463,1.064,5874.0,4.45239,1.01863,0.22325,,
v2c_1432,335682956,v2cal,7-12,7,5,15;16;21;22;23,planet,1.1434943413169956,1711.5915054442441,0.0012098544296487439,0.4461043283417876,0.0,0.0,0.0,1.11783,0.979,5555.0,4.3321,0.700906,0.147319,,
v2c_1433,316937718,v2cal,7-12,8,2,1;2,eb_twin,18.30482946903502,1343.377088252963,0.0003155117467804345,0.36610818906621795,0.0003155117467804345,0.0,0.0,1.35683,1.19,6195.8,4.24857,0.476403,0.106932,,
v2c_1434,154107534,v2cal,7-12,9,4,14;15;21;22,planet,15.306611857012859,1695.6344123275958,0.00045222005489791545,0.14537511068044187,0.0,0.0,0.0,0.893281,0.998,5630.0,4.53522,1.40012,0.287872,,
v2c_1435,339577695,v2cal,7-12,9,2,1;2,planet,11.89749480737957,1336.198438952789,0.00037853799130961444,0.48813471929042407,0.0,0.0,0.0,1.35755,1.19,6209.9,4.2481,0.475637,0.102826,,
v2c_1436,388198750,v2cal,2-3,8,2,94;95,planet,0.5561951668179034,3856.6659801761725,0.012302703400939934,0.17170732485074436,0.0,0.0,0.0,1.19657,1.0,5623.98,4.28219,0.583696,0.126757,,
v2c_1437,138110412,v2cal,2-3,8,2,19;20,eb_unequal,18.417545229721814,1826.7890918132116,0.002657172464314136,0.25255765613744,0.0015631739716582857,0.0,0.0,0.833424,0.983,5573.0,4.58889,1.69807,0.383958,,
v2c_1438,149398139,v2cal,4-6,6,4,44;45;46;48,planet,3.456900248125452,2502.16843396341,0.009210386819852303,0.15915150527939534,0.0,0.0,0.0,1.22601,1.14,6081.0,4.31798,0.618613,0.137886,,
v2c_1439,353731979,v2cal,4-6,8,5,14;15;17;25;26,eb_twin,6.9728957441460375,1686.9101136296028,0.01400104132278384,0.9147027911552238,0.01400104132278384,0.0,0.0,1.5562,1.039,5791.0,4.07055,0.275687,0.0597812,,
v2c_1440,120960091,v2cal,4-6,1,1,4,planet,0.5215260336748828,1411.0105708470685,0.0005105309607709034,0.31471187263014316,0.0,0.0,0.0,0.277098,0.25072,3322.0,4.95199,11.7839,0.118755,,
v2c_1441,29759800,v2cal,13-inf,3,3,1;2;3,eb_unequal,2.507847369675793,1326.4174174037935,0.0003623824523135242,0.7449997347183188,7.53233495538197e-05,0.0,0.0,1.44746,1.34,6513.11,4.24396,0.441864,0.103522,,
v2c_1442,422274184,v2cal,2-3,3,1,23,planet,0.8490451012638074,1928.4412424750471,0.0003762112167485994,0.41395814977737677,0.0,0.0,0.0,0.813512,0.949,5442.0,4.59461,1.76268,0.385624,,
v2c_1443,159182396,v2cal,7-12,5,4,15;16;21;22,planet,1.0654408696644155,1711.9593548573853,0.029529646964056726,0.13699992548938375,0.0,0.0,0.0,1.60796,1.365,6573.0,4.16065,0.32833,0.0763002,,
v2c_1444,165530042,v2cal,13-inf,4,4,14;15;16;17,eb_ecc,13.277802776334193,1693.383973749228,0.0002532425136263796,0.361252799317184,0.00012377621482020454,0.45380533727415584,3.604673359975412,0.884543,0.975,5541.0,4.53363,1.40879,0.314515,,
v2c_1445,235951122,v2cal,7-12,4,4,18;19;20;24,eb_twin,1.1432774263981116,1791.1772403796901,0.0002559406997014344,0.826112924154559,0.0002559406997014344,0.0,0.0,1.21923,1.06,5862.0,4.2912,0.58485,0.123219,,
v2c_1446,48302533,v2cal,7-12,7,2,15;26,eb_ecc,22.343683866382836,1714.534226628264,0.04553177384670572,0.17777108697859137,0.025241270106165226,0.3420632640124435,5.906299672482787,0.34958,0.333722,3516.0,4.87436,7.81169,0.217108,,
v2c_1447,31652979,v2cal,7-12,9,3,1;2;3,eb_twin,0.5656470571723352,1325.4611772659273,0.0003426517534713116,0.4558530768131951,0.0003426517534713116,0.0,0.0,0.85037,0.94,5388.0,4.55198,1.52864,0.35326,,
v2c_1448,134221782,v2cal,7-12,6,3,6;7;8,eb_unequal,1.4367201409923485,1466.6347403689356,0.02311577712098905,0.5478198064756099,0.00695475055648468,0.0,0.0,1.81154,1.43,6714.0,4.07731,0.240545,0.0570761,,
v2c_1449,178154480,v2cal,4-6,9,2,30;31,eb_twin,1.1678437776219934,2116.830803197874,0.003975328011824359,0.7380528192870683,0.003975328011824359,0.0,0.0,1.16249,1.01,5687.0,4.31161,0.64292,0.133462,,
v2c_1450,159881887,v2cal,7-12,5,2,10;11,planet,4.402750166380903,1571.6241223229347,0.006597369621601677,0.08870185968220046,0.0,0.0,0.0,1.35208,1.26,6346.0,4.27643,0.509756,0.116645,,
v2c_1451,207202635,v2cal,2-3,5,2,29;30,planet,1.511711497091851,2088.648619854978,0.00283500731125197,0.3395219598239143,0.0,0.0,0.0,1.0348,0.95,5448.0,4.38608,0.857351,0.191808,,
v2c_1452,165470925,v2cal,13-inf,4,4,14;15;16;17,planet,0.5436753420686098,1683.7494701836529,0.0007368400631580774,0.5208330622816026,0.0,0.0,0.0,0.800827,0.983,5572.0,4.62354,1.91398,0.418813,,
v2c_1453,137606469,v2cal,2-3,8,2,14;26,eb_ecc,0.6362057515329826,1683.7441953151763,0.000950527585871753,0.35007193926743924,0.00083070395154326,0.46370484282724844,3.810811791854418,0.885726,1.075,5910.0,4.57488,1.54707,0.334742,,
v2c_1454,138110412,v2cal,2-3,1,1,19,eb_twin,17.84957581022479,1816.756555321736,0.0006751911234622295,0.7199375708873689,0.0006751911234622295,0.0,0.0,0.833424,0.983,5573.0,4.58889,1.69807,0.383958,,
v2c_1455,369962331,v2cal,4-6,2,2,12;13,eb_ecc,2.5063461119150787,1625.1616329643955,0.005078863868718441,0.5141399240515308,0.003282597557711657,0.3782366428759234,1.9967403948587228,1.95468,1.49,6863.0,4.0291,0.199507,0.0444761,,
v2c_1456,22237080,v2cal,2-3,10,1,9,planet,2.716107579043522,1543.7140339277978,0.0019950198221884035,0.7902155620716459,0.0,0.0,0.0,0.740573,0.95,5447.0,4.67666,2.33894,0.50417,,
v2c_1457,229997353,v2cal,13-inf,9,9,14;15;16;17;18;19;20;21;22,eb_twin,21.261130637751723,1690.602439076178,0.00023559076110139603,0.3370165831960635,0.00023559076110139603,0.0,0.0,1.1078,1.035,5776.0,4.36409,0.761302,0.163585,,
v2c_1458,311235273,v2cal,13-inf,7,7,14;15;16;17;18;20;21,planet,1.8681287392061023,1684.5621236259449,0.00474981918337668,0.6540596212489997,0.0,0.0,0.0,0.878775,0.99,5584.0,4.54595,1.45882,0.333245,,
v2c_1459,280034976,v2cal,13-inf,7,7,14;15;16;17;18;19;20,eb_ecc,2.1300294316322903,1684.348460500362,0.0004491098665298372,0.45914038901785215,0.00041664664659770285,0.4346496597541976,1.482076401930953,1.49704,1.023,5731.0,4.09748,0.304912,0.0678596,,
v2c_1460,219896856,v2cal,13-inf,10,10,15;16;17;18;19;20;21;22;23;24,planet,26.880985448579448,1737.2353919348418,0.004525041769968281,0.6646628398363412,0.0,0.0,0.0,0.870214,0.92,5323.0,4.5226,1.39608,0.331576,,
v2c_1461,177171512,v2cal,2-3,4,3,94;95;96,planet,18.75286860552723,3868.6573551126685,0.0002783635087613092,0.049371407091004585,0.0,0.0,0.0,1.35659,1.11,6005.96,4.21849,0.444609,0.105278,,
v2c_1462,404549087,v2cal,2-3,4,1,23,planet,9.221642423150332,1928.665785419978,0.0002981171343025273,0.07747182911512977,0.0,0.0,0.0,0.947009,0.993,5611.0,4.48231,1.1692,0.256981,,
v2c_1463,55272665,v2cal,7-12,8,8,4;5;6;7;8;9;10;12,eb_twin,10.48109449960219,1411.527092095366,0.003917378274360695,0.02565670757927104,0.003917378274360695,0.0,0.0,1.4377,1.17,6165.75,4.19092,0.393718,0.0850541,,
v2c_1464,274226319,v2cal,4-6,9,2,12;13,planet,1.623232357601729,1625.2543038111721,0.0007745380558115097,0.33173323210397937,0.0,0.0,0.0,0.933332,1.09,5943.0,4.53542,1.34066,0.305048,,
v2c_1465,359493952,v2cal,7-12,7,7,14;15;16;18;19;20;21,planet,1.1571464864130452,1683.6491542094946,0.000903854809135086,0.9400298936961434,0.0,0.0,0.0,1.19405,1.139,6081.0,4.34055,0.669045,0.159726,,
v2c_1466,24530425,v2cal,4-6,1,1,5,eb_twin,5.850792181972609,1443.1903061104852,0.045549318572209646,0.3713815555690847,0.045549318572209646,0.0,0.0,0.53205,0.528824,3934.0,4.70947,3.51119,0.1781,,
v2c_1467,219818807,v2cal,4-6,1,1,47,planet,2.2173251829033425,2579.9871443806514,0.0029849482332732586,0.5098317794712282,0.0,0.0,0.0,1.01155,0.982,5569.0,4.4202,0.94874,0.213574,,
v2c_1468,280868316,v2cal,4-6,4,4,87;88;89;93,planet,4.921935245194803,3664.3888316307457,0.004184879608144316,0.20406595530319255,0.0,0.0,0.0,0.723237,0.82,4970.0,4.63332,2.16756,0.570184,,
v2c_1469,288345034,v2cal,7-12,9,7,14;18;19;20;21;25;26,planet,9.667421341656558,1686.0364606303756,0.003610922058740323,0.7846342251314888,0.0,0.0,0.0,0.998277,0.99,5614.0,4.4352,0.995135,0.222545,,
v2c_1470,144109776,v2cal,2-3,2,2,30;31,planet,1.840724990029813,2116.695007328739,0.004837134163196718,0.40248810202368285,0.0,0.0,0.0,1.67975,1.32,6478.0,4.10815,0.278511,0.0667699,,
v2c_1471,349091788,v2cal,13-inf,2,1,12,planet,0.8296811793906137,1625.391570521755,0.0013340561788752075,0.8239562995541511,0.0,0.0,0.0,1.65387,1.39,6626.46,4.14408,0.307263,0.0721691,,
v2c_1472,276231042,v2cal,2-3,1,1,19,planet,21.464495398434696,1821.443940266489,0.009657641803174221,0.5106494202992844,0.0,0.0,0.0,1.11573,1.252,6332.0,4.44056,0.901426,0.210873,,
v2c_1473,382157731,v2cal,13-inf,5,5,1;2;3;4;5,planet,0.8334498657457741,1325.7118691028104,0.0006332026361500265,0.22735832547133245,0.0,0.0,0.0,0.828481,0.94,5416.0,4.57463,1.65303,0.391236,,
v2c_1474,160297967,v2cal,4-6,7,4,40;41;48;53,planet,15.441864428915945,2393.400723102592,0.009300932083880855,0.36899499540523517,0.0,0.0,0.0,1.02774,1.13,6051.0,4.46738,1.04096,0.2217,,
v2c_1475,358579477,v2cal,7-12,4,3,2;3;4,eb_unequal,1.3482170994035392,1354.151824564494,0.004122989405746482,0.16675622011339017,0.001988765707877256,0.0,0.0,0.79035,0.96,5470.0,4.6247,1.94452,0.450646,,
v2c_1476,300509402,v2cal,7-12,4,4,4;5;6;7,eb_unequal,2.15375680084294,1411.368749370888,0.0003116146985797633,0.2118432918674791,0.00015809440203373438,0.0,0.0,1.0338,0.9,5271.01,4.36344,0.814576,0.201864,,
v2c_1477,402442750,v2cal,13-inf,8,8,14;16;17;18;19;20;21;22,planet,5.960541363875187,1688.5118226157658,0.048005580918708775,0.814064006826997,0.0,0.0,0.0,1.08526,1.07,5894.0,4.39639,0.837113,0.188057,,
v2c_1478,424388839,v2cal,13-inf,5,5,14;15;16;17;18,planet,8.27439963338262,1690.033120561632,0.0019224649657079576,0.8567110420610677,0.0,0.0,0.0,0.953856,1.086,5944.0,4.51493,1.25136,0.275699,,
v2c_1479,88523474,v2cal,2-3,2,2,105;106,eb_unequal,4.303139379314069,4209.159832689955,0.003522726284167907,0.008398407203495861,0.0021827749856206274,0.0,0.0,1.18376,1.192,6205.0,4.36782,0.718599,0.158078,,
v2c_1480,142395432,v2cal,7-12,5,4,14;15;21;22,eb_twin,10.763243150796168,1688.8766506116801,0.0006928490330891869,0.664073905742299,0.0006928490330891869,0.0,0.0,1.10406,1.165,6143.0,4.41841,0.865662,0.200432,,
v2c_1481,81103318,v2cal,2-3,10,1,20,eb_ecc,9.726880451020564,1848.4708287724716,0.0004459629816503187,0.06367887246923913,0.00037194440835295207,0.363715772064166,5.805407386606876,0.944763,1.12,6026.03,4.53664,1.32816,0.262107,,
v2c_1482,287589907,v2cal,7-12,10,5,3;6;10;11;13,planet,2.0037543102142226,1382.9550214330106,0.015630873865245178,0.39936710932362973,0.0,0.0,0.0,1.07085,1.07,5879.0,4.40799,0.871361,0.190038,,
v2c_1483,352234671,v2cal,7-12,4,1,56,eb_unequal,20.863423508025065,2843.0709408507987,0.0004347381438379041,0.20779045336297589,0.00034009614457870146,0.0,0.0,1.76317,1.33,6492.0,4.06933,0.242645,0.0570504,,
v2c_1484,233066763,v2cal,7-12,8,8,14;15;16;17;18;19;20;21,planet,2.1328941547133775,1684.0503007976881,0.0002518513006207638,0.26255106698596625,0.0,0.0,0.0,1.4421,1.046,5814.0,4.13961,0.348776,0.0777754,,
v2c_1485,99059830,v2cal,4-6,10,1,10,planet,27.55384485102326,1583.3410812138284,0.0009417695088904898,0.28756991504822926,0.0,0.0,0.0,1.73481,1.395,6639.0,4.10414,0.267189,0.0622503,,
v2c_1486,141910230,v2cal,4-6,5,5,9;10;11;12;13,eb_ecc,0.8430830788007576,1543.3313503708966,0.006450317100545875,0.1636722934440203,0.003272473996206754,0.2013875513218961,6.109359810258425,1.27522,1.1,5973.21,4.26829,0.530438,0.128615,,
v2c_1487,286055732,v2cal,4-6,8,1,8,planet,0.7163308556250086,1517.8463070555936,0.0025579876632072025,0.9325733765094751,0.0,0.0,0.0,0.848357,0.95,5442.92,4.55863,1.55592,0.387298,,
v2c_1488,233631664,v2cal,13-inf,5,5,14;15;16;17;18,eb_ecc,4.451302731481161,1683.3892167100998,0.04147904120904977,0.0386595118198648,0.021120563727560108,0.28404102018925353,2.8231865587645726,0.994312,0.99,5584.0,4.43866,1.00709,0.23389,,
v2c_1489,257023250,v2cal,13-inf,5,5,14;15;16;20;21,eb_twin,0.7041562358061224,1683.8803904223312,0.001957605389268694,0.8252221514499803,0.001957605389268694,0.0,0.0,0.947322,1.006,5663.0,4.48767,1.18333,0.248146,,
v2c_1490,134221782,v2cal,7-12,2,2,6;7,planet,0.6674224656205703,1465.678641833997,0.00041199703656197447,0.7941739002116792,0.0,0.0,0.0,1.81154,1.43,6714.0,4.07731,0.240545,0.0570761,,
v2c_1491,356785094,v2cal,7-12,10,7,40;47;48;49;50;51;52,eb_twin,8.035162190763197,2390.8626304892846,0.0002811508382627393,0.5634722508270127,0.0002811508382627393,0.0,0.0,1.59728,1.35,6534.0,4.16164,0.331274,0.0769077,,
v2c_1492,445832471,v2cal,2-3,8,2,21;22,eb_unequal,0.7255950103792038,1870.8645368286113,0.003070186386497386,0.631232940995403,0.0024476110284113346,0.0,0.0,1.22997,1.18,6177.0,4.33016,0.634165,0.135471,,
v2c_1493,233525703,v2cal,13-inf,8,8,14;16;17;18;19;20;21;22,planet,0.555804367305258,1683.888197047012,0.0031974348354749586,0.7819075839118147,0.0,0.0,0.0,0.962603,1.029,5753.0,4.48359,1.15365,0.235163,,
v2c_1494,141660852,v2cal,2-3,7,2,20;26,planet,7.290798065464126,1846.5008781728234,0.02045106617786657,0.2261278412660238,0.0,0.0,0.0,0.884125,0.89,5222.0,4.49443,1.2878,0.28918,,
v2c_1495,279423762,v2cal,13-inf,2,2,1;2,planet,7.99360113565039,1326.8747624519929,0.02049365795099453,0.690095993172382,0.0,0.0,0.0,1.01116,0.94,5413.69,4.40156,0.909232,0.213442,,
v2c_1496,231044412,v2cal,4-6,2,2,2;3,planet,5.536065578234803,1356.4029152968028,0.00044195038089234233,0.15157643023988454,0.0,0.0,0.0,1.06854,1.01,5697.0,4.38481,0.827846,0.177075,,
v2c_1497,198479044,v2cal,2-3,1,1,24,planet,2.811252013496724,1956.6772408890065,0.0004197415055274649,0.9355824521586799,0.0,0.0,0.0,0.9881,1.1,5970.0,4.48986,1.14022,0.244068,,
v2c_1498,199715818,v2cal,7-12,1,1,14,planet,27.045721984801293,1689.017005570268,0.03687526982148591,0.7733441035887082,0.0,0.0,0.0,0.793689,0.831,5009.24,4.55837,1.66207,0.471221,,
v2c_1499,99059830,v2cal,4-6,3,1,10,eb_ecc,22.42220179175314,1590.907337733592,0.016822989090488537,0.9318330127481695,0.009035632970290782,0.39914280171647387,0.5784477045991538,1.73481,1.395,6639.0,4.10414,0.267189,0.0622503,,
v2c_1500,468178193,v2cal,4-6,4,2,12;13,eb_twin,6.105115096224613,1630.603904362377,0.027154899049707946,0.4665312747407314,0.027154899049707946,0.0,0.0,0.972834,1.17,6149.0,4.53018,1.27078,0.265924,,
v2c_1501,260127258,v2cal,13-inf,4,4,27;28;29;30,planet,0.9578176795357206,2036.3276559004953,0.0007983887719808532,0.9114995615304591,0.0,0.0,0.0,1.74706,1.28,6396.0,4.06066,0.24004,0.0554533,,
v2c_1502,404105593,v2cal,4-6,5,4,16;17;18;24,planet,3.2935102840049115,1738.6649173375242,0.03786008614171433,0.2564167570661479,0.0,0.0,0.0,0.926902,0.953,5455.0,4.48309,1.19672,0.284653,,
v2c_1503,382463274,v2cal,2-3,1,1,28,planet,13.756492341075901,2072.297942332435,0.0012107465549928724,0.5581043614695307,0.0,0.0,0.0,0.844241,0.93,5384.0,4.55362,1.54555,0.374842,,
v2c_1504,160080353,v2cal,4-6,3,1,2,eb_twin,0.6652811491171379,1354.379842205682,0.01479483046064926,0.26021112110880973,0.01479483046064926,0.0,0.0,1.61373,1.1,5977.47,4.0638,0.261757,0.0555349,,
v2c_1505,177171512,v2cal,2-3,1,1,94,planet,17.00369485405787,3865.6871637280324,0.0002396566914800328,0.8793867642653249,0.0,0.0,0.0,1.35659,1.11,6005.96,4.21849,0.444609,0.105278,,
v2c_1506,382159282,v2cal,13-inf,1,1,1,planet,18.706680465516566,1338.9923886754584,0.0027909545799180402,0.8229794045135795,0.0,0.0,0.0,1.52391,1.44,6736.0,4.23051,0.406897,0.0943644,,
v2c_1507,318928983,v2cal,4-6,2,1,4,planet,19.257245117950582,1413.7415577651668,0.00044346100787962444,0.7432719387753106,0.0,0.0,0.0,0.882083,0.987,5586.8,4.54137,1.4381,0.284198,,
v2c_1508,144284767,v2cal,7-12,1,1,2,eb_unequal,23.07426166195192,1376.1505801466478,0.0061814909046024,0.5185670947528059,0.0005669438649063694,0.0,0.0,1.7035,1.11,6003.0,4.02071,0.224542,0.0472882,,
v2c_1509,149473839,v2cal,13-inf,7,7,1;2;3;4;5;6;7,eb_twin,1.465016884136919,1325.9487833596893,0.0019352474568581214,0.22061911359996594,0.0019352474568581214,0.0,0.0,1.55607,1.42,6706.0,4.2063,0.376876,0.0900306,,
v2c_1510,158169985,v2cal,7-12,5,3,40;41;53,planet,5.791453030774676,2393.362684555769,0.005960501454183888,0.5755579237761704,0.0,0.0,0.0,1.09759,1.076,5912.44,4.389,0.813759,0.181946,,
v2c_1511,365105037,v2cal,2-3,8,2,15;16,planet,2.072401865067968,1711.8703232829605,0.00024682847877159056,0.2025513994989311,0.0,0.0,0.0,1.25313,1.317,6469.0,4.36166,0.66927,0.170925,,
v2c_1512,261091639,v2cal,7-12,8,4,1;11;12;13,planet,13.711962059224998,1328.9398353873748,0.025238268149418045,0.6397461049389669,0.0,0.0,0.0,0.553844,0.72,4571.0,4.80862,4.23809,1.09131,,
v2c_1513,161667485,v2cal,4-6,9,3,16;23;24,eb_unequal,18.8383835402784,1748.0837335554993,0.01019916543304202,0.9389971979708222,0.006986829660325488,0.0,0.0,0.844213,0.86,5113.0,4.51966,1.42936,0.348724,,
v2c_1514,300558459,v2cal,13-inf,5,5,1;2;3;5;6,eb_twin,1.4442761414867968,1326.402286881886,0.006476650220465833,0.6508654171940619,0.006476650220465833,0.0,0.0,1.67197,1.42,6686.25,4.1439,0.303812,0.0634147,,
v2c_1515,219763884,v2cal,7-12,2,2,19;22,planet,7.842647343018497,1820.1735837665644,0.033173546391641315,0.4194424525240432,0.0,0.0,0.0,0.766669,0.855,5097.0,4.60082,1.89733,0.47914,,
v2c_1516,77176261,v2cal,4-6,8,2,4;5,eb_unequal,6.219254553321267,1416.1136790337805,0.027578498454259213,0.5281477692509204,0.00892195731559234,0.0,0.0,0.980155,1.0,5642.0,4.45548,1.06198,0.225142,,
v2c_1517,374312797,v2cal,2-3,10,2,45;46,planet,5.971597491041384,2529.920881451469,0.0003197142850778135,0.8662711247548947,0.0,0.0,0.0,1.29392,1.017,5706.85,4.22157,0.469457,0.0933097,,
v2c_1518,424436126,v2cal,4-6,9,3,14;25;26,planet,2.932639512170595,1684.694133981835,0.0005760796468070663,0.2769428437359541,0.0,0.0,0.0,0.813692,0.95,5461.0,4.59487,1.76337,0.375297,,
v2c_1519,272187046,v2cal,7-12,6,6,1;2;3;4;5;6,planet,6.852982012912969,1329.1727379411188,0.0008790354738879514,0.17501578637701756,0.0,0.0,0.0,0.635653,0.71,4536.0,4.68289,2.76438,0.753506,,
v2c_1520,55652005,v2cal,7-12,4,4,4;5;6;8,eb_ecc,3.6965976405373606,1411.5786819218965,0.01390056483279403,0.2860341194837659,0.010700184916854007,0.16186049148828824,1.501063475843237,1.6668,1.19,6200.34,4.06985,0.256977,0.051793,,
v2c_1521,149912035,v2cal,4-6,5,2,14;21,eb_unequal,0.5655401837087767,1683.4328975598444,0.045025957795769955,0.8294664322554923,0.01800550743318862,0.0,0.0,0.475812,0.473649,3699.0,4.75865,4.39694,0.203198,,
v2c_1522,298781076,v2cal,7-12,8,2,25;26,planet,1.3695171312840806,1984.837180232688,0.00022868220140089918,0.07721466549458558,0.0,0.0,0.0,1.13843,1.176,6168.0,4.39586,0.797055,0.174517,,
v2c_1523,237278258,v2cal,7-12,2,2,14;15,planet,7.420882736089636,1684.7865407126978,0.0003935321049638692,0.5986182956015288,0.0,0.0,0.0,0.897046,0.912,5304.0,4.49243,1.26343,0.306573,,
v2c_1524,230071682,v2cal,13-inf,10,10,14;15;16;17;18;19;20;21;22;23,eb_unequal,8.91076217757999,1686.8610568591516,0.0012696756826155637,0.5308685968733622,0.000761307597970387,0.0,0.0,1.57617,1.0,5638.0,4.04286,0.255381,0.0570056,,
v2c_1525,91354281,v2cal,2-3,3,1,17,eb_twin,23.37065259809801,1784.614142766876,0.00048146440658556526,0.4858085998884645,0.00048146440658556526,0.0,0.0,0.55522,0.549926,3669.0,4.68944,3.21299,0.168758,,
v2c_1526,382463274,v2cal,2-3,8,2,28;29,eb_unequal,25.9691208310154,2070.312451337697,0.02166548313171864,0.36350849890718917,0.003633840880918646,0.0,0.0,0.844241,0.93,5384.0,4.55362,1.54555,0.374842,,
v2c_1527,89632626,v2cal,2-3,1,1,64,planet,1.0635622569022434,3041.472527140404,0.036758555390682665,0.09650284929826572,0.0,0.0,0.0,1.97375,1.48,6844.0,4.01775,0.192481,0.0466384,,
v2c_1528,233730201,v2cal,13-inf,4,4,14;15;16;17,eb_twin,11.566275465315595,1687.4991547474253,0.0012313907626478862,0.29681486810378216,0.0012313907626478862,0.0,0.0,1.03913,0.903,5269.0,4.36042,0.804781,0.199375,,
v2c_1529,287589907,v2cal,7-12,7,5,3;6;10;11;13,eb_ecc,1.7524541373325702,1384.0701047997718,0.0009098460685511346,0.2774061287544902,0.0008743046602017083,0.24560739108812701,2.864990623066402,1.07085,1.07,5879.0,4.40799,0.871361,0.190038,,
v2c_1530,177039581,v2cal,13-inf,4,4,1;2;3;4,planet,27.888025164924517,1331.6164073441273,0.0006097603014567137,0.07754289794630712,0.0,0.0,0.0,1.4789,1.13,6058.66,4.15127,0.349349,0.0741403,,
v2c_1531,300558459,v2cal,13-inf,2,2,1;2,planet,9.805329896103807,1331.575920567728,0.04355382292633594,0.7663547505144519,0.0,0.0,0.0,1.67197,1.42,6686.25,4.1439,0.303812,0.0634147,,
v2c_1532,175492787,v2cal,4-6,7,2,30;31,planet,17.545795666657515,2127.3251017211046,0.0010239905929034507,0.6764710954430384,0.0,0.0,0.0,1.10633,0.95,5460.6,4.32803,0.701576,0.172633,,
v2c_1533,103348849,v2cal,4-6,6,2,25;26,planet,12.769863352858861,1990.2556749083813,0.015357404735370679,0.7068265883449034,0.0,0.0,0.0,0.398776,0.390098,3507.0,4.82778,6.15158,0.22954,,
v2c_1534,380941020,v2cal,2-3,2,2,30;42,eb_twin,0.6394190018486435,2116.3303765752185,0.0345321054743941,0.45156423681288027,0.0345321054743941,0.0,0.0,1.14609,1.01,5690.26,4.32395,0.670912,0.154467,,
v2c_1535,290655395,v2cal,4-6,4,4,4;5;6;7,planet,0.782042932168631,1411.1877361569361,0.0012853913853827826,0.09343693477732842,0.0,0.0,0.0,1.25423,1.32,6467.0,4.36189,0.66903,0.1565,,
v2c_1536,272786863,v2cal,13-inf,5,5,14;15;16;17;18,eb_twin,1.2066667355307292,1683.4755451703159,0.01557157690676419,0.199658085376896,0.01557157690676419,0.0,0.0,0.812885,0.98,5559.0,4.60924,1.82448,0.409593,,
v2c_1537,237199341,v2cal,13-inf,6,6,14;16;17;18;19;20,eb_twin,13.106096921661159,1684.0351241367086,0.005944364929204516,0.49258490640377656,0.005944364929204516,0.0,0.0,0.256999,0.228475,3324.0,4.97704,13.46,0.0343486,,
v2c_1538,219092150,v2cal,13-inf,2,2,14;15,eb_twin,0.8192421865452729,1683.6576568225887,0.004178748464912433,0.6662509208665779,0.004178748464912433,0.0,0.0,1.49928,1.477,6837.0,4.25568,0.438263,0.0993353,,
v2c_1539,262720080,v2cal,4-6,5,1,8,eb_ecc,6.990468436604526,1517.4369464347728,0.03734660024116395,0.29448033810426155,0.035668088353507384,0.31851784526312193,4.402361400406632,0.503523,0.501527,3574.0,4.73432,3.92859,0.190575,,
v2c_1540,436865119,v2cal,4-6,5,1,18,eb_twin,27.034947829452754,1800.6143877679456,0.00027343764053427473,0.5458777982487659,0.00027343764053427473,0.0,0.0,1.95789,1.449,6767.0,4.01556,0.193065,0.0452802,,
v2c_1541,230019644,v2cal,13-inf,6,6,14;15;16;17;18;19,eb_ecc,0.6518203330724849,1683.761817434595,0.005509379058618201,0.46240564887323315,0.00390344503233679,0.460655517736018,1.46352305908492,1.30026,1.064,5877.0,4.23695,0.48401,0.103714,,
v2c_1542,468353682,v2cal,7-12,2,2,18;19,planet,4.385018523887575,1792.771700523333,0.00378855683091434,0.5112091518307743,0.0,0.0,0.0,1.68824,1.242,6311.0,4.07732,0.258117,0.0569709,,
v2c_1543,356975793,v2cal,13-inf,5,5,14;15;16;17;18,planet,8.260648592050583,1685.5261932008332,0.004819677512101157,0.8682791316060507,0.0,0.0,0.0,0.872696,0.934,5384.0,4.52669,1.40527,0.320395,,
v2c_1544,224293125,v2cal,4-6,4,3,15;21;22,eb_ecc,19.389004347861057,1727.8273472197118,0.0024166005704842866,0.11483109886268189,0.0017159230137937342,0.16168768169013267,5.761889711366698,1.91565,1.438,6740.0,4.03119,0.204554,0.0473012,,
v2c_1545,239205761,v2cal,4-6,5,1,21,eb_unequal,21.167119316452514,1889.0018030909598,0.0006633066842215966,0.8262659663266164,0.0004699339085526229,0.0,0.0,0.938976,1.07,5896.0,4.52214,1.29247,0.276895,,
v2c_1546,230127046,v2cal,4-6,5,5,47;48;49;50;51,planet,9.887706546335298,2587.9523508394545,0.005067592360973783,0.45510227819401505,0.0,0.0,0.0,1.22281,1.05,5840.0,4.28454,0.574269,0.12568,,
v2c_1547,219896547,v2cal,13-inf,4,4,14;15;16;17,planet,5.141007166475475,1687.6506667248311,0.0036722355364404843,0.6536565733081233,0.0,0.0,0.0,0.856211,0.956,5466.0,4.55336,1.52306,0.337018,,
v2c_1548,166787220,v2cal,7-12,8,1,3,planet,1.3888791302241326,1384.0574664220674,0.0014334167858398386,0.7396196960502941,0.0,0.0,0.0,1.26063,1.17,6159.0,4.30508,0.584012,0.123368,,
v2c_1549,77176261,v2cal,4-6,4,2,4;5,planet,13.173960343017391,1413.1210010036327,0.04291881010099379,0.4218423690877426,0.0,0.0,0.0,0.980155,1.0,5642.0,4.45548,1.06198,0.225142,,
v2c_1550,388187719,v2cal,2-3,1,1,15,planet,16.60137484865315,1717.1468568907756,0.01734417792868472,0.48807942330764564,0.0,0.0,0.0,0.494848,0.492941,3713.0,4.74192,4.06799,0.196363,,
v2c_1551,382159282,v2cal,13-inf,4,4,1;2;3;4,planet,19.5107157733755,1344.7173185288755,0.00021942308422407626,0.7367592800648975,0.0,0.0,0.0,1.52391,1.44,6736.0,4.23051,0.406897,0.0943644,,
v2c_1552,38206278,v2cal,2-3,8,2,45;46,planet,2.4318668505697474,2527.9159255929067,0.0025887106170553475,0.09578856637711244,0.0,0.0,0.0,1.60403,1.03,5768.71,4.04048,0.249572,0.0625442,,
v2c_1553,418468534,v2cal,2-3,9,2,38;39,planet,6.957000677445468,2338.7195822025483,0.0005372691965569205,0.38424255792256207,0.0,0.0,0.0,1.18583,1.37,6584.0,4.42675,0.821596,0.180917,,
v2c_1554,38468688,v2cal,7-12,7,7,27;28;29;30;31;35;36,planet,0.5811285001725157,2036.4531280889291,0.00021717220593444388,0.7024054016076593,0.0,0.0,0.0,1.76141,1.14,6087.43,4.00325,0.208604,0.0439024,,
v2c_1555,260418991,v2cal,4-6,6,4,88;94;95;96,eb_ecc,0.6098419689378247,3690.32547009475,0.043903433896392854,0.6551384470236747,0.040181531989688456,0.36297310554484763,4.581661891092409,1.65524,1.2,6228.0,4.07953,0.264605,0.0605971,,
v2c_1556,237098343,v2cal,13-inf,5,5,14;15;16;17;18,planet,7.703298685443421,1689.386864347548,0.0015751319426190427,0.9180304270784784,0.0,0.0,0.0,1.20712,1.15,6097.0,4.33527,0.653804,0.141603,,
v2c_1557,143024848,v2cal,4-6,4,1,9,eb_unequal,11.26047941146912,1549.4722572505761,0.0019888016401739456,0.5824699031459457,0.001103624521690652,0.0,0.0,0.904583,1.0,5643.0,4.52517,1.351,0.300659,,
v2c_1558,452386765,v2cal,2-3,6,2,10;11,planet,1.9180473846930028,1570.280614135675,0.047484898929304194,0.34337839496349726,0.0,0.0,0.0,0.762903,0.84,5054.0,4.59741,1.89178,0.469908,,
v2c_1559,198553139,v2cal,7-12,2,2,14;15,eb_unequal,1.3298148484198486,1684.5109366179302,0.005690129876734309,0.7700481499912324,0.002931766734777418,0.0,0.0,0.946101,1.036,5779.0,4.50155,1.22334,0.268273,,
v2c_1560,367857279,v2cal,7-12,3,3,40;47;48,eb_unequal,6.127983929957489,2391.079004391359,0.002106467118704825,0.16665650521534522,0.0010557328405831296,0.0,0.0,1.81871,1.38,6600.0,4.05842,0.229399,0.0526491,,
v2c_1561,89093987,v2cal,2-3,10,2,105;106,eb_twin,8.182673345562915,4210.030694422455,0.009492529907245442,0.8184780298941077,0.009492529907245442,0.0,0.0,1.39991,1.35,6536.0,4.2762,0.492073,0.113411,,
v2c_1562,229586495,v2cal,13-inf,7,7,14;15;16;17;18;19;20,eb_ecc,16.40009549989579,1695.2017506224452,0.006793430988427326,0.9261291448908225,0.003526339722190119,0.06366221496401202,6.111774954296797,0.958862,1.08,5939.0,4.50798,1.22505,0.267889,,
v2c_1563,459217634,v2cal,4-6,9,4,14;15;21;22,planet,0.6479522488348632,1683.743302568878,0.00029353977572139987,0.08867000126009571,0.0,0.0,0.0,0.924499,0.936,5391.0,4.47753,1.18456,0.274031,,
v2c_1564,356785094,v2cal,7-12,4,4,40;47;48;49,planet,14.740489830363726,2393.942607786059,0.009231836210300704,0.25417094286974434,0.0,0.0,0.0,1.59728,1.35,6534.0,4.16164,0.331274,0.0769077,,
v2c_1565,55761742,v2cal,4-6,2,2,14;15,planet,0.5253443975677898,1683.812783685819,0.017764434264942137,0.015400321153859885,0.0,0.0,0.0,0.704358,0.868,5144.0,4.681,2.48393,0.625282,,
v2c_1566,230378747,v2cal,13-inf,1,1,14,planet,0.6442321997252334,1683.8668547568311,0.0030135009960203405,0.6246241410395811,0.0,0.0,0.0,1.672,1.228,6282.0,4.0808,0.26272,0.0587909,,
v2c_1567,237082003,v2cal,4-6,10,4,15;16;17;18,planet,18.630677255537986,1712.2643812353515,0.0006166724348061213,0.18589396669984648,0.0,0.0,0.0,1.42749,1.326,6489.0,4.25147,0.455857,0.102357,,
v2c_1568,220500424,v2cal,7-12,9,1,1,planet,0.90033882087129,1325.7124345762993,0.01649833191608256,0.13407250615784722,0.0,0.0,0.0,1.61077,1.28,6388.91,4.13121,0.306276,0.0630354,,
v2c_1569,189618822,v2cal,2-3,2,2,8;9,eb_unequal,6.321568214009547,1518.6916250640734,0.010393239380540504,0.15967889975239163,0.006339340103568953,0.0,0.0,0.765914,1.001,5643.0,4.67014,2.22789,0.490193,,
v2c_1570,192826201,v2cal,4-6,9,2,5;6,eb_twin,13.538723843609361,1448.2953697067592,0.0011305970192526842,0.3623236773119176,0.0011305970192526842,0.0,0.0,0.733557,0.76,4731.0,4.58801,1.92536,0.51476,,
v2c_1571,280071089,v2cal,13-inf,4,4,14;15;16;17,planet,7.5837851256618425,1687.6814929013715,0.0014547381569745054,0.8847225442893645,0.0,0.0,0.0,1.06396,1.103,5991.0,4.4268,0.91581,0.205046,,
v2c_1572,255926809,v2cal,4-6,8,2,24;25,planet,0.736619091928161,1956.324841954857,0.00026721538917342727,0.8994219663839483,0.0,0.0,0.0,0.74124,0.85,5075.27,4.62757,2.0871,0.540468,,
v2c_1573,349766259,v2cal,7-12,7,2,89;90,planet,7.734229966932028,3722.8800826233596,0.01033358333923401,0.833411162782886,0.0,0.0,0.0,1.11684,0.99,5595.75,4.33772,0.710652,0.158986,,
v2c_1574,229650547,v2cal,7-12,8,8,14;15;16;17;18;19;20;21,planet,1.3178793701434959,1683.681960128592,0.0007085880166451704,0.01597179618360135,0.0,0.0,0.0,1.11403,1.318,6472.0,4.46419,0.953291,0.218461,,
v2c_1575,48302533,v2cal,7-12,1,1,15,planet,1.5407471251278522,1712.7736468154542,0.0027665876518254604,0.4574683847676254,0.0,0.0,0.0,0.34958,0.333722,3516.0,4.87436,7.81169,0.217108,,
v2c_1576,232032625,v2cal,4-6,3,3,5;6;7,planet,1.8539184866706382,1438.420240852122,0.021647816183034727,0.023659586493182092,0.0,0.0,0.0,1.82757,1.34,6515.0,4.04143,0.219525,0.0521633,,
v2c_1577,418477085,v2cal,7-12,5,1,15,planet,0.5653178491690548,1711.918643205827,0.009524366366341231,0.5468403019486011,0.0,0.0,0.0,1.39647,1.15,6114.0,4.2087,0.422282,0.0891512,,
v2c_1578,220022156,v2cal,7-12,2,2,2;3,planet,16.25663746908577,1363.6595200089648,0.0011942717027386232,0.004921333992778487,0.0,0.0,0.0,0.787074,0.85,5068.41,4.57546,1.7433,0.383592,,
v2c_1579,257088768,v2cal,7-12,8,4,15;20;21;22,eb_twin,0.6008084683993626,1711.6149301523108,0.000375227231071398,0.23486040548171722,0.000375227231071398,0.0,0.0,1.25231,1.02,5704.0,4.25125,0.519357,0.106351,,
v2c_1580,375061802,v2cal,7-12,8,8,1;3;4;5;7;9;10;13,eb_twin,1.0661183920044082,1326.2283182891306,0.02425726019471074,0.07668200806448824,0.02425726019471074,0.0,0.0,0.851632,0.86,5096.38,4.51206,1.39233,0.349632,,
v2c_1581,175233735,v2cal,2-3,4,2,44;46,planet,1.9016924514397426,2500.876999991593,0.0006813756945757807,0.31765193178275614,0.0,0.0,0.0,1.33871,1.071,5899.0,4.21448,0.446406,0.0936548,,
v2c_1582,230087941,v2cal,13-inf,6,6,14;15;16;17;18;19,eb_unequal,0.8717301978423352,1684.1006752327687,0.02231657015443939,0.3991256208532865,0.017296533913632055,0.0,0.0,0.795054,0.963,5495.0,4.6209,1.91618,0.430849,,
v2c_1583,310981801,v2cal,4-6,4,4,40;41;47;48,eb_ecc,11.846681705209903,2395.016343232851,0.04803587215174971,0.010239445974679573,0.01702966705697894,0.3014484136396955,5.90706372098087,1.17511,1.1,5994.0,4.3393,0.677882,0.148468,,
v2c_1584,229738891,v2cal,7-12,7,7,14;15;17;18;19;20;21,planet,0.7215248850407774,1683.7246229121677,0.004407166718407416,0.13641441386229128,0.0,0.0,0.0,0.734523,0.993,5610.0,4.70301,2.50572,0.555608,,
v2c_1585,357399784,v2cal,2-3,2,2,23;24,planet,6.145781573334124,1932.8326845525582,0.020287846112025866,0.3275468783072466,0.0,0.0,0.0,1.18569,1.279,6390.0,4.397,0.767295,0.173732,,
v2c_1586,268586596,v2cal,2-3,9,1,3,eb_ecc,16.736929681394603,1396.4851781009238,0.0003643757662440197,0.16267633522893052,0.00021954724415663182,0.42114999801198244,1.4898301675742636,0.825648,0.839,5037.5,4.52824,1.49066,0.378534,,
v2c_1587,160421259,v2cal,13-inf,3,3,14;15;16,planet,1.9217504899486297,1685.184892084729,0.0007952975666880266,0.4192989428885373,0.0,0.0,0.0,1.32428,1.185,6188.0,4.26783,0.510248,0.11004,,
v2c_1588,229484800,v2cal,7-12,5,5,14;15;16;17;18,eb_unequal,1.7928209518693474,1683.6338552229495,0.0017133875256638673,0.69870028468791,0.0010366984317146438,0.0,0.0,0.900591,1.03,5758.0,4.54185,1.41011,0.308763,,
v2c_1589,229484800,v2cal,7-12,1,1,14,planet,24.583391271376136,1700.867304596329,0.03976164914723663,0.17700209685851345,0.0,0.0,0.0,0.900591,1.03,5758.0,4.54185,1.41011,0.308763,,
v2c_1590,255558852,v2cal,7-12,1,1,5,planet,10.038498539248444,1445.931243769646,0.0002379125846272131,0.8910802332279847,0.0,0.0,0.0,1.17148,1.02,5731.0,4.3092,0.634452,0.139305,,
v2c_1591,356194749,v2cal,13-inf,2,2,14;17,eb_unequal,3.31639049024601,1685.2713859651901,0.00041292095865576273,0.2285223539668236,0.00023937612379410612,0.0,0.0,0.912209,0.887,5210.0,4.4658,1.16853,0.279423,,
v2c_1592,268586596,v2cal,2-3,3,1,3,planet,19.191633716857986,1399.8589609967642,0.01047135901133956,0.6738200221868453,0.0,0.0,0.0,0.825648,0.839,5037.5,4.52824,1.49066,0.378534,,
v2c_1593,177171512,v2cal,2-3,5,3,94;95;96,planet,2.8954048426015606,3856.8325473317755,0.0066908596568967145,0.06598654960723709,0.0,0.0,0.0,1.35659,1.11,6005.96,4.21849,0.444609,0.105278,,
v2c_1594,160987265,v2cal,4-6,1,1,49,planet,6.380904752122052,2640.256386059657,0.00108248631741057,0.13117859103366644,0.0,0.0,0.0,1.40871,1.24,6307.0,4.23384,0.44356,,,
v2c_1595,137905084,v2cal,2-3,6,2,47;48,eb_unequal,25.728065790617844,2602.802418639065,0.000864273703229442,0.9166096552457362,0.00033454547579322855,0.0,0.0,1.00617,1.08,5922.0,4.46615,1.06024,0.236544,,
v2c_1596,281786464,v2cal,2-3,5,2,28;29,eb_ecc,2.207971320404197,2062.364491265975,0.0011544645113773962,0.2952811103541425,0.000371026424043695,0.3439870191334926,3.9682749292786927,0.968234,1.02,5735.0,4.47471,1.12372,0.241795,,
v2c_1597,122841001,v2cal,2-3,3,2,14;26,eb_ecc,5.233977177524447,1684.193923823675,0.002057222008740425,0.8028268096919922,0.0007892493459073069,0.3619140043739981,1.17856101624184,0.948766,1.034,5773.0,4.49827,1.21072,0.254203,,
v2c_1598,122687138,v2cal,4-6,1,1,30,planet,1.780796257684846,2117.0775600255506,0.0024317174736664822,0.08851165527394685,0.0,0.0,0.0,0.97351,1.08,5928.0,4.49481,1.17058,0.246936,,
v2c_1599,150188411,v2cal,2-3,7,2,95;96,eb_ecc,1.9806686925636268,3882.3411970341185,0.009938404606069167,0.6076343558472098,0.005224531735263553,0.48839244162431295,0.8143742845405385,1.52089,1.07,5878.85,4.10326,0.304152,0.0665739,,
v2c_1600,207084753,v2cal,2-3,8,1,2,eb_unequal,25.37966371981076,1370.0159914137244,0.04767645466097279,0.9066875033272717,0.02942077407552015,0.0,0.0,0.708209,0.92,5327.0,4.70153,2.59002,0.57888,,
v2c_1601,441661659,v2cal,4-6,2,2,15;16,eb_twin,2.0317771071194177,1711.5768688116705,0.0009827703140406418,0.6863203106623214,0.0009827703140406418,0.0,0.0,0.656698,0.72,4544.0,4.66067,2.54235,0.691902,,
v2c_1602,461516246,v2cal,7-12,8,4,18;20;25;26,planet,9.668028258647439,1795.007924385207,0.03075472837343805,0.7589777985830075,0.0,0.0,0.0,1.10379,1.142,6090.0,4.40996,0.849186,0.19789,,
v2c_1603,199633399,v2cal,7-12,1,1,16,planet,3.777574880359872,1742.2900367296318,0.00028810803013052636,0.24535070678842133,0.0,0.0,0.0,1.25371,1.206,6234.0,4.32302,0.612013,0.140979,,
v2c_1604,418468534,v2cal,2-3,10,2,38;39,eb_twin,6.310650832986208,2338.123849940059,0.004451887695651036,0.843371165128869,0.004451887695651036,0.0,0.0,1.18583,1.37,6584.0,4.42675,0.821596,0.180917,,
v2c_1605,248608056,v2cal,2-3,5,1,42,planet,15.26743717176342,2452.1555364332085,0.0007855699645210345,0.17448638975392633,0.0,0.0,0.0,1.01762,1.12,6027.0,4.47211,1.06281,0.230576,,
v2c_1606,233502816,v2cal,7-12,9,9,14;15;18;19;20;21;22;23;24,eb_twin,1.585724903060685,1684.8818521294104,0.012676993252745433,0.7351094192274454,0.012676993252745433,0.0,0.0,1.80648,1.352,6543.0,4.05538,0.229339,0.0521094,,
v2c_1607,356975793,v2cal,13-inf,3,3,14;15;16,planet,2.105276530790831,1685.2424970327083,0.00025104859995338187,0.24017155929024436,0.0,0.0,0.0,0.872696,0.934,5384.0,4.52669,1.40527,0.320395,,
v2c_1608,149912035,v2cal,4-6,3,2,14;21,planet,0.981506220125449,1683.8457007292013,0.00021755939815419265,0.8449118024347323,0.0,0.0,0.0,0.475812,0.473649,3699.0,4.75865,4.39694,0.203198,,
v2c_1609,237197553,v2cal,7-12,3,3,14;15;16,planet,9.701922471608482,1684.0714235071866,0.002101569293219925,0.03026802094623424,0.0,0.0,0.0,0.710189,0.822,4977.0,4.65019,2.29483,0.598956,,
v2c_1610,274674083,v2cal,2-3,4,2,24;26,planet,3.3403874162524736,1957.0676929878891,0.005936252953354096,0.11028180765298606,0.0,0.0,0.0,0.976606,1.049,5824.0,4.4794,1.1262,0.237327,,
v2c_1611,238197355,v2cal,13-inf,9,9,1;2;3;6;7;9;10;12;13,planet,0.8974657743577159,1325.8164099441733,0.00029945246960182587,0.7798413450885686,0.0,0.0,0.0,1.22073,1.0,5636.0,4.26483,0.549723,0.115096,,
v2c_1612,308983576,v2cal,4-6,9,1,9,planet,8.23220512365583,1547.645048725815,0.0003184435377540616,0.5285144001711974,0.0,0.0,0.0,1.07274,1.0,5629.6,4.37708,0.810056,0.160955,,
v2c_1613,257612675,v2cal,4-6,2,2,12;13,eb_twin,10.073302109005638,1633.9403650739412,0.0008943931735316908,0.5721679924437183,0.0008943931735316908,0.0,0.0,1.11274,1.07,5879.0,4.37467,0.776618,0.161681,,
v2c_1614,141282136,v2cal,13-inf,9,9,1;2;3;4;5;6;7;8;9,planet,1.0994328980811037,1326.215362929043,0.003869828294263724,0.041938092941755524,0.0,0.0,0.0,1.7263,1.52,6937.0,4.14568,0.295457,0.0615463,,
v2c_1615,188690062,v2cal,7-12,3,3,17;20;23,planet,1.033190177990179,1765.6037569448893,0.005217747226315785,0.9043709720166002,0.0,0.0,0.0,0.656795,0.66,4216.0,4.62275,2.32946,0.764632,,
v2c_1616,157118870,v2cal,4-6,5,1,10,planet,25.46002753217062,1569.7795278338076,0.002022357730274532,0.3534046119508227,0.0,0.0,0.0,0.77668,0.83,5007.0,4.57666,1.77154,0.445536,,
v2c_1617,219862791,v2cal,7-12,9,9,14;16;17;18;19;20;21;22;23,eb_ecc,3.194232072960158,1684.4644221961714,0.002804648258170753,0.6172845855902672,0.0013513894574259696,0.3324792110335944,5.282572795556296,1.32739,1.345,6529.0,4.32079,0.575076,0.136323,,
v2c_1618,287348079,v2cal,2-3,9,3,36;45;46,eb_twin,1.3822243716450524,2281.7276136994183,0.013417687757019608,0.6890875083521036,0.013417687757019608,0.0,0.0,0.961344,1.07,5882.0,4.50169,1.20433,0.256185,,
v2c_1619,233733207,v2cal,13-inf,3,3,14;16;17,planet,23.83316914479647,1706.8708110938883,0.005188861904925535,0.1280295409124627,0.0,0.0,0.0,0.367218,0.35407,3391.0,4.85731,7.15018,0.225344,,
v2c_1620,394653833,v2cal,4-6,2,2,1;13,eb_twin,13.008235902544568,1337.05853125153,0.0006521800248163007,0.44051770016857783,0.0006521800248163007,0.0,0.0,0.98984,0.92,5327.3,4.41073,0.948622,0.206455,,
v2c_1621,461539894,v2cal,7-12,7,5,18;19;20;25;26,eb_twin,16.92852650572913,1794.6355434849347,0.0012605232007515761,0.4488430455652252,0.0012605232007515761,0.0,0.0,1.0224,1.146,6098.0,4.47801,1.0723,0.238302,,
v2c_1622,144400971,v2cal,2-3,2,1,22,eb_unequal,23.36163863312859,1912.8093108007429,0.0023720591122557287,0.6030581695576852,0.000678426813285013,0.0,0.0,0.709434,0.89,5221.29,4.68563,2.49261,0.654867,,
v2c_1623,259265911,v2cal,13-inf,8,8,14;15;16;17;18;19;20;21,eb_ecc,1.6865048240393972,1684.8219929115967,0.02631180101636327,0.2653898282819475,0.019486774257419112,0.4998583292661617,0.8546983441664027,1.58958,1.406,6664.0,4.18349,0.350059,0.082795,,
v2c_1624,269851471,v2cal,2-3,8,3,27;28;39,planet,0.8493460181510776,2036.7003661655203,0.005861616604376375,0.4591477882382315,0.0,0.0,0.0,1.25707,1.1,5988.7,4.28074,0.553747,0.11096,,
v2c_1625,235953116,v2cal,7-12,7,7,17;18;19;20;24;25;26,planet,2.1265131880978747,1765.1076489077204,0.003966434806944693,0.3642178715658094,0.0,0.0,0.0,0.884922,1.06,5862.0,4.56956,1.52965,0.321613,,
v2c_1626,55850719,v2cal,13-inf,8,8,1;2;3;4;5;6;8;9,eb_unequal,19.913840081661842,1342.0467206280018,0.0051392013326186144,0.8176081662084113,0.001018885765487036,0.0,0.0,1.61329,1.27,6378.6,4.12645,0.30246,0.0652397,,
v2c_1627,420303093,v2cal,2-3,7,2,47;52,eb_unequal,23.137888186372265,2597.4899552248253,0.0051826157174465065,0.5558135350646121,0.004074729153676919,0.0,0.0,1.31311,1.13,6069.0,4.25454,0.499082,0.111082,,
v2c_1628,207084753,v2cal,2-3,3,1,2,eb_ecc,1.4251095792966084,1355.1947439821436,0.0009862858101446694,0.9248432723733131,0.0003903817395651424,0.39335932956024905,3.4114753371702604,0.708209,0.92,5327.0,4.70153,2.59002,0.57888,,
v2c_1629,278776583,v2cal,13-inf,1,1,27,planet,7.4639158823229605,2040.4991703599535,0.011201352033590474,0.603926632834662,0.0,0.0,0.0,1.86088,1.33,6500.31,4.02248,0.206395,0.0468839,,
v2c_1630,219089288,v2cal,4-6,3,2,19;22,planet,20.629274301668215,1834.4542532367414,0.00023089428313374704,0.548563488563333,0.0,0.0,0.0,0.973381,1.026,5743.0,4.47265,1.1125,0.236146,,
v2c_1631,401398665,v2cal,2-3,2,1,10,eb_ecc,0.9141414836614167,1569.5362596376222,0.03092720475181158,0.3619849477062082,0.01870144296745446,0.23351699866863365,1.0979493386437231,1.04324,1.012,5686.3,4.40648,0.891298,0.181758,,
v2c_1632,158106851,v2cal,2-3,2,2,16;23,planet,0.7271089936301391,1739.294748104403,0.0020468502564075534,0.8114735591210255,0.0,0.0,0.0,0.992001,1.03,5755.86,4.45788,1.05512,0.228159,,
v2c_1633,159163331,v2cal,4-6,6,3,15;16;22,eb_ecc,2.910345631696018,1712.980825820458,0.02937237505936264,0.02970362779327021,0.02372251313774317,0.3966257636439152,6.124037822832468,0.998437,1.125,6048.0,4.49058,1.13029,0.24243,,
v2c_1634,198187666,v2cal,13-inf,2,2,14;15,eb_unequal,2.9574693619842813,1684.4587504311423,0.00031829793087047856,0.5743021597913378,0.00024266756733085592,0.0,0.0,1.00241,1.112,6013.0,4.48208,1.104,0.239705,,
v2c_1635,418386461,v2cal,2-3,8,2,11;12,eb_unequal,5.66390249035989,1597.0565625041706,0.0038302019179626834,0.8714001180460443,0.002229982197324986,0.0,0.0,1.0502,0.98,5546.0,4.38675,0.846086,0.188613,,
v2c_1636,198206463,v2cal,13-inf,10,10,14;15;16;17;18;19;20;21;22;23,planet,9.414775774717134,1689.5644445652797,0.0028696136940044004,0.897864070188442,0.0,0.0,0.0,1.12775,1.096,5971.0,4.37345,0.764142,0.16619,,
v2c_1637,57609213,v2cal,2-3,8,1,10,eb_ecc,3.356942541771474,1569.7544381341909,0.0019223566134882468,0.4022102607527387,0.0017875840175313234,0.2030202214079702,3.4651965255040564,1.32104,1.21,6244.0,4.27902,0.524856,0.119782,,
v2c_1638,79531088,v2cal,4-6,6,2,3;4,planet,0.9749274529363964,1382.8834212089155,0.009890578745747395,0.5938781710538399,0.0,0.0,0.0,0.700775,0.67,4316.9,4.57299,1.94688,0.645055,,
v2c_1639,38206278,v2cal,2-3,2,2,45;46,planet,1.7683763840203282,2525.805413104099,0.001135893310903917,0.8336588437410618,0.0,0.0,0.0,1.60403,1.03,5768.71,4.04048,0.249572,0.0625442,,
v2c_1640,101724919,v2cal,2-3,7,2,44;45,eb_ecc,0.5677013522265685,2500.601214689452,0.00038592827744504926,0.758298646864558,0.0003410027751444435,0.057204493424151376,1.5901214270922779,1.04435,1.156,6122.0,4.46333,1.01489,0.221346,,
v2c_1641,459893772,v2cal,4-6,6,1,25,planet,1.4585596892206565,1984.145107176076,0.010325605299551118,0.38028231090024933,0.0,0.0,0.0,1.09572,1.188,6195.0,4.43348,0.903054,0.207371,,
v2c_1642,259739542,v2cal,4-6,10,1,19,eb_unequal,3.2708234492667834,1817.7767981046104,0.003307059320947116,0.1169647362641736,0.0007921843899246565,0.0,0.0,1.503,1.534,6985.56,4.26997,0.4518,0.110392,,
v2c_1643,116542530,v2cal,4-6,4,2,23;24,eb_twin,17.4680580628612,1939.492448319457,0.013398343251794483,0.8161321425247458,0.013398343251794483,0.0,0.0,0.870456,1.08,5912.0,4.592,1.63751,0.344757,,
v2c_1644,231627703,v2cal,4-6,8,1,27,eb_twin,4.152651623871738,2038.016375323869,0.014660627980809972,0.5390499095622727,0.014660627980809972,0.0,0.0,1.89509,1.49,6881.0,4.05599,0.218925,0.0503715,,
v2c_1645,767658,v2cal,2-3,3,1,5,planet,16.96356946821758,1445.287865974023,0.0014171046549477566,0.10869905143689632,0.0,0.0,0.0,0.330773,0.311984,3417.0,4.89314,8.62069,0.215274,,
v2c_1646,55452577,v2cal,13-inf,6,6,1;2;3;4;5;7,planet,5.094592320136651,1330.168918721837,0.011820823804440052,0.6096586956263659,0.0,0.0,0.0,1.55576,0.94,5394.2,4.02731,0.249632,0.0525067,,
v2c_1647,233504880,v2cal,13-inf,6,6,15;16;17;18;19;20,eb_ecc,10.426598618885773,1716.922938638316,0.0007995277310928698,0.2994389803226772,0.0002922340602099647,0.08799690909191402,5.278402337662029,0.900404,1.04,5794.0,4.54623,1.42469,0.316151,,
v2c_1648,241445862,v2cal,4-6,2,1,3,eb_ecc,5.059555818091184,1384.900245873661,0.0006139957460233573,0.30763672848699875,0.00041105101188891103,0.3350327283555258,2.683772602653314,1.04655,1.092,5960.0,4.43677,0.952677,0.200172,,
v2c_1649,142049025,v2cal,13-inf,4,4,1;2;3;4,eb_unequal,7.658509762686718,1326.312642443223,0.00038851829403136487,0.30920586412789514,0.00019021134634112868,0.0,0.0,1.66055,1.26,6358.05,4.09793,0.275177,0.0613782,,
v2c_1650,3663779,v2cal,2-3,8,3,44;45;46,planet,6.163824109105496,2501.454903876188,0.0005342837920506361,0.6106160466493491,0.0,0.0,0.0,1.0982,1.06,5862.24,4.38201,0.800318,0.150053,,
v2c_1651,365188734,v2cal,2-3,2,2,42;43,planet,15.732897801242265,2456.0734763486753,0.0021178305679687977,0.561339021485442,0.0,0.0,0.0,0.976758,0.985,5579.0,4.45193,1.057,0.233099,,
v2c_1652,269663324,v2cal,13-inf,9,9,14;15;16;18;19;20;21;22;23,eb_ecc,1.87431058276694,1684.55396235254,0.0051115560574176025,0.8740543743105804,0.004102241381797078,0.18953682990643644,2.6315161291548423,0.547609,0.543099,3909.0,4.69601,3.30725,0.168544,,
v2c_1653,286170847,v2cal,7-12,7,5,16;22;23;24;25,eb_twin,0.858798424230293,1738.7248908557342,0.0004125627732706223,0.4807108866954196,0.0004125627732706223,0.0,0.0,1.72216,1.404,6659.06,4.11329,0.274884,0.062158,,
v2c_1654,142103354,v2cal,7-12,6,2,19;20,planet,5.457960996238029,1819.4663483463366,0.001088259447442732,0.9056778229502696,0.0,0.0,0.0,0.550538,0.545738,3793.0,4.69348,3.27056,0.169095,,
v2c_1655,29832604,v2cal,13-inf,4,4,1;2;3;4,eb_twin,11.25305702558572,1328.3709106535057,0.03335058468322705,0.5843990991804615,0.03335058468322705,0.0,0.0,0.904952,0.94,5415.38,4.49794,1.26839,0.269493,,
v2c_1656,393911159,v2cal,2-3,10,2,49;50,planet,1.2722523286437906,2637.6311873198947,0.0015928950498003988,0.6937480513932824,0.0,0.0,0.0,1.07475,1.06,5876.0,4.40076,0.853848,0.179496,,
v2c_1657,49594649,v2cal,4-6,7,1,3,eb_unequal,9.117048396131548,1386.4500397399563,0.010290572745070004,0.806365455278286,0.007260951349455954,0.0,0.0,0.304188,0.281402,3362.0,4.92111,9.99772,0.173,,
v2c_1658,199710904,v2cal,7-12,2,2,15;16,planet,4.6292871971266,1715.617908915266,0.00028820707830553536,0.5530166622915302,0.0,0.0,0.0,1.45043,1.24,6308.0,4.20849,0.406375,0.0912274,,
v2c_1659,357474184,v2cal,2-3,3,1,24,eb_ecc,0.9244046881832588,1956.3037952986867,0.0002896134766515938,0.5223796283336112,0.0002298290287214103,0.2531428220941397,3.8342912900310933,0.854749,0.904,5272.7,4.53056,1.44761,0.302669,,
v2c_1660,348788705,v2cal,4-6,2,1,8,planet,4.804825191388122,1520.6405985959366,0.0004995857974692098,0.07285487882312336,0.0,0.0,0.0,1.42999,1.385,6617.0,4.26885,0.473644,0.107507,,
v2c_1661,309700725,v2cal,7-12,1,1,1,planet,2.2902207986695595,1327.2879171998977,0.00957867189314248,0.4996827381728541,0.0,0.0,0.0,1.17562,0.98,5542.0,4.28876,0.603152,0.134013,,
v2c_1662,417921620,v2cal,4-6,6,3,15;21;22,eb_ecc,3.0500792563514905,1712.1821874648153,0.0002066224591465962,0.6313827351605801,0.00018014846223888967,0.18438158397053864,2.9497285735605305,1.06235,1.034,5772.0,4.40005,0.862415,0.178175,,
v2c_1663,243140378,v2cal,4-6,1,1,11,planet,28.646468444776538,1597.1301944783604,0.00024259644442007,0.33547421636523933,0.0,0.0,0.0,1.28062,1.25,6331.0,4.32014,0.595183,0.133903,,
v2c_1664,199715818,v2cal,7-12,8,8,14;15;16;17;18;19;20;22,eb_twin,2.6752568484605175,1684.3677601544437,0.007323159762452409,0.43257723707847284,0.007323159762452409,0.0,0.0,0.793689,0.831,5009.24,4.55837,1.66207,0.471221,,
v2c_1665,252878031,v2cal,2-3,10,1,20,eb_ecc,3.788095869819139,1842.9824737318722,0.010545293595508393,0.3742127114939926,0.006406616272462313,0.48374196020244437,3.593064272087534,1.03393,1.115,6020.81,4.45636,1.00879,0.22255,,
v2c_1666,307984280,v2cal,7-12,5,3,24;25;26,planet,0.8527985109500477,1955.8216992886423,0.01949899191361754,0.06103453508531706,0.0,0.0,0.0,1.12963,1.071,5899.0,4.36199,0.742995,0.157574,,
v2c_1667,286170847,v2cal,7-12,1,1,16,planet,6.078549044583878,1739.1619727780142,0.0003460400338645234,0.6571800106499576,0.0,0.0,0.0,1.72216,1.404,6659.06,4.11329,0.274884,0.062158,,
v2c_1668,237104188,v2cal,13-inf,3,3,14;15;16,planet,17.961694439182114,1699.76267097636,0.010694938239670283,0.16737600613053943,0.0,0.0,0.0,1.4138,1.207,6237.0,4.219,0.427112,0.0984705,,
v2c_1669,365335204,v2cal,4-6,8,1,4,eb_unequal,4.424640512971749,1414.2219433459445,0.01369550570184006,0.5607172861031839,0.010693958161445643,0.0,0.0,0.996273,1.156,6123.0,4.50427,1.16902,0.339151,,
v2c_1670,408824126,v2cal,2-3,1,1,42,planet,20.584407464257048,2454.4903231523367,0.008342040340946046,0.3629280062397202,0.0,0.0,0.0,0.566617,0.62,3990.0,4.72388,3.40818,1.22857,,
v2c_1671,126585122,v2cal,2-3,7,1,1,eb_unequal,4.3689712275981085,1326.6018915342725,0.01139463232627712,0.5404127625113466,0.007023550818617341,0.0,0.0,0.848746,0.94,5418.0,4.55364,1.53743,0.346787,,
v2c_1672,408728735,v2cal,4-6,6,4,18;19;25;26,eb_unequal,2.278647799638413,1791.4365293788178,0.0007049153322641921,0.8612229174384478,0.0003028675605273956,0.0,0.0,0.269251,0.241972,3342.0,4.96152,12.3963,0.0798301,,
v2c_1673,237340884,v2cal,4-6,2,2,3;4,eb_twin,0.6079120961959614,1383.1621247791468,0.004929119808934179,0.5147903513488892,0.004929119808934179,0.0,0.0,0.939452,1.06,5845.88,4.51762,1.27845,0.260243,,
v2c_1674,237098754,v2cal,13-inf,9,9,14;15;16;17;18;19;20;21;22,planet,1.0594550269047527,1683.8104086708042,0.008626776454275113,0.3751344486534377,0.0,0.0,0.0,1.56517,1.039,5791.0,4.06556,0.270974,0.0530947,,
v2c_1675,366718889,v2cal,4-6,8,4,17;19;24;25,planet,0.5562455986182298,1764.896491063552,0.00039630316683426215,0.8840996475864543,0.0,0.0,0.0,0.792609,0.884,5200.0,4.5864,1.77531,0.508488,,
v2c_1676,232966497,v2cal,4-6,5,2,21;22,planet,12.276755522548823,1878.2747552474855,0.03576868917179162,0.00949505889407129,0.0,0.0,0.0,0.941754,1.069,5892.0,4.51917,1.27987,0.272312,,
v2c_1677,402442750,v2cal,13-inf,6,6,14;16;17;18;19;20,planet,24.29983383713307,1701.25691080873,0.012932835930971165,0.8894646054363531,0.0,0.0,0.0,1.08526,1.07,5894.0,4.39639,0.837113,0.188057,,
v2c_1678,295047203,v2cal,2-3,5,2,12;13,planet,11.314217123621983,1629.1051324392208,0.00024536962292539253,0.9081892322691346,0.0,0.0,0.0,1.20516,1.18,6187.0,4.34786,0.674129,0.15248,,
v2c_1679,117123472,v2cal,4-6,6,4,44;45;46;47,eb_unequal,1.0137472023656102,2500.7883616354825,0.0037910574010917956,0.46953593537000776,0.0013761228166393098,0.0,0.0,0.91503,1.047,5817.98,4.53514,1.3666,0.267145,,
v2c_1680,123203822,v2cal,4-6,1,1,14,eb_ecc,0.5078947733638958,1683.5411872168156,0.004464637094721489,0.8410409938498088,0.004045038484117816,0.403343428782408,3.335345999084428,0.318451,0.297773,3369.0,4.90587,9.22056,0.186615,,
v2c_1681,278776583,v2cal,13-inf,3,3,27;28;29,eb_twin,14.768405736506882,2046.8564099492146,0.018809526685913576,0.8851374740244835,0.018809526685913576,0.0,0.0,1.86088,1.33,6500.31,4.02248,0.206395,0.0468839,,
v2c_1682,198179036,v2cal,7-12,8,8,14;15;16;18;19;21;22;23,eb_twin,3.522396962941132,1686.6005301783193,0.009172544512696851,0.5479482279643392,0.009172544512696851,0.0,0.0,0.765754,0.789,4853.0,4.56697,1.75715,0.471624,,
v2c_1683,428798205,v2cal,7-12,7,3,18;19;25,planet,7.149712331104847,1793.2372136049182,0.0002588594005894679,0.4202674735509361,0.0,0.0,0.0,1.13639,1.01,5687.0,4.33133,0.688231,0.14904,,
v2c_1684,283828652,v2cal,4-6,10,3,16;23;24,planet,2.076693913128268,1740.1839320336546,0.009668897761186901,0.538756410688025,0.0,0.0,0.0,1.09588,1.127,6053.72,4.41046,0.856316,0.198513,,
v2c_1685,30851433,v2cal,7-12,8,8,1;3;4;5;6;7;8;9,planet,3.1928726783092385,1325.7277100057972,0.027350689300684107,0.2228759855199343,0.0,0.0,0.0,1.3307,1.16,6123.0,4.25436,0.492281,0.106387,,
v2c_1686,280790195,v2cal,4-6,2,2,3;4,planet,0.5683685168949789,1382.775478707304,0.0014690495537289028,0.6398270421706963,0.0,0.0,0.0,0.837932,0.84,5055.0,4.51593,1.42775,0.376893,,
v2c_1687,39268506,v2cal,4-6,10,2,25;26,planet,1.0018585102141584,1984.3543680996156,0.01751478201856197,0.38425845293943406,0.0,0.0,0.0,0.764685,0.95,5444.0,4.64883,2.1246,0.4942,,
v2c_1688,390233221,v2cal,4-6,2,2,10;11,planet,4.191019273548405,1571.1519268731447,0.0002789993557175655,0.7031648937525895,0.0,0.0,0.0,1.77667,1.18,6173.0,4.01074,0.210409,0.0457923,,
v2c_1689,309700725,v2cal,7-12,10,10,1;2;4;5;6;7;8;9;10;11,planet,1.5336009174703906,1325.8150810840907,0.02974128142457138,0.9066986149256627,0.0,0.0,0.0,1.17562,0.98,5542.0,4.28876,0.603152,0.134013,,
v2c_1690,232970131,v2cal,4-6,3,3,14;15;21,planet,15.940211302435547,1685.787784451993,0.00028751844037557065,0.121104456007505,0.0,0.0,0.0,0.715666,0.872,5156.0,4.66916,2.37895,0.587781,,
v2c_1691,180669655,v2cal,2-3,3,1,49,planet,0.5224465215690802,2637.801790367485,0.0002932152250646033,0.26346726312358,0.0,0.0,0.0,1.06759,1.11,6005.63,4.42658,0.912232,0.180547,,
v2c_1692,233578672,v2cal,13-inf,3,3,14;15;16,eb_unequal,1.593374553352348,1684.583131730902,0.0010692022309714496,0.11525059786606057,0.00024067860711618816,0.0,0.0,1.02963,1.225,6276.0,4.50084,1.12226,0.244469,,
v2c_1693,139482873,v2cal,2-3,5,1,3,planet,8.584296686334232,1388.8831556511902,0.019430685353314076,0.2716131358325222,0.0,0.0,0.0,0.757112,0.959,5477.0,4.66157,2.20972,0.487433,,
v2c_1694,224607505,v2cal,13-inf,7,7,14;15;16;17;18;19;20,planet,5.102586112196095,1687.818183678386,0.013578390581822851,0.7989842759539039,0.0,0.0,0.0,1.78032,1.427,6714.0,4.0915,0.252891,0.0593411,,
v2c_1695,124536339,v2cal,4-6,4,1,9,eb_unequal,0.60579129897718,1543.2687305135753,0.0012874650694527827,0.41129833091481655,0.00025204652361156466,0.0,0.0,0.7063,0.822,4974.0,4.65496,2.33295,0.624754,,
v2c_1696,400711585,v2cal,4-6,10,4,44;45;46;47,planet,0.5481292769354004,2500.488688639213,0.000605629716066378,0.49542515763525335,0.0,0.0,0.0,1.82574,1.395,6639.0,4.05976,0.229221,0.0541766,,
v2c_1697,357498149,v2cal,13-inf,8,8,14;15;16;17;18;19;20;21,planet,0.5825973841363323,1683.4266189374478,0.037080985661308276,0.08845484084249618,0.0,0.0,0.0,1.52568,1.371,6585.0,4.20818,0.38605,0.0865285,,
v2c_1698,22740650,v2cal,2-3,5,2,22;23,eb_twin,2.03505177103524,1899.9910489079982,0.0004422209779930006,0.6055692029777231,0.0004422209779930006,0.0,0.0,0.942229,0.947,5431.51,4.4661,1.13209,0.269551,,
v2c_1699,422045258,v2cal,2-3,5,1,42,planet,1.0669154758366624,2448.0633535029765,0.012139932575114462,0.18227057680362851,0.0,0.0,0.0,1.58282,1.36,6562.0,4.17274,0.342958,0.0813699,,
v2c_1700,236288902,v2cal,2-3,10,2,50;51,eb_ecc,1.0672312813386367,2665.8243380100585,0.011369319400140576,0.5986713036157837,0.0037750131281892576,0.1007325206221745,4.48170661167558,0.99741,1.072,5902.0,4.47051,1.08037,0.225836,,
v2c_1701,158703741,v2cal,4-6,4,1,26,planet,6.491863448222533,2011.3340170486535,0.034702338505970334,0.8998363292771849,0.0,0.0,0.0,1.03596,1.025,5736.0,4.41811,0.921931,0.19825,,
v2c_1702,269851471,v2cal,2-3,4,3,27;28;39,eb_twin,6.9236599680582,2038.642613587776,0.018562473876811585,0.3863416426101824,0.018562473876811585,0.0,0.0,1.25707,1.1,5988.7,4.28074,0.553747,0.11096,,
v2c_1703,365188734,v2cal,2-3,10,2,42;43,planet,3.190550906547224,2447.767912190702,0.018470039424978307,0.924689950564932,0.0,0.0,0.0,0.976758,0.985,5579.0,4.45193,1.057,0.233099,,
v2c_1704,24696180,v2cal,4-6,8,2,1;2,planet,5.589184128111762,1327.3520799937978,0.0003102175937285931,0.7809764270499026,0.0,0.0,0.0,1.53667,1.07,5901.33,4.09429,0.294879,0.0563661,,
v2c_1705,357797497,v2cal,4-6,7,3,41;53;54,planet,5.538372744913812,2425.4612802198412,0.0005340547843048664,0.1047370706589918,0.0,0.0,0.0,0.583981,0.574818,3847.0,4.6648,2.88625,0.155714,,
v2c_1706,121660708,v2cal,7-12,2,2,40;41,planet,10.83251426212351,2397.1477530521415,0.00042443696442824016,0.6799918745345492,0.0,0.0,0.0,1.03161,1.03,5755.0,4.42387,0.938177,0.185456,,
v2c_1707,29761349,v2cal,7-12,1,1,4,planet,25.142080343175635,1418.7027168567427,0.0002051374809667932,0.2975971572640478,0.0,0.0,0.0,0.846897,0.78,4822.08,4.4745,1.28411,0.353029,,
v2c_1708,38508526,v2cal,13-inf,9,9,1;2;3;4;5;6;7;8;9,eb_unequal,1.562705307366628,1326.2532751739807,0.0008455079988147968,0.03425237409347196,0.0004309663616918437,0.0,0.0,0.980928,1.03,5744.63,4.46763,1.09126,0.217783,,
v2c_1709,198187274,v2cal,7-12,3,3,14;15;16,planet,0.9587079616466875,1684.177743027686,0.04952749657848842,0.921226050527443,0.0,0.0,0.0,0.849147,1.023,5731.0,4.58998,1.67081,0.354965,,
v2c_1710,154181828,v2cal,2-3,6,1,14,planet,0.6512325641824784,1683.732500991749,0.0005865794204869316,0.30755288522181995,0.0,0.0,0.0,1.81701,1.422,6700.0,4.07225,0.237042,0.0544514,,
v2c_1711,358510446,v2cal,13-inf,2,2,1;2,eb_unequal,1.7174552703822772,1325.9820923399707,0.0036588990888467127,0.9434520269334014,0.0023870469650545223,0.0,0.0,1.02242,1.12,6038.0,4.46803,1.04793,0.232689,,
v2c_1712,193794997,v2cal,4-6,1,1,25,planet,26.33203324076551,1991.0238181016716,0.036881354411068976,0.10246138398658403,0.0,0.0,0.0,0.997927,1.072,5902.0,4.47006,1.07869,0.218412,,
v2c_1713,388198750,v2cal,2-3,10,2,94;95,planet,22.177306207163724,3861.1334295287575,0.0006345752894202858,0.10353671508122786,0.0,0.0,0.0,1.19657,1.0,5623.98,4.28219,0.583696,0.126757,,
v2c_1714,364131317,v2cal,2-3,6,2,17;19,planet,8.96691477624061,1767.2048548520224,0.0003409176599457736,0.5254121091524342,0.0,0.0,0.0,1.89838,1.536,6993.0,4.06769,0.224514,0.0508944,,
v2c_1715,341078639,v2cal,7-12,10,1,13,eb_ecc,1.1725286549589862,1654.8408024143084,0.045162505280172266,0.6286719178560425,0.020469950570518824,0.11590750066757362,5.4928000150929055,1.30978,1.01,5693.01,4.20799,0.4495,0.088773,,
v2c_1716,381204994,v2cal,4-6,2,2,1;2,planet,1.7159219619076547,1325.3754678553628,0.031995958563754937,0.006606199745018814,0.0,0.0,0.0,0.758702,0.89,5222.0,4.62732,2.03787,0.507918,,
v2c_1717,424388839,v2cal,13-inf,6,6,14;15;16;17;18;19,planet,3.833733742332302,1686.7496273147015,0.0019179546511125887,0.7031037431094986,0.0,0.0,0.0,0.953856,1.086,5944.0,4.51493,1.25136,0.275699,,
v2c_1718,198316044,v2cal,4-6,8,6,14;15;16;22;23;24,planet,3.4899071140561695,1684.1505578236056,0.02664927516738388,0.47414355885760406,0.0,0.0,0.0,1.36426,1.392,6631.0,4.31191,0.548206,0.13002,,
v2c_1719,353731979,v2cal,4-6,2,2,14;15,planet,5.854698897952132,1687.9554811128871,0.011473097639870164,0.7853450287160404,0.0,0.0,0.0,1.5562,1.039,5791.0,4.07055,0.275687,0.0597812,,
v2c_1720,135365577,v2cal,2-3,2,1,10,eb_unequal,5.846398991456628,1571.9774553916639,0.00024831629674043024,0.20104561613991392,3.1161360690603634e-05,0.0,0.0,1.10184,1.04,5798.0,4.37086,0.777455,0.165517,,
v2c_1721,320498138,v2cal,13-inf,7,7,14;15;16;17;18;19;20,planet,0.704176697462254,1683.9867532871908,0.0062668178495706986,0.6043917427149976,0.0,0.0,0.0,1.0821,1.052,5837.0,4.39155,0.830258,0.177407,,
v2c_1722,68874932,v2cal,4-6,6,2,24;25,planet,13.324335708522439,1965.1363811857366,0.00039693282675763134,0.4662754442063998,0.0,0.0,0.0,1.15193,1.07,5888.94,4.3446,0.70001,0.15823,,
v2c_1723,180212522,v2cal,2-3,1,1,94,planet,1.1896201155282347,3857.2239851018358,0.009255073390750452,0.6626308979534199,0.0,0.0,0.0,0.923045,1.0,5650.82,4.50762,1.27154,0.282301,,
v2c_1724,149251911,v2cal,7-12,8,8,2;3;4;5;6;7;8;9,eb_twin,0.9292132196781114,1354.197867841475,0.0011040616245281479,0.5664444095285052,0.0011040616245281479,0.0,0.0,1.06254,1.13,6063.0,4.43846,0.941992,0.210615,,
v2c_1725,356087112,v2cal,13-inf,10,10,14;15;16;17;18;19;20;21;22;23,eb_ecc,13.779421910060107,1685.8345194538183,0.031502630284280596,0.24106153385620985,0.020516541970338382,0.22733108124671048,1.1605052073358797,1.53234,1.278,6387.0,4.17389,0.355195,0.0786775,,
v2c_1726,365105037,v2cal,2-3,6,2,15;16,eb_unequal,4.123820094730829,1714.695600920666,0.0016634368546989346,0.07713994726443622,0.0002339351914728081,0.0,0.0,1.25313,1.317,6469.0,4.36166,0.66927,0.170925,,
v2c_1727,318928983,v2cal,4-6,9,1,4,planet,5.141508357661363,1411.6637029624294,0.003442353400054119,0.657642139810014,0.0,0.0,0.0,0.882083,0.987,5586.8,4.54137,1.4381,0.284198,,
v2c_1728,237098012,v2cal,13-inf,5,5,14;15;16;17;18,planet,0.5432435937555297,1683.8301368211137,0.002739263276304496,0.5949610030809568,0.0,0.0,0.0,0.844889,0.918,5326.0,4.54731,1.5221,0.358586,,
v2c_1729,176954188,v2cal,13-inf,2,2,1;2,planet,4.7191279932417975,1327.8031009983345,0.0018612577120655977,0.37379818011215354,0.0,0.0,0.0,1.03601,1.02,5726.58,4.41594,0.917281,0.184078,,
v2c_1730,177114809,v2cal,13-inf,10,10,27;28;29;30;31;32;33;34;35;36,eb_ecc,1.1032766568353556,2037.017198360813,0.00047872718743359883,0.8433396785398832,0.00035294970390093567,0.16999254852919948,0.45907827632188875,1.20537,1.02,5699.7,4.28443,0.582426,0.117309,,
v2c_1731,232634636,v2cal,13-inf,1,1,14,planet,17.03992209212025,1698.715765478062,0.001082024976312809,0.24787897205292994,0.0,0.0,0.0,1.66284,1.064,5877.0,4.02331,0.231415,0.0510763,,
v2c_1732,300241889,v2cal,13-inf,4,4,2;3;4;5,eb_unequal,0.5754896675857742,1354.4916304920612,0.0006925118557153628,0.8294184768921037,0.000337076008184704,0.0,0.0,0.987787,0.97,5529.82,4.43551,1.00643,0.239347,,
v2c_1733,382259082,v2cal,4-6,8,3,94;95;96,planet,0.8121705302602024,3856.786437839154,0.007234917701697601,0.37417904794515455,0.0,0.0,0.0,1.46552,1.06,5863.0,4.13139,0.336771,0.0717861,,
v2c_1734,82524967,v2cal,2-3,8,1,22,planet,1.7085316937761101,1900.5526583009703,0.0002352667514477413,0.4707821375579958,0.0,0.0,0.0,0.869831,1.0,5650.0,4.5592,1.51948,0.328434,,
v2c_1735,467184554,v2cal,4-6,5,4,14;15;16;23,eb_unequal,1.3942790752448777,1684.3027241283955,0.049620581701504754,0.16498310145825112,0.00764128042068606,0.0,0.0,1.48987,1.098,5978.0,4.13238,0.332018,0.07234,,
v2c_1736,356111025,v2cal,13-inf,7,7,14;15;16;17;18;19;20,eb_twin,4.987383256028956,1684.9628960719258,0.0004093317564933938,0.6666544577332137,0.0004093317564933938,0.0,0.0,1.26741,1.158,6127.0,4.29594,0.56879,0.124063,,
v2c_1737,258029388,v2cal,2-3,6,3,42;43;44,eb_twin,2.5224364036525926,2449.3709490266515,0.0018447391323049395,0.1650695581307886,0.0018447391323049395,0.0,0.0,1.02726,0.993,5611.53,4.41165,0.91602,0.23216,,
v2c_1738,401398665,v2cal,2-3,6,1,10,eb_unequal,5.432504688927673,1569.6806930235437,0.0007776343740791599,0.3176568156259012,0.00016370824376374954,0.0,0.0,1.04324,1.012,5686.3,4.40648,0.891298,0.181758,,
v2c_1739,423184161,v2cal,4-6,4,1,27,planet,1.2303504797124367,2037.1480486570151,0.040653706370499705,0.5177538652264886,0.0,0.0,0.0,0.58383,0.574691,3759.0,4.66493,2.88785,0.15677,,
v2c_1740,350481129,v2cal,13-inf,6,6,1;2;3;4;5;6,planet,3.081938327370758,1327.864893372521,0.020050707951651998,0.5599362313877929,0.0,0.0,0.0,1.56677,1.24,6306.24,4.14148,0.322408,0.0719529,,
v2c_1741,300324697,v2cal,7-12,3,3,87;88;89,planet,1.7182345177422995,3664.175838048293,0.006019429839207975,0.8359140472635861,0.0,0.0,0.0,0.982437,0.99,5607.23,4.44909,1.04405,0.222372,,
v2c_1742,348960526,v2cal,7-12,6,6,4;5;6;7;8;9,eb_twin,0.5874767433164259,1411.3631387065489,0.0003309098276430222,0.5901197003669725,0.0003309098276430222,0.0,0.0,1.32018,1.31,6456.0,4.31407,0.569337,0.135908,,
v2c_1743,142109665,v2cal,13-inf,6,6,1;2;3;4;5;6,planet,0.8091157658889324,1325.952845386495,0.0010667301162812178,0.6005903575577289,0.0,0.0,0.0,1.37152,1.04,5800.76,4.1807,0.403114,0.0757793,,
v2c_1744,137905084,v2cal,2-3,9,2,47;48,planet,1.548525484879098,2580.0503002673127,0.0005318247570005981,0.22124454904128177,0.0,0.0,0.0,1.00617,1.08,5922.0,4.46615,1.06024,0.236544,,
v2c_1745,229609179,v2cal,13-inf,3,3,15;16;17,planet,29.33952780384027,1730.1230632752095,0.028188667746634557,0.29204007207383614,0.0,0.0,0.0,0.308882,0.286777,3415.0,4.91603,9.7312,0.186793,,
v2c_1746,229997353,v2cal,13-inf,8,8,14;15;16;17;18;19;20;21,eb_ecc,12.715702664618831,1689.415683950206,0.0013553982645312262,0.8806883216251976,0.0008702952423377199,0.486215372937951,6.14907586125425,1.1078,1.035,5776.0,4.36409,0.761302,0.163585,,
v2c_1747,202353593,v2cal,7-12,6,2,22;23,eb_twin,9.221033372407234,1900.6814913627675,0.013324584658622527,0.7027854034722067,0.013324584658622527,0.0,0.0,1.22158,1.16,6127.0,4.32868,0.636338,0.141533,,
v2c_1748,100588940,v2cal,2-3,9,2,5;6,planet,6.090403017586199,1439.0481405999935,0.042940085251214476,0.12790641046286857,0.0,0.0,0.0,1.07488,1.11,6004.0,4.42067,0.893795,0.191917,,
v2c_1749,229149668,v2cal,4-6,2,1,30,eb_twin,3.636044916104562,2116.9516830512716,0.0030574923670654373,0.5449734346738261,0.0030574923670654373,0.0,0.0,0.589745,0.57964,3931.0,4.6599,2.82596,0.151804,,
v2c_1750,199548745,v2cal,4-6,3,3,15;16;18,eb_twin,15.763282413383257,1713.4706943756,0.0004443841292351378,0.8010286377347953,0.0004443841292351378,0.0,0.0,0.839431,0.984,5577.0,4.58309,1.66357,0.347367,,
v2c_1751,418386461,v2cal,2-3,6,2,11;12,planet,7.339952969535832,1603.62728661671,0.0005716043708803007,0.34363658361982546,0.0,0.0,0.0,1.0502,0.98,5546.0,4.38675,0.846086,0.188613,,
v2c_1752,55603918,v2cal,13-inf,5,5,1;2;3;4;5,planet,3.9242124752657133,1327.327856253823,0.018727978890549037,0.9396352745335728,0.0,0.0,0.0,1.42534,1.28,6394.0,4.23744,0.442036,0.0978016,,
v2c_1753,334831854,v2cal,13-inf,8,8,14;16;17;18;19;20;21;22,eb_ecc,1.4188143136439515,1683.8586762024609,0.0017028949578257017,0.6699398841794592,0.0008053047170415622,0.07457293888447007,0.30460810413244727,0.447632,0.444017,3638.0,4.78363,4.95035,0.22039,,
v2c_1754,47510709,v2cal,2-3,4,1,2,eb_twin,21.277438965169537,1372.3595118590065,0.0045738033214930175,0.5367661456905632,0.0045738033214930175,0.0,0.0,1.45408,1.227,6281.0,4.20174,0.399098,0.0907283,,
v2c_1755,445855689,v2cal,7-12,4,4,14;19;20;21,planet,6.192590479463361,1689.0172610095483,0.034443867002324345,0.4630442288411669,0.0,0.0,0.0,1.14635,1.15,6103.0,4.38013,0.763389,0.168499,,
v2c_1756,219104847,v2cal,13-inf,2,2,14;15,planet,2.5351782937323897,1685.0860198445594,0.0026091017172593747,0.8530005105097245,0.0,0.0,0.0,0.942452,1.091,5958.0,4.52737,1.30331,0.279739,,
v2c_1757,199684892,v2cal,7-12,1,1,16,planet,2.5797134414141443,1738.9789537039912,0.0004273534680295334,0.7643245552866087,0.0,0.0,0.0,0.879509,1.044,5808.0,4.56829,1.53455,0.317852,,
v2c_1758,257088768,v2cal,7-12,9,4,15;20;21;22,eb_twin,3.261083283860481,1712.905443221316,0.004199003022626959,0.053870844407797755,0.004199003022626959,0.0,0.0,1.25231,1.02,5704.0,4.25125,0.519357,0.106351,,
v2c_1759,272187046,v2cal,7-12,7,7,1;2;3;4;5;6;7,eb_twin,26.0997589205532,1350.863851180458,0.0013444613650035594,0.6831524474457805,0.0013444613650035594,0.0,0.0,0.635653,0.71,4536.0,4.68289,2.76438,0.753506,,
v2c_1760,52403906,v2cal,2-3,10,1,2,planet,9.952356021039794,1363.0017686647877,0.044054088273437285,0.7200537663046648,0.0,0.0,0.0,0.901837,0.94,5424.0,4.50094,1.28157,0.302839,,
v2c_1761,188776067,v2cal,7-12,4,4,17;24;25;26,eb_ecc,10.549336270269157,1770.1868257916144,0.0005670169332020424,0.5596896139381259,0.00028342932778271067,0.2355592143939481,2.815929651930718,1.03121,1.087,5947.0,4.4476,0.991267,0.21191,,
v2c_1762,273474616,v2cal,7-12,2,2,1;13,planet,5.8067314398161205,1328.302704600076,0.0022166433942653373,0.6031495433420931,0.0,0.0,0.0,0.773593,0.88,5188.0,4.60553,1.90084,0.470585,,
v2c_1763,193722138,v2cal,2-3,1,1,25,planet,2.920528558908794,1983.673947126887,0.0030446666639894664,0.5589443679798188,0.0,0.0,0.0,1.13782,1.168,6151.0,4.39336,0.792903,0.180922,,
v2c_1764,767658,v2cal,2-3,8,1,5,eb_ecc,1.1976488523910038,1438.1927526104628,0.005064851212030227,0.7586827222366895,0.004087470370115918,0.1814239467307744,2.57378895163503,0.330773,0.311984,3417.0,4.89314,8.62069,0.215274,,
v2c_1765,441663519,v2cal,7-12,9,4,15;16;22;23,eb_unequal,23.3529953301635,1727.5559800842186,0.0026624390408006484,0.8467394790752941,0.0006019599492687362,0.0,0.0,1.19319,1.12,6034.81,4.33387,0.659315,0.139189,,
v2c_1766,122687138,v2cal,4-6,10,2,30;31,planet,22.942796795307,2136.618822192057,0.007982451424247035,0.9200455931929387,0.0,0.0,0.0,0.97351,1.08,5928.0,4.49481,1.17058,0.246936,,
v2c_1767,85463294,v2cal,4-6,7,2,25;26,eb_ecc,29.128079146171654,1996.4551558264948,0.007748191451868008,0.522107111311822,0.0035454396225540774,0.48929435359085466,0.1751777563440327,0.386696,0.376386,3366.0,4.83896,6.50915,0.232137,,
v2c_1768,175233735,v2cal,2-3,4,2,44;46,eb_ecc,3.9503390143555777,2501.5925873020547,0.024831410486865633,0.5670737255532232,0.019387281467270152,0.464283063352939,2.140401415853119,1.33871,1.071,5899.0,4.21448,0.446406,0.0936548,,
v2c_1769,8483309,v2cal,4-6,2,2,24;25,planet,1.3947631228093047,1956.7334329015036,0.0018712717617175862,0.4030620301978688,0.0,0.0,0.0,0.922979,1.044,5807.25,4.52638,1.32777,0.243508,,
v2c_1770,237117512,v2cal,13-inf,4,4,14;15;16;17,eb_unequal,5.812804606246581,1684.6105981789374,0.009747601416746798,0.8057847624058456,0.003703476337818455,0.0,0.0,1.14226,1.017,5705.43,4.32986,0.682372,0.149225,,
v2c_1771,29394809,v2cal,2-3,6,1,24,planet,26.33568532820588,1963.3066618443365,0.022019437923541694,0.7028135342310969,0.0,0.0,0.0,0.7162,0.64,4073.0,4.53418,1.74211,0.597202,,
v2c_1772,468353682,v2cal,7-12,2,2,18;19,eb_unequal,1.0949581811761748,1791.7328873502,0.039299680415414324,0.4519988311684061,0.012453870156246294,0.0,0.0,1.68824,1.242,6311.0,4.07732,0.258117,0.0569709,,
v2c_1773,54442022,v2cal,2-3,7,1,9,planet,12.40027381785093,1553.5309508330229,0.0040281450133164524,0.23681304764924996,0.0,0.0,0.0,0.516012,0.513655,3827.0,4.72342,3.73845,0.187024,,
v2c_1774,302553786,v2cal,2-3,10,1,52,planet,6.655676698499386,2722.002538566911,0.005224518233748238,0.06663137843676246,0.0,0.0,0.0,1.32558,1.18,6185.0,4.26514,0.5066,0.118477,,
v2c_1775,376867201,v2cal,7-12,9,9,14;15;16;18;19;20;21;22;23,planet,4.733514737126177,1686.4735190808144,0.0058613573191478125,0.5615669808643279,0.0,0.0,0.0,1.56527,1.081,5929.0,4.08271,0.281875,0.0617259,,
v2c_1776,377187995,v2cal,2-3,9,1,23,planet,20.602069274630136,1944.36324350917,0.0032055247055100284,0.807537417960837,0.0,0.0,0.0,1.05771,1.033,5767.0,4.40343,0.872967,0.191426,,
v2c_1777,457161589,v2cal,2-3,9,1,5,planet,3.0568333861660126,1438.9063749888046,0.00029692100712942434,0.40882128253645394,0.0,0.0,0.0,1.01274,1.05,5840.4,4.44826,1.01086,0.196266,,
v2c_1778,352316369,v2cal,4-6,4,1,13,planet,3.1730770966229556,1655.7928753771685,0.006008521363436183,0.6040188276261064,0.0,0.0,0.0,0.967831,1.0,5625.36,4.46647,1.10306,0.25565,,
v2c_1779,219104847,v2cal,13-inf,5,5,14;15;16;17;18,eb_unequal,9.001166257160689,1686.220372362608,0.0010178015316488136,0.1550759373113989,0.00017584299362098286,0.0,0.0,0.942452,1.091,5958.0,4.52737,1.30331,0.279739,,
v2c_1780,123203822,v2cal,4-6,4,2,14;26,planet,25.119142718763353,1695.4892982413598,0.0004537946105941034,0.08229057628610165,0.0,0.0,0.0,0.318451,0.297773,3369.0,4.90587,9.22056,0.186615,,
v2c_1781,219150008,v2cal,13-inf,7,7,1;4;5;6;7;8;11,planet,1.1751195384008974,1325.617872157155,0.01909798215124466,0.17405592471561462,0.0,0.0,0.0,1.54443,1.42,6706.75,4.21282,0.385467,0.091737,,
v2c_1782,270353114,v2cal,4-6,2,1,4,planet,0.8382456310241384,1411.6347466679417,0.0036129073621428043,0.23824269066573528,0.0,0.0,0.0,0.762818,0.872,5157.0,4.61374,1.96451,0.507867,,
v2c_1783,388187719,v2cal,2-3,2,2,15;16,eb_unequal,4.221823252411449,1711.7480461562907,0.02613598715206659,0.5129454591668134,0.006814979845425482,0.0,0.0,0.494848,0.492941,3713.0,4.74192,4.06799,0.196363,,
v2c_1784,272187046,v2cal,7-12,6,6,1;2;3;4;5;6,eb_ecc,6.031754915089652,1329.0431978352913,0.0051225355323794046,0.7835680554829909,0.0016041459794553807,0.43899366129975403,1.7589083282940459,0.635653,0.71,4536.0,4.68289,2.76438,0.753506,,
v2c_1785,155639688,v2cal,7-12,6,3,14;20;21,planet,4.614953507827288,1687.537474222298,0.004373832968786222,0.12593325643270345,0.0,0.0,0.0,1.03131,1.176,6168.0,4.4817,1.07212,0.249969,,
v2c_1786,350096522,v2cal,7-12,2,2,4;5,eb_ecc,9.903087802544933,1419.3203029685149,0.00026886218111180305,0.31959692470047546,0.00014004451736289648,0.4507602965172995,0.531412909588677,1.3521,1.07,5898.62,4.20543,0.432869,0.102245,,
v2c_1787,335746280,v2cal,7-12,5,1,15,planet,2.530400779256427,1713.8645075981012,0.01374895243114839,0.6848981467183459,0.0,0.0,0.0,0.457832,0.454884,3684.0,4.77456,4.74004,0.21027,,
v2c_1788,55295497,v2cal,13-inf,6,6,1;2;3;5;6;7,eb_twin,12.478574980515265,1327.6091640612024,0.0014807222335038118,0.3941835578317369,0.0014807222335038118,0.0,0.0,0.851498,0.98,5574.0,4.56893,1.58736,0.345986,,
v2c_1789,137021972,v2cal,2-3,5,1,24,eb_unequal,8.970147926241212,1956.192585966984,0.016258239391769704,0.16599148091800578,0.011707681574945653,0.0,0.0,0.479313,0.477243,3668.0,4.75557,4.33393,0.200457,,
v2c_1790,219853532,v2cal,4-6,7,6,47;48;49;50;51;52,eb_unequal,7.303006182896513,2586.7409943612206,0.00048264668547817914,0.8625404444614309,0.0003478524069273533,0.0,0.0,1.20303,1.18,6179.0,4.3494,0.67773,0.149109,,
v2c_1791,353935160,v2cal,13-inf,6,6,14;15;16;17;18;19,eb_twin,0.9777788495009235,1684.2902569786716,0.020521081517860765,0.04371424647862474,0.020521081517860765,0.0,0.0,1.43822,0.996,5622.0,4.12067,0.334795,0.0716536,,
v2c_1792,14456477,v2cal,2-3,3,1,23,eb_twin,20.686626977394912,1946.830737263675,0.005655121910406879,0.4256757205863843,0.005655121910406879,0.0,0.0,1.05095,1.16,6131.0,4.45936,0.999328,0.224395,,
v2c_1793,81103318,v2cal,2-3,7,1,20,planet,14.599249262578068,1854.7667375467638,0.0023747211480459433,0.42768440593889695,0.0,0.0,0.0,0.944763,1.12,6026.03,4.53664,1.32816,0.262107,,
v2c_1794,277100210,v2cal,2-3,2,2,4;6,eb_unequal,0.8659233901826664,1410.9830762313427,0.0041287946172454335,0.9110154100997221,0.00281490496021151,0.0,0.0,1.05895,1.37,6589.0,4.52504,1.15371,0.259249,,
v2c_1795,199523459,v2cal,13-inf,2,2,14;15,planet,13.126496756388581,1695.0537406345863,0.03858691504305259,0.4554069498363924,0.0,0.0,0.0,1.07613,0.96,5497.0,4.35661,0.770322,0.171747,,
v2c_1796,21501907,v2cal,2-3,5,1,21,eb_unequal,0.7410797717773626,1870.8384989299948,0.0015104130329122363,0.6166510665567928,0.0008913656531038744,0.0,0.0,1.13339,1.091,5958.0,4.36713,0.749344,0.164162,,
v2c_1797,288375338,v2cal,2-3,2,2,10;11,eb_twin,28.213450311272382,1593.5002727409437,0.0005488990770264483,0.042348839962512916,0.0005488990770264483,0.0,0.0,1.33532,1.28,6398.0,4.29411,0.537593,0.121092,,
v2c_1798,239205761,v2cal,4-6,1,1,21,planet,11.660502588622967,1873.0342800245419,0.016903190840749108,0.1987729332462693,0.0,0.0,0.0,0.938976,1.07,5896.0,4.52214,1.29247,0.276895,,
v2c_1799,220513500,v2cal,4-6,2,2,1;2,eb_unequal,14.865821432835158,1330.0635678566043,0.0034999540473789363,0.5450716798643526,0.0018604249483832596,0.0,0.0,1.00034,1.01,5686.6,4.4421,1.00898,0.222475,,
v2c_1800,322325725,v2cal,7-12,6,3,17;18;25,eb_twin,0.5143404072857851,1764.8617388108325,0.0008262305916326813,0.4179640406785501,0.0008262305916326813,0.0,0.0,1.09485,1.146,6098.0,4.41855,0.873225,0.188305,,
v2c_1801,441153565,v2cal,2-3,1,1,4,eb_unequal,9.871369893260702,1412.3182441214763,0.007454797497618331,0.3966381034721889,0.005360159543451701,0.0,0.0,0.836255,0.99,5600.0,4.58903,1.69285,0.356437,,
v2c_1802,158106851,v2cal,2-3,2,2,16;23,planet,13.141142080933651,1746.9042046540317,0.036924989653591624,0.8033741666168123,0.0,0.0,0.0,0.992001,1.03,5755.86,4.45788,1.05512,0.228159,,
v2c_1803,377187995,v2cal,2-3,7,1,23,planet,10.541345193790784,1933.0379086215933,0.04716601191146671,0.01781511315227737,0.0,0.0,0.0,1.05771,1.033,5767.0,4.40343,0.872967,0.191426,,
v2c_1804,198185764,v2cal,13-inf,8,8,14;15;16;17;18;19;20;21,planet,1.4747562698865466,1684.4463324417636,0.003420217229069622,0.3213079317458518,0.0,0.0,0.0,0.811882,0.804,4910.0,4.52434,1.50237,0.391517,,
v2c_1805,199571501,v2cal,7-12,3,3,22;23;24,eb_ecc,1.2360319358540932,1899.6270550158692,0.0007009752710420905,0.14493400638070345,0.0003602639591493984,0.1334256408728656,3.918558547905264,1.07696,1.077,5916.0,4.40588,0.862212,0.187376,,
v2c_1806,167368416,v2cal,7-12,4,4,87;88;89;90,planet,25.852897969550988,3680.1741467344254,0.015915150378735383,0.7569946695468862,0.0,0.0,0.0,0.842471,1.3,6424.0,4.7009,2.17409,0.488912,,
v2c_1807,288345034,v2cal,7-12,7,7,14;18;19;20;21;25;26,planet,2.612330105497279,1683.6384565846581,0.011820718083285288,0.7563389061336848,0.0,0.0,0.0,0.998277,0.99,5614.0,4.4352,0.995135,0.222545,,
v2c_1808,258874963,v2cal,13-inf,10,5,16;18;19;24;25,eb_unequal,1.1791160159710814,1739.6769092403986,0.0027290166522724556,0.4463404055414062,0.0009788166730003171,0.0,0.0,0.708059,0.733,4623.0,4.60303,2.06488,0.597726,,
v2c_1809,202353593,v2cal,7-12,10,2,22;23,planet,2.5802301312598397,1901.5176107732366,0.00047870568036945875,0.09259748016924671,0.0,0.0,0.0,1.22158,1.16,6127.0,4.32868,0.636338,0.141533,,
v2c_1810,219818807,v2cal,4-6,6,4,47;49;50;51,eb_unequal,3.213898324683058,2582.719611009377,0.0003279676750053628,0.7713635638389656,7.003855193144557e-05,0.0,0.0,1.01155,0.982,5569.0,4.4202,0.94874,0.213574,,
v2c_1811,63627476,v2cal,2-3,10,1,18,planet,22.693718128897626,1811.0266210213076,0.014867930171388826,0.17565000654550228,0.0,0.0,0.0,0.74403,0.88,5203.0,4.63937,2.13654,0.544827,,
v2c_1812,257432633,v2cal,2-3,1,1,105,planet,0.9772924381011187,4206.02497237256,0.00335068449879981,0.7355541385298929,0.0,0.0,0.0,1.48952,1.48,6845.0,4.26224,0.447838,0.107118,,
v2c_1813,156497041,v2cal,4-6,3,3,14;15;20,eb_twin,7.800196559503542,1689.7110953478877,0.004938862370738725,0.21659490646108817,0.004938862370738725,0.0,0.0,0.687691,0.83,5003.0,4.68236,2.5521,0.641638,,
v2c_1814,150430837,v2cal,13-inf,7,7,1;2;3;4;5;6;8,eb_unequal,20.024178060010815,1336.5491492638985,0.002559812309429831,0.5712994792866634,0.0009385896135633923,0.0,0.0,1.4221,1.33,6486.79,4.25606,0.46245,0.116424,,
v2c_1815,313305089,v2cal,2-3,7,3,14;20;21,planet,4.854591062195072,1684.8911068250804,0.0029767819131304796,0.7400809997376463,0.0,0.0,0.0,1.26427,1.243,6313.0,4.32886,0.61511,0.138162,,
v2c_1816,152985509,v2cal,4-6,9,2,3;4,planet,2.222302491524461,1384.268444065896,0.0022695921517184186,0.09657991255993897,0.0,0.0,0.0,1.11928,0.83,4989.0,4.25927,0.591914,0.150908,,
v2c_1817,154181828,v2cal,2-3,7,1,14,planet,10.111018286940284,1687.0994886959154,0.0005978811856284351,0.17560928360632735,0.0,0.0,0.0,1.81701,1.422,6700.0,4.07225,0.237042,0.0544514,,
v2c_1818,67959900,v2cal,2-3,9,1,23,eb_ecc,23.02472765721442,1949.943007998334,0.0021419992031086405,0.0030500745914897043,0.0007611560248474765,0.08298502924272785,3.7633417425502382,1.03001,1.036,5780.33,4.42774,0.948046,0.17793,,
v2c_1819,316258758,v2cal,4-6,10,2,16;22,planet,16.305624284910035,1744.7212079420506,0.04728632425566722,0.5327301522713462,0.0,0.0,0.0,1.61912,1.437,6736.0,4.17697,0.338546,0.0750636,,
v2c_1820,168699704,v2cal,4-6,1,1,16,planet,6.446414668753602,1742.498267887594,0.00023908023890059776,0.7985102364314817,0.0,0.0,0.0,0.762194,0.91,5283.96,4.63298,2.05516,0.417473,,
v2c_1821,207401873,v2cal,4-6,2,2,16;22,eb_unequal,13.585144572781267,1739.1427107779657,0.0008323182390597748,0.8219021576992543,0.00015042749454994067,0.0,0.0,0.951524,1.011,5683.27,4.48598,1.17352,0.404355,,
v2c_1822,75145437,v2cal,4-6,7,2,8;9,eb_unequal,1.382642061600716,1518.3129671678778,0.0004800518082483234,0.675413569153917,6.511661492445266e-05,0.0,0.0,1.83263,1.49,6879.0,4.0851,0.242081,0.054337,,
v2c_1823,470120772,v2cal,4-6,10,4,18;19;24;25,eb_ecc,5.54549128274976,1791.494366656082,0.00025543929563791307,0.8713806726754768,8.405362496598736e-05,0.10454302539004463,0.8341571895296568,1.08984,1.214,6251.0,4.44756,0.937848,0.210199,,
v2c_1824,220022156,v2cal,7-12,3,2,2;3,planet,1.3967008446092433,1354.5246482390592,0.0026136223396263543,0.6399046502933146,0.0,0.0,0.0,0.787074,0.85,5068.41,4.57546,1.7433,0.383592,,
v2c_1825,47934197,v2cal,4-6,1,1,14,eb_ecc,13.139051984517522,1690.5417053159654,0.0013984324782857385,0.02878811346993705,0.0011164299248231464,0.3280359894499614,3.139594629554918,0.688979,0.753,4707.0,4.63845,2.30238,0.611466,,
v2c_1826,359630395,v2cal,13-inf,5,5,15;16;17;18;19,eb_twin,15.709579850652739,1714.6160238407863,0.00029990059603281834,0.3758039190813432,0.00029990059603281834,0.0,0.0,0.493091,0.491186,3576.0,4.74346,4.09699,0.196114,,
v2c_1827,446162500,v2cal,2-3,4,1,22,eb_unequal,13.30460339074976,1903.962785725074,0.0006686633886825145,0.43527799217755087,0.0002839821221456017,0.0,0.0,1.31111,1.247,6323.0,4.29866,0.553284,0.128385,,
v2c_1828,201309511,v2cal,4-6,5,2,1;2,planet,10.120586423272886,1327.2310623769345,0.03135712211270815,0.6623301671633783,0.0,0.0,0.0,1.08044,1.04,5791.0,4.3879,0.824581,0.163493,,
v2c_1829,369962331,v2cal,4-6,4,2,12;13,eb_ecc,0.541430429000792,1625.27552985291,0.031204268552819006,0.9260744934716422,0.011599199885488297,0.4829220553339026,1.630070398662438,1.95468,1.49,6863.0,4.0291,0.199507,0.0444761,,
v2c_1830,70555490,v2cal,4-6,8,4,97;104;105;106,planet,4.926509773325988,3936.4215388767984,0.0006617615572468811,0.5762296127137163,0.0,0.0,0.0,1.10289,0.97,5534.0,4.33977,0.723055,0.150449,,
v2c_1831,193722138,v2cal,2-3,4,2,25;26,planet,12.863670558001665,1989.73592528789,0.0015691387171111535,0.15869413500008173,0.0,0.0,0.0,1.13782,1.168,6151.0,4.39336,0.792903,0.180922,,
v2c_1832,281930612,v2cal,2-3,3,2,45;46,planet,23.985358611726593,2533.750443947743,0.0011090617031301563,0.44274913985450925,0.0,0.0,0.0,0.457689,0.72,4540.0,4.97426,7.50967,1.87694,,
v2c_1833,11294075,v2cal,2-3,3,1,6,planet,1.1052195811608378,1465.5602768788908,0.023285856023709632,0.2113140620550625,0.0,0.0,0.0,0.777802,1.01,5694.78,4.66065,2.14642,0.424571,,
v2c_1834,158981324,v2cal,4-6,4,1,11,planet,0.5358294907703317,1596.8608075943234,0.028247753145047245,0.6273501551636906,0.0,0.0,0.0,1.61979,0.97,5508.0,4.00592,0.228243,0.0527391,,
v2c_1835,264222290,v2cal,4-6,5,3,16;24;25,planet,0.9432682884074621,1738.688373737511,0.03530293273708873,0.5934658740623997,0.0,0.0,0.0,0.857289,1.086,5944.0,4.60764,1.72365,0.39609,,
v2c_1836,257088768,v2cal,7-12,3,3,15;20;21,planet,3.213149485765688,1711.4277209706172,0.0010361936131347673,0.004045269065668128,0.0,0.0,0.0,1.25231,1.02,5704.0,4.25125,0.519357,0.106351,,
v2c_1837,202293183,v2cal,4-6,1,1,21,eb_unequal,13.294166380348697,1880.6084531125114,0.0028201239045782867,0.09225211238059108,0.00047117681898122546,0.0,0.0,1.0873,1.07,5904.87,4.39475,0.83241,0.193851,,
v2c_1838,137606469,v2cal,2-3,3,2,14;26,planet,2.603217941222662,1684.3087294149238,0.03213121800304669,0.42152346367423865,0.0,0.0,0.0,0.885726,1.075,5910.0,4.57488,1.54707,0.334742,,
v2c_1839,281930612,v2cal,2-3,7,2,45;46,planet,20.716789171198798,2529.5302005044196,0.012407494419053578,0.33527182248081133,0.0,0.0,0.0,0.457689,0.72,4540.0,4.97426,7.50967,1.87694,,
v2c_1840,357233448,v2cal,7-12,9,3,19;20;26,eb_ecc,26.916931602917533,1834.7305808974736,0.048794034213278076,0.7317094410058543,0.032574836900172384,0.4327481310511388,3.6001755714192316,0.812767,0.89,5236.0,4.56753,1.65764,0.403078,,
v2c_1841,188665139,v2cal,7-12,5,5,17;20;23;24;25,planet,0.7389194048994201,1764.693957868863,0.008134605863835097,0.5526680243275773,0.0,0.0,0.0,0.980982,1.03,5760.8,4.46758,1.09107,0.253031,,
v2c_1842,262720080,v2cal,4-6,2,1,8,planet,6.497161956898228,1522.3099919379576,0.003209623624970579,0.3943588066988817,0.0,0.0,0.0,0.503523,0.501527,3574.0,4.73432,3.92859,0.190575,,
v2c_1843,102720812,v2cal,2-3,10,3,19;25;26,planet,8.960168180943537,1816.4525422230197,0.0017324626754618975,0.9338568064757491,0.0,0.0,0.0,1.33828,1.237,6301.0,4.27735,0.516099,0.121354,,
v2c_1844,260161587,v2cal,13-inf,10,2,7;10,planet,12.611282321988515,1496.6119488905413,0.0026628873619278025,0.9171194800403476,0.0,0.0,0.0,1.06919,1.1,5981.19,4.42135,0.89997,0.176624,,
v2c_1845,166803705,v2cal,2-3,4,1,4,eb_twin,5.2097843226417995,1415.7058659902566,0.019884524672059072,0.38061912314713814,0.019884524672059072,0.0,0.0,0.891637,0.95,5450.0,4.51542,1.34017,0.291665,,
v2c_1846,188640716,v2cal,7-12,2,1,24,planet,3.0772217754724016,1957.8968006462273,0.01879652913731476,0.1924339232783346,0.0,0.0,0.0,1.29603,1.183,6185.0,4.28582,0.543427,0.112463,,
v2c_1847,303584211,v2cal,2-3,3,1,2,planet,23.73948279348235,1376.103225361476,0.020197344163349524,0.9041202517895239,0.0,0.0,0.0,0.696791,0.84,5057.0,4.67614,2.48297,0.617298,,
v2c_1848,232679537,v2cal,7-12,10,7,14;15;16;19;22;25;26,planet,5.886717667712719,1684.2640512473622,0.0376237910473323,0.7259162010890238,0.0,0.0,0.0,1.30598,1.378,6601.0,4.34544,0.618638,0.140334,,
v2c_1849,165470925,v2cal,13-inf,9,9,14;15;16;17;18;19;20;21;22,eb_unequal,1.545071055936094,1683.3820040383484,0.0009699517938740452,0.4768856526499171,0.000471721192483791,0.0,0.0,0.800827,0.983,5572.0,4.62354,1.91398,0.418813,,
v2c_1850,219100883,v2cal,13-inf,4,4,14;15;16;17,planet,0.738054605927111,1683.7882975365774,0.0019842726314633274,0.5850035603041783,0.0,0.0,0.0,0.937675,0.94,5408.0,4.46709,1.14017,0.254779,,
v2c_1851,141333591,v2cal,7-12,1,1,4,planet,1.316926603016589,1411.9763229431956,0.00957155155409764,0.7056178784567444,0.0,0.0,0.0,1.42339,0.97,5532.0,4.11819,0.336357,0.0764176,,
v2c_1852,298732428,v2cal,7-12,9,8,14;15;18;19;21;22;25;26,eb_ecc,12.231157863956046,1688.7902397449345,0.0386607472663912,0.159797447800691,0.022092829402425764,0.17052180559084668,5.794532250242251,1.37156,1.128,6056.0,4.21594,0.43718,0.0951996,,
v2c_1853,63627476,v2cal,2-3,3,1,18,planet,22.141462132663158,1804.0808753230779,0.0023134821688303377,0.45098932232870703,0.0,0.0,0.0,0.74403,0.88,5203.0,4.63937,2.13654,0.544827,,
v2c_1854,356087112,v2cal,13-inf,3,3,14;15;16,planet,0.645539167480709,1683.5972339830355,0.011279496148694789,0.25883595337034404,0.0,0.0,0.0,1.53234,1.278,6387.0,4.17389,0.355195,0.0786775,,
v2c_1855,29833504,v2cal,13-inf,9,9,1;2;3;4;5;6;7;8;9,planet,3.725403613364422,1326.6987019654782,0.00025942400109887264,0.5171843438595699,0.0,0.0,0.0,1.06629,1.03,5762.91,4.39515,0.849592,0.178414,,
v2c_1856,441794991,v2cal,13-inf,4,4,14;15;16;17,eb_unequal,1.5040873936989392,1683.5228586330336,0.0003975019486820528,0.09987119123395499,0.00027901497106841666,0.0,0.0,1.03992,1.169,6153.0,4.47188,1.03948,0.228056,,
v2c_1857,318928983,v2cal,4-6,7,1,4,eb_twin,11.901527953437656,1414.0696309327084,0.003913521489834017,0.8661691401997491,0.003913521489834017,0.0,0.0,0.882083,0.987,5586.8,4.54137,1.4381,0.284198,,
v2c_1858,309700725,v2cal,7-12,5,5,1;2;4;5;6,eb_unequal,2.2294001318999572,1326.593392194207,0.0002230745163525057,0.5899976755127327,0.00016268792021228347,0.0,0.0,1.17562,0.98,5542.0,4.28876,0.603152,0.134013,,
v2c_1859,74787842,v2cal,4-6,2,2,8;9,planet,27.47264460128985,1531.0703626253326,0.007905686101744462,0.3914489638619621,0.0,0.0,0.0,1.33229,1.4,6658.0,4.335,0.592014,0.136405,,
v2c_1860,157133425,v2cal,7-12,3,2,6;7,eb_unequal,5.869815749498013,1465.3719423607886,0.0061333592031058756,0.7470169240341962,0.0019562482202590656,0.0,0.0,0.842323,0.86,5127.29,4.52161,1.43901,0.328818,,
v2c_1861,16370959,v2cal,4-6,9,1,24,eb_twin,19.45054060929668,1969.0110314104577,0.011668292793356475,0.43023035427463313,0.011668292793356475,0.0,0.0,1.20554,1.17,6165.14,4.34389,0.667789,0.130021,,
v2c_1862,232609966,v2cal,13-inf,1,1,14,eb_ecc,5.444485529103544,1688.6485782580298,0.012592298079083047,0.5751795540194736,0.010242679425391166,0.2392277374170652,1.2895053901341993,0.934614,1.046,5816.0,4.51633,1.28125,0.263593,,
v2c_1863,255594552,v2cal,7-12,9,2,6;7,planet,1.7884381623904417,1466.2205501100325,0.0022443556190019456,0.10738186937810035,0.0,0.0,0.0,0.98246,1.02,5724.7,4.46204,1.07561,0.224173,,
v2c_1864,159502654,v2cal,13-inf,10,8,14;15;18;19;20;21;25;26,planet,0.8257749690810778,1683.9656504867014,0.0009948657568604805,0.24530672101286705,0.0,0.0,0.0,1.75274,1.166,6145.0,4.01733,0.216544,0.050259,,
v2c_1865,393796033,v2cal,2-3,2,2,5;6,eb_ecc,0.9212713040313253,1438.0881849584498,0.003561495852367813,0.5935618823812246,0.002068190514677256,0.4666071629394764,0.06742548934785962,1.14427,1.014,5696.0,4.32705,0.676787,0.142905,,
v2c_1866,67831314,v2cal,2-3,7,2,70;71,eb_unequal,1.5750230372534633,3209.88159886745,0.026004878432949876,0.7586727495708953,0.01577544954695266,0.0,0.0,1.4499,1.12,6033.62,4.16461,0.367453,0.0781692,,
v2c_1867,470128342,v2cal,4-6,10,5,18;19;20;25;26,eb_unequal,0.5499202591253342,1790.6624431787143,0.0009857311992656872,0.3835797475737195,0.0006058124084617373,0.0,0.0,0.757235,1.005,5661.0,4.68177,2.31459,0.551493,,
v2c_1868,259273813,v2cal,7-12,10,7,40;47;48;49;51;52;53,planet,3.254014638057633,2391.397269191677,0.029707521432217502,0.4605941354151538,0.0,0.0,0.0,1.84228,1.38,6612.0,4.04724,0.220707,0.0527238,,
v2c_1869,281191467,v2cal,2-3,6,2,52;53,planet,4.19573476154532,2719.476187125307,0.0005307990281080474,0.8442084656731894,0.0,0.0,0.0,0.703842,0.722,4572.0,4.60166,2.07068,0.604046,,
v2c_1870,172600760,v2cal,2-3,7,1,22,eb_unequal,1.2010773383921154,1900.0151816776258,0.00346211974922877,0.02763266625988594,0.0023740757731828812,0.0,0.0,1.16092,1.09,5954.0,4.34589,0.696664,0.145721,,
v2c_1871,150269856,v2cal,7-12,6,6,4;5;6;7;9;10,planet,1.6426877517487326,1411.8755969530214,0.0006244236384798215,0.9018258306244148,0.0,0.0,0.0,1.27834,1.02,5726.6,4.23337,0.48827,0.0961602,,
v2c_1872,165312698,v2cal,2-3,2,2,48;49,planet,2.8579029793891966,2608.257082777157,0.0012161767533520685,0.34052686070998567,0.0,0.0,0.0,1.02927,0.877,5173.73,4.35601,0.80428,0.215756,,
v2c_1873,459970268,v2cal,13-inf,3,3,14;15;16,planet,0.6133800601393212,1683.6686792725145,0.0004914541765637761,0.7241625373331239,0.0,0.0,0.0,1.66418,1.298,6430.0,4.10894,0.281627,0.0661827,,
v2c_1874,99059830,v2cal,4-6,10,1,10,planet,10.095196414049903,1577.7734217924278,0.001128112386833082,0.4466213572408552,0.0,0.0,0.0,1.73481,1.395,6639.0,4.10414,0.267189,0.0622503,,
v2c_1875,289590127,v2cal,7-12,9,8,40;47;48;49;50;51;52;53,eb_twin,4.179367309236432,2393.4714897777926,0.00023162904548757412,0.39539520504502085,0.00023162904548757412,0.0,0.0,0.695319,0.787,4843.57,4.64967,2.34111,0.614033,,
v2c_1876,219757178,v2cal,13-inf,10,10,14;15;16;18;19;20;21;22;23;24,planet,17.36077918706128,1689.3607278141803,0.007809964241988303,0.29052777590551654,0.0,0.0,0.0,1.15617,1.04,5794.0,4.32906,0.672931,0.141754,,
v2c_1877,229483903,v2cal,13-inf,1,1,14,eb_ecc,4.7976681423016485,1687.9127714761855,0.0004006582698923444,0.2962291182661702,0.00017977541559890446,0.33405162088215484,0.459569684405348,0.419328,0.413119,3406.0,4.80904,5.60291,0.225997,,
v2c_1878,259238917,v2cal,13-inf,4,4,14;15;16;17,planet,11.486769535181521,1683.663930797264,0.009535583001880192,0.6594699065094565,0.0,0.0,0.0,0.733526,0.741,4657.0,4.57706,1.87747,0.558486,,
v2c_1879,198157467,v2cal,13-inf,7,7,14;15;16;17;18;19;20,planet,3.630314706791545,1686.075860001534,0.009545174725685912,0.7579923662131675,0.0,0.0,0.0,0.589749,0.658,4204.0,4.71496,3.20792,1.05375,,
v2c_1880,257303464,v2cal,2-3,2,2,42;43,eb_unequal,0.7818356198632614,2447.739125114176,0.0019308409118122187,0.22952202075014452,0.0008233322518315885,0.0,0.0,1.72147,1.463,6801.0,4.13151,0.286778,0.0614988,,
v2c_1881,248648883,v2cal,2-3,3,1,5,eb_twin,0.8840285062034159,1438.4048743818432,0.0013647470170503027,0.8266613536247257,0.0013647470170503027,0.0,0.0,0.762574,0.9,5248.29,4.62775,2.02954,0.448729,,
v2c_1882,142044942,v2cal,4-6,10,3,19;20;25,planet,7.463182230036033,1822.0356177117842,0.0005173073598317765,0.24649320218684034,0.0,0.0,0.0,0.91151,1.014,5696.0,4.52458,1.33892,0.293321,,
v2c_1883,197787189,v2cal,4-6,7,3,2;3;4,planet,0.5787983576122474,1354.339234033159,0.028907114721835454,0.917552969785264,0.0,0.0,0.0,0.832419,0.83,4994.0,4.51646,1.43897,0.361557,,
v2c_1884,230198647,v2cal,4-6,7,4,16;22;23;24,planet,0.5329805755176578,1738.8411706518261,0.00028690937583868614,0.02486251360107217,0.0,0.0,0.0,1.18469,1.108,6003.57,4.3354,0.666392,0.168271,,
v2c_1885,333794682,v2cal,2-3,10,1,9,planet,4.567152504083409,1545.6699704764137,0.0014473091850178072,0.26003181912076007,0.0,0.0,0.0,0.707486,0.76,4745.0,4.61945,2.14615,0.603023,,
v2c_1886,71591972,v2cal,2-3,1,1,99,eb_twin,0.9544307897865469,4046.6066525284264,0.02307904998963221,0.7034664714684578,0.02307904998963221,0.0,0.0,1.17556,1.22,6256.0,4.38394,0.75097,0.169107,,
v2c_1887,159502654,v2cal,13-inf,7,7,14;15;18;19;20;21;25,planet,4.155502927007854,1684.245590233042,0.003503600969591508,0.16719408663313276,0.0,0.0,0.0,1.75274,1.166,6145.0,4.01733,0.216544,0.050259,,
v2c_1888,16370959,v2cal,4-6,9,1,24,planet,1.3644091235458808,1956.3259300281582,0.0029115920260350107,0.30808643769223776,0.0,0.0,0.0,1.20554,1.17,6165.14,4.34389,0.667789,0.130021,,
v2c_1889,142942547,v2cal,2-3,4,3,14;15;21,eb_unequal,12.426755502816748,1694.5931884744207,0.0007957339544014887,0.040155170656182654,0.00048349028261415923,0.0,0.0,1.3835,1.304,6443.0,4.27139,0.49243,0.110445,,
v2c_1890,21017001,v2cal,4-6,9,3,14;25;26,planet,20.470283354743316,1684.814560619858,0.0011540320113389048,0.06447569663042745,0.0,0.0,0.0,0.730633,0.87,5132.94,4.65019,2.2306,0.468602,,
v2c_1891,149912035,v2cal,4-6,1,1,14,eb_twin,7.308499364823892,1686.5635168169358,0.02259933312004352,0.3530512771847323,0.02259933312004352,0.0,0.0,0.475812,0.473649,3699.0,4.75865,4.39694,0.203198,,
v2c_1892,238060684,v2cal,4-6,7,3,6;7;8,planet,12.92502858462084,1477.2419971816844,0.0007305495435511149,0.30394685257869136,0.0,0.0,0.0,1.1361,1.03,5761.0,4.34007,0.702403,0.148213,,
v2c_1893,85463294,v2cal,4-6,4,2,25;26,planet,3.1057264907227795,1984.6259665060431,0.03479409050198464,0.3238857683753716,0.0,0.0,0.0,0.386696,0.376386,3366.0,4.83896,6.50915,0.232137,,
v2c_1894,31963524,v2cal,13-inf,9,7,1;2;6;7;9;10;13,planet,0.8806709516286344,1325.584654977458,0.0006761113032264208,0.3823429519138681,0.0,0.0,0.0,1.108,0.96,5465.0,4.33126,0.705745,0.165901,,
v2c_1895,100919976,v2cal,4-6,6,2,3;4,planet,6.278385029514186,1385.4643671987926,0.00173736311918368,0.7713191044190619,0.0,0.0,0.0,1.16333,1.19,6197.3,4.38221,0.755859,0.161791,,
v2c_1896,312185288,v2cal,2-3,1,1,45,eb_twin,0.575849611407744,2526.0169279196916,0.0065437667218382,0.03747116295888134,0.0065437667218382,0.0,0.0,1.2841,1.19,6193.0,4.29642,0.562023,0.120569,,
v2c_1897,301021917,v2cal,2-3,3,2,30;31,planet,3.529812652990598,2117.128331520392,0.007158280175479972,0.6656241670876191,0.0,0.0,0.0,1.52375,1.19,6199.5,4.14779,0.336363,0.0765242,,
v2c_1898,258828187,v2cal,13-inf,8,8,14;15;16;17;18;19;21;22,planet,11.186100948444937,1685.3939248134723,0.014383043691887948,0.03238531186236946,0.0,0.0,0.0,1.71234,1.24,6298.0,4.06431,0.246976,0.0557956,,
v2c_1899,155233032,v2cal,4-6,9,4,44;45;46;47,planet,6.269288802448627,2504.042514633671,0.03642231499960026,0.2266099193285457,0.0,0.0,0.0,1.0307,1.034,5771.84,4.42633,0.944343,0.196186,,
v2c_1900,356976911,v2cal,13-inf,2,2,14;15,eb_twin,23.83030134712132,1698.9108795999819,0.0318077105044869,0.28899802356374943,0.0318077105044869,0.0,0.0,0.7093,0.68,4339.0,4.56892,1.90554,0.545825,,
v2c_1901,365966774,v2cal,2-3,9,1,22,eb_twin,4.619141827974466,1901.4818650881239,0.016183926454944403,0.5745508760197411,0.016183926454944403,0.0,0.0,1.61284,1.34,6519.0,4.14999,0.319397,0.0729349,,
v2c_1902,172843253,v2cal,4-6,1,1,44,eb_twin,10.937704870402222,2504.200088266998,0.000246129009017764,0.9305380850419819,0.000246129009017764,0.0,0.0,0.994538,1.131,6063.0,4.49629,1.14974,0.248366,,
v2c_1903,224293125,v2cal,4-6,1,1,15,eb_ecc,1.1397499134344893,1712.2940447043106,0.022498833430015807,0.12068566112563968,0.008333324789504347,0.33347595189257306,5.058643709468321,1.91565,1.438,6740.0,4.03119,0.204554,0.0473012,,
v2c_1904,359493952,v2cal,7-12,1,1,14,planet,12.059556995125114,1684.6201652252284,0.004133068025907132,0.8097872545102257,0.0,0.0,0.0,1.19405,1.139,6081.0,4.34055,0.669045,0.159726,,
v2c_1905,68071947,v2cal,2-3,10,2,16;23,eb_twin,19.849477136721138,1749.478975017433,0.03608433193036664,0.15587572446471606,0.03608433193036664,0.0,0.0,0.626303,0.66,4209.37,4.66404,2.68652,0.878166,,
v2c_1906,201891537,v2cal,2-3,5,1,17,eb_unequal,4.191273105130072,1767.5728036322257,0.026200383211857085,0.49712733692883904,0.020043461161632126,0.0,0.0,1.65969,1.452,6774.0,4.15998,0.317601,0.0784344,,
v2c_1907,119954197,v2cal,2-3,3,2,51;52,eb_ecc,7.610904680448292,2697.1926587401504,0.018885607799913752,0.046849302565117316,0.01735540142885991,0.1586012816510739,3.2728496483904963,1.33514,1.39,6634.84,4.33003,0.584023,0.129157,,
v2c_1908,230081402,v2cal,7-12,4,4,15;16;17;18,planet,3.5198051250304774,1711.8509971533576,0.0009109518183829895,0.7192360827806785,0.0,0.0,0.0,1.37203,1.35,6548.0,4.29367,0.522686,0.118351,,
v2c_1909,444045759,v2cal,4-6,6,3,15;16;22,eb_unequal,0.8180567774823009,1711.4771927237962,0.0014315021467045154,0.3931980249959886,0.0007228057447158216,0.0,0.0,0.350309,0.334564,3407.0,4.87364,7.78261,0.229488,,
v2c_1910,233730201,v2cal,13-inf,10,10,14;15;16;17;18;19;20;21;22;23,planet,18.158775456503665,1699.809457728731,0.0007181307658695022,0.4260708534950063,0.0,0.0,0.0,1.03913,0.903,5269.0,4.36042,0.804781,0.199375,,
v2c_1911,82605922,v2cal,4-6,6,1,22,eb_unequal,22.13157552195553,1911.5057951019044,0.004652841977749098,0.6738943775300679,0.0015853300749846745,0.0,0.0,0.792833,0.998,5632.0,4.63883,2.00256,0.445545,,
v2c_1912,233631664,v2cal,13-inf,6,6,14;15;16;17;18;20,eb_unequal,1.0370660662395002,1684.2089953187824,0.013545762344318325,0.8256350760666715,0.009307673740955313,0.0,0.0,0.994312,0.99,5584.0,4.43866,1.00709,0.23389,,
v2c_1913,201795020,v2cal,2-3,1,1,29,planet,2.7938434335496414,2089.51736258267,0.033466630985970205,0.5671917471746636,0.0,0.0,0.0,0.835591,1.05,5826.0,4.61527,1.79974,0.378204,,
v2c_1914,219089288,v2cal,4-6,4,2,19;22,eb_ecc,2.397898540682887,1818.348349478481,0.0003712486852529702,0.6743844546226673,0.00018247349323691388,0.4990967384891471,5.492498029844838,0.973381,1.026,5743.0,4.47265,1.1125,0.236146,,
v2c_1915,230067355,v2cal,13-inf,2,2,14;16,planet,1.3716238966311363,1683.9774019946653,0.004688270777194227,0.20756385587417514,0.0,0.0,0.0,1.05236,1.081,5927.0,4.42756,0.927532,0.197358,,
v2c_1916,290754113,v2cal,4-6,5,1,6,planet,2.235544200062032,1467.3733082583153,0.004378043363323531,0.606445390512625,0.0,0.0,0.0,0.893147,0.93,5374.0,4.5047,1.30531,0.325137,,
v2c_1917,231012247,v2cal,4-6,5,2,2;3,planet,2.871989749047082,1356.6164404095098,0.0021508899179009592,0.14813578626335558,0.0,0.0,0.0,1.41787,1.16,6125.0,4.19925,0.406955,0.0986577,,
v2c_1918,236759909,v2cal,7-12,7,3,17;21;24,planet,3.6850609948084005,1767.4857743420957,0.0016611973105374964,0.5455054423487491,0.0,0.0,0.0,1.00901,1.067,5885.0,4.45844,1.03868,0.229906,,
v2c_1919,243313540,v2cal,7-12,8,4,14;15;16;26,eb_ecc,2.5112436460312058,1685.6107258700758,0.0011047914199902595,0.6889421862595158,0.0006757263687442874,0.38898222063696575,4.658628426486218,1.69624,1.453,6777.0,4.14136,0.297715,0.0692635,,
v2c_1920,382159282,v2cal,13-inf,7,7,1;2;3;4;5;6;7,planet,0.9940374546542161,1325.6393342087758,0.0008929874513802792,0.8742083636215022,0.0,0.0,0.0,1.52391,1.44,6736.0,4.23051,0.406897,0.0943644,,
v2c_1921,417915215,v2cal,4-6,10,1,14,planet,2.178135494280962,1683.620957783543,0.0010827079157344373,0.3215113800145362,0.0,0.0,0.0,1.0593,1.12,6036.0,4.43725,0.942247,0.20709,,
v2c_1922,220460948,v2cal,13-inf,10,10,1;2;3;5;6;7;8;9;10;11,eb_ecc,6.478532497629496,1329.3428310329991,0.011103593024595768,0.30365033801056035,0.003916840164076887,0.05831004598093455,0.23182084519191798,1.43164,1.27,6366.73,4.23021,0.432818,0.0903137,,
v2c_1923,430671343,v2cal,2-3,1,1,15,planet,15.84475119409419,1725.274903873978,0.010562838235310335,0.4888781685380194,0.0,0.0,0.0,0.645182,0.66,4199.0,4.63825,2.45752,0.798859,,
v2c_1924,415704533,v2cal,4-6,8,3,14;20;26,eb_unequal,0.9230519600097538,1683.502195803095,0.00045115763071172215,0.7012818432520661,0.00019882763136228065,0.0,0.0,0.85376,0.907,5284.0,4.533,1.45747,0.337222,,
v2c_1925,243313540,v2cal,7-12,10,4,14;15;16;26,planet,13.143447459678898,1695.170718357103,0.004423151566897392,0.5814014580018236,0.0,0.0,0.0,1.69624,1.453,6777.0,4.14136,0.297715,0.0692635,,
v2c_1926,115353752,v2cal,4-6,6,2,24;25,eb_ecc,2.6577377266181084,1956.252504851879,0.0008739053903676533,0.5018517961076133,0.0003335474879277821,0.2951771977828584,4.185180223392925,1.15815,1.29,6406.76,4.42113,0.830424,0.181604,,
v2c_1927,230114936,v2cal,7-12,2,2,14;15,eb_twin,1.123459925683038,1683.3814181394903,0.0002972538242473054,0.8567607911499227,0.0002972538242473054,0.0,0.0,1.28284,1.1,5983.0,4.26311,0.521039,0.107741,,
v2c_1928,394582214,v2cal,2-3,9,2,27;28,planet,5.967576673431156,2036.856055699524,0.0008572224652205378,0.1566116674637153,0.0,0.0,0.0,1.01264,0.97,5534.0,4.41393,0.934141,0.210129,,
v2c_1929,149473839,v2cal,13-inf,5,5,1;2;3;4;5,eb_twin,2.674470476597222,1325.6005910738209,0.0021471719815591866,0.9055641511705477,0.0021471719815591866,0.0,0.0,1.55607,1.42,6706.0,4.2063,0.376876,0.0900306,,
v2c_1930,301797581,v2cal,4-6,3,1,18,eb_twin,19.869538479011148,1792.0787692402987,0.0006484808716049875,0.2842151298707712,0.0006484808716049875,0.0,0.0,0.873209,0.93,5354.64,4.52431,1.39678,0.36551,,
v2c_1931,237388253,v2cal,4-6,10,2,6;7,planet,4.9250309706797,1467.6015129378447,0.0009988939429989843,0.028452713303301357,0.0,0.0,0.0,0.850679,0.93,5350.97,4.54702,1.51072,0.34747,,
v2c_1932,152985509,v2cal,4-6,5,2,3;4,eb_unequal,2.987957714602883,1385.5722020137314,0.004748627071975801,0.9279342964926239,0.0018520105825097905,0.0,0.0,1.11928,0.83,4989.0,4.25927,0.591914,0.150908,,
v2c_1933,303584211,v2cal,2-3,7,1,2,planet,26.73936028960641,1370.2319548966393,0.002558858050765376,0.336795315362799,0.0,0.0,0.0,0.696791,0.84,5057.0,4.67614,2.48297,0.617298,,
v2c_1934,306631299,v2cal,13-inf,10,10,1;2;3;4;5;6;7;8;9;10,planet,1.6805859367308391,1326.2350013299338,0.01924132679951076,0.10377092034734285,0.0,0.0,0.0,1.37346,1.06,5876.0,4.18774,0.409124,0.0857695,,
v2c_1935,230199859,v2cal,4-6,9,3,16;22;24,planet,7.002187362781817,1743.1397358286838,0.026337791776979903,0.442425378305633,0.0,0.0,0.0,1.19954,1.058,5856.18,4.30452,0.612973,0.143371,,
v2c_1936,198553139,v2cal,7-12,3,3,14;15;16,eb_unequal,10.328747476059048,1683.8213091734951,0.015512404464684567,0.9111630143076724,0.006943131702618103,0.0,0.0,0.946101,1.036,5779.0,4.50155,1.22334,0.268273,,
v2c_1937,367683115,v2cal,2-3,2,1,22,planet,2.4897062537084733,1901.188642157028,0.0004177677100812724,0.6875525353096369,0.0,0.0,0.0,0.849009,0.94,5405.0,4.55337,1.536,0.326848,,
v2c_1938,308930798,v2cal,2-3,4,2,35;36,eb_twin,2.1472183610480915,2255.4369161526533,0.008290055268654261,0.33238604732391036,0.008290055268654261,0.0,0.0,0.999665,1.082,5930.0,4.47259,1.08309,0.236235,,
v2c_1939,3899820,v2cal,2-3,10,1,3,planet,4.3239061217794825,1384.9202117788104,0.008501284126049767,0.3093656318558221,0.0,0.0,0.0,1.1562,0.973,5534.2,4.30011,0.629526,0.146932,,
v2c_1940,206436211,v2cal,2-3,8,2,3;4,planet,2.090724439833609,1382.85605555217,0.02948546853945208,0.18132127165025122,0.0,0.0,0.0,0.989097,1.04,5786.0,4.46462,1.07477,0.229729,,
v2c_1941,232627112,v2cal,7-12,8,8,14;15;16;17;18;19;20;21,planet,0.7073861691706964,1683.367756483615,0.0007796792721210406,0.08148826726010104,0.0,0.0,0.0,1.57684,1.037,5780.75,4.05827,0.264496,0.0493317,,
v2c_1942,237886434,v2cal,2-3,7,2,1;2,planet,4.336926948475109,1329.510546652602,0.0004796211094019743,0.8779410014990023,0.0,0.0,0.0,1.32794,1.35,6538.2,4.32205,0.576502,0.13339,,
v2c_1943,137841274,v2cal,4-6,5,2,22;23,planet,8.694046362214722,1899.6365076478196,0.01373490946898783,0.8977438445990379,0.0,0.0,0.0,0.805997,0.907,5283.11,4.58301,1.73224,0.435965,,
v2c_1944,446162500,v2cal,2-3,8,1,22,eb_unequal,4.040792364557018,1901.6307323021779,0.00021865015561197413,0.7939346112185297,9.671285379395812e-05,0.0,0.0,1.31111,1.247,6323.0,4.29866,0.553284,0.128385,,
v2c_1945,144602332,v2cal,2-3,9,2,105;106,planet,11.22888037352308,4214.354532257564,0.00540432587024764,0.16584777705251105,0.0,0.0,0.0,1.38031,1.15,6112.0,4.21881,0.437291,0.0978976,,
v2c_1946,142746714,v2cal,4-6,8,4,40;41;47;53,eb_twin,1.9132161382386381,2390.9438223539623,0.000739466819773785,0.37888653667063027,0.000739466819773785,0.0,0.0,0.992056,1.12,6024.0,4.49421,1.14712,0.235604,,
v2c_1947,441741575,v2cal,13-inf,8,8,14;15;16;17;18;19;21;22,planet,5.390802324309479,1683.4696448387824,0.0031579654231602356,0.6975159981986119,0.0,0.0,0.0,1.16979,1.025,5739.0,4.31257,0.64032,0.139869,,
v2c_1948,237082003,v2cal,4-6,8,4,15;16;17;18,planet,4.397592232309255,1711.6260525980492,0.00021234242766782083,0.20011797273575124,0.0,0.0,0.0,1.42749,1.326,6489.0,4.25147,0.455857,0.102357,,
v2c_1949,38696814,v2cal,13-inf,7,7,1;2;4;5;6;7;8,eb_unequal,3.8391690981418036,1326.7617248001525,0.00039649495210711196,0.561357000615672,0.00021912864954274397,0.0,0.0,1.18228,0.96,5467.04,4.2749,0.580916,0.118534,,
v2c_1950,150029448,v2cal,4-6,6,4,4;7;10;13,planet,2.495613334474135,1411.171020183544,0.00026726709504487905,0.4737628610831953,0.0,0.0,0.0,1.45002,1.11,6014.0,4.16064,0.364086,0.0816286,,
v2c_1951,149398139,v2cal,4-6,6,4,44;45;46;48,eb_ecc,8.184404258389405,2502.391907549661,0.0005177206068768946,0.3397402682655574,0.00047776894147441915,0.14331989101705184,1.5424241497898188,1.22601,1.14,6081.0,4.31798,0.618613,0.137886,,
v2c_1952,149912035,v2cal,4-6,1,1,14,planet,13.804436454040367,1688.5191378682143,0.001825346969918792,0.39629307744835934,0.0,0.0,0.0,0.475812,0.473649,3699.0,4.75865,4.39694,0.203198,,
v2c_1953,373657895,v2cal,2-3,9,2,21;22,eb_twin,4.328937662038169,1870.7447080024615,0.007745903327792238,0.32118566016343153,0.007745903327792238,0.0,0.0,0.860981,0.88,5173.41,4.51256,1.3788,0.39933,,
v2c_1954,247374720,v2cal,2-3,8,3,42;43;44,planet,1.467048681484605,2447.832669779847,0.03177611146414522,0.4273844455178999,0.0,0.0,0.0,1.08168,1.042,5800.64,4.38774,0.823334,0.230816,,
v2c_1955,237217129,v2cal,13-inf,2,2,14;15,eb_twin,29.87773209499224,1684.5238187109842,0.0003618311486264296,0.015132361686472862,0.0003618311486264296,0.0,0.0,0.83151,0.97,5511.0,4.5851,1.68721,0.375522,,
v2c_1956,95432896,v2cal,2-3,3,3,45;46;48,eb_twin,2.2558451894815295,2526.2015251567464,0.0026865646316447524,0.6297297136148815,0.0026865646316447524,0.0,0.0,1.00564,1.14,6085.0,4.49009,1.12092,0.241663,,
v2c_1957,402236219,v2cal,2-3,5,2,70;71,planet,1.2035605222960206,3208.731175198491,0.000579786873333399,0.9273839509321832,0.0,0.0,0.0,1.33671,1.05,5843.83,4.20718,0.43962,0.109807,,
v2c_1958,117299081,v2cal,4-6,3,1,21,planet,1.4652371439914411,1870.6590690926862,0.004017114869095084,0.8382022264880182,0.0,0.0,0.0,1.61447,1.167,6148.38,4.08908,0.277318,0.0674127,,
v2c_1959,49594649,v2cal,4-6,6,1,3,planet,17.884192356081904,1392.6818710636774,0.0007527510985080496,0.3843746627016644,0.0,0.0,0.0,0.304188,0.281402,3362.0,4.92111,9.99772,0.173,,
v2c_1960,261091639,v2cal,7-12,6,4,1;11;12;13,planet,5.082703514700518,1326.0075916677401,0.03209745027700636,0.5204703337273723,0.0,0.0,0.0,0.553844,0.72,4571.0,4.80862,4.23809,1.09131,,
v2c_1961,149218890,v2cal,7-12,6,6,4;5;6;7;9;10,eb_twin,3.882130420230354,1412.0748169653775,0.024054430683944163,0.4760237639155928,0.024054430683944163,0.0,0.0,1.41424,1.34,6525.0,4.26413,0.47374,0.110419,,
v2c_1962,255684155,v2cal,7-12,9,3,6;7;8,planet,19.439264237158042,1481.8905356963417,0.0002574581125404715,0.35522152005781954,0.0,0.0,0.0,0.827276,0.88,5198.0,4.54725,1.55429,0.383889,,
v2c_1963,22237080,v2cal,2-3,6,1,9,eb_ecc,3.1878098395952796,1545.2725414770769,0.0003443155019510347,0.45882094515459354,0.00017550168443836975,0.39456912316465553,1.3808159510037252,0.740573,0.95,5447.0,4.67666,2.33894,0.50417,,
v2c_1964,458646284,v2cal,2-3,7,2,45;46,eb_twin,7.615701204837188,2532.462503259929,0.0006346020526547585,0.5017883808521998,0.0006346020526547585,0.0,0.0,0.6407,0.677,4330.0,4.65535,2.57409,0.840434,,
v2c_1965,165599030,v2cal,2-3,10,3,16;22;23,eb_unequal,3.4866190453112824,1741.5616557282651,0.003917512625828774,0.7855696775133203,0.0018569092060212215,0.0,0.0,1.12459,1.04,5795.0,4.35312,0.731232,0.157519,,
v2c_1966,257060602,v2cal,13-inf,6,6,14;15;16;20;21;22,eb_twin,1.4425137021755015,1683.5889968480096,0.037093806726809314,0.88385048411212,0.037093806726809314,0.0,0.0,1.1083,1.11,6001.85,4.39408,0.815366,0.152809,,
v2c_1967,16370959,v2cal,4-6,6,1,24,planet,24.400783467690424,1972.724518120697,0.0440058283719129,0.2572872981951271,0.0,0.0,0.0,1.20554,1.17,6165.14,4.34389,0.667789,0.130021,,
v2c_1968,32032672,v2cal,13-inf,2,2,1;2,planet,13.715264222385233,1331.4438397903598,0.0019218328991672828,0.9464116605082709,0.0,0.0,0.0,0.743889,0.69,4434.0,4.5339,1.6762,0.502124,,
v2c_1969,380941020,v2cal,2-3,5,3,30;42;43,planet,26.95620498919753,2125.5696941573856,0.008590259839382539,0.5891919281074167,0.0,0.0,0.0,1.14609,1.01,5690.26,4.32395,0.670912,0.154467,,
v2c_1970,469943599,v2cal,7-12,8,1,1,planet,0.7188387035274423,1325.3540899986708,0.027549632907884473,0.5234929706211721,0.0,0.0,0.0,0.849488,0.86,5110.0,4.51425,1.4029,0.313024,,
v2c_1971,192826201,v2cal,4-6,4,2,5;6,eb_twin,16.296551973391274,1442.557090835142,0.001394847343982749,0.8477164763189274,0.001394847343982749,0.0,0.0,0.733557,0.76,4731.0,4.58801,1.92536,0.51476,,
v2c_1972,359630395,v2cal,13-inf,5,5,15;16;17;18;19,planet,5.558777874469641,1711.8761658658298,0.0077076607071827775,0.6316819904039821,0.0,0.0,0.0,0.493091,0.491186,3576.0,4.74346,4.09699,0.196114,,
v2c_1973,165599030,v2cal,2-3,6,3,16;22;23,planet,13.315458932884898,1739.7337980855646,0.010725402209216705,0.5027406541242548,0.0,0.0,0.0,1.12459,1.04,5795.0,4.35312,0.731232,0.157519,,
v2c_1974,269807746,v2cal,4-6,8,1,57,eb_unequal,3.888827626476661,2856.9497904861005,0.008829557511568591,0.6555192018485,0.0014532592742183927,0.0,0.0,0.661742,0.632,4039.0,4.59741,2.18097,0.788828,,
v2c_1975,394171820,v2cal,7-12,10,10,14;16;17;18;19;20;21;22;23;24,planet,10.254877263253194,1685.5067633696515,0.02611867042253295,0.8840428601923019,0.0,0.0,0.0,0.732304,0.97,5519.0,4.69546,2.47,0.557418,,
v2c_1976,188816830,v2cal,7-12,2,2,24;25,planet,8.223187533655208,1956.7749779595044,0.001582035231799807,0.1967424443629776,0.0,0.0,0.0,1.42917,1.437,6736.0,4.28536,0.492271,0.11123,,
v2c_1977,357233448,v2cal,7-12,5,3,19;20;26,planet,1.093585830204601,1816.6182738979053,0.01365113739364858,0.22784014283947057,0.0,0.0,0.0,0.812767,0.89,5236.0,4.56753,1.65764,0.403078,,
v2c_1978,445832471,v2cal,2-3,6,2,21;22,planet,7.480648284166704,1873.310384248452,0.042341942570540636,0.000781412867239234,0.0,0.0,0.0,1.22997,1.18,6177.0,4.33016,0.634165,0.135471,,
v2c_1979,309754803,v2cal,7-12,6,6,27;28;29;30;32;33,planet,2.97921773492941,2036.4368861000357,0.004787123749088496,0.7570638426893214,0.0,0.0,0.0,0.469321,0.466934,3706.0,4.76438,4.51695,0.208663,,
v2c_1980,193873496,v2cal,4-6,7,1,25,eb_unequal,4.11099262341828,1985.242861299178,0.0293513096772029,0.8881423822570897,0.01493507439709769,0.0,0.0,1.00634,1.008,5671.0,4.43604,0.989056,0.207495,,
v2c_1981,266075926,v2cal,2-3,8,2,42;43,planet,2.8693072269490494,2449.901426088563,0.0006925566123212465,0.40785718701242696,0.0,0.0,0.0,1.295,1.113,6016.0,4.26002,0.512489,0.117432,,
v2c_1982,261091639,v2cal,7-12,9,4,1;11;12;13,eb_unequal,5.6132236403028,1328.9717353924618,0.00029140250154947227,0.2911452861426401,5.747646661555025e-05,0.0,0.0,0.553844,0.72,4571.0,4.80862,4.23809,1.09131,,
v2c_1983,91399407,v2cal,2-3,4,2,42;43,planet,2.3714975124956013,2449.846023251525,0.008835727471650005,0.5314566974667031,0.0,0.0,0.0,1.282,1.05,5832.95,4.24348,0.498341,0.0955682,,
v2c_1984,38696692,v2cal,7-12,10,10,1;2;4;5;6;7;8;9;10;11,planet,28.4960052236104,1329.7733130091863,0.0024981016747325988,0.4487387280501569,0.0,0.0,0.0,1.29303,1.06,5878.6,4.24016,0.490321,0.10961,,
v2c_1985,289545024,v2cal,2-3,6,1,8,planet,0.5763212484346654,1517.7601549825956,0.004431178844363252,0.5042403311811842,0.0,0.0,0.0,0.594669,0.583718,3965.0,4.65572,2.77573,0.150443,,
v2c_1986,261375251,v2cal,7-12,1,1,88,eb_twin,7.692933335391549,3691.9455380840286,0.000569500418000575,0.399270301184346,0.000569500418000575,0.0,0.0,1.21204,1.09,5963.0,4.30846,0.612172,0.131223,,
v2c_1987,313485314,v2cal,4-6,10,4,14;15;20;21,planet,12.16621937659452,1688.6259027454612,0.005866645608758696,0.5744922339477879,0.0,0.0,0.0,1.15025,1.203,6229.0,4.39675,0.790478,0.173527,,
v2c_1988,68874932,v2cal,4-6,1,1,24,planet,9.012011313834773,1962.0000518168665,0.024869755720854897,0.01289008027551352,0.0,0.0,0.0,1.15193,1.07,5888.94,4.3446,0.70001,0.15823,,
v2c_1989,144602332,v2cal,2-3,4,2,105;106,eb_twin,1.4607671526538548,4205.8262250338985,0.007787700645074215,0.5768327817925994,0.007787700645074215,0.0,0.0,1.38031,1.15,6112.0,4.21881,0.437291,0.0978976,,
v2c_1990,175290532,v2cal,4-6,5,3,44;45;46,eb_unequal,16.31809825166308,2510.418626544133,0.04992035537380725,0.33323931385978334,0.016355446759328693,0.0,0.0,1.54893,1.05,5826.08,4.0792,0.282552,0.0651812,,
v2c_1991,122616902,v2cal,2-3,9,2,105;106,planet,7.251623929473701,4212.257835343674,0.001513306681714408,0.5429665121982803,0.0,0.0,0.0,1.5842,1.27,6363.0,4.14225,0.31943,0.0726593,,
v2c_1992,157133425,v2cal,7-12,4,2,6;7,eb_ecc,0.7780095238767183,1465.8023294271322,0.0007968058748705258,0.7088864154079014,0.0005865950179571531,0.11407851342722311,4.423765835405322,0.842323,0.86,5127.29,4.52161,1.43901,0.328818,,
v2c_1993,348788705,v2cal,4-6,9,1,8,planet,3.683617943104999,1518.6982277966836,0.002521587999024696,0.07089977047161447,0.0,0.0,0.0,1.42999,1.385,6617.0,4.26885,0.473644,0.107507,,
v2c_1994,38679565,v2cal,13-inf,6,6,1;2;3;4;5;8,planet,6.237328668178419,1328.5001972170933,0.0011934132556319064,0.717565167099953,0.0,0.0,0.0,0.298762,0.275206,3456.0,4.92707,10.3201,0.175882,,
v2c_1995,219900265,v2cal,7-12,7,7,15;16;17;18;19;20;21,planet,24.059390863862973,1732.1169912630169,0.00045549259535974143,0.6812748726428276,0.0,0.0,0.0,0.915098,1.05,5828.0,4.53632,1.37021,0.292147,,
v2c_1996,55272665,v2cal,7-12,3,3,4;5;6,eb_ecc,0.7393308822350442,1411.1044338610282,0.013913502075519599,0.19651068150645112,0.012387443763950042,0.1138401901650781,1.7989112997135541,1.4377,1.17,6165.75,4.19092,0.393718,0.0850541,,
v2c_1997,229483903,v2cal,13-inf,9,9,14;15;16;17;18;20;21;23;24,eb_twin,6.4365821462904815,1688.2587060958792,0.0003796704282896815,0.4434798783253405,0.0003796704282896815,0.0,0.0,0.419328,0.413119,3406.0,4.80904,5.60291,0.225997,,
v2c_1998,198206463,v2cal,13-inf,5,5,14;15;16;17;18,planet,17.737527967018465,1695.3326013576257,0.01509570487376083,0.30060665243064844,0.0,0.0,0.0,1.12775,1.096,5971.0,4.37345,0.764142,0.16619,,
v2c_1999,233129260,v2cal,4-6,8,4,15;17;18;21,eb_unequal,7.71739310178229,1714.522495084935,0.0009134889636772878,0.1018118196944498,0.0006719828928440067,0.0,0.0,0.911057,0.92,5331.0,4.48276,1.21661,0.297919,,
