bibcode,year,first_author,title,pub,doi,in_bib,n_queries,queries,screened,relevance_note
2026MNRAS.548ag512L,2026,"Lafarga, M.",Automatic search for transiting planets in TESS─SPOC FFIs with RAVEN: over 100 newly validated planets and over 2000 vetted candidates,Monthly Notices of the Royal Astronomical Society,10.1093/mnras/stag512,n,5,period_alias_toi_tce;true_period_half_tess;harmonic_correction_transit_search;toi_period_errors_catalog;missing_transits_alias,full_text,full text: aliases handled by VISUAL vetting (79 removed); 80 non-recovered TOIs at 2P/P2/3P/P3. No resolver. Motivation; cite.
2025AJ....170..287V,2025,"Valizadegan, Hamed",ExoMiner++: Enhanced Transit Classification and a New Vetting Catalog for 2-minute TESS Data,The Astronomical Journal,10.3847/1538-3881/ae03a4,y,5,period_alias_toi_tce;true_period_half_tess;alias_probability_calibrated;harmonic_correction_transit_search;toi_period_errors_catalog,already_reviewed,in paper/bib_sources.csv; see docs/related_work.md
2026A&A...710A.352T,2026,"Tschudi, Yohann",At the stellar noise frontier: A transit survey of 121 TESS M3-M6 dwarfs,Astronomy and Astrophysics,10.1051/0004-6361/202659754,n,4,period_alias_toi_tce;alias_probability_calibrated;harmonic_correction_transit_search;toi_period_errors_catalog,full_text,"full text: rule-based harmonic correction (2P/3P/P/2), deterministic thresholds. Closest prior work; B2 baseline."
2025AJ....170...32B,2025,"Barber, Madyson G.",TESS Investigation—Demographics of Young Exoplanets (TI-DYE). III. An Inner Super-Earth in TOI 2076,The Astronomical Journal,10.3847/1538-3881/add7db,n,4,period_alias_toi_tce;alias_stellar_density;alias_probability_calibrated;toi_period_errors_catalog,title,"single-system discovery/characterisation, RV, rotation, or unrelated topic; mentions aliases in passing"
2025AJ....169..299B,2025,"Bass, Dillon J.",Validating the Orbital Periods of the Coolest TESS Planet Candidates,The Astronomical Journal,10.3847/1538-3881/adcac6,y,4,period_alias_toi_tce;alias_resolution_transit;toi_period_errors_catalog;missing_transits_alias,already_reviewed,in paper/bib_sources.csv; see docs/related_work.md
2024A&A...682A.135C,2024,"Carleo, I.",The GAPS programme at TNG. L. TOI-4515 b: An eccentric warm Jupiter orbiting a 1.2 Gyr-old G-star,Astronomy and Astrophysics,10.1051/0004-6361/202348207,n,4,period_alias_toi_tce;alias_stellar_density;alias_probability_calibrated;harmonic_correction_transit_search,title,"single-system discovery/characterisation, RV, rotation, or unrelated topic; mentions aliases in passing"
2023AJ....165..134O,2023,"Oddo, Dominic",Characterization of a Set of Small Planets with TESS and CHEOPS and an Analysis of Photometric Performance,The Astronomical Journal,10.3847/1538-3881/acb4e3,n,4,period_alias_toi_tce;alias_stellar_density;alias_probability_calibrated;missing_transits_alias,title,"single-system discovery/characterisation, RV, rotation, or unrelated topic; mentions aliases in passing"
2023AJ....165...17G,2023,"Gan, Tianjun",Occurrence Rate of Hot Jupiters Around Early-type M Dwarfs Based on Transiting Exoplanet Survey Satellite Data,The Astronomical Journal,10.3847/1538-3881/ac9b12,n,4,period_alias_toi_tce;alias_stellar_density;alias_probability_calibrated;toi_period_errors_catalog,abstract,abstract: HJ occurrence M dwarfs; vetting. No alias resolution.
2022A&A...667A..59D,2022,"Delrez, L.",Two temperate super-Earths transiting a nearby late-type M dwarf,Astronomy and Astrophysics,10.1051/0004-6361/202244041,n,4,period_alias_toi_tce;alias_stellar_density;alias_probability_calibrated;missing_transits_alias,title,"single-system discovery/characterisation, RV, rotation, or unrelated topic; mentions aliases in passing"
2022A&A...664A.156O,2022,"Osborn, H. P.",Uncovering the true periods of the young sub-Neptunes orbiting TOI-2076,Astronomy and Astrophysics,10.1051/0004-6361/202243065,y,4,period_alias_toi_tce;alias_resolution_transit;alias_probability_calibrated;toi_period_errors_catalog,already_reviewed,in paper/bib_sources.csv; see docs/related_work.md
2021AJ....162...54H,2021,"Hedges, Christina","TOI-2076 and TOI-1807: Two Young, Comoving Planetary Systems within 50 pc Identified by TESS that are Ideal Candidates for Further Follow Up",The Astronomical Journal,10.3847/1538-3881/ac06cd,n,4,period_alias_toi_tce;alias_stellar_density;alias_probability_calibrated;toi_period_errors_catalog,title,"single-system discovery/characterisation, RV, rotation, or unrelated topic; mentions aliases in passing"
2018ApJS..235...38T,2018,"Thompson, Susan E.",Planetary Candidates Observed by Kepler. VIII. A Fully Automated Catalog with Measured Completeness and Reliability Based on Data Release 25,The Astrophysical Journal Supplement Series,10.3847/1538-4365/aab4f9,y,4,period_alias_toi_tce;alias_probability_calibrated;harmonic_correction_transit_search;missing_transits_alias,already_reviewed,in paper/bib_sources.csv; see docs/related_work.md
2026AJ....172...73B,2026,"Barber, Madyson G.","Stellar Obliquities of Young Systems, Atmospheres Undergoing Contraction and Escape (SOYSAUCE). II. A 135 Myr Planet on an Aligned Orbit with Transit Timing Variations",The Astronomical Journal,10.3847/1538-3881/ae78d0,n,3,period_alias_toi_tce;alias_stellar_density;alias_probability_calibrated,title,"single-system discovery/characterisation, RV, rotation, or unrelated topic; mentions aliases in passing"
2026arXiv260821560C,2026,"Collier, Michael",Assessing the Impact of High-Resolution Imaging on Statistical Validation of TESS Planet Candidates,arXiv e-prints,10.48550/arXiv.2608.21560,n,3,period_alias_toi_tce;true_period_half_tess;alias_probability_calibrated,title,"single-system discovery/characterisation, RV, rotation, or unrelated topic; mentions aliases in passing"
2026arXiv260723781T,2026,"Tschudi, Yohann",A uniform transit survey of 461 ExoFOP M-dwarf TOI hosts: Follow-up prioritization and new transit candidates,arXiv e-prints,10.48550/arXiv.2607.23781,n,3,period_alias_toi_tce;alias_resolution_transit;alias_probability_calibrated,full_text,full text: same pipeline on 461 M-dwarf TOI hosts + event-time coherence test. Deterministic. Partial audit (M dwarfs).
2026MNRAS.549g1061R,2026,"Rodel, Toby","TIC-65910228 b / NGTS-38 b, a 180 d transiting warm super-Jupiter",Monthly Notices of the Royal Astronomical Society,10.1093/mnras/stag1061,n,3,period_alias_toi_tce;alias_stellar_density;alias_probability_calibrated,title,"single-system discovery/characterisation, RV, rotation, or unrelated topic; mentions aliases in passing"
2026arXiv260618932Y,2026,"Yan, Xingchen",TransitNet: A Compact Attention-Augmented Deep Learning Framework for Low-SNR Transit Blind Searches,arXiv e-prints,10.48550/arXiv.2606.18932,n,3,period_alias_toi_tce;alias_probability_calibrated;missing_transits_alias,abstract,"abstract: DL blind search (TransitNet), Kepler. No alias resolution."
2026ApJ..1003L..15D,2026,"del Burgo, Carlos",The Longest-period Young Transiting Exoplanets—A Duo of Puffy Giants inside a Debris Disk,The Astrophysical Journal Letters,10.3847/2041-8213/ae63bd,n,3,period_alias_toi_tce;alias_stellar_density;alias_probability_calibrated,title,"single-system discovery/characterisation, RV, rotation, or unrelated topic; mentions aliases in passing"
2026ApJ...997L..38V,2026,"Venner, Alexander",A Cool Earth-sized Planet Candidate Transiting a Tenth Magnitude K-dwarf From K2,The Astrophysical Journal Letters,10.3847/2041-8213/adf06f,n,3,period_alias_toi_tce;alias_stellar_density;alias_probability_calibrated,title,"single-system discovery/characterisation, RV, rotation, or unrelated topic; mentions aliases in passing"
2026ApJS..284...75B,2026,"Boyle, Andrew W.","The TESS All-Sky Rotation Survey: Periods for 1,046,317 Stars within 500 pc",The Astrophysical Journal Supplement Series,10.3847/1538-4365/ae6657,n,3,true_period_half_tess;alias_stellar_density;alias_probability_calibrated,title,"single-system discovery/characterisation, RV, rotation, or unrelated topic; mentions aliases in passing"
2025ApJ...995L..43B,2025,"Brahm, Rafael",A Compact Multiplanet System of Three Transiting Giant Planets around TIC 118798035,The Astrophysical Journal Letters,10.3847/2041-8213/ae2603,n,3,period_alias_toi_tce;alias_stellar_density;alias_probability_calibrated,title,"single-system discovery/characterisation, RV, rotation, or unrelated topic; mentions aliases in passing"
2025A&A...703A.258U,2025,"Ulmer-Moll, S.",Detection and characterisation of a 106-day transiting Jupiter: TOI-2449 b/NGTS-36 b,Astronomy and Astrophysics,10.1051/0004-6361/202555168,n,3,period_alias_toi_tce;alias_stellar_density;alias_probability_calibrated,title,"single-system discovery/characterisation, RV, rotation, or unrelated topic; mentions aliases in passing"
2025A&A...702A.211L,2025,"Leonardi, P.",Transit timing variations in HIP 41378: CHEOPS and TESS confirm a non-transiting sixth planet in the system,Astronomy and Astrophysics,10.1051/0004-6361/202555253,n,3,period_alias_toi_tce;alias_stellar_density;alias_probability_calibrated,title,"single-system discovery/characterisation, RV, rotation, or unrelated topic; mentions aliases in passing"
2025A&A...698A.223L,2025,"Lacedelli, G.",A transiting rocky super-Earth and a non-transiting sub-Neptune orbiting the M dwarf TOI-771,Astronomy and Astrophysics,10.1051/0004-6361/202554161,n,3,period_alias_toi_tce;alias_stellar_density;alias_probability_calibrated,title,"single-system discovery/characterisation, RV, rotation, or unrelated topic; mentions aliases in passing"
2025A&A...697A.169C,2025,"Chaturvedi, P.",TOI-3493 b: A planet with a Neptune-like density transiting a bright G0-type star,Astronomy and Astrophysics,10.1051/0004-6361/202453511,n,3,period_alias_toi_tce;alias_stellar_density;alias_probability_calibrated,title,"single-system discovery/characterisation, RV, rotation, or unrelated topic; mentions aliases in passing"
2025A&A...694A.268T,2025,"Tala Pinto, Marcelo","Three warm Jupiters orbiting TOI-6628, TOI-3837, and TOI-5027 and one sub-Saturn orbiting TOI-2328",Astronomy and Astrophysics,10.1051/0004-6361/202452517,n,3,period_alias_toi_tce;alias_stellar_density;alias_probability_calibrated,title,"single-system discovery/characterisation, RV, rotation, or unrelated topic; mentions aliases in passing"
2025RASTI...4....9F,2025,"Fields, Matthew J",Disc─star alignment I: pre-main-sequence stellar parameters and the statistical alignment between discs and stellar rotation,RAS Techniques and Instruments,10.1093/rasti/rzaf009,n,3,period_alias_toi_tce;alias_stellar_density;alias_probability_calibrated,title,"single-system discovery/characterisation, RV, rotation, or unrelated topic; mentions aliases in passing"
2025ApJ...985..233B,2025,"Boyle, Andrew W.",Quantifying the Limits of TESS Stellar Rotation Measurements with the K2-TESS Overlap,The Astrophysical Journal,10.3847/1538-4357/adcecc,n,3,true_period_half_tess;alias_stellar_density;alias_probability_calibrated,title,"single-system discovery/characterisation, RV, rotation, or unrelated topic; mentions aliases in passing"
2024AJ....167..284G,2024,"Garcia, Lionel J.",nuance: Efficient Detection of Planets Transiting Active Stars,The Astronomical Journal,10.3847/1538-3881/ad3cd6,n,3,period_alias_toi_tce;true_period_half_tess;toi_period_errors_catalog,abstract,abstract: nuance search on active stars. No alias resolution.
2024A&A...686A.230B,2024,"Battley, M. P.",NGTS-30b/TOI-4862b: An  1 Gyr old 98-day transiting warm Jupiter,Astronomy and Astrophysics,10.1051/0004-6361/202449307,n,3,period_alias_toi_tce;alias_probability_calibrated;toi_period_errors_catalog,title,"single-system discovery/characterisation, RV, rotation, or unrelated topic; mentions aliases in passing"
2024A&A...685A...5P,2024,"Psaridi, Angelica",Discovery of two warm mini-Neptunes with contrasting densities orbiting the young K3V star TOI-815,Astronomy and Astrophysics,10.1051/0004-6361/202348678,n,3,period_alias_toi_tce;alias_stellar_density;alias_probability_calibrated,title,"single-system discovery/characterisation, RV, rotation, or unrelated topic; mentions aliases in passing"
2024AJ....167..202M,2024,"Melton, Elizabeth J.",DIAmante TESS AutoRegressive Planet Search (DTARPS). I. Analysis of 0.9 Million Light Curves,The Astronomical Journal,10.3847/1538-3881/ad29f0,n,3,harmonic_correction_transit_search;toi_period_errors_catalog;missing_transits_alias,abstract,abstract: DTARPS I search + RF classifier. No alias resolution.
2023AJ....166..239M,2023,"Mann, Christopher R.","Giant Outer Transiting Exoplanet Mass (GOT 'EM) Survey. III. Recovery and Confirmation of a Temperate, Mildly Eccentric, Single-transit Jupiter Orbiting TOI-2010",The Astronomical Journal,10.3847/1538-3881/ad00bc,n,3,period_alias_toi_tce;alias_probability_calibrated;missing_transits_alias,title,"single-system discovery/characterisation, RV, rotation, or unrelated topic; mentions aliases in passing"
2023ApJS..269....5W,2023,"Wilson, Robert F.",Transiting Exoplanet Yields for the Roman Galactic Bulge Time Domain Survey Predicted from Pixel-level Simulations,The Astrophysical Journal Supplement Series,10.3847/1538-4365/acf3df,n,3,period_alias_toi_tce;alias_stellar_density;alias_probability_calibrated,title,"single-system discovery/characterisation, RV, rotation, or unrelated topic; mentions aliases in passing"
2023MNRAS.523.3069O,2023,"Osborn, H. P.",Two warm Neptunes transiting HIP 9618 revealed by TESS and Cheops,Monthly Notices of the Royal Astronomical Society,10.1093/mnras/stad1319,n,3,period_alias_toi_tce;alias_resolution_transit;alias_probability_calibrated,title,"single-system discovery/characterisation, RV, rotation, or unrelated topic; mentions aliases in passing"
2023MNRAS.523.3090T,2023,"Tuson, A.",TESS and CHEOPS discover two warm sub-Neptunes transiting the bright K-dwarf HD 15906,Monthly Notices of the Royal Astronomical Society,10.1093/mnras/stad1369,n,3,period_alias_toi_tce;alias_probability_calibrated;toi_period_errors_catalog,title,"single-system discovery/characterisation, RV, rotation, or unrelated topic; mentions aliases in passing"
2023A&A...674A..10H,2023,"Holl, B.","Gaia Data Release 3. Astrometric orbit determination with Markov chain Monte Carlo and genetic algorithms: Systems with stellar, sub-stellar, and planetary mass companions",Astronomy and Astrophysics,10.1051/0004-6361/202244161,n,3,period_alias_toi_tce;alias_probability_calibrated;toi_period_errors_catalog,title,"single-system discovery/characterisation, RV, rotation, or unrelated topic; mentions aliases in passing"
2023A&A...674A..43U,2023,"Ulmer-Moll, S.",TOI-5678b: A 48-day transiting Neptune-mass planet characterized with CHEOPS and HARPS★,Astronomy and Astrophysics,10.1051/0004-6361/202245478,n,3,period_alias_toi_tce;alias_resolution_transit;alias_probability_calibrated,title,"single-system discovery/characterisation, RV, rotation, or unrelated topic; mentions aliases in passing"
2023A&A...673A...4B,2023,"Barros, S. C. C.",The young mini-Neptune HD 207496b that is either a naked core or on the verge of becoming one,Astronomy and Astrophysics,10.1051/0004-6361/202245741,n,3,period_alias_toi_tce;alias_stellar_density;alias_probability_calibrated,title,"single-system discovery/characterisation, RV, rotation, or unrelated topic; mentions aliases in passing"
2023MNRAS.520.5283G,2023,"Gaidos, Eric",The TIME Table: rotation and ages of cool exoplanet host stars,Monthly Notices of the Royal Astronomical Society,10.1093/mnras/stad343,n,3,period_alias_toi_tce;alias_stellar_density;alias_probability_calibrated,title,"single-system discovery/characterisation, RV, rotation, or unrelated topic; mentions aliases in passing"
2023AJ....165...95T,2023,"Tey, Evan",Identifying Exoplanets with Deep Learning. V. Improved Light-curve Classification for TESS Full-frame Image Observations,The Astronomical Journal,10.3847/1538-3881/acad85,y,3,period_alias_toi_tce;true_period_half_tess;toi_period_errors_catalog,already_reviewed,in paper/bib_sources.csv; see docs/related_work.md
2023A&A...670A..84K,2023,"Kossakowski, D.","The CARMENES search for exoplanets around M dwarfs. Wolf 1069 b: Earth-mass planet in the habitable zone of a nearby, very low-mass star",Astronomy and Astrophysics,10.1051/0004-6361/202245322,n,3,period_alias_toi_tce;alias_resolution_transit;alias_probability_calibrated,title,"single-system discovery/characterisation, RV, rotation, or unrelated topic; mentions aliases in passing"
2023MNRAS.518.2627V,2023,"Vines, Jose I.",A dense mini-Neptune orbiting the bright young star HD 18599,Monthly Notices of the Royal Astronomical Society,10.1093/mnras/stac2845,n,3,period_alias_toi_tce;alias_stellar_density;alias_probability_calibrated,title,"single-system discovery/characterisation, RV, rotation, or unrelated topic; mentions aliases in passing"
2023PASP..135j5002H,2023,"Hambleton, Kelly M.",Rubin Observatory LSST Transients and Variable Stars Roadmap,Publications of the Astronomical Society of the Pacific,10.1088/1538-3873/acdb9a,n,3,alias_stellar_density;harmonic_correction_transit_search;missing_transits_alias,title,"single-system discovery/characterisation, RV, rotation, or unrelated topic; mentions aliases in passing"
2022A&A...668A.117H,2022,"Hoyer, S.",Characterization of the HD 108236 system with CHEOPS and TESS Confirmation of a fifth transiting planet,Astronomy and Astrophysics,10.1051/0004-6361/202243720,n,3,period_alias_toi_tce;alias_stellar_density;alias_probability_calibrated,title,"single-system discovery/characterisation, RV, rotation, or unrelated topic; mentions aliases in passing"
2022A&A...666A..46U,2022,"Ulmer-Moll, S.",Two long-period transiting exoplanets on eccentric orbits: NGTS-20 b (TOI-5152 b) and TOI-5153 b,Astronomy and Astrophysics,10.1051/0004-6361/202243583,n,3,period_alias_toi_tce;alias_probability_calibrated;toi_period_errors_catalog,title,"single-system discovery/characterisation, RV, rotation, or unrelated topic; mentions aliases in passing"
2022AJ....163..289Z,2022,"Zhou, George",A Mini-Neptune from TESS and CHEOPS Around the 120 Myr Old AB Dor Member HIP 94235,The Astronomical Journal,10.3847/1538-3881/ac69e3,n,3,period_alias_toi_tce;alias_probability_calibrated;toi_period_errors_catalog,title,"single-system discovery/characterisation, RV, rotation, or unrelated topic; mentions aliases in passing"
2022AJ....163....3C,2022,"Cañas, Caleb I.",A Hot Mars-sized Exoplanet Transiting an M Dwarf,The Astronomical Journal,10.3847/1538-3881/ac3088,n,3,period_alias_toi_tce;alias_stellar_density;alias_probability_calibrated,title,"single-system discovery/characterisation, RV, rotation, or unrelated topic; mentions aliases in passing"
2022A&A...657A..45S,2022,"Schanche, N.",TOI-2257 b: A highly eccentric long-period sub-Neptune transiting a nearby M dwarf,Astronomy and Astrophysics,10.1051/0004-6361/202142280,n,3,period_alias_toi_tce;alias_stellar_density;alias_probability_calibrated,title,"single-system discovery/characterisation, RV, rotation, or unrelated topic; mentions aliases in passing"
2022ApJ...926..120V,2022,"Valizadegan, Hamed",ExoMiner: A Highly Accurate and Explainable Deep Learning Classifier That Validates 301 New Exoplanets,The Astrophysical Journal,10.3847/1538-4357/ac4399,y,3,true_period_half_tess;harmonic_correction_transit_search;toi_period_errors_catalog,already_reviewed,in paper/bib_sources.csv; see docs/related_work.md
2021PSJ.....2..152A,2021,"Adams, Elisabeth R.",Ultra-short-period Planets in K2. III. Neighbors are Common with 13 New Multiplanet Systems and 10 Newly Validated Planets in Campaigns 0-8 and 10,The Planetary Science Journal,10.3847/PSJ/ac0ea0,n,3,period_alias_toi_tce;true_period_half_tess;alias_probability_calibrated,title,"single-system discovery/characterisation, RV, rotation, or unrelated topic; mentions aliases in passing"
2021AJ....161..171T,2021,"Tofflemire, Benjamin M.",TESS Hunt for Young and Maturing Exoplanets (THYME). V. A Sub-Neptune Transiting a Young Star in a Newly Discovered 250 Myr Association,The Astronomical Journal,10.3847/1538-3881/abdf53,n,3,period_alias_toi_tce;alias_stellar_density;alias_probability_calibrated,title,"single-system discovery/characterisation, RV, rotation, or unrelated topic; mentions aliases in passing"
2021MNRAS.501.4148L,2021,"Lacedelli, G.",An unusually low density ultra-short period super-Earth and three mini-Neptunes around the old star TOI-561,Monthly Notices of the Royal Astronomical Society,10.1093/mnras/staa3728,n,3,period_alias_toi_tce;alias_stellar_density;alias_probability_calibrated,title,"single-system discovery/characterisation, RV, rotation, or unrelated topic; mentions aliases in passing"
2021AJ....162..154D,2021,"Dalba, Paul A.","Giant Outer Transiting Exoplanet Mass (GOT 'EM) Survey. II. Discovery of a Failed Hot Jupiter on a 2.7 Yr, Highly Eccentric Orbit",The Astronomical Journal,10.3847/1538-3881/ac134b,n,3,alias_stellar_density;alias_probability_calibrated;missing_transits_alias,title,"single-system discovery/characterisation, RV, rotation, or unrelated topic; mentions aliases in passing"
2020A&A...642A.121L,2020,"Lillo-Box, J.",Planetary system LHS 1140 revisited with ESPRESSO and TESS,Astronomy and Astrophysics,10.1051/0004-6361/202038922,n,3,period_alias_toi_tce;alias_probability_calibrated;missing_transits_alias,title,"single-system discovery/characterisation, RV, rotation, or unrelated topic; mentions aliases in passing"
2020MNRAS.491.2982E,2020,"Espinoza, Néstor",HD 213885b: a transiting 1-d-period super-Earth with an Earth-like composition around a bright (V = 7.9) star unveiled by TESS,Monthly Notices of the Royal Astronomical Society,10.1093/mnras/stz3150,n,3,period_alias_toi_tce;alias_stellar_density;alias_probability_calibrated,title,"single-system discovery/characterisation, RV, rotation, or unrelated topic; mentions aliases in passing"
2019arXiv190709480E,2019,"Eastman, Jason D.","EXOFASTv2: A public, generalized, publication-quality exoplanet modeling code",arXiv e-prints,10.48550/arXiv.1907.09480,n,3,period_alias_toi_tce;alias_stellar_density;alias_probability_calibrated,title,"single-system discovery/characterisation, RV, rotation, or unrelated topic; mentions aliases in passing"
2026ApJ..1008L...6F,2026,"Fairnington, Tyler R.","The Orbital Eccentricity─Radius Distribution for Warm, Single Planets in TESS",The Astrophysical Journal Letters,10.3847/2041-8213/ae9612,n,2,period_alias_toi_tce;alias_stellar_density,title,"single-system discovery/characterisation, RV, rotation, or unrelated topic; mentions aliases in passing"
2026arXiv260924645B,2026,"Borsato, Luca",Transit timing variation,arXiv e-prints,,n,2,period_alias_toi_tce;alias_stellar_density,title,"single-system discovery/characterisation, RV, rotation, or unrelated topic; mentions aliases in passing"
2026A&A...711A.136S,2026,"Squicciarini, V.",The SPHERE infrared survey for exoplanets (SHINE): V. Full sample characterization,Astronomy and Astrophysics,10.1051/0004-6361/202658983,n,2,period_alias_toi_tce;alias_probability_calibrated,title,"single-system discovery/characterisation, RV, rotation, or unrelated topic; mentions aliases in passing"
2026MNRAS.549ag864D,2026,"Dransfield, Georgina",ASTEP confirmation of a pair of long-period Jupiter-sized planets with extremely low densities transiting TOI-791,Monthly Notices of the Royal Astronomical Society,10.1093/mnras/stag864,n,2,period_alias_toi_tce;alias_probability_calibrated,title,"single-system discovery/characterisation, RV, rotation, or unrelated topic; mentions aliases in passing"
2026AJ....171..317G,2026,"Gillis, Erik Diego",TESS Planet Occurrence Rates Reveal the Disappearance of the Radius Valley around Mid-to-late M Dwarfs,The Astronomical Journal,10.3847/1538-3881/ae5810,n,2,period_alias_toi_tce;alias_probability_calibrated,title,"single-system discovery/characterisation, RV, rotation, or unrelated topic; mentions aliases in passing"
2026A&A...709A..23O,2026,"Osborn, Ares",Confirmation of the hot super-Neptune TOI-672 b with NIRPS and HARPS: Insights into the Neptunian desert around M dwarfs,Astronomy and Astrophysics,10.1051/0004-6361/202558343,n,2,period_alias_toi_tce;alias_probability_calibrated,title,"single-system discovery/characterisation, RV, rotation, or unrelated topic; mentions aliases in passing"
2026MNRAS.547f2189K,2026,"Kendall, Alicia","A 43 d transiting Neptune and two 25 d Saturns from TESS, NGTS, and ASTEP",Monthly Notices of the Royal Astronomical Society,10.1093/mnras/staf2189,n,2,period_alias_toi_tce;alias_probability_calibrated,title,"single-system discovery/characterisation, RV, rotation, or unrelated topic; mentions aliases in passing"
2026A&A...707A.134H,2026,"Heidari, N.",Giant Outer Transiting Exoplanet Mass (GOT'EM) survey: VII. TOI-6041: A multi-planet system including a warm Neptune exhibiting strong transit-timing variations,Astronomy and Astrophysics,10.1051/0004-6361/202556700,n,2,period_alias_toi_tce;alias_probability_calibrated,title,"single-system discovery/characterisation, RV, rotation, or unrelated topic; mentions aliases in passing"
2026ApJ...998..136Y,2026,"Yahalomi, Daniel A.",Mapping the Orbital Landscape of Perturbing Planet Solutions for Single-planet Systems with TTVs,The Astrophysical Journal,10.3847/1538-4357/ae313d,n,2,period_alias_toi_tce;alias_resolution_transit,title,"single-system discovery/characterisation, RV, rotation, or unrelated topic; mentions aliases in passing"
2026AJ....171...62Z,2026,"Zhang, Elina Yuchen",An Oasis in the Brown Dwarf Desert: Confirmation of Two Low-mass Transiting Brown Dwarfs Discovered by TESS,The Astronomical Journal,10.3847/1538-3881/ae23c7,n,2,period_alias_toi_tce;alias_probability_calibrated,title,"single-system discovery/characterisation, RV, rotation, or unrelated topic; mentions aliases in passing"
2026MNRAS.551g1557H,2026,"Hughes, Alexander",NGTS clusters survey - VI. Stellar rotation in seven young open clusters within the PLATO LOPS2 field,Monthly Notices of the Royal Astronomical Society,10.1093/mnras/stag1557,n,2,true_period_half_tess;alias_probability_calibrated,title,"single-system discovery/characterisation, RV, rotation, or unrelated topic; mentions aliases in passing"
2026arXiv260818172E,2026,"Emad Eldin, Fatimah",Astro-Hunters: Machine Learning for Exoplanet Transit Detection in TESS Photometry,arXiv e-prints,10.48550/arXiv.2608.18172,n,2,true_period_half_tess;toi_period_errors_catalog,abstract,"abstract: per-cadence ML detection, label provenance. No alias resolution."
2026AJ....171..245G,2026,"García-Mejía, Juliana",A Ground-based Transit Observation of the Long-period Extremely Low-density Planet HIP 41378 f,The Astronomical Journal,10.3847/1538-3881/ae4d3d,n,2,alias_resolution_transit;alias_probability_calibrated,title,"single-system discovery/characterisation, RV, rotation, or unrelated topic; mentions aliases in passing"
2026A&A...710A.311N,2026,"Nagel, E.",Mass determination of the ultra-short-period planet LHS 3844 b: First K-band radial velocity measurements with CRIRES<SUP>+</SUP>,Astronomy and Astrophysics,10.1051/0004-6361/202557841,n,2,alias_stellar_density;toi_period_errors_catalog,title,"single-system discovery/characterisation, RV, rotation, or unrelated topic; mentions aliases in passing"
2026arXiv260623103G,2026,"Grouffal, S.",A decade of monitoring the HIP 41378's planetary system,arXiv e-prints,10.48550/arXiv.2606.23103,n,2,alias_stellar_density;missing_transits_alias,title,"single-system discovery/characterisation, RV, rotation, or unrelated topic; mentions aliases in passing"
2026A&A...709A..73S,2026,"Srivastava, Avidaan",TOI-4552 b: A new ultra-short-period rocky world revealed by NIRPS and TESS,Astronomy and Astrophysics,10.1051/0004-6361/202558749,n,2,alias_stellar_density;missing_transits_alias,title,"single-system discovery/characterisation, RV, rotation, or unrelated topic; mentions aliases in passing"
2026AJ....171..146G,2026,"Glusman, Rowen I.",Searching for GEMS: The Occurrence of Giant Planets Orbiting M Dwarfs within 100 pc,The Astronomical Journal,10.3847/1538-3881/ae2fbb,n,2,alias_stellar_density;toi_period_errors_catalog,title,"single-system discovery/characterisation, RV, rotation, or unrelated topic; mentions aliases in passing"
2026MNRAS.545f1934L,2026,"Lienhard, F.","HARPS-N, TESS, and CHEOPS discover a transiting sub-Neptune and two outer companions around the bright solar analogue HD 85426",Monthly Notices of the Royal Astronomical Society,10.1093/mnras/staf1934,n,2,alias_stellar_density;toi_period_errors_catalog,title,"single-system discovery/characterisation, RV, rotation, or unrelated topic; mentions aliases in passing"
2026MNRAS.546ag022C,2026,"Cui, Kaiming",Demographics of close-in TESS exoplanets orbiting FGK main-sequence stars,Monthly Notices of the Royal Astronomical Society,10.1093/mnras/stag022,n,2,alias_probability_calibrated;toi_period_errors_catalog,abstract,abstract: occurrence rates (RAVEN sample). No alias resolution.
2026OEJV..273....1C,2026,"Conzo, G.",Detection and characterization of the temperate super-earth Gliese 48 b,Open European Journal on Variable Stars,10.5817/OEJV2026-0273,n,2,harmonic_correction_transit_search;missing_transits_alias,title,"single-system discovery/characterisation, RV, rotation, or unrelated topic; mentions aliases in passing"
2026MNRAS.548ag515T,2026,"Thornton, Margo",Detection of 27 candidate circumbinary planets through apsidal precession of eclipsing binaries observed by TESS,Monthly Notices of the Royal Astronomical Society,10.1093/mnras/stag515,n,2,harmonic_correction_transit_search;toi_period_errors_catalog,title,"single-system discovery/characterisation, RV, rotation, or unrelated topic; mentions aliases in passing"
2025A&A...702A.139R,2025,"Rubenstein, Rafael I.","Destruction of ""peas in a pod?"": A candidate multi-planet system around the nearby bright star HD 208487",Astronomy and Astrophysics,10.1051/0004-6361/202449563,n,2,period_alias_toi_tce;alias_probability_calibrated,title,"single-system discovery/characterisation, RV, rotation, or unrelated topic; mentions aliases in passing"
2025arXiv250917645H,2025,"Hadjigeorghiou, Andreas",RAVEN: RAnking and Validation of ExoplaNets,arXiv e-prints,10.48550/arXiv.2509.17645,n,2,period_alias_toi_tce;alias_probability_calibrated,title,"single-system discovery/characterisation, RV, rotation, or unrelated topic; mentions aliases in passing"
2025MNRAS.540.1144F,2025,"Fairnington, Tyler R.",The eccentricity distribution of warm sub-Saturns in TESS,Monthly Notices of the Royal Astronomical Society,10.1093/mnras/staf759,n,2,period_alias_toi_tce;alias_stellar_density,title,"single-system discovery/characterisation, RV, rotation, or unrelated topic; mentions aliases in passing"
2025MNRAS.540.1909S,2025,"Scott, Madison G.",TOI-6478 b: a cold underdense Neptune transiting a fully convective M dwarf from the thick disc,Monthly Notices of the Royal Astronomical Society,10.1093/mnras/staf684,n,2,period_alias_toi_tce;alias_probability_calibrated,title,"single-system discovery/characterisation, RV, rotation, or unrelated topic; mentions aliases in passing"
2025AAS...24533407T,2025,"Tuson, Amy",Discovery and Characterisation of Long-Period Exoplanets with TESS and CHEOPS,American Astronomical Society Meeting Abstracts #245,,n,2,period_alias_toi_tce;alias_resolution_transit,title,"single-system discovery/characterisation, RV, rotation, or unrelated topic; mentions aliases in passing"
2025PASP..137b4201B,2025,"Bhattacharjee, Soumyadeep","Variability of Central Stars of Planetary Nebulae with the Zwicky Transient Facility. I. Methods, Short-timescale Variables, and the Unusual Nucleus of WeSb 1",Publications of the Astronomical Society of the Pacific,10.1088/1538-3873/ada702,n,2,true_period_half_tess;alias_probability_calibrated,title,"single-system discovery/characterisation, RV, rotation, or unrelated topic; mentions aliases in passing"
2025ApJ...984L..67Y,2025,"Yahalomi, Daniel A.",The Exoplanet Edge: Planets Do Not Induce Observable Transit Timing Variations with a Dominant Transit Timing Variation Period Faster than Half Their Orbital Period,The Astrophysical Journal Letters,10.3847/2041-8213/adc563,n,2,alias_resolution_transit;missing_transits_alias,title,"single-system discovery/characterisation, RV, rotation, or unrelated topic; mentions aliases in passing"
2025ApJ...994...24B,2025,"Boyle, Andrew W.",Lost Sisters Found: TESS and Gaia Reveal a Dissolving Pleiades Complex,The Astrophysical Journal,10.3847/1538-4357/ae0724,n,2,alias_stellar_density;alias_probability_calibrated,title,"single-system discovery/characterisation, RV, rotation, or unrelated topic; mentions aliases in passing"
2025arXiv251100253K,2025,"Koss, Michael",The Advanced X-ray Imaging Satellite (AXIS) Community Science Book,arXiv e-prints,10.48550/arXiv.2511.00253,n,2,alias_stellar_density;harmonic_correction_transit_search,title,"single-system discovery/characterisation, RV, rotation, or unrelated topic; mentions aliases in passing"
2025epsc.conf..215R,2025,"Rothmeier, Marvin",Doomed Worlds II: Reassessing Suggestions of Orbital Decay for TrES-5 b,EPSC-DPS Joint Meeting 2025,10.5194/epsc-dps2025-215,n,2,alias_stellar_density;missing_transits_alias,title,"single-system discovery/characterisation, RV, rotation, or unrelated topic; mentions aliases in passing"
2025arXiv250709379B,2025,"Bara, Marc",Unexplored Opportunities for Automatic Differentiation in Astrophysics,arXiv e-prints,10.48550/arXiv.2507.09379,n,2,alias_stellar_density;alias_probability_calibrated,title,"single-system discovery/characterisation, RV, rotation, or unrelated topic; mentions aliases in passing"
2025MNRAS.537...35R,2025,"Rodel, Toby","NGTS-EB-7, an eccentric, long-period, low-mass eclipsing binary",Monthly Notices of the Royal Astronomical Society,10.1093/mnras/stae2799,n,2,alias_stellar_density;alias_probability_calibrated,title,"single-system discovery/characterisation, RV, rotation, or unrelated topic; mentions aliases in passing"
2024MNRAS.534.3744N,2024,"Nies, Molly",HD 21520 b: a warm sub-Neptune transiting a bright G dwarf,Monthly Notices of the Royal Astronomical Society,10.1093/mnras/stae2079,n,2,period_alias_toi_tce;alias_probability_calibrated,title,"single-system discovery/characterisation, RV, rotation, or unrelated topic; mentions aliases in passing"
2024CoSka..54b.150G,2024,"Garai, Z.",Confirming long-period transiting exoplanets with TESS and CHEOPS. The case of HD 22946 d,Contributions of the Astronomical Observatory Skalnate Pleso,10.31577/caosp.2024.54.2.150,n,2,period_alias_toi_tce;alias_resolution_transit,title,"single-system discovery/characterisation, RV, rotation, or unrelated topic; mentions aliases in passing"
2024AJ....167...70B,2024,"Beard, Corey","The TESS-Keck Survey. XVII. Precise Mass Measurements in a Young, High-multiplicity Transiting Planet System Using Radial Velocities and Transit Timing Variations",The Astronomical Journal,10.3847/1538-3881/ad1330,n,2,period_alias_toi_tce;alias_probability_calibrated,title,"single-system discovery/characterisation, RV, rotation, or unrelated topic; mentions aliases in passing"
2024AJ....167..193T,2024,"Tran, Quang H.",The Epoch of Giant Planet Migration Planet Search Program. II. A Young Hot Jupiter Candidate around the AB Dor Member HS Psc,The Astronomical Journal,10.3847/1538-3881/ad2eaf,n,2,alias_resolution_transit;harmonic_correction_transit_search,title,"single-system discovery/characterisation, RV, rotation, or unrelated topic; mentions aliases in passing"
2024ApJ...974..314O,2024,"Oliveira da Rosa, Gabriela",Photometric White Dwarf Rotation,The Astrophysical Journal,10.3847/1538-4357/ad6987,n,2,alias_stellar_density;alias_probability_calibrated,title,"single-system discovery/characterisation, RV, rotation, or unrelated topic; mentions aliases in passing"
2024AJ....168...67B,2024,"Brady, Madison","Early Results from the HUMDRUM Survey: A Small, Earth-mass Planet Orbits TOI-1450A",The Astronomical Journal,10.3847/1538-3881/ad500a,n,2,alias_stellar_density;toi_period_errors_catalog,title,"single-system discovery/characterisation, RV, rotation, or unrelated topic; mentions aliases in passing"
2024MNRAS.527.5385R,2024,"Rescigno, F.","A hot mini-Neptune and a temperate, highly eccentric sub-Saturn around the bright K-dwarf TOI-2134",Monthly Notices of the Royal Astronomical Society,10.1093/mnras/stad3255,n,2,alias_stellar_density;missing_transits_alias,title,"single-system discovery/characterisation, RV, rotation, or unrelated topic; mentions aliases in passing"
2023Natur.623..932L,2023,"Luque, R.",A resonant sextuplet of sub-Neptunes transiting the bright star HD 110067,Nature,10.1038/s41586-023-06692-3,n,2,period_alias_toi_tce;alias_probability_calibrated,title,"single-system discovery/characterisation, RV, rotation, or unrelated topic; mentions aliases in passing"
2023arXiv231012380T,2023,"Tarrants, Thomas",Refutation of K2-256b and Rejection of 130 Unconfirmed Transiting Planet Candidates with Gaia DR3 NSS,arXiv e-prints,10.48550/arXiv.2310.12380,n,2,period_alias_toi_tce;true_period_half_tess,title,"single-system discovery/characterisation, RV, rotation, or unrelated topic; mentions aliases in passing"
2023AJ....166...90L,2023,"Lin, Andrea S. J.",The Unusual M-dwarf Warm Jupiter TOI-1899 b: Refinement of Orbital and Planetary Parameters,The Astronomical Journal,10.3847/1538-3881/ace1ef,n,2,period_alias_toi_tce;alias_probability_calibrated,title,"single-system discovery/characterisation, RV, rotation, or unrelated topic; mentions aliases in passing"
2023ApJ...954L..15M,2023,"Mireles, Ismael",TOI-4600 b and c: Two Long-period Giant Planets Orbiting an Early K Dwarf,The Astrophysical Journal Letters,10.3847/2041-8213/aceb69,n,2,period_alias_toi_tce;alias_probability_calibrated,title,"single-system discovery/characterisation, RV, rotation, or unrelated topic; mentions aliases in passing"
2023A&A...674A..44G,2023,"Garai, Z.",Refined parameters of the HD 22946 planetary system and the true orbital period of planet d★,Astronomy and Astrophysics,10.1051/0004-6361/202345943,y,2,period_alias_toi_tce;alias_resolution_transit,already_reviewed,in paper/bib_sources.csv; see docs/related_work.md
2023A&A...674A.110C,2023,"Carmona, A.",Near-IR and optical radial velocities of the active M dwarf star Gl 388 (AD Leo) with SPIRou at CFHT and SOPHIE at OHP. A 2.23 day rotation period and no evidence for a corotating planet,Astronomy and Astrophysics,10.1051/0004-6361/202245660,n,2,period_alias_toi_tce;alias_probability_calibrated,title,"single-system discovery/characterisation, RV, rotation, or unrelated topic; mentions aliases in passing"
2023A&A...673A..69L,2023,"Lavie, B.",Planetary system around LTT 1445A unveiled by ESPRESSO: Multiple planets in a triple M-dwarf system,Astronomy and Astrophysics,10.1051/0004-6361/202143007,n,2,period_alias_toi_tce;alias_probability_calibrated,title,"single-system discovery/characterisation, RV, rotation, or unrelated topic; mentions aliases in passing"
2023MNRAS.519.1437L,2023,"Lam, K. W. F.",Discovery of TOI-1260d and the characterization of the multiplanet system,Monthly Notices of the Royal Astronomical Society,10.1093/mnras/stac3639,n,2,period_alias_toi_tce;alias_probability_calibrated,title,"single-system discovery/characterisation, RV, rotation, or unrelated topic; mentions aliases in passing"
2023A&A...680A...8D,2023,"Damasso, M.",Photometric follow-up of the 20 Myr old multi-planet host star V1298 Tau with CHEOPS and ground-based telescopes,Astronomy and Astrophysics,10.1051/0004-6361/202346840,n,2,alias_stellar_density;missing_transits_alias,title,"single-system discovery/characterisation, RV, rotation, or unrelated topic; mentions aliases in passing"
2023ApJ...959L...1H,2023,"Harris, Mallory",Separated Twins or Just Siblings? A Multiplanet System around an M Dwarf Including a Cool Sub-Neptune,The Astrophysical Journal Letters,10.3847/2041-8213/ad037d,n,2,alias_stellar_density;toi_period_errors_catalog,title,"single-system discovery/characterisation, RV, rotation, or unrelated topic; mentions aliases in passing"
2023MNRAS.518..669D,2023,"del Ser, D.",TFAW survey II: six newly validated planets and 13 planet candidates from K2,Monthly Notices of the Royal Astronomical Society,10.1093/mnras/stac3087,n,2,alias_stellar_density;alias_probability_calibrated,title,"single-system discovery/characterisation, RV, rotation, or unrelated topic; mentions aliases in passing"
2023ApJ...959L..16G,2023,"Gondhalekar, Yash",A Study of Two Periodogram Algorithms for Improving the Detection of Small Transiting Planets,The Astrophysical Journal Letters,10.3847/2041-8213/ad0844,n,2,harmonic_correction_transit_search;toi_period_errors_catalog,abstract,abstract: BLS vs TCF sensitivity. No alias resolution.
2022MNRAS.516.4432M,2022,"Mantovan, Giacomo",Validation of TESS exoplanet candidates orbiting solar analogues in the all-sky PLATO input catalogue,Monthly Notices of the Royal Astronomical Society,10.1093/mnras/stac2451,n,2,period_alias_toi_tce;harmonic_correction_transit_search,title,"single-system discovery/characterisation, RV, rotation, or unrelated topic; mentions aliases in passing"
2022EPSC...16..499T,2022,"Tuson, Amy",A Search for Long-Period Transiting Exoplanets with TESS and CHEOPS,European Planetary Science Congress,10.5194/epsc2022-499,n,2,period_alias_toi_tce;alias_resolution_transit,title,"single-system discovery/characterisation, RV, rotation, or unrelated topic; mentions aliases in passing"
2022ApJ...936..138H,2022,"Holcomb, Rae J.",SpinSpotter : An Automated Algorithm for Identifying Stellar Rotation Periods with Autocorrelation Analysis,The Astrophysical Journal,10.3847/1538-4357/ac8990,n,2,period_alias_toi_tce;toi_period_errors_catalog,title,"single-system discovery/characterisation, RV, rotation, or unrelated topic; mentions aliases in passing"
2022BAAS...54e.205T,2022,"Tuson, Amy",A Search for Longer-Period Transiting Exoplanets with TESS and CHEOPS,Bulletin of the American Astronomical Society,,n,2,period_alias_toi_tce;alias_resolution_transit,title,"single-system discovery/characterisation, RV, rotation, or unrelated topic; mentions aliases in passing"
2022BAAS...54e.127G,2022,"Grziwa, Sascha",One for all and all for one: the TESS-HARPS synergy unveils three mini-Neptunes transiting TOI-261,Bulletin of the American Astronomical Society,,n,2,period_alias_toi_tce;alias_resolution_transit,title,"single-system discovery/characterisation, RV, rotation, or unrelated topic; mentions aliases in passing"
2022AJ....164..251L,2022,"Lu, Yuxi Lucy","Bridging the Gap-The Disappearance of the Intermediate Period Gap for Fully Convective Stars, Uncovered by New ZTF Rotation Periods",The Astronomical Journal,10.3847/1538-3881/ac9bee,n,2,true_period_half_tess;alias_probability_calibrated,title,"single-system discovery/characterisation, RV, rotation, or unrelated topic; mentions aliases in passing"
2022MNRAS.514.4120G,2022,"Gan, Tianjun",TESS discovery of a sub-Neptune orbiting a mid-M dwarf TOI-2136,Monthly Notices of the Royal Astronomical Society,10.1093/mnras/stac1448,n,2,alias_stellar_density;missing_transits_alias,title,"single-system discovery/characterisation, RV, rotation, or unrelated topic; mentions aliases in passing"
2022AJ....163...82W,2022,"Wittenmyer, Robert A.",TOI-1842b: A Transiting Warm Saturn Undergoing Reinflation around an Evolving Subgiant,The Astronomical Journal,10.3847/1538-3881/ac3f39,n,2,alias_stellar_density;missing_transits_alias,title,"single-system discovery/characterisation, RV, rotation, or unrelated topic; mentions aliases in passing"
2022MNRAS.513..420B,2022,"Briegal, Joshua T.",Periodic stellar variability from almost a million NGTS light curves,Monthly Notices of the Royal Astronomical Society,10.1093/mnras/stac898,n,2,alias_probability_calibrated;toi_period_errors_catalog,title,"single-system discovery/characterisation, RV, rotation, or unrelated topic; mentions aliases in passing"
2021MNRAS.507.1847R,2021,"Rajpaul, V. M.",A HARPS-N mass for the elusive Kepler-37d: a case study in disentangling stellar activity and planetary signals,Monthly Notices of the Royal Astronomical Society,10.1093/mnras/stab2192,n,2,period_alias_toi_tce;alias_probability_calibrated,title,"single-system discovery/characterisation, RV, rotation, or unrelated topic; mentions aliases in passing"
2021AJ....162...61L,2021,"Lubin, Jack",Stellar Activity Manifesting at a One-year Alias Explains Barnard b as a False Positive,The Astronomical Journal,10.3847/1538-3881/ac0057,n,2,alias_resolution_transit;alias_probability_calibrated,title,"single-system discovery/characterisation, RV, rotation, or unrelated topic; mentions aliases in passing"
2021arXiv210507005L,2021,"Lubin, Jack",Stellar Activity Manifesting at a One Year Alias Explains Barnard b as a False Positive,arXiv e-prints,10.48550/arXiv.2105.07005,n,2,alias_resolution_transit;alias_probability_calibrated,title,"single-system discovery/characterisation, RV, rotation, or unrelated topic; mentions aliases in passing"
2021AJ....162..215S,2021,"Scarsdale, Nicholas",TESS-Keck Survey. V. Twin Sub-Neptunes Transiting the Nearby G Star HD 63935,The Astronomical Journal,10.3847/1538-3881/ac18cb,n,2,alias_stellar_density;toi_period_errors_catalog,title,"single-system discovery/characterisation, RV, rotation, or unrelated topic; mentions aliases in passing"
2021ApJS..256...33T,2021,"Teske, Johanna",The Magellan-TESS Survey. I. Survey Description and Midsurvey Results,The Astrophysical Journal Supplement Series,10.3847/1538-4365/ac0f0a,n,2,alias_stellar_density;missing_transits_alias,title,"single-system discovery/characterisation, RV, rotation, or unrelated topic; mentions aliases in passing"
2021A&A...650A.201R,2021,"Reylé, C.",The 10 parsec sample in the Gaia era,Astronomy and Astrophysics,10.1051/0004-6361/202140985,n,2,alias_stellar_density;alias_probability_calibrated,title,"single-system discovery/characterisation, RV, rotation, or unrelated topic; mentions aliases in passing"
2020MNRAS.499.4011C,2020,"Chakraborty, Joheen",Hundreds of new periodic signals detected in the first year of TESS with the weirddetector,Monthly Notices of the Royal Astronomical Society,10.1093/mnras/staa2928,n,2,period_alias_toi_tce;toi_period_errors_catalog,title,"single-system discovery/characterisation, RV, rotation, or unrelated topic; mentions aliases in passing"
2020MNRAS.495.2713G,2020,"Gill, Samuel",A long-period (P = 61.8 d) M5V dwarf eclipsing a Sun-like star from TESS and NGTS,Monthly Notices of the Royal Astronomical Society,10.1093/mnras/staa1248,n,2,period_alias_toi_tce;alias_probability_calibrated,title,"single-system discovery/characterisation, RV, rotation, or unrelated topic; mentions aliases in passing"
2020ApJ...898L..11G,2020,"Gill, Samuel",NGTS-11 b (TOI-1847 b): A Transiting Warm Saturn Recovered from a TESS Single-transit Event,The Astrophysical Journal Letters,10.3847/2041-8213/ab9eb9,n,2,period_alias_toi_tce;alias_probability_calibrated,title,"single-system discovery/characterisation, RV, rotation, or unrelated topic; mentions aliases in passing"
2020AJ....159..154Z,2020,"Zink, Jon K.",Scaling K2. II. Assembly of a Fully Automated C5 Planet Candidate Catalog Using EDI-Vetter,The Astronomical Journal,10.3847/1538-3881/ab7448,n,2,period_alias_toi_tce;alias_probability_calibrated,abstract,abstract: EDI-Vetter (K2). Vetting only.
2020A&A...636L...6H,2020,"Hara, N. C.",The SOPHIE search for northern extrasolar planets. XVI. HD 158259: A compact planetary system in a near-3:2 mean motion resonance chain,Astronomy and Astrophysics,10.1051/0004-6361/201937254,n,2,period_alias_toi_tce;alias_probability_calibrated,title,"single-system discovery/characterisation, RV, rotation, or unrelated topic; mentions aliases in passing"
2020A&A...636A.119S,2020,"Stock, S.",The CARMENES search for exoplanets around M dwarfs. Characterization of the nearby ultra-compact multiplanetary system YZ Ceti,Astronomy and Astrophysics,10.1051/0004-6361/201936732,n,2,alias_resolution_transit;toi_period_errors_catalog,title,"single-system discovery/characterisation, RV, rotation, or unrelated topic; mentions aliases in passing"
2020MNRAS.498.1726M,2020,"Montalto, M.",A search for transiting planets around FGKM dwarfs and subgiants in the TESS full frame images of the Southern ecliptic hemisphere,Monthly Notices of the Royal Astronomical Society,10.1093/mnras/staa2438,n,2,alias_stellar_density;toi_period_errors_catalog,abstract,abstract: DIAmante search + RF. No alias resolution.
2020AJ....160..179M,2020,"Mann, Andrew W.",TESS Hunt for Young and Maturing Exoplanets (THYME). III. A Two-planet System in the 400 Myr Ursa Major Group,The Astronomical Journal,10.3847/1538-3881/abae64,n,2,alias_stellar_density;toi_period_errors_catalog,title,"single-system discovery/characterisation, RV, rotation, or unrelated topic; mentions aliases in passing"
2020AJ....160....3C,2020,"Cloutier, Ryan",A Pair of TESS Planets Spanning the Radius Valley around the Nearby Mid-M Dwarf LTT 3780,The Astronomical Journal,10.3847/1538-3881/ab91c2,n,2,alias_stellar_density;missing_transits_alias,title,"single-system discovery/characterisation, RV, rotation, or unrelated topic; mentions aliases in passing"
2020arXiv200613428P,2020,"Plavchan, Peter",EarthFinder Probe Mission Concept Study: Characterizing nearby stellar exoplanet systems with Earth-mass analogs for future direct imaging,arXiv e-prints,10.48550/arXiv.2006.13428,n,2,alias_stellar_density;alias_probability_calibrated,title,"single-system discovery/characterisation, RV, rotation, or unrelated topic; mentions aliases in passing"
2020ApJ...890..126R,2020,"Ratzloff, Jeffrey K.",Hot Subdwarf All Southern Sky Fast Transit Survey with the Evryscope,The Astrophysical Journal,10.3847/1538-4357/ab64f3,n,2,alias_probability_calibrated;toi_period_errors_catalog,title,"single-system discovery/characterisation, RV, rotation, or unrelated topic; mentions aliases in passing"
2019A&A...629A.111C,2019,"Cloutier, R.","Characterization of the L 98-59 multi-planetary system with HARPS. Mass characterization of a hot super-Earth, a sub-Neptune, and a mass upper limit on the third planet",Astronomy and Astrophysics,10.1051/0004-6361/201935957,n,2,period_alias_toi_tce;alias_probability_calibrated,title,"single-system discovery/characterisation, RV, rotation, or unrelated topic; mentions aliases in passing"
2019A&A...624A..46L,2019,"Leleu, A.",Co-orbital exoplanets from close-period candidates: the TOI-178 case,Astronomy and Astrophysics,10.1051/0004-6361/201834901,n,2,period_alias_toi_tce;alias_resolution_transit,title,"single-system discovery/characterisation, RV, rotation, or unrelated topic; mentions aliases in passing"
2019ApJS..244...11K,2019,"Kruse, Ethan",Detection of Hundreds of New Planet Candidates and Eclipsing Binaries in K2 Campaigns 0-8,The Astrophysical Journal Supplement Series,10.3847/1538-4365/ab346b,n,2,alias_stellar_density;alias_probability_calibrated,abstract,abstract: K2 QATS search. No alias resolution.
2019A&A...628A..64P,2019,"Persson, Carina M.",Greening of the brown-dwarf desert. EPIC 212036875b: a 51 M<SUB>J</SUB> object in a 5-day orbit around an F7 V star,Astronomy and Astrophysics,10.1051/0004-6361/201935505,n,2,alias_stellar_density;missing_transits_alias,title,"single-system discovery/characterisation, RV, rotation, or unrelated topic; mentions aliases in passing"
2019MNRAS.483.5534S,2019,"Schanche, N.",Machine-learning approaches to exoplanet transit detection and candidate validation in wide-field ground-based surveys,Monthly Notices of the Royal Astronomical Society,10.1093/mnras/sty3146,n,2,alias_stellar_density;alias_probability_calibrated,title,"single-system discovery/characterisation, RV, rotation, or unrelated topic; mentions aliases in passing"
2019A&A...623A..39H,2019,"Hippke, Michael",Optimized transit detection algorithm to search for periodic transits of small planets,Astronomy and Astrophysics,10.1051/0004-6361/201834672,y,2,alias_stellar_density;missing_transits_alias,already_reviewed,in paper/bib_sources.csv; see docs/related_work.md
2019AJ....158...81C,2019,"Cloutier, Ryan",The Independent Discovery of Planet Candidates around Low-mass Stars and Astrophysical False Positives from the First Two TESS Sectors,The Astronomical Journal,10.3847/1538-3881/ab27be,n,2,toi_period_errors_catalog;missing_transits_alias,title,"single-system discovery/characterisation, RV, rotation, or unrelated topic; mentions aliases in passing"
2016ApJS..224...12C,2016,"Coughlin, Jeffrey L.",Planetary Candidates Observed by Kepler. VII. The First Fully Uniform Catalog Based on the Entire 48-month Data Set (Q1-Q17 DR24),The Astrophysical Journal Supplement Series,10.3847/0067-0049/224/1/12,y,2,period_alias_toi_tce;alias_probability_calibrated,already_reviewed,in paper/bib_sources.csv; see docs/related_work.md
2016AJ....152...47A,2016,"Adams, Elisabeth R.",Ultra-short-period Planets in K2 SuPerPiG Results for Campaigns 0-5,The Astronomical Journal,10.3847/0004-6256/152/2/47,n,2,true_period_half_tess;missing_transits_alias,title,"single-system discovery/characterisation, RV, rotation, or unrelated topic; mentions aliases in passing"
2015ApJ...800...99T,2015,"Torres, Guillermo",Validation of 12 Small Kepler Transiting Planets in the Habitable Zone,The Astrophysical Journal,10.1088/0004-637X/800/2/99,n,2,period_alias_toi_tce;alias_probability_calibrated,title,"single-system discovery/characterisation, RV, rotation, or unrelated topic; mentions aliases in passing"
2015ApJ...805..175F,2015,"Fulton, Benjamin J.",Three Super-Earths Orbiting HD 7924,The Astrophysical Journal,10.1088/0004-637X/805/2/175,n,2,alias_resolution_transit;alias_probability_calibrated,title,"single-system discovery/characterisation, RV, rotation, or unrelated topic; mentions aliases in passing"
2014ApJS..210...20M,2014,"Marcy, Geoffrey W.","Masses, Radii, and Orbits of Small Kepler Planets: The Transition from Gaseous to Rocky Planets",The Astrophysical Journal Supplement Series,10.1088/0067-0049/210/2/20,n,2,period_alias_toi_tce;alias_probability_calibrated,title,"single-system discovery/characterisation, RV, rotation, or unrelated topic; mentions aliases in passing"
2014AJ....147..128H,2014,"Hartman, J. D.","HAT-P-44b, HAT-P-45b, and HAT-P-46b: Three Transiting Hot Jupiters in Possible Multi-planet Systems",The Astronomical Journal,10.1088/0004-6256/147/6/128,n,2,alias_resolution_transit;alias_probability_calibrated,title,"single-system discovery/characterisation, RV, rotation, or unrelated topic; mentions aliases in passing"
2014PhDT........17B,2014,"Beky, Bence",Development and Application of Tools to Characterize Transiting Astrophysical Systems,Ph.D. Thesis,10.48550/arXiv.1408.0401,n,2,alias_stellar_density;alias_probability_calibrated,abstract,abstract: thesis on transit characterisation tools. No alias resolution.
2026arXiv260709656A,2026,"Almenara, J. M.",HD 148797: A bright F-type star with two moderate-period low-density sub-Jovian planets. Compact multi-planet architectures are common in the Neptunian savanna,arXiv e-prints,10.48550/arXiv.2607.09656,n,1,period_alias_toi_tce,title,"single-system discovery/characterisation, RV, rotation, or unrelated topic; mentions aliases in passing"
2026AJ....171..345L,2026,"Lammers, Caleb",TTV-not-so-fast: Uniqueness and Degeneracy in Perturbing Planet Parameters,The Astronomical Journal,10.3847/1538-3881/ae61a3,n,1,period_alias_toi_tce,title,"single-system discovery/characterisation, RV, rotation, or unrelated topic; mentions aliases in passing"
2026arXiv260409254U,2026,"Ulmer-Moll, Solène",Long-period transiting exoplanets: advances in detection and characterization,arXiv e-prints,10.48550/arXiv.2604.09254,n,1,period_alias_toi_tce,title,"single-system discovery/characterisation, RV, rotation, or unrelated topic; mentions aliases in passing"
2026RAA....26g5019B,2026,"Boulkaboul, Amina",Magnetic Activity Cycles and Rotation in Planet-hosting and Non-hosting Solar-type Stars,Research in Astronomy and Astrophysics,10.1088/1674-4527/ae587e,n,1,true_period_half_tess,title,"single-system discovery/characterisation, RV, rotation, or unrelated topic; mentions aliases in passing"
2026A&A...709A.180S,2026,"Schmitt, J. H. M. M.",eROSITA's cool star population explained,Astronomy and Astrophysics,10.1051/0004-6361/202658909,n,1,true_period_half_tess,title,"single-system discovery/characterisation, RV, rotation, or unrelated topic; mentions aliases in passing"
2026ApJ...996...82O,2026,"Oddo, Dominic",A Catalog of M&M Eclipsing Binaries with TESS,The Astrophysical Journal,10.3847/1538-4357/ae0c0f,n,1,true_period_half_tess,title,"single-system discovery/characterisation, RV, rotation, or unrelated topic; mentions aliases in passing"
2026MNRAS.549ag988K,2026,"Khandelwal, Akanksha",TOI-6884b: a low-mass brown dwarf transiting a slightly evolved star,Monthly Notices of the Royal Astronomical Society,10.1093/mnras/stag988,n,1,alias_resolution_transit,title,"single-system discovery/characterisation, RV, rotation, or unrelated topic; mentions aliases in passing"
2026AAS...24713704E,2026,"Esposito, Thomas","SkyMapper: A Global, Decentralized Observing Network for Time-domain, Exoplanet, and Planetary Science",American Astronomical Society Meeting Abstracts,,n,1,alias_resolution_transit,title,"single-system discovery/characterisation, RV, rotation, or unrelated topic; mentions aliases in passing"
2026AJ....172..164H,2026,"Hansen, Matthew T.",Exploring Long-period Architectures: Four New Planet Candidates from Kepler with Periods &gt;342 days,The Astronomical Journal,10.3847/1538-3881/ae8c32,n,1,alias_stellar_density,title,"single-system discovery/characterisation, RV, rotation, or unrelated topic; mentions aliases in passing"
2026A&A...713A.166S,2026,"Serrano Bell, J.",Revisiting TOI-4438 and TOI-442 planetary systems with new observations from SPIRou and TESS,Astronomy and Astrophysics,10.1051/0004-6361/202659984,n,1,alias_stellar_density,title,"single-system discovery/characterisation, RV, rotation, or unrelated topic; mentions aliases in passing"
2026AJ....172..158B,2026,"Ball, James",Confirmation of the Low-eccentricity Warm Jupiter HD 278555 b with NEID,The Astronomical Journal,10.3847/1538-3881/ae8a50,n,1,alias_stellar_density,title,"single-system discovery/characterisation, RV, rotation, or unrelated topic; mentions aliases in passing"
2026arXiv260926894G,2026,"Greklek-McKeon, Michael",JWST and HST Confirm Transit Timing Variations for the Ultra-Hot Jupiter TOI-2109 b,arXiv e-prints,,n,1,alias_stellar_density,title,"single-system discovery/characterisation, RV, rotation, or unrelated topic; mentions aliases in passing"
2026arXiv260922945P,2026,"Pagés Navarrete, Juan F.","Characterization of the Compact Multi-planet System TOI-789: Validation of Three Terrestrial Planets, Dynamical Characterization, and Detection of a Fourth Temperate Candidate",arXiv e-prints,,n,1,alias_stellar_density,title,"single-system discovery/characterisation, RV, rotation, or unrelated topic; mentions aliases in passing"
2026A&A...713A..32C,2026,"Chakraborty, H.",Transit timing and starspot-induced transit depth variations in the ~17 Myr old HIP 67522 system,Astronomy and Astrophysics,10.1051/0004-6361/202558142,n,1,alias_stellar_density,title,"single-system discovery/characterisation, RV, rotation, or unrelated topic; mentions aliases in passing"
2026arXiv260903006L,2026,"L'Heureux, Alexandrine",Radial velocity detection of the TRAPPIST-1 planetary system with SPIRou and NIRPS,arXiv e-prints,10.48550/arXiv.2609.03006,n,1,alias_stellar_density,title,"single-system discovery/characterisation, RV, rotation, or unrelated topic; mentions aliases in passing"
2026AJ....172...97D,2026,"DiTomasso, Victoria",The HD 60779 Planetary System: A Transiting Sub-Neptune on a 30 Day Orbit and a More Massive Outer World,The Astronomical Journal,10.3847/1538-3881/ae819f,n,1,alias_stellar_density,title,"single-system discovery/characterisation, RV, rotation, or unrelated topic; mentions aliases in passing"
2026AJ....172...92P,2026,"Premnath, Pranav H.",Searching for GEMS: Three Warm Saturns and a Super-Jupiter Orbiting Four Early M Dwarfs,The Astronomical Journal,10.3847/1538-3881/ae82d3,n,1,alias_stellar_density,title,"single-system discovery/characterisation, RV, rotation, or unrelated topic; mentions aliases in passing"
2026A&A...712A.142R,2026,"Reller, Patricio",Confirmation of the long-period exoplanet TOI-4409 b,Astronomy and Astrophysics,10.1051/0004-6361/202451047,n,1,alias_stellar_density,title,"single-system discovery/characterisation, RV, rotation, or unrelated topic; mentions aliases in passing"
2026arXiv260826250Z,2026,"Ziegler, Carl",SOAR TESS Survey III: Mapping the Stellar Companion Deficit around TESS Planet Candidates,arXiv e-prints,10.48550/arXiv.2608.26250,n,1,alias_stellar_density,title,"single-system discovery/characterisation, RV, rotation, or unrelated topic; mentions aliases in passing"
2026MNRAS.549ag995T,2026,"Tovmassian, G.",Evolution of a long-period cataclysmic variable from the viewpoint of the donor star: the case of SDSS J085210.48+783246.6,Monthly Notices of the Royal Astronomical Society,10.1093/mnras/stag995,n,1,alias_stellar_density,title,"single-system discovery/characterisation, RV, rotation, or unrelated topic; mentions aliases in passing"
2026MNRAS.549g1053B,2026,"Battley, Matthew P.","TOI-3664 b, TOI-4034 b, and TOI-6564 b: three new hot Jupiters around stars approaching the terminal age main sequence",Monthly Notices of the Royal Astronomical Society,10.1093/mnras/stag1053,n,1,alias_stellar_density,title,"single-system discovery/characterisation, RV, rotation, or unrelated topic; mentions aliases in passing"
2026arXiv260712850M,2026,"Merc, Jaroslav",K 1-6 is a photoionised ISM nebula shaped by a fast-moving hot white dwarf in a triple system,arXiv e-prints,10.48550/arXiv.2607.12850,n,1,alias_stellar_density,title,"single-system discovery/characterisation, RV, rotation, or unrelated topic; mentions aliases in passing"
2026MNRAS.549ag952E,2026,"Eschen, Yoshi Nike Emilia",An ultra-short-period super-Earth and a sub-Neptune orbiting the K dwarf TOI-4311,Monthly Notices of the Royal Astronomical Society,10.1093/mnras/stag952,n,1,alias_stellar_density,title,"single-system discovery/characterisation, RV, rotation, or unrelated topic; mentions aliases in passing"
2026ApJ..1005...43W,2026,"Whitsett, Nathan",Planet-induced Stellar Flare Candidates from the TESS Mission,The Astrophysical Journal,10.3847/1538-4357/ae6446,n,1,alias_stellar_density,title,"single-system discovery/characterisation, RV, rotation, or unrelated topic; mentions aliases in passing"
2026arXiv260704916M,2026,"Magrini, Laura",HRMOS: A High-Resolution Multi-Object Spectrograph for the VLT,arXiv e-prints,10.48550/arXiv.2607.04916,n,1,alias_stellar_density,title,"single-system discovery/characterisation, RV, rotation, or unrelated topic; mentions aliases in passing"
2026A&A...709A.270D,2026,"Di Maio, C.","The GAPS Programme at TNG: LXXIII. Confirmation of the hot sub-Neptune TOI-4602 b (HD 25295 b), a key target for future atmospheric characterization",Astronomy and Astrophysics,10.1051/0004-6361/202659402,n,1,alias_stellar_density,title,"single-system discovery/characterisation, RV, rotation, or unrelated topic; mentions aliases in passing"
2026MNRAS.548ag736K,2026,"Kallinger, Thomas",Breaking free seismic forward modelling from the surface effect,Monthly Notices of the Royal Astronomical Society,10.1093/mnras/stag736,n,1,alias_stellar_density,title,"single-system discovery/characterisation, RV, rotation, or unrelated topic; mentions aliases in passing"
2026A&A...708A.197B,2026,"Bradshaw, Corey W.",Spectroscopic follow-up of hot subdwarf variables found in ZTF: Atmospheric and fundamental properties of radial-mode sdB pulsators,Astronomy and Astrophysics,10.1051/0004-6361/202557985,n,1,alias_stellar_density,title,"single-system discovery/characterisation, RV, rotation, or unrelated topic; mentions aliases in passing"
2026A&A...707A.238T,2026,"Taș, Kaya Han",An Earth-sized planet on a 5.4 h orbit around a nearby K dwarf,Astronomy and Astrophysics,10.1051/0004-6361/202556365,n,1,alias_stellar_density,title,"single-system discovery/characterisation, RV, rotation, or unrelated topic; mentions aliases in passing"
2026PASP..138c4202S,2026,"Shariat, Cheyanne",A Global View of Post-interaction White Dwarf-main Sequence Binaries,Publications of the Astronomical Society of the Pacific,10.1088/1538-3873/ae453b,n,1,alias_stellar_density,title,"single-system discovery/characterisation, RV, rotation, or unrelated topic; mentions aliases in passing"
2026arXiv260323713H,2026,"Handley, Luke B.","The KPF-SLOPE Survey - Small, Compact Multi-Planet Systems Appear Spin-Orbit Aligned",arXiv e-prints,10.48550/arXiv.2603.23713,n,1,alias_stellar_density,title,"single-system discovery/characterisation, RV, rotation, or unrelated topic; mentions aliases in passing"
2026A&A...708A..90F,2026,"Filomeno, S.",The GAPS Programme at the TNG: LXXII. TOI-5734b: A hot sub-Neptune orbiting a relatively young K dwarf with an Earth-like density,Astronomy and Astrophysics,10.1051/0004-6361/202555931,n,1,alias_stellar_density,title,"single-system discovery/characterisation, RV, rotation, or unrelated topic; mentions aliases in passing"
2026A&A...707A.197B,2026,"Bonomo, A. S.",The GAPS programme at TNG: LXXI. A sub-Neptune suitable for atmospheric characterization in a multiplanet and mutually inclined system orbiting the bright K dwarf TOI-5789 (HIP 99452),Astronomy and Astrophysics,10.1051/0004-6361/202557662,n,1,alias_stellar_density,title,"single-system discovery/characterisation, RV, rotation, or unrelated topic; mentions aliases in passing"
2026A&A...706A.166Z,2026,"Zapatero Osorio, M. R.",A super-Earth orbiting the early-M dwarf GJ7,Astronomy and Astrophysics,10.1051/0004-6361/202449545,n,1,alias_stellar_density,title,"single-system discovery/characterisation, RV, rotation, or unrelated topic; mentions aliases in passing"
2026A&A...705A...5N,2026,"Naponiello, Luca",A homogeneous transit-timing-variation investigation of all TESS systems with a confirmed single-transiting planet,Astronomy and Astrophysics,10.1051/0004-6361/202557512,n,1,alias_stellar_density,title,"single-system discovery/characterisation, RV, rotation, or unrelated topic; mentions aliases in passing"
2026AJ....171...23B,2026,"Berger, Travis A.",The Gaia─Kepler─TESS-host Stellar Properties Catalog: Uniform Physical Parameters for 10022 Host Stars and 10189 Planets,The Astronomical Journal,10.3847/1538-3881/ae0e76,n,1,alias_stellar_density,title,"single-system discovery/characterisation, RV, rotation, or unrelated topic; mentions aliases in passing"
2026A&A...705A.260L,2026,"Lacedelli, G.",Sibling sub-Neptunes around sibling M dwarfs: TOI-521 and TOI-912,Astronomy and Astrophysics,10.1051/0004-6361/202557304,n,1,alias_stellar_density,title,"single-system discovery/characterisation, RV, rotation, or unrelated topic; mentions aliases in passing"
2026A&A...705A.190M,2026,"Moutou, C.",Characterising planetary systems with SPIRou: Questions about the magnetic cycle of 55 Cnc A and two new planets around B,Astronomy and Astrophysics,10.1051/0004-6361/202556146,n,1,alias_stellar_density,title,"single-system discovery/characterisation, RV, rotation, or unrelated topic; mentions aliases in passing"
2026MNRAS.545f2030N,2026,"Naponiello, L.",A 34.6-d transiting sub-Neptune in the TOI-1422 planetary system,Monthly Notices of the Royal Astronomical Society,10.1093/mnras/staf2030,n,1,alias_stellar_density,title,"single-system discovery/characterisation, RV, rotation, or unrelated topic; mentions aliases in passing"
2026arXiv260923874C,2026,"Chakrabarti, Sukanya",A Galactic-scale extreme-precision radial velocity survey,arXiv e-prints,,n,1,alias_probability_calibrated,title,"single-system discovery/characterisation, RV, rotation, or unrelated topic; mentions aliases in passing"
2026arXiv260921150M,2026,"Mendoza, Wendy",COPAS: Compact Objects and the Physics of Accretion Survey I. Accreting Binaries with P &lt; 83 Minutes,arXiv e-prints,10.48550/arXiv.2609.21150,n,1,alias_probability_calibrated,title,"single-system discovery/characterisation, RV, rotation, or unrelated topic; mentions aliases in passing"
2026arXiv260909631W,2026,"Wen, Shangyu",A pilot study on the CSST astrometric capability: Detecting astrometric binaries with Gaia synergy via simulated data,arXiv e-prints,10.48550/arXiv.2609.09631,n,1,alias_probability_calibrated,title,"single-system discovery/characterisation, RV, rotation, or unrelated topic; mentions aliases in passing"
2026AJ....172..115S,2026,"Sanghi, Aniket",Worlds Next Door. IV. Mapping the Late Stages of Giant Planet Evolution with a Precise Dynamical Mass and Luminosity for ϵ Ind Ab,The Astronomical Journal,10.3847/1538-3881/ae74c8,n,1,alias_probability_calibrated,title,"single-system discovery/characterisation, RV, rotation, or unrelated topic; mentions aliases in passing"
2026arXiv260810779H,2026,"Hu, Zhecheng",Bernhard-1: An Eccentric Binary Periodically Obscured by its Misaligned Circumbinary Disk,arXiv e-prints,10.48550/arXiv.2608.10779,n,1,alias_probability_calibrated,title,"single-system discovery/characterisation, RV, rotation, or unrelated topic; mentions aliases in passing"
2026arXiv260806604K,2026,"Kamai, Ilay","The Maunder Model and Catalog: Stellar Rotation, Bimodal Activity, and Magnetic Braking in Kepler Main-Sequence Stars",arXiv e-prints,10.48550/arXiv.2608.06604,n,1,alias_probability_calibrated,title,"single-system discovery/characterisation, RV, rotation, or unrelated topic; mentions aliases in passing"
2026arXiv260821940D,2026,"Dong, Fengqiu Adam",Discovery of an Extremely Luminous Sporadic Radio Pulsar,arXiv e-prints,10.48550/arXiv.2608.21940,n,1,alias_probability_calibrated,title,"single-system discovery/characterisation, RV, rotation, or unrelated topic; mentions aliases in passing"
2026arXiv260703047Y,2026,"Yan, Yi","FAST Pulsar Database III. Snapshots of nulling, mode-changing and subpulse modulation of 374 pulsars",arXiv e-prints,10.48550/arXiv.2607.03047,n,1,alias_probability_calibrated,title,"single-system discovery/characterisation, RV, rotation, or unrelated topic; mentions aliases in passing"
2026MNRAS.547ag370S,2026,"Standing, Matthew R.","The dispersed matter planet project sample ─ detection limits, occurrence rates, and new planets",Monthly Notices of the Royal Astronomical Society,10.1093/mnras/stag370,n,1,alias_probability_calibrated,title,"single-system discovery/characterisation, RV, rotation, or unrelated topic; mentions aliases in passing"
2026MNRAS.547ag351M,2026,"Merle, T.","The S<SUB>B<SUP>9</SUP></SUB> catalogue: status, comparison with non-single stars from Gaia DR3, and evolution to S<SUB>B<SUP>X</SUP></SUB>",Monthly Notices of the Royal Astronomical Society,10.1093/mnras/stag351,n,1,alias_probability_calibrated,title,"single-system discovery/characterisation, RV, rotation, or unrelated topic; mentions aliases in passing"
2026AJ....171..163S,2026,"Stafford, Matthew S.",Measuring Rotation Periods in Crowded Star Clusters with TESS: A Proof of Concept with NGC 3532,The Astronomical Journal,10.3847/1538-3881/ae3c0c,n,1,alias_probability_calibrated,title,"single-system discovery/characterisation, RV, rotation, or unrelated topic; mentions aliases in passing"
2026MNRAS.545f2100M,2026,"Mitchell, Morgan A.",A search for photometric variability towards the globular cluster M3 with the TWenty Inch Survey Telescope,Monthly Notices of the Royal Astronomical Society,10.1093/mnras/staf2100,n,1,alias_probability_calibrated,title,"single-system discovery/characterisation, RV, rotation, or unrelated topic; mentions aliases in passing"
2026arXiv260904887T,2026,"Tschudi, Yohann",Habitable-zone Earths at the detection frontier: Measured completeness and false-alarm rate of a transit pipeline for the PLATO M-dwarf sample,arXiv e-prints,10.48550/arXiv.2609.04887,n,1,harmonic_correction_transit_search,abstract,abstract: completeness/false-alarm rate for PLATO M dwarfs. No alias resolution.
2026ApJ..1005...32R,2026,"Robertson, Paul",A Revised Mass and Period for the Habitable Zone super-Earth GJ 3378 b: A Planet Straddling the Cosmic Shoreline,The Astrophysical Journal,10.3847/1538-4357/ae732b,n,1,harmonic_correction_transit_search,title,"single-system discovery/characterisation, RV, rotation, or unrelated topic; mentions aliases in passing"
2026arXiv260529428L,2026,"Liu, Qingtian",DELOS: Contrastive Deep Learning for Low-SNR Blind Transit Searches in Kepler Photometry,arXiv e-prints,10.48550/arXiv.2605.29428,n,1,harmonic_correction_transit_search,abstract,"abstract: DL blind search (DELOS), Kepler long period. No alias resolution."
2026arXiv260923159I,2026,"Ivashtenko, Oryna",Marginalized planet-to-star radius ratio posteriors for low-SNR transiting planets via dimensionality reduction,arXiv e-prints,,n,1,toi_period_errors_catalog,title,"single-system discovery/characterisation, RV, rotation, or unrelated topic; mentions aliases in passing"
2026MNRAS.551g1386B,2026,"Bashi, Dolev",Exoplanets in ancient stellar populations: occurrence constraints and hot-Jupiter candidates in the Galactic halo,Monthly Notices of the Royal Astronomical Society,10.1093/mnras/stag1386,n,1,toi_period_errors_catalog,title,"single-system discovery/characterisation, RV, rotation, or unrelated topic; mentions aliases in passing"
2026arXiv260801101J,2026,"Javed, Muhammad Hassan",Orbital Periods and Equilibrium Temperatures from Single TESS Transits with a Physics-Informed Neural Network,arXiv e-prints,10.48550/arXiv.2608.01101,n,1,toi_period_errors_catalog,abstract,"abstract: period posterior from a SINGLE transit via duration + NN marginalising geometry. Probabilistic period, but single-transit/long-period, not alias family. Cite for duration-period physics."
2026arXiv260821285J,2026,"Jiang, Qunfeng",Does Cumulative XUV Unify the Neptunian Desert?,arXiv e-prints,10.48550/arXiv.2608.21285,n,1,toi_period_errors_catalog,title,"single-system discovery/characterisation, RV, rotation, or unrelated topic; mentions aliases in passing"
2026RNAAS..10..241M,2026,"Martos, Giulia",A Multi-instrument Generalized Lomb─Scargle Periodogram Implementation,Research Notes of the American Astronomical Society,10.3847/2515-5172/ae9a9b,n,1,toi_period_errors_catalog,title,"single-system discovery/characterisation, RV, rotation, or unrelated topic; mentions aliases in passing"
2026arXiv260809679P,2026,"Pietrucha, Joanna",TOI-7475 spectroscopic follow up - detection of a massive hot Jupiter on an eccentric orbit,arXiv e-prints,10.48550/arXiv.2608.09679,n,1,toi_period_errors_catalog,title,"single-system discovery/characterisation, RV, rotation, or unrelated topic; mentions aliases in passing"
2026ApJS..285...31N,2026,"Nabbie, Emma",Transit-timing Variations in TESS: A Catalog from the First 5 yr,The Astrophysical Journal Supplement Series,10.3847/1538-4365/ae7a34,n,1,toi_period_errors_catalog,title,"single-system discovery/characterisation, RV, rotation, or unrelated topic; mentions aliases in passing"
2026AJ....171...63L,2026,"Lopez Murillo, Ana Isabel",Searching for Transit Timing Variations in Young Transiting Systems,The Astronomical Journal,10.3847/1538-3881/ae231a,n,1,toi_period_errors_catalog,title,"single-system discovery/characterisation, RV, rotation, or unrelated topic; mentions aliases in passing"
2025OJAp....8E.145R,2025,"Royer, Robert L.","Comparing the Architectures of Multiplanet Systems from Kepler, K2, and TESS Data",The Open Journal of Astrophysics,10.33232/001c.144936,n,1,period_alias_toi_tce,title,"single-system discovery/characterisation, RV, rotation, or unrelated topic; mentions aliases in passing"
2025MNRAS.539..297S,2025,"Smith, Leigh C.","CETRA: a fast, sensitive exoplanet transit detection algorithm implemented for GPUs",Monthly Notices of the Royal Astronomical Society,10.1093/mnras/staf512,n,1,period_alias_toi_tce,abstract,abstract: GPU transit search (CETRA). No alias resolution.
2025Obs...145..201S,2025,"Southworth, John",Rediscussion of Eclipsing Binaries. Paper 27: The Totally-Eclipsing System UZ Draconis,The Observatory,10.48550/arXiv.2510.27389,n,1,true_period_half_tess,title,"single-system discovery/characterisation, RV, rotation, or unrelated topic; mentions aliases in passing"
2025A&A...703A..32F,2025,"Ferreira Lopes, C. E.",Recovering signals in CoRoT mission (RSCoRoT): I. Short-period variable stars,Astronomy and Astrophysics,10.1051/0004-6361/202555838,n,1,true_period_half_tess,title,"single-system discovery/characterisation, RV, rotation, or unrelated topic; mentions aliases in passing"
2025ApJS..279...50K,2025,"Kostov, Veselin B.","The TESS Ten Thousand Catalog: 10,001 Uniformly Vetted and Validated Eclipsing Binary Stars Detected in Full-frame Image Data by Machine Learning and Analyzed by Citizen Scientists",The Astrophysical Journal Supplement Series,10.3847/1538-4365/ade2d8,n,1,true_period_half_tess,abstract,"abstract: 10,001 vetted TESS FFI EBs with updated ephemerides. EB ground truth source; cite."
2025ApJ...987....8C,2025,"Claytor, Zachary R.",New Rotation Periods from the Kepler Bonus Background Light Curves,The Astrophysical Journal,10.3847/1538-4357/add5f0,n,1,true_period_half_tess,title,"single-system discovery/characterisation, RV, rotation, or unrelated topic; mentions aliases in passing"
2025AJ....169...59K,2025,"Kamai, Ilay",Accurate and Robust Stellar Rotation Periods Catalog for 82771 Kepler Stars Using Deep Learning,The Astronomical Journal,10.3847/1538-3881/ad99ab,n,1,true_period_half_tess,title,"single-system discovery/characterisation, RV, rotation, or unrelated topic; mentions aliases in passing"
2025ApJ...995L..52X,2025,"Xue, Qiao",The JWST Rocky Worlds DDT Program Reveals GJ 3929b to Likely Be a Bare Rock,The Astrophysical Journal Letters,10.3847/2041-8213/ae2098,n,1,alias_stellar_density,title,"single-system discovery/characterisation, RV, rotation, or unrelated topic; mentions aliases in passing"
2025AJ....170..275Y,2025,"Yee, Samuel W.","The Polar Orbit of TOI-2374 b, a Planet in the Neptunian Ridge",The Astronomical Journal,10.3847/1538-3881/ae070b,n,1,alias_stellar_density,title,"single-system discovery/characterisation, RV, rotation, or unrelated topic; mentions aliases in passing"
2025A&A...703A..93S,2025,"Sanz-Forcada, J.",A planetary system with a sub-Neptune planet in the habitable zone of TOI-2093,Astronomy and Astrophysics,10.1051/0004-6361/202556361,n,1,alias_stellar_density,title,"single-system discovery/characterisation, RV, rotation, or unrelated topic; mentions aliases in passing"
2025A&A...702A.144L,2025,"Liagre, B.",Beyond the Nyquist frequency: Asteroseismic catalog of undersampled Kepler late subgiants and early red giants,Astronomy and Astrophysics,10.1051/0004-6361/202555167,n,1,alias_stellar_density,title,"single-system discovery/characterisation, RV, rotation, or unrelated topic; mentions aliases in passing"
2025AJ....170..200T,2025,"Tamburo, Patrick",Spot-crossing Variations Confirm a Misaligned Orbit for a Planet Transiting an M Dwarf,The Astronomical Journal,10.3847/1538-3881/adf72f,n,1,alias_stellar_density,title,"single-system discovery/characterisation, RV, rotation, or unrelated topic; mentions aliases in passing"
2025arXiv250910136G,2025,"Gandolfi, D.",A four-planet system orbiting the old thick disk star TOI-1203,arXiv e-prints,10.48550/arXiv.2509.10136,n,1,alias_stellar_density,title,"single-system discovery/characterisation, RV, rotation, or unrelated topic; mentions aliases in passing"
2025arXiv250922918W,2025,"Whitsett, Nathan",Induced-Flare Candidates from the TESS Mission,arXiv e-prints,10.48550/arXiv.2509.22918,n,1,alias_stellar_density,title,"single-system discovery/characterisation, RV, rotation, or unrelated topic; mentions aliases in passing"
2025ApJ...991..118T,2025,"Tzanidakis, Anastasios",A Systematic Search for Main-sequence Dipper Stars Using the Zwicky Transient Facility,The Astrophysical Journal,10.3847/1538-4357/adf5bb,n,1,alias_stellar_density,title,"single-system discovery/characterisation, RV, rotation, or unrelated topic; mentions aliases in passing"
2025A&A...701A.150H,2025,"Huijse, P.",Learning novel representations of variable sources from multi-modal Gaia data via autoencoders,Astronomy and Astrophysics,10.1051/0004-6361/202554025,n,1,alias_stellar_density,title,"single-system discovery/characterisation, RV, rotation, or unrelated topic; mentions aliases in passing"
2025Univ...11..319B,2025,"Bognár, Zsófia",Selected Results on Variable Stars Observed by TESS,Universe,10.3390/universe11090319,n,1,alias_stellar_density,title,"single-system discovery/characterisation, RV, rotation, or unrelated topic; mentions aliases in passing"
2025arXiv250900214E,2025,"Ederoclite, A.",J-VAR: the northern variable sky in 7 filters -- First Data Release,arXiv e-prints,10.48550/arXiv.2509.00214,n,1,alias_stellar_density,title,"single-system discovery/characterisation, RV, rotation, or unrelated topic; mentions aliases in passing"
2025AJ....170...70E,2025,"Espinoza-Retamal, Juan I.",The Spin─Orbit Alignment of Eight Warm Gas Giant Systems,The Astronomical Journal,10.3847/1538-3881/ade22e,n,1,alias_stellar_density,title,"single-system discovery/characterisation, RV, rotation, or unrelated topic; mentions aliases in passing"
2025A&A...699A.185S,2025,"Schmerling, H.",The TOI-2427 system: Two close-in planets orbiting a late K-dwarf star,Astronomy and Astrophysics,10.1051/0004-6361/202452620,n,1,alias_stellar_density,title,"single-system discovery/characterisation, RV, rotation, or unrelated topic; mentions aliases in passing"
2025arXiv250715044X,2025,"Xie, Xiran","Precise Asteroseismology of the High-amplitude Delta Scuti Star EH Librae, an AE UMa Analogue in the Hertzsprung Gap",arXiv e-prints,10.48550/arXiv.2507.15044,n,1,alias_stellar_density,title,"single-system discovery/characterisation, RV, rotation, or unrelated topic; mentions aliases in passing"
2025arXiv250619898C,2025,"Castro-González, Amadeo",Exoplanet exploration in the context of the PLATO mission: From detection to population studies,arXiv e-prints,10.48550/arXiv.2506.19898,n,1,alias_stellar_density,title,"single-system discovery/characterisation, RV, rotation, or unrelated topic; mentions aliases in passing"
2025A&A...697A.225K,2025,"Kemmer, J.",The CARMENES search for exoplanets around M dwarfs: Cluster analysis of signals from spectral activity indicators to search for shared periods,Astronomy and Astrophysics,10.1051/0004-6361/202347056,n,1,alias_stellar_density,title,"single-system discovery/characterisation, RV, rotation, or unrelated topic; mentions aliases in passing"
2025MNRAS.537.3175A,2025,"Armstrong, David J.","The NCORES programme: precise planetary masses, null results, and insight into the planet mass distribution near the radius gap",Monthly Notices of the Royal Astronomical Society,10.1093/mnras/staf175,n,1,alias_stellar_density,title,"single-system discovery/characterisation, RV, rotation, or unrelated topic; mentions aliases in passing"
2025MNRAS.537..171B,2025,"Baluev, Roman V.",Cleaning WASP-33 b transits from the host star photometric variability: analysis of TESS data from two sectors,Monthly Notices of the Royal Astronomical Society,10.1093/mnras/staf011,n,1,alias_stellar_density,title,"single-system discovery/characterisation, RV, rotation, or unrelated topic; mentions aliases in passing"
2025A&A...694A.143T,2025,"Thomas, Luis","TOI-5108 b and TOI 5786 b: Two transiting sub-Saturns detected and characterized with TESS, MaHPS, and SOPHIE",Astronomy and Astrophysics,10.1051/0004-6361/202451676,n,1,alias_stellar_density,title,"single-system discovery/characterisation, RV, rotation, or unrelated topic; mentions aliases in passing"
2025MNRAS.536.2011V,2025,"Vines, Jose I.",NGTS-31b and NGTS-32b: two inflated hot Jupiters orbiting subgiant stars,Monthly Notices of the Royal Astronomical Society,10.1093/mnras/stae2616,n,1,alias_stellar_density,title,"single-system discovery/characterisation, RV, rotation, or unrelated topic; mentions aliases in passing"
2025NewA..11402297Z,2025,"Zhou, Ai-Ying","Discovery of 226 <mml:math altimg=""si50.svg"" display=""inline"" id=""d1e6843""><mml:mi>δ</mml:mi></mml:math> Scuti and <mml:math altimg=""si381.svg"" display=""inline"" id=""d1e6848""><mml:mi>γ</mml:mi></mml:math> Doradus Stars near NGC 6871 with TESS",New Astronomy,10.1016/j.newast.2024.102297,n,1,alias_stellar_density,title,"single-system discovery/characterisation, RV, rotation, or unrelated topic; mentions aliases in passing"
2025A&A...693A...7N,2025,"Naponiello, L.",The GAPS programme at TNG: LXIV. An inner eccentric sub-Neptune and an outer sub-Neptune-mass candidate around BD+00 444 (TOI-2443),Astronomy and Astrophysics,10.1051/0004-6361/202451859,n,1,alias_stellar_density,title,"single-system discovery/characterisation, RV, rotation, or unrelated topic; mentions aliases in passing"
2025A&A...693A..90B,2025,"Bonfanti, A.","Radii, masses, and transit-timing variations of the three-planet system orbiting the naked-eye star TOI-396",Astronomy and Astrophysics,10.1051/0004-6361/202451300,n,1,alias_stellar_density,title,"single-system discovery/characterisation, RV, rotation, or unrelated topic; mentions aliases in passing"
2025ApJ...978...50M,2025,"MacLeod, Morgan",Radial Velocity and Astrometric Evidence for a Close Companion to Betelgeuse,The Astrophysical Journal,10.3847/1538-4357/ad93c8,n,1,alias_stellar_density,title,"single-system discovery/characterisation, RV, rotation, or unrelated topic; mentions aliases in passing"
2025A&A...693A.144G,2025,"Grieves, Nolan",Discovery of a cold giant planet and mass measurement of a hot super-Earth in the multi-planetary system WASP-132,Astronomy and Astrophysics,10.1051/0004-6361/202348177,n,1,alias_stellar_density,title,"single-system discovery/characterisation, RV, rotation, or unrelated topic; mentions aliases in passing"
2025AJ....170..343H,2025,"Harada, Caleb K.",SPORES-HWO. II. Companion Mass Limits and Updated Planet Properties for 120 Future Exoplanet Imaging Targets from 35 yr of Precise Doppler Monitoring,The Astronomical Journal,10.3847/1538-3881/ae0b62,n,1,alias_probability_calibrated,title,"single-system discovery/characterisation, RV, rotation, or unrelated topic; mentions aliases in passing"
2025A&A...702A.218F,2025,"Fritzewski, D. J.",A star-by-star correspondence between X-ray activity and rotation in the young open cluster NGC 2516 with eROSITA,Astronomy and Astrophysics,10.1051/0004-6361/202554526,n,1,alias_probability_calibrated,title,"single-system discovery/characterisation, RV, rotation, or unrelated topic; mentions aliases in passing"
2025MNRAS.541.3494M,2025,"Munday, James",The DBL Survey II: towards a mass─period distribution of double white dwarf binaries,Monthly Notices of the Royal Astronomical Society,10.1093/mnras/staf1198,n,1,alias_probability_calibrated,title,"single-system discovery/characterisation, RV, rotation, or unrelated topic; mentions aliases in passing"
2025AJ....169..281A,2025,"Ayres, Thomas",Landscape of Coronal X-Ray Variability and Cycles,The Astronomical Journal,10.3847/1538-3881/adc570,n,1,alias_probability_calibrated,title,"single-system discovery/characterisation, RV, rotation, or unrelated topic; mentions aliases in passing"
2025A&A...697A..32S,2025,"Spaeth, Dane",Precise radial velocities of giant stars: XVII. Distinguishing planets from intrinsically induced radial velocity signals in evolved stars,Astronomy and Astrophysics,10.1051/0004-6361/202453500,n,1,alias_probability_calibrated,title,"single-system discovery/characterisation, RV, rotation, or unrelated topic; mentions aliases in passing"
2025A&A...695A.210G,2025,"Green, Matthew J.",An upper limit on the frequency of short-period black hole companions to Sun-like stars,Astronomy and Astrophysics,10.1051/0004-6361/202453271,n,1,alias_probability_calibrated,title,"single-system discovery/characterisation, RV, rotation, or unrelated topic; mentions aliases in passing"
2025A&A...694A..43T,2025,"Treiber, H.",Two decades of optical variability of Small Magellanic Cloud high-mass X-ray binaries,Astronomy and Astrophysics,10.1051/0004-6361/202451132,n,1,alias_probability_calibrated,title,"single-system discovery/characterisation, RV, rotation, or unrelated topic; mentions aliases in passing"
2025A&A...693A.124G,2025,"Gosset, E.",Gaia Data Release 3: Spectroscopic binary-star orbital solutions: The SB1 processing chain,Astronomy and Astrophysics,10.1051/0004-6361/202450600,n,1,alias_probability_calibrated,title,"single-system discovery/characterisation, RV, rotation, or unrelated topic; mentions aliases in passing"
2025A&A...700A.222C,2025,"Carmona, A.",Characterizing planetary systems with SPIRou: Detection of a sub-Neptune in a 6-day period orbit around the M dwarf Gl 410,Astronomy and Astrophysics,10.1051/0004-6361/202452513,n,1,harmonic_correction_transit_search,title,"single-system discovery/characterisation, RV, rotation, or unrelated topic; mentions aliases in passing"
2025AJ....170..280K,2025,"Kunimoto, Michelle",LEO-Vetter: Fully Automated Flux- and Pixel-level Vetting of TESS Planet Candidates to Support Occurrence Rates,The Astronomical Journal,10.3847/1538-3881/ae070a,y,1,toi_period_errors_catalog,already_reviewed,in paper/bib_sources.csv; see docs/related_work.md
2025arXiv251017957M,2025,"Meir Shani, Yarin",The Silent Majority: The Interacting Post-Common-Envelope Binaries Underlying Cataclysmic Variables,arXiv e-prints,10.48550/arXiv.2510.17957,n,1,toi_period_errors_catalog,title,"single-system discovery/characterisation, RV, rotation, or unrelated topic; mentions aliases in passing"
2025AJ....170...14T,2025,"Taaki, Jamila S.",A Search for Exoplanet Candidates in TESS 2 minute Light Curves Using Joint Bayesian Detection,The Astronomical Journal,10.3847/1538-3881/add15a,n,1,toi_period_errors_catalog,abstract,"abstract: joint Bayesian transit DETECTION (likelihood ratio), no alias posterior."
2025AJ....170....3T,2025,"Turtelboom, Emma V.",Searching for Additional Planets in TESS Multiplanet Systems: Testing Empirical Models Based on Kepler Data,The Astronomical Journal,10.3847/1538-3881/adcd71,n,1,toi_period_errors_catalog,title,"single-system discovery/characterisation, RV, rotation, or unrelated topic; mentions aliases in passing"
2025A&A...696A..86S,2025,"Stalport, M.",TESS and HARPS-N unveil two planets transiting TOI-1453: A super-Earth and one of the lowest mass sub-Neptunes,Astronomy and Astrophysics,10.1051/0004-6361/202452969,n,1,toi_period_errors_catalog,title,"single-system discovery/characterisation, RV, rotation, or unrelated topic; mentions aliases in passing"
2025PSJ.....6..292R,2025,"Rothmeier, Marvin",Doomed Worlds. II. Reassessing Suggestions of Orbital Decay for TrES-5 b,The Planetary Science Journal,10.3847/PSJ/ae1b9c,n,1,missing_transits_alias,title,"single-system discovery/characterisation, RV, rotation, or unrelated topic; mentions aliases in passing"
2025A&A...704L..16A,2025,"Almenara, J. M.",TOI-7510: A solar-analog system of three transiting giant planets near a Laplace resonance chain,Astronomy and Astrophysics,10.1051/0004-6361/202557359,n,1,missing_transits_alias,title,"single-system discovery/characterisation, RV, rotation, or unrelated topic; mentions aliases in passing"
2025A&A...699A.344C,2025,"Castro-González, A.",Two neighbours of the ultra-short-period Earth-sized planet K2-157 b in the warm Neptunian savanna,Astronomy and Astrophysics,10.1051/0004-6361/202554736,n,1,missing_transits_alias,title,"single-system discovery/characterisation, RV, rotation, or unrelated topic; mentions aliases in passing"
2025A&A...694A..15B,2025,"Balsalobre-Ruza, O.",KOBE-1: The first planetary system from the KOBE survey: Two planets likely residing in the sub-Neptune mass regime around a late K-dwarf,Astronomy and Astrophysics,10.1051/0004-6361/202452631,n,1,missing_transits_alias,title,"single-system discovery/characterisation, RV, rotation, or unrelated topic; mentions aliases in passing"
2025A&A...694A.209B,2025,"Bienias, J.",Background exoplanet candidates in the original Kepler field,Astronomy and Astrophysics,10.1051/0004-6361/202451693,n,1,missing_transits_alias,title,"single-system discovery/characterisation, RV, rotation, or unrelated topic; mentions aliases in passing"
2024PSJ.....5..152L,2024,"Lissauer, Jack J.",Updated Catalog of Kepler Planet Candidates: Focus on Accuracy and Orbital Periods,The Planetary Science Journal,10.3847/PSJ/ad0e6e,n,1,period_alias_toi_tce,abstract,"abstract: Kepler catalog focused on period accuracy (TTV-driven ephemeris error), not alias resolution. Cite for audit framing."
2024A&A...686L..18S,2024,"Sulis, S.",HIP 41378 observed by CHEOPS: Where is planet d?,Astronomy and Astrophysics,10.1051/0004-6361/202449689,n,1,period_alias_toi_tce,title,"single-system discovery/characterisation, RV, rotation, or unrelated topic; mentions aliases in passing"
2024MNRAS.528.2851M,2024,"Magliano, Christian",PLATO on the shoulders of TESS: analysing mono-transit planet candidates in TESS data as a prior knowledge for PLATO observations,Monthly Notices of the Royal Astronomical Society,10.1093/mnras/stae210,n,1,period_alias_toi_tce,title,"single-system discovery/characterisation, RV, rotation, or unrelated topic; mentions aliases in passing"
2024MNRAS.528.1841H,2024,"Hawthorn, Faith",TESS duotransit candidates from the Southern Ecliptic Hemisphere,Monthly Notices of the Royal Astronomical Society,10.1093/mnras/stad3783,y,1,period_alias_toi_tce,already_reviewed,in paper/bib_sources.csv; see docs/related_work.md
2024A&A...687A..48T,2024,"Timmermans, M.",TOI-4336 A b: A temperate sub-Neptune ripe for atmospheric characterization in a nearby triple M-dwarf system,Astronomy and Astrophysics,10.1051/0004-6361/202347981,n,1,true_period_half_tess,title,"single-system discovery/characterisation, RV, rotation, or unrelated topic; mentions aliases in passing"
2024AJ....167..238O,2024,"O'Brien, Sean M.",Planet Hunters NGTS: New Planet Candidates from a Citizen Science Search of the Next Generation Transit Survey Public Data,The Astronomical Journal,10.3847/1538-3881/ad32c8,n,1,true_period_half_tess,title,"single-system discovery/characterisation, RV, rotation, or unrelated topic; mentions aliases in passing"
2024A&A...683A.227M,2024,"Mathys, G.",Long-period Ap stars discovered with TESS data: Cycles 3 and 4,Astronomy and Astrophysics,10.1051/0004-6361/202348259,n,1,true_period_half_tess,title,"single-system discovery/characterisation, RV, rotation, or unrelated topic; mentions aliases in passing"
2024RASTI...3..224M,2024,"Miller, N.",The verification of periodicity with the use of recurrent neural networks,RAS Techniques and Instruments,10.1093/rasti/rzae015,n,1,true_period_half_tess,abstract,abstract: RNN false-alarm probability for periodicity (variable stars). No transit alias resolution.
2024ESS.....510206Y,2024,"Yahalomi, Daniel",Exploring the Orbital Landscape of Perturbing Planets in Single Planet Systems via TTVs,"AASTCS10, Extreme Solar Systems V",,n,1,alias_resolution_transit,title,"single-system discovery/characterisation, RV, rotation, or unrelated topic; mentions aliases in passing"
2024AAS...24344508Y,2024,"Yahalomi, Daniel",The Exoplanet Edge: A Minimum Observable TTV Period from a Perturbing Planet,American Astronomical Society Meeting Abstracts #243,,n,1,alias_resolution_transit,title,"single-system discovery/characterisation, RV, rotation, or unrelated topic; mentions aliases in passing"
2024A&A...692A.238L,2024,"Lacedelli, G.",Characterisation of TOI-406 as a showcase of the THIRSTEE program: A two-planet system straddling the M-dwarf density gap,Astronomy and Astrophysics,10.1051/0004-6361/202452244,n,1,alias_stellar_density,title,"single-system discovery/characterisation, RV, rotation, or unrelated topic; mentions aliases in passing"
2024A&A...692A.220E,2024,"Ehrhardt, Juliana",Confirmation of four hot Jupiters detected by TESS using follow-up spectroscopy from MaHPS at Wendelstein together with NEID and TRES,Astronomy and Astrophysics,10.1051/0004-6361/202451404,n,1,alias_stellar_density,title,"single-system discovery/characterisation, RV, rotation, or unrelated topic; mentions aliases in passing"
2024A&A...691A.242I,2024,"IJspeert, L. W.",Statistical view of orbital circularisation with 14 000 characterised TESS eclipsing binaries,Astronomy and Astrophysics,10.1051/0004-6361/202450507,n,1,alias_stellar_density,title,"single-system discovery/characterisation, RV, rotation, or unrelated topic; mentions aliases in passing"
2024AJ....168..193P,2024,"Patil, Aarya A.","Improving Power Spectrum Estimation Using Multitapering: Efficient Asteroseismic Analyses for Understanding Stars, the Milky Way, and Beyond",The Astronomical Journal,10.3847/1538-3881/ad7029,n,1,alias_stellar_density,title,"single-system discovery/characterisation, RV, rotation, or unrelated topic; mentions aliases in passing"
2024A&A...690A..18C,2024,"Carleo, Ilaria",Mass determination of two Jupiter-sized planets orbiting slightly evolved stars: TOI-2420 b and TOI-2485 b,Astronomy and Astrophysics,10.1051/0004-6361/202451313,n,1,alias_stellar_density,title,"single-system discovery/characterisation, RV, rotation, or unrelated topic; mentions aliases in passing"
2024arXiv240911429B,2024,"Berni, Leda",Searching for chemo-kinematic structures in the Milky Way halo with deep clustering algorithms,arXiv e-prints,10.48550/arXiv.2409.11429,n,1,alias_stellar_density,title,"single-system discovery/characterisation, RV, rotation, or unrelated topic; mentions aliases in passing"
2024ApJ...971L..12B,2024,"Burt, Jennifer A.",TOI-1685 b Is a Hot Rocky Super-Earth: Updates to the Stellar and Planet Parameters of a Popular JWST Cycle 2 Target,The Astrophysical Journal Letters,10.3847/2041-8213/ad5b52,n,1,alias_stellar_density,title,"single-system discovery/characterisation, RV, rotation, or unrelated topic; mentions aliases in passing"
2024AJ....168...41T,2024,"Thao, Pa Chia",TESS Hunt for Young and Maturing Exoplanets (THYME). X. A Two-planet System in the 210 Myr MELANGE-5 Association,The Astronomical Journal,10.3847/1538-3881/ad4993,n,1,alias_stellar_density,title,"single-system discovery/characterisation, RV, rotation, or unrelated topic; mentions aliases in passing"
2024AJ....167..282L,2024,"Lange, Sarah",The TESS-Keck Survey. VII. A Superdense Sub-Neptune Orbiting TOI-1824,The Astronomical Journal,10.3847/1538-3881/ad34d9,n,1,alias_stellar_density,title,"single-system discovery/characterisation, RV, rotation, or unrelated topic; mentions aliases in passing"
2024A&A...686A.282R,2024,"Rosário, N. M.",Precise characterisation of HD 15337 with CHEOPS: A laboratory for planet formation and evolution,Astronomy and Astrophysics,10.1051/0004-6361/202347759,n,1,alias_stellar_density,title,"single-system discovery/characterisation, RV, rotation, or unrelated topic; mentions aliases in passing"
2024MNRAS.530..167M,2024,"Mori, Mayuko",Characterization of starspots on a young M-dwarf K2-25: multiband observations of stellar photometric variability and planetary transits,Monthly Notices of the Royal Astronomical Society,10.1093/mnras/stae841,n,1,alias_stellar_density,title,"single-system discovery/characterisation, RV, rotation, or unrelated topic; mentions aliases in passing"
2024AJ....167..194D,2024,"Desai, Anmol",The TESS-Keck Survey. XVIII. A Sub-Neptune and Spurious Long-period Signal in the TOI-1751 System,The Astronomical Journal,10.3847/1538-3881/ad29ee,n,1,alias_stellar_density,title,"single-system discovery/characterisation, RV, rotation, or unrelated topic; mentions aliases in passing"
2024AJ....167..153R,2024,"Rubenzahl, Ryan A.",The TESS-Keck Survey. XII. A Dense 1.8 R <SUB>⊕</SUB> Ultra-short-period Planet Possibly Clinging to a High-mean-molecular-weight Atmosphere after the First Gigayear,The Astronomical Journal,10.3847/1538-3881/ad28bb,n,1,alias_stellar_density,title,"single-system discovery/characterisation, RV, rotation, or unrelated topic; mentions aliases in passing"
2024ApJS..271...55K,2024,"Kirkpatrick, J. Davy",The Initial Mass Function Based on the Full-sky 20 pc Census of ∼3600 Stars and Brown Dwarfs,The Astrophysical Journal Supplement Series,10.3847/1538-4365/ad24e2,n,1,alias_stellar_density,title,"single-system discovery/characterisation, RV, rotation, or unrelated topic; mentions aliases in passing"
2024A&A...683A..49Z,2024,"Zwintz, K.",Catalogue of BRITE-Constellation targets. I. Fields 1 to 14 (November 2013-April 2016),Astronomy and Astrophysics,10.1051/0004-6361/202348236,n,1,alias_stellar_density,title,"single-system discovery/characterisation, RV, rotation, or unrelated topic; mentions aliases in passing"
2024A&A...683L..16C,2024,"Campante, T. L.",Expanding the frontiers of cool-dwarf asteroseismology with ESPRESSO. Detection of solar-like oscillations in the K5 dwarf ϵ Indi,Astronomy and Astrophysics,10.1051/0004-6361/202449197,n,1,alias_stellar_density,title,"single-system discovery/characterisation, RV, rotation, or unrelated topic; mentions aliases in passing"
2024ApJ...962...16D,2024,"Douglas, S. T.",Constraining Stellar Rotation at the Zero-age Main Sequence with TESS,The Astrophysical Journal,10.3847/1538-4357/ad0fe3,n,1,alias_stellar_density,title,"single-system discovery/characterisation, RV, rotation, or unrelated topic; mentions aliases in passing"
2024arXiv240207893C,2024,"Chontos, Ashley",The TESS-Keck Survey XXI: 13 New Planets and Homogeneous Properties for 21 Subgiant Systems,arXiv e-prints,10.48550/arXiv.2402.07893,n,1,alias_stellar_density,title,"single-system discovery/characterisation, RV, rotation, or unrelated topic; mentions aliases in passing"
2024A&A...681A..55H,2024,"Heidari, N.",The SOPHIE search for northern extrasolar planets: XIX. A system including a cold sub-Neptune potentially transiting a V = 6.5 star HD 88986,Astronomy and Astrophysics,10.1051/0004-6361/202347897,n,1,alias_stellar_density,title,"single-system discovery/characterisation, RV, rotation, or unrelated topic; mentions aliases in passing"
2024arXiv240111815G,2024,"Gillon, Michaël",TRAPPIST-1 and its compact system of temperate rocky planets,arXiv e-prints,10.48550/arXiv.2401.11815,n,1,alias_stellar_density,title,"single-system discovery/characterisation, RV, rotation, or unrelated topic; mentions aliases in passing"
2024MNRAS.535..443C,2024,"Coppi, P. S.",La Silla-QUEST RR Lyrae star survey II: the Crater II tidal streams,Monthly Notices of the Royal Astronomical Society,10.1093/mnras/stae488,n,1,alias_probability_calibrated,title,"single-system discovery/characterisation, RV, rotation, or unrelated topic; mentions aliases in passing"
2024OJAp....7E.100E,2024,"El-Badry, Kareem","A generative model for Gaia astrometric orbit catalogs: selection functions for binary stars, giant planets, and compact object companions",The Open Journal of Astrophysics,10.33232/001c.125461,n,1,alias_probability_calibrated,title,"single-system discovery/characterisation, RV, rotation, or unrelated topic; mentions aliases in passing"
2024A&A...690A.225A,2024,"Armeni, A.",Evidence for magnetic boundary layer accretion in RU Lup: A spectrophotometric analysis,Astronomy and Astrophysics,10.1051/0004-6361/202451065,n,1,alias_probability_calibrated,title,"single-system discovery/characterisation, RV, rotation, or unrelated topic; mentions aliases in passing"
2024AJ....168...83O,2024,"Olmschenk, Greg",Short-period Variables in TESS Full-frame Image Light Curves Identified via Convolutional Neural Networks,The Astronomical Journal,10.3847/1538-3881/ad55f1,n,1,alias_probability_calibrated,title,"single-system discovery/characterisation, RV, rotation, or unrelated topic; mentions aliases in passing"
2024MNRAS.530.3974I,2024,"Irving, Z. A.",Burst-induced spin variations in the accreting magnetic white dwarf PBC J0801.2-4625,Monthly Notices of the Royal Astronomical Society,10.1093/mnras/stae1103,n,1,alias_probability_calibrated,title,"single-system discovery/characterisation, RV, rotation, or unrelated topic; mentions aliases in passing"
2024AJ....167..155L,2024,"Li, Zhexing",Revised Architecture and Two New Super-Earths in the HD 134606 Planetary System,The Astronomical Journal,10.3847/1538-3881/ad2461,n,1,alias_probability_calibrated,title,"single-system discovery/characterisation, RV, rotation, or unrelated topic; mentions aliases in passing"
2024MNRAS.529.1047D,2024,"de Beurs, Zoë L.","Characterization of K2-167 b and CALM, a new stellar activity mitigation method",Monthly Notices of the Royal Astronomical Society,10.1093/mnras/stae207,n,1,alias_probability_calibrated,title,"single-system discovery/characterisation, RV, rotation, or unrelated topic; mentions aliases in passing"
2024MNRAS.527..620Y,2024,"Yahalomi, Daniel A.",Not-so-fast Kepler-1513: a perturbing planetary interloper in the exomoon corridor,Monthly Notices of the Royal Astronomical Society,10.1093/mnras/stad3070,n,1,alias_probability_calibrated,title,"single-system discovery/characterisation, RV, rotation, or unrelated topic; mentions aliases in passing"
2024A&A...689A.132M,2024,"Mallorquín, M.",Revisiting the dynamical masses of the transiting planets in the young AU Mic system: Potential AU Mic b inflation at  20 Myr,Astronomy and Astrophysics,10.1051/0004-6361/202450047,n,1,harmonic_correction_transit_search,title,"single-system discovery/characterisation, RV, rotation, or unrelated topic; mentions aliases in passing"
2024A&A...684A...9S,2024,"Shan, Y.",CARMENES input catalog of M dwarfs. VII. New rotation periods for the survey stars and their correlations with stellar activity,Astronomy and Astrophysics,10.1051/0004-6361/202346794,n,1,harmonic_correction_transit_search,title,"single-system discovery/characterisation, RV, rotation, or unrelated topic; mentions aliases in passing"
2024A&A...692A..17K,2024,"Krenn, A. F.",Detecting and sizing the Earth with PLATO: A feasibility study based on solar data,Astronomy and Astrophysics,10.1051/0004-6361/202450681,n,1,toi_period_errors_catalog,title,"single-system discovery/characterisation, RV, rotation, or unrelated topic; mentions aliases in passing"
2024arXiv241119306P,2024,"Persson, Carina M.",Methods to Characterise Exoplanet Host Stars from Spectroscopy,arXiv e-prints,10.48550/arXiv.2411.19306,n,1,toi_period_errors_catalog,title,"single-system discovery/characterisation, RV, rotation, or unrelated topic; mentions aliases in passing"
2024A&A...690A.234L,2024,"Liebing, F.","RedDots: Limits on habitable and undetected planets orbiting nearby stars GJ 832, GJ 674, and Ross 128",Astronomy and Astrophysics,10.1051/0004-6361/202347902,n,1,toi_period_errors_catalog,title,"single-system discovery/characterisation, RV, rotation, or unrelated topic; mentions aliases in passing"
2024A&A...689A..52B,2024,"Borsato, L.",Characterisation of the warm-Jupiter TOI-1130 system with CHEOPS and a photo-dynamical approach,Astronomy and Astrophysics,10.1051/0004-6361/202450974,n,1,toi_period_errors_catalog,title,"single-system discovery/characterisation, RV, rotation, or unrelated topic; mentions aliases in passing"
2024AJ....168...28T,2024,"Tokovinin, Andrei",Speckle Interferometry at SOAR Telescope in 2023,The Astronomical Journal,10.3847/1538-3881/ad4d56,n,1,toi_period_errors_catalog,title,"single-system discovery/characterisation, RV, rotation, or unrelated topic; mentions aliases in passing"
2024AJ....167..189C,2024,"Colman, Isabel L.",Methods for the Detection of Stellar Rotation Periods in Individual TESS Sectors and Results from the Prime Mission,The Astronomical Journal,10.3847/1538-3881/ad2c86,n,1,toi_period_errors_catalog,title,"single-system discovery/characterisation, RV, rotation, or unrelated topic; mentions aliases in passing"
2024MNRAS.530..318H,2024,"Henderson, Beth A.",NGTS-28Ab: a short period transiting brown dwarf,Monthly Notices of the Royal Astronomical Society,10.1093/mnras/stae508,n,1,toi_period_errors_catalog,title,"single-system discovery/characterisation, RV, rotation, or unrelated topic; mentions aliases in passing"
2024AJ....167..203M,2024,"Melton, Elizabeth J.",DIAmante TESS AutoRegressive Planet Search (DTARPS). II. Hundreds of New TESS Candidate Exoplanets,The Astronomical Journal,10.3847/1538-3881/ad29f1,n,1,toi_period_errors_catalog,abstract,abstract: DTARPS II vetting incl. ephemeris match. No alias resolution.
2024A&A...684A..96O,2024,"Orell-Miquel, J.",Revisiting the warm sub-Saturn TOI-1710b. The impact of stellar activity on the mass measurement,Astronomy and Astrophysics,10.1051/0004-6361/202348131,n,1,toi_period_errors_catalog,title,"single-system discovery/characterisation, RV, rotation, or unrelated topic; mentions aliases in passing"
2024MNRAS.529..141G,2024,"Guenther, E. W.",A new mass and radius determination of the ultra-short period planet K2-106b and the fluffy planet K2-106c,Monthly Notices of the Royal Astronomical Society,10.1093/mnras/stae494,n,1,toi_period_errors_catalog,title,"single-system discovery/characterisation, RV, rotation, or unrelated topic; mentions aliases in passing"
2024MNRAS.535.2812S,2024,"Semenko, E.",HD 34736: an intensely magnetised double-lined spectroscopic binary with rapidly rotating chemically peculiar B-type components,Monthly Notices of the Royal Astronomical Society,10.1093/mnras/stae2503,n,1,missing_transits_alias,title,"single-system discovery/characterisation, RV, rotation, or unrelated topic; mentions aliases in passing"
2023MNRAS.524.3877H,2023,"Hawthorn, Faith",TOI-908: a planet at the edge of the Neptune desert transiting a G-type star,Monthly Notices of the Royal Astronomical Society,10.1093/mnras/stad1840,n,1,period_alias_toi_tce,title,"single-system discovery/characterisation, RV, rotation, or unrelated topic; mentions aliases in passing"
2023AJ....165..234G,2023,"Gupta, Arvind F.",A High-Eccentricity Warm Jupiter Orbiting TOI-4127,The Astronomical Journal,10.3847/1538-3881/accb9b,n,1,period_alias_toi_tce,title,"single-system discovery/characterisation, RV, rotation, or unrelated topic; mentions aliases in passing"
2023MNRAS.526..548O,2023,"Osborn, Ares",TOI-332 b: a super dense Neptune found deep within the Neptunian desert,Monthly Notices of the Royal Astronomical Society,10.1093/mnras/stad2575,n,1,true_period_half_tess,title,"single-system discovery/characterisation, RV, rotation, or unrelated topic; mentions aliases in passing"
2023MNRAS.524.5749Z,2023,"Zak, J.",Everything that glitters is not gold: V1315 Cas is not a dormant black hole,Monthly Notices of the Royal Astronomical Society,10.1093/mnras/stad2137,n,1,true_period_half_tess,title,"single-system discovery/characterisation, RV, rotation, or unrelated topic; mentions aliases in passing"
2023AJ....166..106W,2023,"Wainer, Tobin M.",Catalog of Integrated-light Star Cluster Light Curves in TESS,The Astronomical Journal,10.3847/1538-3881/ace960,n,1,true_period_half_tess,title,"single-system discovery/characterisation, RV, rotation, or unrelated topic; mentions aliases in passing"
2023MNRAS.524.4296P,2023,"Powell, Brian P.",A Hunting Expedition For High-Order Hierarchies,Monthly Notices of the Royal Astronomical Society,10.1093/mnras/stad2065,n,1,true_period_half_tess,title,"single-system discovery/characterisation, RV, rotation, or unrelated topic; mentions aliases in passing"
2023ApJS..268....4F,2023,"Fetherolf, Tara",Variability Catalog of Stars Observed during the TESS Prime Mission,The Astrophysical Journal Supplement Series,10.3847/1538-4365/acdee5,n,1,true_period_half_tess,title,"single-system discovery/characterisation, RV, rotation, or unrelated topic; mentions aliases in passing"
2023A&A...675A.180G,2023,"Gruner, D.",Wide binaries demonstrate the consistency of rotational evolution between open cluster and field stars,Astronomy and Astrophysics,10.1051/0004-6361/202346590,n,1,true_period_half_tess,title,"single-system discovery/characterisation, RV, rotation, or unrelated topic; mentions aliases in passing"
2023MNRAS.521.3663B,2023,"Bryant, Edward M.",The occurrence rate of giant planets orbiting low-mass stars with TESS,Monthly Notices of the Royal Astronomical Society,10.1093/mnras/stad626,n,1,true_period_half_tess,title,"single-system discovery/characterisation, RV, rotation, or unrelated topic; mentions aliases in passing"
2023MNRAS.519.5271C,2023,"Christy, C. T.",The ASAS-SN catalogue of variable stars X: discovery of 116 000 new variable stars using G-band photometry,Monthly Notices of the Royal Astronomical Society,10.1093/mnras/stac3801,n,1,true_period_half_tess,title,"single-system discovery/characterisation, RV, rotation, or unrelated topic; mentions aliases in passing"
2023MNRAS.518.4845J,2023,"Jackson, David G.","The discovery of three hot Jupiters, NGTS-23b, 24b, and 25b, and updated parameters for HATS-54b from the Next Generation Transit Survey",Monthly Notices of the Royal Astronomical Society,10.1093/mnras/stac3192,n,1,true_period_half_tess,title,"single-system discovery/characterisation, RV, rotation, or unrelated topic; mentions aliases in passing"
2023arXiv230209782K,2023,"Kato, Taichi",On the orbital period of the dwarf nova CW Mon,arXiv e-prints,10.48550/arXiv.2302.09782,n,1,alias_resolution_transit,title,"single-system discovery/characterisation, RV, rotation, or unrelated topic; mentions aliases in passing"
2023xrp..prop..145E,2023,"Esposito, Thomas Matthew",Transiting Exoplanet Science with a Global Network of Small Ground-based Telescopes,NASA XRP proposal,,n,1,alias_resolution_transit,title,"single-system discovery/characterisation, RV, rotation, or unrelated topic; mentions aliases in passing"
2023A&A...678A..80P,2023,"Palle, E.",GJ 806 (TOI-4481): A bright nearby multi-planetary system with a transiting hot low-density super-Earth,Astronomy and Astrophysics,10.1051/0004-6361/202244261,n,1,alias_stellar_density,title,"single-system discovery/characterisation, RV, rotation, or unrelated topic; mentions aliases in passing"
2023ApJS..268...11F,2023,"Feigelson, Eric D.",An Evenly Spaced LSST Cadence for Rapidly Variable Stars,The Astrophysical Journal Supplement Series,10.3847/1538-4365/ace616,n,1,alias_stellar_density,title,"single-system discovery/characterisation, RV, rotation, or unrelated topic; mentions aliases in passing"
2023ApJ...955L...3G,2023,"Goffo, Elisa","Company for the Ultra-high Density, Ultra-short Period Sub-Earth GJ 367 b: Discovery of Two Additional Low-mass Planets at 11.5 and 34 Days",The Astrophysical Journal Letters,10.3847/2041-8213/ace0c7,n,1,alias_stellar_density,title,"single-system discovery/characterisation, RV, rotation, or unrelated topic; mentions aliases in passing"
2023A&A...677A..12D,2023,"Deeg, H. J.",TOI-1416: A system with a super-Earth planet with a 1.07 d period,Astronomy and Astrophysics,10.1051/0004-6361/202346370,n,1,alias_stellar_density,title,"single-system discovery/characterisation, RV, rotation, or unrelated topic; mentions aliases in passing"
2023AJ....166...32H,2023,"Hua, Xinyan",A Transiting Super-Earth in the Radius Valley and an Outer Planet Candidate Around HD 307842,The Astronomical Journal,10.3847/1538-3881/acd751,n,1,alias_stellar_density,title,"single-system discovery/characterisation, RV, rotation, or unrelated topic; mentions aliases in passing"
2023AJ....165..235M,2023,"Mayo, Andrew W.",Hyades Member K2-136c: The Smallest Planet in an Open Cluster with a Precisely Measured Mass,The Astronomical Journal,10.3847/1538-3881/acca1c,n,1,alias_stellar_density,title,"single-system discovery/characterisation, RV, rotation, or unrelated topic; mentions aliases in passing"
2023AN....34420090G,2023,"Gehan, Charlotte","FRA─A new fast, robust, and automated pipeline for the detection and measurement of solar−like oscillations in time−series photometry of red−giant stars",Astronomische Nachrichten,10.1002/asna.20220090,n,1,alias_stellar_density,title,"single-system discovery/characterisation, RV, rotation, or unrelated topic; mentions aliases in passing"
2023AJ....165..217M,2023,"Mann, Christopher",Validation of TOI-1221 b: A Warm Sub-Neptune Exhibiting Transit Timing Variations around a Sun-like Star,The Astronomical Journal,10.3847/1538-3881/acc8d4,n,1,alias_stellar_density,title,"single-system discovery/characterisation, RV, rotation, or unrelated topic; mentions aliases in passing"
2023A&A...672A...1E,2023,"Engler, N.","The high-albedo, low polarization disk around HD 114082 that harbors a Jupiter-sized transiting planet. Constraints from VLT/SPHERE completed with TESS, Gaia, and radial velocities",Astronomy and Astrophysics,10.1051/0004-6361/202244380,n,1,alias_stellar_density,title,"single-system discovery/characterisation, RV, rotation, or unrelated topic; mentions aliases in passing"
2023MNRAS.520.1092L,2023,"Lata, Sneh",Photometric variable stars in the young open cluster NGC 6823,Monthly Notices of the Royal Astronomical Society,10.1093/mnras/stad013,n,1,alias_stellar_density,title,"single-system discovery/characterisation, RV, rotation, or unrelated topic; mentions aliases in passing"
2023AJ....165...85W,2023,"Wood, Mackenna L.",TESS Hunt for Young and Maturing Exoplanets (THYME). IX. A 27 Myr Extended Population of Lower Centaurus Crux with a Transiting Two-planet System,The Astronomical Journal,10.3847/1538-3881/aca8fc,n,1,alias_stellar_density,title,"single-system discovery/characterisation, RV, rotation, or unrelated topic; mentions aliases in passing"
2023MNRAS.520..216H,2023,"Henriksen, Andreea I.",Rotational modulation in A and F stars: magnetic stellar spots or convective core rotation?,Monthly Notices of the Royal Astronomical Society,10.1093/mnras/stad153,n,1,alias_stellar_density,title,"single-system discovery/characterisation, RV, rotation, or unrelated topic; mentions aliases in passing"
2023AJ....165..121H,2023,"Heitzmann, Alexis",TOI-4562b: A Highly Eccentric Temperate Jupiter Analog Orbiting a Young Field Star,The Astronomical Journal,10.3847/1538-3881/acb5a2,n,1,alias_stellar_density,title,"single-system discovery/characterisation, RV, rotation, or unrelated topic; mentions aliases in passing"
2023arXiv230111338B,2023,"Berger, Travis A.",The Gaia-Kepler-TESS-Host Stellar Properties Catalog: Uniform Physical Parameters for 7993 Host Stars and 9324 Planets,arXiv e-prints,10.48550/arXiv.2301.11338,n,1,alias_stellar_density,title,"single-system discovery/characterisation, RV, rotation, or unrelated topic; mentions aliases in passing"
2023AJ....166..189E,2023,"Elizabethson, Astaroth",Machine-learning Morphological Classification of TESS Light Curves of T Tauri Stars,The Astronomical Journal,10.3847/1538-3881/acf865,n,1,alias_probability_calibrated,title,"single-system discovery/characterisation, RV, rotation, or unrelated topic; mentions aliases in passing"
2023AJ....166..160Z,2023,"Zhou, Qijia",False Planets around Giant Stars: A Case Study of Sanders 364 in M67,The Astronomical Journal,10.3847/1538-3881/acf291,n,1,alias_probability_calibrated,title,"single-system discovery/characterisation, RV, rotation, or unrelated topic; mentions aliases in passing"
2023ApJ...954...48P,2023,"Pike, Sean N.",Accretion Spin-up and a Strong Magnetic Field in the Slow-spinning Be X-Ray Binary MAXI J0655-013,The Astrophysical Journal,10.3847/1538-4357/ace696,n,1,alias_probability_calibrated,title,"single-system discovery/characterisation, RV, rotation, or unrelated topic; mentions aliases in passing"
2023A&A...677L..15S,2023,"Sozzetti, A.",The GAPS Programme at TNG. XLVII. A conundrum resolved: HIP 66074b/Gaia-3b characterised as a massive giant planet on a quasi-face-on and extremely elongated orbit,Astronomy and Astrophysics,10.1051/0004-6361/202347329,n,1,alias_probability_calibrated,title,"single-system discovery/characterisation, RV, rotation, or unrelated topic; mentions aliases in passing"
2023A&A...677A..33B,2023,"Bonomo, A. S.",Cold Jupiters and improved masses in 38 Kepler and K2 small planet systems from 3661 HARPS-N radial velocities. No excess of cold Jupiters in small planet systems,Astronomy and Astrophysics,10.1051/0004-6361/202346211,n,1,alias_probability_calibrated,title,"single-system discovery/characterisation, RV, rotation, or unrelated topic; mentions aliases in passing"
2023MNRAS.523.2369S,2023,"Sanders, Jason L.",The period-luminosity relation for Mira variables in the Milky Way using Gaia DR3: a further distance anchor for H<SUB>0</SUB>,Monthly Notices of the Royal Astronomical Society,10.1093/mnras/stad1431,n,1,alias_probability_calibrated,title,"single-system discovery/characterisation, RV, rotation, or unrelated topic; mentions aliases in passing"
2023AJ....166...46B,2023,"Brewer, John M.",EXPRES. IV. Two Additional Planets Orbiting ρ Coronae Borealis Reveal Uncommon System Architecture,The Astronomical Journal,10.3847/1538-3881/acdd6f,n,1,alias_probability_calibrated,title,"single-system discovery/characterisation, RV, rotation, or unrelated topic; mentions aliases in passing"
2023A&A...675A.168M,2023,"Mignon, L.",Characterisation of stellar activity of M dwarfs. I. Long-timescale variability in a large sample and detection of new cycles,Astronomy and Astrophysics,10.1051/0004-6361/202244249,n,1,alias_probability_calibrated,title,"single-system discovery/characterisation, RV, rotation, or unrelated topic; mentions aliases in passing"
2023MNRAS.523..105D,2023,"de Oña Wilhelmi, Emma",High-energy gamma-ray emission powered by a young protostar: the case of S255 NIRS 3,Monthly Notices of the Royal Astronomical Society,10.1093/mnras/stad1413,n,1,alias_probability_calibrated,title,"single-system discovery/characterisation, RV, rotation, or unrelated topic; mentions aliases in passing"
2023A&A...674A..16M,2023,"Mowlavi, N.",Gaia Data Release 3. The first Gaia catalogue of eclipsing-binary candidates,Astronomy and Astrophysics,10.1051/0004-6361/202245330,n,1,alias_probability_calibrated,title,"single-system discovery/characterisation, RV, rotation, or unrelated topic; mentions aliases in passing"
2023A&A...674A..34G,2023,Gaia Collaboration,"Gaia Data Release 3. Stellar multiplicity, a teaser for the hidden treasure",Astronomy and Astrophysics,10.1051/0004-6361/202243782,n,1,alias_probability_calibrated,title,"single-system discovery/characterisation, RV, rotation, or unrelated topic; mentions aliases in passing"
2023ApJ...950..141K,2023,"Kosakowski, Alekzander",The ELM Survey South. II. Two Dozen New Low-mass White Dwarf Binaries,The Astrophysical Journal,10.3847/1538-4357/acd187,n,1,alias_probability_calibrated,title,"single-system discovery/characterisation, RV, rotation, or unrelated topic; mentions aliases in passing"
2023Natur.615..605G,2023,"Greiner, J.",A helium-burning white dwarf binary as a supersoft X-ray source,Nature,10.1038/s41586-023-05714-4,n,1,alias_probability_calibrated,title,"single-system discovery/characterisation, RV, rotation, or unrelated topic; mentions aliases in passing"
2023PASP..135h5002B,2023,"Ben-Ami, S.",The Large Array Survey Telescope-Science Goals,Publications of the Astronomical Society of the Pacific,10.1088/1538-3873/aceb30,n,1,harmonic_correction_transit_search,title,"single-system discovery/characterisation, RV, rotation, or unrelated topic; mentions aliases in passing"
2023AJ....166..153A,2023,"Akana Murphy, Joseph M.",The TESS-Keck Survey. XVI. Mass Measurements for 12 Planets in Eight Systems,The Astronomical Journal,10.3847/1538-3881/ace2ca,n,1,toi_period_errors_catalog,title,"single-system discovery/characterisation, RV, rotation, or unrelated topic; mentions aliases in passing"
2023AJ....165..268V,2023,"Vowell, Noah",HIP 33609 b: An Eccentric Brown Dwarf Transiting a V = 7.3 Rapidly Rotating B Star,The Astronomical Journal,10.3847/1538-3881/acd197,n,1,toi_period_errors_catalog,title,"single-system discovery/characterisation, RV, rotation, or unrelated topic; mentions aliases in passing"
2023MNRAS.520.4226E,2023,"El Moutamid, Maryame",Mass derivation of planets K2-21b and K2-21c from transit timing variations,Monthly Notices of the Royal Astronomical Society,10.1093/mnras/stad238,n,1,toi_period_errors_catalog,title,"single-system discovery/characterisation, RV, rotation, or unrelated topic; mentions aliases in passing"
2023A&A...670A.139R,2023,"Ribas, I.",The CARMENES search for exoplanets around M dwarfs. Guaranteed time observations Data Release 1 (2016-2020),Astronomy and Astrophysics,10.1051/0004-6361/202244879,n,1,toi_period_errors_catalog,title,"single-system discovery/characterisation, RV, rotation, or unrelated topic; mentions aliases in passing"
2023arXiv230502551T,2023,"Tarrants, Thomas",No Evidence for Additional Planets at GJ 3470 from TESS and Archival Radial Velocities,arXiv e-prints,10.48550/arXiv.2305.02551,n,1,missing_transits_alias,title,"single-system discovery/characterisation, RV, rotation, or unrelated topic; mentions aliases in passing"
2022LPICo2687.3027L,2022,"Lissauer, J. J.",Updated Catalog of Kepler Planet Candidates: Focus on Accuracy and Orbital Periods,Exoplanets in Our Backyard 2,,n,1,period_alias_toi_tce,abstract,conference abstract of 2024PSJ.....5..152L.
2022RNAAS...6..207N,2022,"Nguyen, Kendra T.",Release of TESS Objects of Interest from TESS-SPOC Sectors 48 to 50 Full Frame Images,Research Notes of the American Astronomical Society,10.3847/2515-5172/ac983a,n,1,period_alias_toi_tce,title,"single-system discovery/characterisation, RV, rotation, or unrelated topic; mentions aliases in passing"
2022BAAS...54e.314O,2022,"Osborn, Hugh P.",Solving long-period TESS planets with CHEOPS: Orbits of the young sub-Neptunes around TOI-2076,Bulletin of the American Astronomical Society,,n,1,period_alias_toi_tce,title,"single-system discovery/characterisation, RV, rotation, or unrelated topic; mentions aliases in passing"
2022ApJ...927..219C,2022,"Claytor, Zachary R.",Recovery of TESS Stellar Rotation Periods Using Deep Learning,The Astrophysical Journal,10.3847/1538-4357/ac498f,n,1,period_alias_toi_tce,title,"single-system discovery/characterisation, RV, rotation, or unrelated topic; mentions aliases in passing"
2022ApJS..263...41A,2022,"Ayres, Thomas",In the Trenches of the Solar-Stellar Connection. VI. Total EclipSS,The Astrophysical Journal Supplement Series,10.3847/1538-4365/ac8cfc,n,1,true_period_half_tess,title,"single-system discovery/characterisation, RV, rotation, or unrelated topic; mentions aliases in passing"
2022MNRAS.516.2540K,2022,"Koen, C.",Candidate and confirmed ultrashort period main-sequence binary stars,Monthly Notices of the Royal Astronomical Society,10.1093/mnras/stac2348,n,1,true_period_half_tess,title,"single-system discovery/characterisation, RV, rotation, or unrelated topic; mentions aliases in passing"
2022MNRAS.513.5727B,2022,"Binks, A. S.",The Gaia-ESO survey: constraining evolutionary models and ages for young low mass stars with measurements of lithium depletion and rotation,Monthly Notices of the Royal Astronomical Society,10.1093/mnras/stac1245,n,1,true_period_half_tess,title,"single-system discovery/characterisation, RV, rotation, or unrelated topic; mentions aliases in passing"
2022ApJ...936...55B,2022,"Beard, Corey","GJ 3929: High-precision Photometric and Doppler Characterization of an Exo-Venus and Its Hot, Mini-Neptune-mass Companion",The Astrophysical Journal,10.3847/1538-4357/ac8480,n,1,alias_resolution_transit,title,"single-system discovery/characterisation, RV, rotation, or unrelated topic; mentions aliases in passing"
2022AAS...24043404L,2022,"Lubin, Jack",Stellar Activity Manifesting at a One Year Alias Explains Barnard b as a False Positive,American Astronomical Society Meeting #240,,n,1,alias_resolution_transit,title,"single-system discovery/characterisation, RV, rotation, or unrelated topic; mentions aliases in passing"
2022BAAS...54e4302L,2022,"Lubin, Jack",Stellar Activity Manifesting at a One-year Alias Explains Barnard b as a False Positive,Bulletin of the American Astronomical Society,,n,1,alias_resolution_transit,title,"single-system discovery/characterisation, RV, rotation, or unrelated topic; mentions aliases in passing"
2022A&A...668A..85C,2022,"Cacciapuoti, Luca","TESS discovery of a super-Earth and two sub-Neptunes orbiting the bright, nearby, Sun-like star HD 22946",Astronomy and Astrophysics,10.1051/0004-6361/202243565,n,1,alias_stellar_density,title,"single-system discovery/characterisation, RV, rotation, or unrelated topic; mentions aliases in passing"
2022A&A...668A..29G,2022,"Grieves, Nolan",An old warm Jupiter orbiting the metal-poor G-dwarf TOI-5542,Astronomy and Astrophysics,10.1051/0004-6361/202244077,n,1,alias_stellar_density,title,"single-system discovery/characterisation, RV, rotation, or unrelated topic; mentions aliases in passing"
2022AJ....164..218L,2022,"Lv, Chenglong",Asteroseismology of a Double-mode High-amplitude δ Scuti Star TIC 448892817,The Astronomical Journal,10.3847/1538-3881/ac9473,n,1,alias_stellar_density,title,"single-system discovery/characterisation, RV, rotation, or unrelated topic; mentions aliases in passing"
2022A&A...667A...1S,2022,"Serrano, L. M.",The HD 93963 A transiting system: A 1.04 d super-Earth and a 3.65 d sub-Neptune discovered by TESS and CHEOPS,Astronomy and Astrophysics,10.1051/0004-6361/202243093,n,1,alias_stellar_density,title,"single-system discovery/characterisation, RV, rotation, or unrelated topic; mentions aliases in passing"
2022ApJS..263....1R,2022,"Rubin, David",Uniform Recalibration of Common Spectrophotometry Standard Stars onto the CALSPEC System Using the SuperNova Integral Field Spectrograph,The Astrophysical Journal Supplement Series,10.3847/1538-4365/ac7b7f,n,1,alias_stellar_density,title,"single-system discovery/characterisation, RV, rotation, or unrelated topic; mentions aliases in passing"
2022AJ....164..137K,2022,"Kounkel, Marina",Untangling the Galaxy. IV. Empirical Constraints on Angular Momentum Evolution and Gyrochronology for Young Stars in the Field,The Astronomical Journal,10.3847/1538-3881/ac866d,n,1,alias_stellar_density,title,"single-system discovery/characterisation, RV, rotation, or unrelated topic; mentions aliases in passing"
2022MNRAS.516..636S,2022,"Sebastian, D.","Sub-stellar companions of intermediate-mass stars with CoRoT: CoRoT-34b, CoRoT-35b, and CoRoT-36b",Monthly Notices of the Royal Astronomical Society,10.1093/mnras/stac2131,n,1,alias_stellar_density,title,"single-system discovery/characterisation, RV, rotation, or unrelated topic; mentions aliases in passing"
2022A&A...666A.155C,2022,"Chaturvedi, P.","TOI-1468: A system of two transiting planets, a super-Earth and a mini-Neptune, on opposite sides of the radius valley",Astronomy and Astrophysics,10.1051/0004-6361/202244056,n,1,alias_stellar_density,title,"single-system discovery/characterisation, RV, rotation, or unrelated topic; mentions aliases in passing"
2022A&A...665A..91A,2022,"Almenara, J. M.",GJ 3090 b: one of the most favourable mini-Neptune for atmospheric characterisation,Astronomy and Astrophysics,10.1051/0004-6361/202243975,n,1,alias_stellar_density,title,"single-system discovery/characterisation, RV, rotation, or unrelated topic; mentions aliases in passing"
2022MNRAS.515.1328D,2022,"Dransfield, Georgina","HD 28109 hosts a trio of transiting Neptunian planets including a near-resonant pair, confirmed by ASTEP from Antarctica",Monthly Notices of the Royal Astronomical Society,10.1093/mnras/stac1383,n,1,alias_stellar_density,title,"single-system discovery/characterisation, RV, rotation, or unrelated topic; mentions aliases in passing"
2022A&A...665A.120C,2022,"Caballero, J. A.",A detailed analysis of the Gl 486 planetary system,Astronomy and Astrophysics,10.1051/0004-6361/202243548,n,1,alias_stellar_density,title,"single-system discovery/characterisation, RV, rotation, or unrelated topic; mentions aliases in passing"
2022AJ....164...80R,2022,"Rebull, L. M.",Rotation of Low-mass Stars in Upper Centaurus-Lupus and Lower Centaurus-Crux with TESS,The Astronomical Journal,10.3847/1538-3881/ac75f1,n,1,alias_stellar_density,title,"single-system discovery/characterisation, RV, rotation, or unrelated topic; mentions aliases in passing"
2022AJ....164...81K,2022,"Kanodia, Shubham",TOI-3757 b: A Low-density Gas Giant Orbiting a Solar-metallicity M Dwarf,The Astronomical Journal,10.3847/1538-3881/ac7c20,n,1,alias_stellar_density,title,"single-system discovery/characterisation, RV, rotation, or unrelated topic; mentions aliases in passing"
2022AJ....164...88B,2022,"Barber, Madyson G.",Transit Hunt for Young and Maturing Exoplanets (THYME). VIII. A Pleiades-age Association Harboring Two Transiting Planetary Systems from Kepler,The Astronomical Journal,10.3847/1538-3881/ac7b28,n,1,alias_stellar_density,title,"single-system discovery/characterisation, RV, rotation, or unrelated topic; mentions aliases in passing"
2022A&A...665A.154B,2022,"Barros, S. C. C.",HD 23472: a multi-planetary system with three super-Earths and two potential super-Mercuries,Astronomy and Astrophysics,10.1051/0004-6361/202244293,n,1,alias_stellar_density,title,"single-system discovery/characterisation, RV, rotation, or unrelated topic; mentions aliases in passing"
2022A&A...664A.163N,2022,"Nardiello, D.",The GAPS Programme at TNG. XXXVII. A precise density measurement of the young ultra-short period planet TOI-1807 b,Astronomy and Astrophysics,10.1051/0004-6361/202243743,n,1,alias_stellar_density,title,"single-system discovery/characterisation, RV, rotation, or unrelated topic; mentions aliases in passing"
2022arXiv220802781B,2022,"Breivik, Katelyn",From Data to Software to Science with the Rubin Observatory LSST,arXiv e-prints,10.48550/arXiv.2208.02781,n,1,alias_stellar_density,title,"single-system discovery/characterisation, RV, rotation, or unrelated topic; mentions aliases in passing"
2022ARA&A..60...31K,2022,"Kurtz, Donald W.",Asteroseismology Across the Hertzsprung-Russell Diagram,Annual Review of Astronomy and Astrophysics,10.1146/annurev-astro-052920-094232,n,1,alias_stellar_density,title,"single-system discovery/characterisation, RV, rotation, or unrelated topic; mentions aliases in passing"
2022PASJ...74..904H,2022,"Harakawa, Hiroki",A super-Earth orbiting near the inner edge of the habitable zone around the M4.5 dwarf Ross 508,Publications of the Astronomical Society of Japan,10.1093/pasj/psac044,n,1,alias_stellar_density,title,"single-system discovery/characterisation, RV, rotation, or unrelated topic; mentions aliases in passing"
2022AJ....163..293T,2022,"Turtelboom, Emma V.",The TESS-Keck Survey. XI. Mass Measurements for Four Transiting Sub-Neptunes Orbiting K Dwarf TOI-1246,The Astronomical Journal,10.3847/1538-3881/ac69e5,n,1,alias_stellar_density,title,"single-system discovery/characterisation, RV, rotation, or unrelated topic; mentions aliases in passing"
2022MNRAS.511.4551L,2022,"Lacedelli, G.","Investigating the architecture and internal structure of the TOI-561 system planets with CHEOPS, HARPS-N, and TESS",Monthly Notices of the Royal Astronomical Society,10.1093/mnras/stac199,n,1,alias_stellar_density,title,"single-system discovery/characterisation, RV, rotation, or unrelated topic; mentions aliases in passing"
2022NatAs...6..736S,2022,"Serrano, Luisa Maria",A low-eccentricity migration pathway for a 13-h-period Earth analogue in a four-planet system,Nature Astronomy,10.1038/s41550-022-01641-y,n,1,alias_stellar_density,title,"single-system discovery/characterisation, RV, rotation, or unrelated topic; mentions aliases in passing"
2022AJ....163..151S,2022,"Silverstein, Michele L.",The LHS 1678 System: Two Earth-sized Transiting Planets and an Astrometric Companion Orbiting an M Dwarf Near the Convective Boundary at 20 pc,The Astronomical Journal,10.3847/1538-3881/ac32e3,n,1,alias_stellar_density,title,"single-system discovery/characterisation, RV, rotation, or unrelated topic; mentions aliases in passing"
2022afas.confE...1K,2022,"Kurtz, Donald",Asteroseismology across the HR diagram,Annual Conference and General Assembly of the,,n,1,alias_stellar_density,title,"single-system discovery/characterisation, RV, rotation, or unrelated topic; mentions aliases in passing"
2022AJ....163..111G,2022,"Gilbert, Gregory J.",Accurate Modeling of Grazing Transits Using Umbrella Sampling,The Astronomical Journal,10.3847/1538-3881/ac45f4,n,1,alias_stellar_density,title,"single-system discovery/characterisation, RV, rotation, or unrelated topic; mentions aliases in passing"
2022A&A...659A..17K,2022,"Kemmer, J.","Discovery and mass measurement of the hot, transiting, Earth-sized planet, GJ 3929 b",Astronomy and Astrophysics,10.1051/0004-6361/202142653,n,1,alias_stellar_density,title,"single-system discovery/characterisation, RV, rotation, or unrelated topic; mentions aliases in passing"
2022A&A...658A.138G,2022,"González-Álvarez, E.",A multi-planetary system orbiting the early-M dwarf TOI-1238,Astronomy and Astrophysics,10.1051/0004-6361/202142128,n,1,alias_stellar_density,title,"single-system discovery/characterisation, RV, rotation, or unrelated topic; mentions aliases in passing"
2022MNRAS.509.3339K,2022,"Khandelwal, Akanksha",Discovery of an inflated hot Jupiter around a slightly evolved star TOI-1789,Monthly Notices of the Royal Astronomical Society,10.1093/mnras/stab2970,n,1,alias_stellar_density,title,"single-system discovery/characterisation, RV, rotation, or unrelated topic; mentions aliases in passing"
2022ApJS..258....8M,2022,"Molnár, L.","First Results on RR Lyrae Stars with the TESS Space Telescope: Untangling the Connections between Mode Content, Colors, and Distances",The Astrophysical Journal Supplement Series,10.3847/1538-4365/ac2ee2,n,1,alias_stellar_density,title,"single-system discovery/characterisation, RV, rotation, or unrelated topic; mentions aliases in passing"
2022MNRAS.517.1849B,2022,"Boulkaboul, A.",Analysis of Gaia radial-velocity standards: stability and new substellar companion candidates,Monthly Notices of the Royal Astronomical Society,10.1093/mnras/stac2674,n,1,alias_probability_calibrated,title,"single-system discovery/characterisation, RV, rotation, or unrelated topic; mentions aliases in passing"
2022MNRAS.517.4916E,2022,"El-Badry, Kareem",Magnetic braking saturates: evidence from the orbital period distribution of low-mass detached eclipsing binaries from ZTF,Monthly Notices of the Royal Astronomical Society,10.1093/mnras/stac2945,n,1,alias_probability_calibrated,title,"single-system discovery/characterisation, RV, rotation, or unrelated topic; mentions aliases in passing"
2022ApJ...938..101S,2022,"Savino, Alessandro",The Hubble Space Telescope Survey of M31 Satellite Galaxies. I. RR Lyrae-based Distances and Refined 3D Geometric Structure,The Astrophysical Journal,10.3847/1538-4357/ac91cb,n,1,alias_probability_calibrated,title,"single-system discovery/characterisation, RV, rotation, or unrelated topic; mentions aliases in passing"
2022ApJ...933...94B,2022,"Brown, Warren R.",The ELM Survey. IX. A Complete Sample of Low-mass White Dwarf Binaries in the SDSS Footprint,The Astrophysical Journal,10.3847/1538-4357/ac72ac,n,1,alias_probability_calibrated,title,"single-system discovery/characterisation, RV, rotation, or unrelated topic; mentions aliases in passing"
2022AJ....163..263H,2022,"Hillenbrand, Lynne A.",A Zwicky Transient Facility Look at Optical Variability of Young Stellar Objects in the North America and Pelican Nebulae Complex,The Astronomical Journal,10.3847/1538-3881/ac62d8,n,1,alias_probability_calibrated,title,"single-system discovery/characterisation, RV, rotation, or unrelated topic; mentions aliases in passing"
2022MNRAS.511.1647F,2022,"Farihi, J.",Relentless and complex transits from a planetesimal debris disc,Monthly Notices of the Royal Astronomical Society,10.1093/mnras/stab3475,n,1,alias_probability_calibrated,title,"single-system discovery/characterisation, RV, rotation, or unrelated topic; mentions aliases in passing"
2022MNRAS.513.2732S,2022,"Shahaf, S.",fBLS - a fast-folding BLS algorithm,Monthly Notices of the Royal Astronomical Society,10.1093/mnras/stac960,n,1,harmonic_correction_transit_search,abstract,abstract: fBLS fast folding search. No alias resolution.
2022arXiv220606693G,2022,"Ge, Jian",ET White Paper: To Find the First Earth 2.0,arXiv e-prints,10.48550/arXiv.2206.06693,n,1,harmonic_correction_transit_search,title,"single-system discovery/characterisation, RV, rotation, or unrelated topic; mentions aliases in passing"
2022AJ....163..269R,2022,"Reefe, Michael A.",A Close-in Puffy Neptune with Hidden Friends: The Enigma of TOI 620,The Astronomical Journal,10.3847/1538-3881/ac658b,n,1,harmonic_correction_transit_search,title,"single-system discovery/characterisation, RV, rotation, or unrelated topic; mentions aliases in passing"
2022ApJS..258...16P,2022,"Prša, Andrej",TESS Eclipsing Binary Stars. I. Short-cadence Observations of 4584 Eclipsing Binaries in Sectors 1-26,The Astrophysical Journal Supplement Series,10.3847/1538-4365/ac324a,y,1,harmonic_correction_transit_search,already_reviewed,in paper/bib_sources.csv; see docs/related_work.md
2022MNRAS.516.4684F,2022,"Fox, Chris",NEOSSat observations of three transiting hot Jupiters,Monthly Notices of the Royal Astronomical Society,10.1093/mnras/stac2575,n,1,toi_period_errors_catalog,title,"single-system discovery/characterisation, RV, rotation, or unrelated topic; mentions aliases in passing"
2022A&A...666A.143K,2022,"Kossakowski, D.",The CARMENES search for exoplanets around M dwarfs. Stable radial-velocity variations at the rotation period of AD Leonis: A test case study of current limitations to treating stellar activity,Astronomy and Astrophysics,10.1051/0004-6361/202243773,n,1,toi_period_errors_catalog,title,"single-system discovery/characterisation, RV, rotation, or unrelated topic; mentions aliases in passing"
2022arXiv221004162P,2022,"Peng, Peifeng",New Parameter Measurements for the Ultra-Short-Period Planet TOI-1807b,arXiv e-prints,10.48550/arXiv.2210.04162,n,1,toi_period_errors_catalog,title,"single-system discovery/characterisation, RV, rotation, or unrelated topic; mentions aliases in passing"
2022SPIE12186E..1OM,2022,"Masur, Tilman",ExoTOM: a target-observation-manager automating exoplanet transit follow-up,"Observatory Operations: Strategies, Processes, and Systems IX",10.1117/12.2628823,n,1,toi_period_errors_catalog,title,"single-system discovery/characterisation, RV, rotation, or unrelated topic; mentions aliases in passing"
2022SPIE12180E..0DB,2022,"Barry, Richard K.",CLEoPATRA: contemporaneous lensing parallax and autonomous transient assay,"Space Telescopes and Instrumentation 2022: Optical, Infrared, and Millimeter Wave",10.1117/12.2620310,n,1,toi_period_errors_catalog,title,"single-system discovery/characterisation, RV, rotation, or unrelated topic; mentions aliases in passing"
2022AJ....164...27W,2022,"Wittrock, Justin M.",Transit Timing Variations for AU Microscopii b and c,The Astronomical Journal,10.3847/1538-3881/ac68e5,n,1,toi_period_errors_catalog,title,"single-system discovery/characterisation, RV, rotation, or unrelated topic; mentions aliases in passing"
2022MNRAS.511.4285B,2022,"Battley, Matthew P.",YOUNG Star detrending for Transiting Exoplanet Recovery (YOUNGSTER) - II. Using self-organizing maps to explore young star variability in sectors 1-13 of TESS data,Monthly Notices of the Royal Astronomical Society,10.1093/mnras/stac278,n,1,toi_period_errors_catalog,title,"single-system discovery/characterisation, RV, rotation, or unrelated topic; mentions aliases in passing"
2022A&A...660A..86M,2022,"Martioli, E.",TOI-1759 b: A transiting sub-Neptune around a low mass star characterized with SPIRou and TESS,Astronomy and Astrophysics,10.1051/0004-6361/202142540,n,1,toi_period_errors_catalog,title,"single-system discovery/characterisation, RV, rotation, or unrelated topic; mentions aliases in passing"
2021AJ....162..259Z,2021,"Zink, Jon K.",Scaling K2. IV. A Uniform Planet Sample for Campaigns 1-8 and 10-18,The Astronomical Journal,10.3847/1538-3881/ac2309,n,1,period_alias_toi_tce,abstract,abstract: K2 uniform sample; inverted-LC reliability test. No alias resolution.
2021MNRAS.505.2741A,2021,"Acton, Jack S.",NGTS-19b: a high-mass transiting brown dwarf in a 17-d eccentric orbit,Monthly Notices of the Royal Astronomical Society,10.1093/mnras/stab1459,n,1,period_alias_toi_tce,title,"single-system discovery/characterisation, RV, rotation, or unrelated topic; mentions aliases in passing"
2021tsc2.confE.120C,2021,"Claytor, Zachary R.",Recovery of TESS Stellar Rotation Periods with Deep Learning,Posters from the TESS Science Conference II (TSC2),10.5281/zenodo.5130587,n,1,period_alias_toi_tce,title,"single-system discovery/characterisation, RV, rotation, or unrelated topic; mentions aliases in passing"
2021SPIE11823E..1US,2021,"Steuer, Jana",Confirming transiting exoplanets with the Fraunhofer Telescope Wendelstein,Techniques and Instrumentation for Detection of Exoplanets X,10.1117/12.2594662,n,1,true_period_half_tess,title,"single-system discovery/characterisation, RV, rotation, or unrelated topic; mentions aliases in passing"
2021MNRAS.504.6018T,2021,"Tilbrook, Rosanna H.","NGTS 15b, 16b, 17b, and 18b: four hot Jupiters from the Next-Generation Transit Survey",Monthly Notices of the Royal Astronomical Society,10.1093/mnras/stab815,n,1,true_period_half_tess,title,"single-system discovery/characterisation, RV, rotation, or unrelated topic; mentions aliases in passing"
2021ApJ...916...24K,2021,"Klement, Robert",ν Gem: A Hierarchical Triple System with an Outer Be Star,The Astrophysical Journal,10.3847/1538-4357/ac062c,n,1,true_period_half_tess,title,"single-system discovery/characterisation, RV, rotation, or unrelated topic; mentions aliases in passing"
2021Sci...374.1271L,2021,"Lam, Kristine W. F.","GJ 367b: A dense, ultrashort-period sub-Earth planet transiting a nearby red dwarf star",Science,10.1126/science.aay3253,n,1,alias_stellar_density,title,"single-system discovery/characterisation, RV, rotation, or unrelated topic; mentions aliases in passing"
2021A&A...656A.124K,2021,"Kossakowski, D.",TOI-1201 b: A mini-Neptune transiting a bright and moderately young M dwarf,Astronomy and Astrophysics,10.1051/0004-6361/202141587,n,1,alias_stellar_density,title,"single-system discovery/characterisation, RV, rotation, or unrelated topic; mentions aliases in passing"
2021AJ....162..204H,2021,"Hey, Daniel R.",A Search for Transits among the Delta Scuti Variables in Kepler,The Astronomical Journal,10.3847/1538-3881/ac1b9b,n,1,alias_stellar_density,title,"single-system discovery/characterisation, RV, rotation, or unrelated topic; mentions aliases in passing"
2021AJ....162..174C,2021,"Cloutier, Ryan",A More Precise Mass for GJ 1214 b and the Frequency of Multiplanet Systems Around Mid-M Dwarfs,The Astronomical Journal,10.3847/1538-3881/ac1584,n,1,alias_stellar_density,title,"single-system discovery/characterisation, RV, rotation, or unrelated topic; mentions aliases in passing"
2021A&A...654A.159S,2021,"Szabó, Gy. M.","The changing face of AU Mic b: stellar spots, spin-orbit commensurability, and transit timing variations as seen by CHEOPS and TESS",Astronomy and Astrophysics,10.1051/0004-6361/202140345,n,1,alias_stellar_density,title,"single-system discovery/characterisation, RV, rotation, or unrelated topic; mentions aliases in passing"
2021A&A...653A..41D,2021,"Demangeon, O. D. S.",Warm terrestrial planet with half the mass of Venus transiting a nearby star,Astronomy and Astrophysics,10.1051/0004-6361/202140728,n,1,alias_stellar_density,title,"single-system discovery/characterisation, RV, rotation, or unrelated topic; mentions aliases in passing"
2021A&A...653A.105O,2021,"Otegi, J. F.",TESS and HARPS reveal two sub-Neptunes around TOI 1062,Astronomy and Astrophysics,10.1051/0004-6361/202040247,n,1,alias_stellar_density,title,"single-system discovery/characterisation, RV, rotation, or unrelated topic; mentions aliases in passing"
2021ApJ...917...43S,2021,"Suková, Petra",Stellar Transits across a Magnetized Accretion Torus as a Mechanism for Plasmoid Ejection,The Astrophysical Journal,10.3847/1538-4357/ac05c6,n,1,alias_stellar_density,title,"single-system discovery/characterisation, RV, rotation, or unrelated topic; mentions aliases in passing"
2021AJ....162...62D,2021,"Dai, Fei",TKS X: Confirmation of TOI-1444b and a Comparative Analysis of the Ultra-short-period Planets with Hot Neptunes,The Astronomical Journal,10.3847/1538-3881/ac02bd,n,1,alias_stellar_density,title,"single-system discovery/characterisation, RV, rotation, or unrelated topic; mentions aliases in passing"
2021PASP..133h4201P,2021,"Poro, Atila",Observational and Theoretical Studies of 27 δ Scuti Stars with Investigation of the Period-Luminosity Relation,Publications of the Astronomical Society of the Pacific,10.1088/1538-3873/ac12dc,n,1,alias_stellar_density,title,"single-system discovery/characterisation, RV, rotation, or unrelated topic; mentions aliases in passing"
2021AJ....162...79C,2021,"Cloutier, Ryan",TOI-1634 b: An Ultra-short-period Keystone Planet Sitting inside the M-dwarf Radius Valley,The Astronomical Journal,10.3847/1538-3881/ac0157,n,1,alias_stellar_density,title,"single-system discovery/characterisation, RV, rotation, or unrelated topic; mentions aliases in passing"
2021A&A...650A.145C,2021,"Cointepas, M.",TOI-269 b: an eccentric sub-Neptune transiting a M2 dwarf revisited with ExTrA,Astronomy and Astrophysics,10.1051/0004-6361/202140328,n,1,alias_stellar_density,title,"single-system discovery/characterisation, RV, rotation, or unrelated topic; mentions aliases in passing"
2021ExA....51..783H,2021,"Hobbs, David",All-sky visible and near infrared space astrometry,Experimental Astronomy,10.1007/s10686-021-09705-z,n,1,alias_stellar_density,title,"single-system discovery/characterisation, RV, rotation, or unrelated topic; mentions aliases in passing"
2021NatAs...5..775D,2021,"Delrez, Laetitia",Transit detection of the long-period volatile-rich super-Earth ν<SUP>2</SUP> Lupi d with CHEOPS,Nature Astronomy,10.1038/s41550-021-01381-5,n,1,alias_stellar_density,title,"single-system discovery/characterisation, RV, rotation, or unrelated topic; mentions aliases in passing"
2021A&A...649A..26L,2021,"Leleu, A.",Six transiting planets and a chain of Laplace resonances in TOI-178,Astronomy and Astrophysics,10.1051/0004-6361/202039767,n,1,alias_stellar_density,title,"single-system discovery/characterisation, RV, rotation, or unrelated topic; mentions aliases in passing"
2021AJ....161..161D,2021,"Dawson, Rebekah I.",Precise Transit and Radial-velocity Characterization of a Resonant Pair: The Warm Jupiter TOI-216c and Eccentric Warm Neptune TOI-216b,The Astronomical Journal,10.3847/1538-3881/abd8d0,n,1,alias_stellar_density,title,"single-system discovery/characterisation, RV, rotation, or unrelated topic; mentions aliases in passing"
2021MNRAS.502.3704A,2021,"Addison, Brett C.",TOI-257b (HD 19916b): a warm sub-saturn orbiting an evolved F-type star,Monthly Notices of the Royal Astronomical Society,10.1093/mnras/staa3960,n,1,alias_stellar_density,title,"single-system discovery/characterisation, RV, rotation, or unrelated topic; mentions aliases in passing"
2021MNRAS.502..242L,2021,"Labadie-Bartz, Jonathan",Short-term variability and mass loss in Be stars - VI. Frequency groups in γ Cas detected by TESS,Monthly Notices of the Royal Astronomical Society,10.1093/mnras/staa3913,n,1,alias_stellar_density,title,"single-system discovery/characterisation, RV, rotation, or unrelated topic; mentions aliases in passing"
2021MNRAS.501.6042G,2021,"Gan, Tianjun",Revisiting the HD 21749 planetary system with stellar activity modelling,Monthly Notices of the Royal Astronomical Society,10.1093/mnras/staa3886,n,1,alias_stellar_density,title,"single-system discovery/characterisation, RV, rotation, or unrelated topic; mentions aliases in passing"
2021AJ....161...56W,2021,"Weiss, Lauren M.",The TESS-Keck Survey. II. An Ultra-short-period Rocky Planet and Its Siblings Transiting the Galactic Thick-disk Star TOI-561,The Astronomical Journal,10.3847/1538-3881/abd409,n,1,alias_stellar_density,title,"single-system discovery/characterisation, RV, rotation, or unrelated topic; mentions aliases in passing"
2021A&A...645A..71C,2021,"Carleo, I.",The GAPS Programme at TNG. XXVIII. A pair of hot-Neptunes orbiting the young star TOI-942,Astronomy and Astrophysics,10.1051/0004-6361/202039042,n,1,alias_stellar_density,title,"single-system discovery/characterisation, RV, rotation, or unrelated topic; mentions aliases in passing"
2021A&A...645A..41L,2021,"Luque, R.",A planetary system with two transiting mini-Neptunes near the radius valley transition around the bright M dwarf TOI-776,Astronomy and Astrophysics,10.1051/0004-6361/202039455,n,1,alias_stellar_density,title,"single-system discovery/characterisation, RV, rotation, or unrelated topic; mentions aliases in passing"
2021A&A...656A.103F,2021,"Fritzewski, D. J.",A detailed understanding of the rotation-activity relationship using the 300 Myr old open cluster NGC 3532,Astronomy and Astrophysics,10.1051/0004-6361/202140896,n,1,alias_probability_calibrated,title,"single-system discovery/characterisation, RV, rotation, or unrelated topic; mentions aliases in passing"
2021PSJ.....2..236F,2021,"Farnham, Tony L.",Early Activity in Comet C/2014 UN271 Bernardinelli-Bernstein as Observed by TESS,The Planetary Science Journal,10.3847/PSJ/ac323d,n,1,alias_probability_calibrated,title,"single-system discovery/characterisation, RV, rotation, or unrelated topic; mentions aliases in passing"
2021A&A...653A..49B,2021,"Baroch, D.","The CARMENES search for exoplanets around M dwarfs. Spectroscopic orbits of nine M-dwarf multiple systems, including two triples, two brown dwarf candidates, and one close M-dwarf-white dwarf binary",Astronomy and Astrophysics,10.1051/0004-6361/202141031,n,1,alias_probability_calibrated,title,"single-system discovery/characterisation, RV, rotation, or unrelated topic; mentions aliases in passing"
2021ApJ...917...41V,2021,"Vanderbosch, Zachary P.",Recurring Planetary Debris Transits and Circumstellar Gas around White Dwarf ZTF J0328-1219,The Astrophysical Journal,10.3847/1538-4357/ac0822,n,1,alias_probability_calibrated,title,"single-system discovery/characterisation, RV, rotation, or unrelated topic; mentions aliases in passing"
2021ApJ...916L..11Z,2021,"Zhang, Zhoujian",The Second Discovery from the COCONUTS Program: A Cold Wide-orbit Exoplanet around a Young Field M Dwarf at 10.9 pc,The Astrophysical Journal Letters,10.3847/2041-8213/ac1123,n,1,alias_probability_calibrated,title,"single-system discovery/characterisation, RV, rotation, or unrelated topic; mentions aliases in passing"
2021Natur.596..505P,2021,"Pastor-Marazuela, Inés",Chromatic periodic activity down to 120 megahertz in a fast radio burst,Nature,10.1038/s41586-021-03724-8,n,1,alias_probability_calibrated,title,"single-system discovery/characterisation, RV, rotation, or unrelated topic; mentions aliases in passing"
2021arXiv210714291C,2021,"Crass, Jonathan",Extreme Precision Radial Velocity Working Group Final Report,arXiv e-prints,10.48550/arXiv.2107.14291,n,1,alias_probability_calibrated,title,"single-system discovery/characterisation, RV, rotation, or unrelated topic; mentions aliases in passing"
2021AJ....161..157H,2021,"Hurt, Spencer A.",A Decade of Radial-velocity Monitoring of Vega and New Limits on the Presence of Planets,The Astronomical Journal,10.3847/1538-3881/abdec8,n,1,alias_probability_calibrated,title,"single-system discovery/characterisation, RV, rotation, or unrelated topic; mentions aliases in passing"
2021ApJ...910..133S,2021,"Stassun, Keivan G.",Discovery and Characterization of a Rare Magnetic Hybrid β Cephei Slowly Pulsating B-type Star in an Eclipsing Binary in the Young Open Cluster NGC 6193,The Astrophysical Journal,10.3847/1538-4357/abe5a8,n,1,alias_probability_calibrated,title,"single-system discovery/characterisation, RV, rotation, or unrelated topic; mentions aliases in passing"
2021AJ....161...10B,2021,"Burt, Jennifer",A Collage of Small Planets from the Lick-Carnegie Exoplanet Survey: Exploring the Super-Earth and Sub-Neptune Mass Regime,The Astronomical Journal,10.3847/1538-3881/abc2d0,n,1,harmonic_correction_transit_search,title,"single-system discovery/characterisation, RV, rotation, or unrelated topic; mentions aliases in passing"
2021MNRAS.507.3593M,2021,"Moe, Maxwell",Impact of binary stars on planet statistics - I. Planet occurrence rates and trends with stellar mass,Monthly Notices of the Royal Astronomical Society,10.1093/mnras/stab2328,n,1,toi_period_errors_catalog,title,"single-system discovery/characterisation, RV, rotation, or unrelated topic; mentions aliases in passing"
2021AJ....162..147H,2021,"Howard, Ward S.",Rotation Periods of TESS Objects of Interest from the Magellan-TESS Survey with Multiband Photometry from Evryscope and TESS,The Astronomical Journal,10.3847/1538-3881/ac0fe3,n,1,toi_period_errors_catalog,title,"single-system discovery/characterisation, RV, rotation, or unrelated topic; mentions aliases in passing"
2021AJ....162..161H,2021,"Hirano, Teruyuki",Two Bright M Dwarfs Hosting Ultra-Short-Period Super-Earths with Earth-like Compositions,The Astronomical Journal,10.3847/1538-3881/ac0fdc,n,1,toi_period_errors_catalog,title,"single-system discovery/characterisation, RV, rotation, or unrelated topic; mentions aliases in passing"
2021AJ....162...87B,2021,"Burt, Jennifer A.","TOI-1231 b: A Temperate, Neptune-sized Planet Transiting the Nearby M3 Dwarf NLTT 24399",The Astronomical Journal,10.3847/1538-3881/ac0432,n,1,toi_period_errors_catalog,title,"single-system discovery/characterisation, RV, rotation, or unrelated topic; mentions aliases in passing"
2021ApJS..254...39G,2021,"Guerrero, Natalia M.",The TESS Objects of Interest Catalog from the TESS Prime Mission,The Astrophysical Journal Supplement Series,10.3847/1538-4365/abefe1,y,1,toi_period_errors_catalog,already_reviewed,in paper/bib_sources.csv; see docs/related_work.md
2021MNRAS.503.4092B,2021,"Battley, Matthew P.",Revisiting the Kepler field with TESS: Improved ephemerides using TESS 2 min data,Monthly Notices of the Royal Astronomical Society,10.1093/mnras/stab701,n,1,toi_period_errors_catalog,title,"single-system discovery/characterisation, RV, rotation, or unrelated topic; mentions aliases in passing"
2021ApJ...909L...6P,2021,"Palatnick, Skyler",Validation of HD 183579b Using Archival Radial Velocities: A Warm Neptune Orbiting a Bright Solar Analog,The Astrophysical Journal Letters,10.3847/2041-8213/abe0bb,n,1,toi_period_errors_catalog,title,"single-system discovery/characterisation, RV, rotation, or unrelated topic; mentions aliases in passing"
2021A&A...647A.160H,2021,"Heeren, Paul",Precise radial velocities of giant stars. XV. Mysterious nearly periodic radial velocity variations in the eccentric binary ε Cygni,Astronomy and Astrophysics,10.1051/0004-6361/202040087,n,1,toi_period_errors_catalog,title,"single-system discovery/characterisation, RV, rotation, or unrelated topic; mentions aliases in passing"
2021AJ....161...65N,2021,"Newton, Elisabeth R.",TESS Hunt for Young and Maturing Exoplanets (THYME). IV. Three Small Planets Orbiting a 120 Myr Old Star in the Pisces-Eridanus Stream,The Astronomical Journal,10.3847/1538-3881/abccc6,n,1,toi_period_errors_catalog,title,"single-system discovery/characterisation, RV, rotation, or unrelated topic; mentions aliases in passing"
2021AAS...23721708P,2021,"Palatnick, S.",Validation OF HD 183579b Using Archival Radial Velocities: A Warm-Neptune Orbiting a Bright Solar Analog,American Astronomical Society Meeting Abstracts #237,,n,1,toi_period_errors_catalog,title,"single-system discovery/characterisation, RV, rotation, or unrelated topic; mentions aliases in passing"
2021A&A...655A..66L,2021,"Leleu, A.",Alleviating the transit timing variation bias in transit surveys. I. RIVERS: Method and detection of a pair of resonant super-Earths around Kepler-1705,Astronomy and Astrophysics,10.1051/0004-6361/202141471,n,1,missing_transits_alias,title,"single-system discovery/characterisation, RV, rotation, or unrelated topic; mentions aliases in passing"
2021MNRAS.506.2104T,2021,"Teachey, Alex",The exomoon corridor for multiple moon systems,Monthly Notices of the Royal Astronomical Society,10.1093/mnras/stab1840,n,1,missing_transits_alias,title,"single-system discovery/characterisation, RV, rotation, or unrelated topic; mentions aliases in passing"
2021AJ....161..247F,2021,"Feliz, Dax L.",NEMESIS: Exoplanet Transit Survey of Nearby M-dwarfs in TESS FFIs. I.,The Astronomical Journal,10.3847/1538-3881/abedb3,n,1,missing_transits_alias,abstract,abstract: NEMESIS single-sector FFI search. No alias resolution.
2020ApJS..250...20C,2020,"Canto Martins, B. L.",A Search for Rotation Periods in 1000 TESS Objects of Interest,The Astrophysical Journal Supplement Series,10.3847/1538-4365/aba73f,n,1,period_alias_toi_tce,title,"single-system discovery/characterisation, RV, rotation, or unrelated topic; mentions aliases in passing"
2020A&A...644A..16G,2020,"Gruner, D.",Rotation periods for cool stars in the open cluster Ruprecht 147 (NGC 6774). Implications for gyrochronology,Astronomy and Astrophysics,10.1051/0004-6361/202038984,n,1,true_period_half_tess,title,"single-system discovery/characterisation, RV, rotation, or unrelated topic; mentions aliases in passing"
2020MNRAS.497.2320R,2020,"Ramsay, Gavin",TESS observations of southern ultrafast rotating low-mass stars,Monthly Notices of the Royal Astronomical Society,10.1093/mnras/staa2021,n,1,true_period_half_tess,title,"single-system discovery/characterisation, RV, rotation, or unrelated topic; mentions aliases in passing"
2020AJ....160...76R,2020,"Rowden, Pamela",TIC 278956474: Two Close Binaries in One Young Quadruple System Identified by TESS,The Astronomical Journal,10.3847/1538-3881/ab9d20,n,1,true_period_half_tess,title,"single-system discovery/characterisation, RV, rotation, or unrelated topic; mentions aliases in passing"
2020MNRAS.494.3596D,2020,"Doyle, L.",Superflares and variability in solar-type stars with TESS in the Southern hemisphere,Monthly Notices of the Royal Astronomical Society,10.1093/mnras/staa923,n,1,true_period_half_tess,title,"single-system discovery/characterisation, RV, rotation, or unrelated topic; mentions aliases in passing"
2020AJ....160..259S,2020,"Stefánsson, Guðmundur",A Mini-Neptune and a Radius Valley Planet Orbiting the Nearby M2 Dwarf TOI-1266 in Its Venus Zone: Validation with the Habitable-zone Planet Finder,The Astronomical Journal,10.3847/1538-3881/abbe19,n,1,alias_stellar_density,title,"single-system discovery/characterisation, RV, rotation, or unrelated topic; mentions aliases in passing"
2020A&A...642A.236K,2020,"Kemmer, J.","Discovery of a hot, transiting, Earth-sized planet and a second temperate, non-transiting planet around the M4 dwarf GJ 3473 (TOI-488)",Astronomy and Astrophysics,10.1051/0004-6361/202038967,n,1,alias_stellar_density,title,"single-system discovery/characterisation, RV, rotation, or unrelated topic; mentions aliases in passing"
2020A&A...642A..64W,2020,"Weiss, W. W.",New BRITE-Constellation observations of the roAp star α Cir,Astronomy and Astrophysics,10.1051/0004-6361/202038345,n,1,alias_stellar_density,title,"single-system discovery/characterisation, RV, rotation, or unrelated topic; mentions aliases in passing"
2020AJ....160..172N,2020,"Niraula, Prajwal",π Earth: A 3.14 day Earth-sized Planet from K2's Kitchen Served Warm by the SPECULOOS Team,The Astronomical Journal,10.3847/1538-3881/aba95f,n,1,alias_stellar_density,title,"single-system discovery/characterisation, RV, rotation, or unrelated topic; mentions aliases in passing"
2020A&A...640A..32H,2020,"Hébrard, G.",Discovery and characterization of the exoplanets WASP-148b and c. A transiting system with two interacting giant planets,Astronomy and Astrophysics,10.1051/0004-6361/202038296,n,1,alias_stellar_density,title,"single-system discovery/characterisation, RV, rotation, or unrelated topic; mentions aliases in passing"
2020AJ....160...86B,2020,"Bouma, L. G.","PTFO 8-8695: Two Stars, Two Signals, No Planet",The Astronomical Journal,10.3847/1538-3881/ab9e73,n,1,alias_stellar_density,title,"single-system discovery/characterisation, RV, rotation, or unrelated topic; mentions aliases in passing"
2020MNRAS.496.5423M,2020,"Malla, Sai Prathyusha",Asteroseismic masses of four evolved planet-hosting stars using SONG and TESS: resolving the retired A-star mass controversy,Monthly Notices of the Royal Astronomical Society,10.1093/mnras/staa1793,n,1,alias_stellar_density,title,"single-system discovery/characterisation, RV, rotation, or unrelated topic; mentions aliases in passing"
2020A&A...639A..34V,2020,"von Essen, C.",TESS unveils the phase curve of WASP-33b. Characterization of the planetary atmosphere and the pulsations from the star,Astronomy and Astrophysics,10.1051/0004-6361/202037905,n,1,alias_stellar_density,title,"single-system discovery/characterisation, RV, rotation, or unrelated topic; mentions aliases in passing"
2020AJ....160...18A,2020,"Auge, Connor",Beyond Gaia: Asteroseismic Distances of M Giants Using Ground-based Transient Surveys,The Astronomical Journal,10.3847/1538-3881/ab91bf,n,1,alias_stellar_density,title,"single-system discovery/characterisation, RV, rotation, or unrelated topic; mentions aliases in passing"
2020MNRAS.495.1888M,2020,"Murphy, S. J.",The pulsation properties of λ bootis stars I. the southern TESS sample,Monthly Notices of the Royal Astronomical Society,10.1093/mnras/staa1271,n,1,alias_stellar_density,title,"single-system discovery/characterisation, RV, rotation, or unrelated topic; mentions aliases in passing"
2020arXiv200611180S,2020,"Stefansson, Gudmundur",A Mini-Neptune and a Venus-Zone Planet in the Radius Valley Orbiting the Nearby M2-dwarf TOI-1266: Validation with the Habitable-zone Planet Finder,arXiv e-prints,10.48550/arXiv.2006.11180,n,1,alias_stellar_density,title,"single-system discovery/characterisation, RV, rotation, or unrelated topic; mentions aliases in passing"
2020NatAs...4.1092M,2020,"Momany, Y.",A plague of magnetic spots among the hot stars of globular clusters,Nature Astronomy,10.1038/s41550-020-1113-4,n,1,alias_stellar_density,title,"single-system discovery/characterisation, RV, rotation, or unrelated topic; mentions aliases in passing"
2020AJ....159..242W,2020,"Weiss, Lauren M.","The Discovery of the Long-Period, Eccentric Planet Kepler-88 d and System Characterization with Radial Velocities and Photodynamical Analysis",The Astronomical Journal,10.3847/1538-3881/ab88ca,n,1,alias_stellar_density,title,"single-system discovery/characterisation, RV, rotation, or unrelated topic; mentions aliases in passing"
2020MNRAS.493..973D,2020,"Díaz, Matías R.",TOI-132 b: A short-period planet in the Neptune desert transiting a V = 11.3 G-type star<SUP>★</SUP>,Monthly Notices of the Royal Astronomical Society,10.1093/mnras/staa277,n,1,alias_stellar_density,title,"single-system discovery/characterisation, RV, rotation, or unrelated topic; mentions aliases in passing"
2020MNRAS.492.5399N,2020,"Nielsen, L. D.",Mass determinations of the three mini-Neptunes transiting TOI-125,Monthly Notices of the Royal Astronomical Society,10.1093/mnras/staa197,n,1,alias_stellar_density,title,"single-system discovery/characterisation, RV, rotation, or unrelated topic; mentions aliases in passing"
2020MNRAS.492.1008G,2020,"Gillen, Edward",NGTS clusters survey - I. Rotation in the young benchmark open cluster Blanco 1,Monthly Notices of the Royal Astronomical Society,10.1093/mnras/stz3251,n,1,alias_stellar_density,title,"single-system discovery/characterisation, RV, rotation, or unrelated topic; mentions aliases in passing"
2020ApJ...888...49W,2020,"Wang, Kun",Discovery of Two Pulsating Extremely Low-mass Pre-white Dwarf Candidates in the TESS Eclipsing Binaries,The Astrophysical Journal,10.3847/1538-4357/ab584c,n,1,alias_stellar_density,title,"single-system discovery/characterisation, RV, rotation, or unrelated topic; mentions aliases in passing"
2020A&A...641A..51F,2020,"Fritzewski, D. J.",The rotation period distribution of the rich Pleiades-age southern open cluster NGC 2516. Existence of a representative zero-age main sequence distribution,Astronomy and Astrophysics,10.1051/0004-6361/201936860,n,1,alias_probability_calibrated,title,"single-system discovery/characterisation, RV, rotation, or unrelated topic; mentions aliases in passing"
2020A&A...641A..25N,2020,"Nielsen, M. B.",TESS asteroseismology of the known planet host star λ<SUP>2</SUP> Fornacis,Astronomy and Astrophysics,10.1051/0004-6361/202037461,n,1,alias_probability_calibrated,title,"single-system discovery/characterisation, RV, rotation, or unrelated topic; mentions aliases in passing"
2020MNRAS.497.3790L,2020,"Lienhard, F.",Global analysis of the TRAPPIST Ultra-Cool Dwarf Transit Survey,Monthly Notices of the Royal Astronomical Society,10.1093/mnras/staa2054,n,1,alias_probability_calibrated,title,"single-system discovery/characterisation, RV, rotation, or unrelated topic; mentions aliases in passing"
2020arXiv200901881H,2020,"Heller, René","Astrophysical Simulations and Data Analyses on the Formation, Detection, and Habitability of Moons Around Extrasolar Planets",arXiv e-prints,10.48550/arXiv.2009.01881,n,1,alias_probability_calibrated,title,"single-system discovery/characterisation, RV, rotation, or unrelated topic; mentions aliases in passing"
2020MNRAS.496.1730F,2020,"Ferreira Lopes, C. E.",The VISTA Variables in the Vía Láctea infrared variability catalogue (VIVA-I),Monthly Notices of the Royal Astronomical Society,10.1093/mnras/staa1352,n,1,alias_probability_calibrated,title,"single-system discovery/characterisation, RV, rotation, or unrelated topic; mentions aliases in passing"
2020AJ....159..286S,2020,"Stark, Christopher C.",Toward Complete Characterization: Prospects for Directly Imaging Transiting Exoplanets,The Astronomical Journal,10.3847/1538-3881/ab8f26,n,1,alias_probability_calibrated,title,"single-system discovery/characterisation, RV, rotation, or unrelated topic; mentions aliases in passing"
2020A&A...637A..93G,2020,"González-Álvarez, E.",The CARMENES search for exoplanets around M dwarfs. A super-Earth planet orbiting HD 79211 (GJ 338 B),Astronomy and Astrophysics,10.1051/0004-6361/201937050,n,1,alias_probability_calibrated,title,"single-system discovery/characterisation, RV, rotation, or unrelated topic; mentions aliases in passing"
2020ApJS..247...44A,2020,"Arnold, R. Alex",Long-period High-amplitude Red Variables in the KELT Survey,The Astrophysical Journal Supplement Series,10.3847/1538-4365/ab6bdb,n,1,alias_probability_calibrated,title,"single-system discovery/characterisation, RV, rotation, or unrelated topic; mentions aliases in passing"
2020NatAs...4..399S,2020,"Staab, D.",A compact multi-planet system around a bright nearby star from the Dispersed Matter Planet Project,Nature Astronomy,10.1038/s41550-019-0974-x,n,1,alias_probability_calibrated,title,"single-system discovery/characterisation, RV, rotation, or unrelated topic; mentions aliases in passing"
2020NatAs...4..408H,2020,"Haswell, Carole A.",Dispersed Matter Planet Project discoveries of ablating planets orbiting nearby bright stars,Nature Astronomy,10.1038/s41550-019-0973-y,n,1,alias_probability_calibrated,title,"single-system discovery/characterisation, RV, rotation, or unrelated topic; mentions aliases in passing"
2020MNRAS.491.5216G,2020,"Giacobbe, P.",Photometric rotation periods for 107 M dwarfs from the APACHE survey,Monthly Notices of the Royal Astronomical Society,10.1093/mnras/stz3364,n,1,harmonic_correction_transit_search,title,"single-system discovery/characterisation, RV, rotation, or unrelated topic; mentions aliases in passing"
2020MNRAS.498.5972N,2020,"Nardiello, D.","A PSF-based Approach to TESS High quality data Of Stellar clusters (PATHOS) - III. Exploring the properties of young associations through their variables, dippers, and candidate exoplanets",Monthly Notices of the Royal Astronomical Society,10.1093/mnras/staa2745,n,1,toi_period_errors_catalog,abstract,abstract: PATHOS young associations. No alias resolution.
2020AJ....160..107D,2020,"Dietrich, Jamie",Hidden Worlds: Dynamical Architecture Predictions of Undetected Planets in Multi-planet Systems and Applications to TESS Systems,The Astronomical Journal,10.3847/1538-3881/aba61d,n,1,toi_period_errors_catalog,title,"single-system discovery/characterisation, RV, rotation, or unrelated topic; mentions aliases in passing"
2020ApJ...899...29K,2020,"Kanodia, Shubham",TOI-1728b: The Habitable-zone Planet Finder Confirms a Warm Super-Neptune Orbiting an M-dwarf Host,The Astrophysical Journal,10.3847/1538-4357/aba0a2,n,1,toi_period_errors_catalog,title,"single-system discovery/characterisation, RV, rotation, or unrelated topic; mentions aliases in passing"
2020A&A...633A..53O,2020,"Osborn, H. P.",Rapid classification of TESS planet candidates with convolutional neural networks,Astronomy and Astrophysics,10.1051/0004-6361/201935345,n,1,toi_period_errors_catalog,title,"single-system discovery/characterisation, RV, rotation, or unrelated topic; mentions aliases in passing"
2019ApJ...887..203T,2019,"Tayar, Jamie",Core-Envelope Coupling in Intermediate-mass Core-helium Burning Stars,The Astrophysical Journal,10.3847/1538-4357/ab558a,n,1,true_period_half_tess,title,"single-system discovery/characterisation, RV, rotation, or unrelated topic; mentions aliases in passing"
2019MNRAS.490.1283K,2019,"Koen, Chris",Multifilter time-series observations of three short period ATLAS variable stars,Monthly Notices of the Royal Astronomical Society,10.1093/mnras/stz2597,n,1,true_period_half_tess,title,"single-system discovery/characterisation, RV, rotation, or unrelated topic; mentions aliases in passing"
2019MNRAS.486.1907J,2019,"Jayasinghe, T.",The ASAS-SN catalogue of variable stars - II. Uniform classification of 412 000 known variables,Monthly Notices of the Royal Astronomical Society,10.1093/mnras/stz844,n,1,true_period_half_tess,title,"single-system discovery/characterisation, RV, rotation, or unrelated topic; mentions aliases in passing"
2019A&A...631A..83C,2019,"Cooke, Benjamin F.",An examination of the effect of the TESS extended mission on southern hemisphere monotransits,Astronomy and Astrophysics,10.1051/0004-6361/201936703,y,1,alias_resolution_transit,already_reviewed,in paper/bib_sources.csv; see docs/related_work.md
2019LRSP...16....4G,2019,"García, Rafael A.",Asteroseismology of solar-type stars,Living Reviews in Solar Physics,10.1007/s41116-019-0020-1,n,1,alias_stellar_density,title,"single-system discovery/characterisation, RV, rotation, or unrelated topic; mentions aliases in passing"
2019arXiv191107355S,2019,"Santerne, A.",An extremely low-density and temperate giant exoplanet,arXiv e-prints,10.48550/arXiv.1911.07355,n,1,alias_stellar_density,title,"single-system discovery/characterisation, RV, rotation, or unrelated topic; mentions aliases in passing"
2019AN....340..712S,2019,"Strassmeier, Klaus G.",Project BMK10k: Zeiss Ballistische Messkammer with a 10k × 10k CCD for ground−based PLATO support,Astronomische Nachrichten,10.1002/asna.201913646,n,1,alias_stellar_density,title,"single-system discovery/characterisation, RV, rotation, or unrelated topic; mentions aliases in passing"
2019A&A...628A..39L,2019,"Luque, R.","Planetary system around the nearby M dwarf GJ 357 including a transiting, hot, Earth-sized planet optimal for atmospheric characterization",Astronomy and Astrophysics,10.1051/0004-6361/201935801,n,1,alias_stellar_density,title,"single-system discovery/characterisation, RV, rotation, or unrelated topic; mentions aliases in passing"
2019AJ....158...45B,2019,"Brahm, Rafael",HD 1397b: A Transiting Warm Giant Planet Orbiting A V = 7.8 mag Subgiant Star Discovered by TESS,The Astronomical Journal,10.3847/1538-3881/ab279a,n,1,alias_stellar_density,title,"single-system discovery/characterisation, RV, rotation, or unrelated topic; mentions aliases in passing"
2019FrASS...6...26P,2019,"Paparó, Margit",An observer's view on the future of asteroseismology,Frontiers in Astronomy and Space Sciences,10.3389/fspas.2019.00026,n,1,alias_stellar_density,title,"single-system discovery/characterisation, RV, rotation, or unrelated topic; mentions aliases in passing"
2019AJ....157...97K,2019,"Kosiarek, Molly R.","Bright Opportunities for Atmospheric Characterization of Small Planets: Masses and Radii of K2-3 b, c, and d and GJ3470 b from Radial Velocity Measurements and Spitzer Transits",The Astronomical Journal,10.3847/1538-3881/aaf79c,n,1,alias_stellar_density,title,"single-system discovery/characterisation, RV, rotation, or unrelated topic; mentions aliases in passing"
2019ApJ...871...63M,2019,"Mann, Andrew W.",How to Constrain Your M Dwarf. II. The Mass-Luminosity-Metallicity Relation from 0.075 to 0.70 Solar Masses,The Astrophysical Journal,10.3847/1538-4357/aaf3bc,n,1,alias_stellar_density,title,"single-system discovery/characterisation, RV, rotation, or unrelated topic; mentions aliases in passing"
2019MNRAS.482.2442H,2019,"Hippke, Michael",The spectral Petersen diagram as a new tool to map pulsation modes in variable stars,Monthly Notices of the Royal Astronomical Society,10.1093/mnras/sty2790,n,1,alias_stellar_density,title,"single-system discovery/characterisation, RV, rotation, or unrelated topic; mentions aliases in passing"
2019ApJS..244...15M,2019,"Mellon, Samuel N.",Bright Southern Variable Stars in the bRing Survey,The Astrophysical Journal Supplement Series,10.3847/1538-4365/ab3662,n,1,alias_probability_calibrated,title,"single-system discovery/characterisation, RV, rotation, or unrelated topic; mentions aliases in passing"
2019A&A...628L...1I,2019,"Ibañez Bustos, R. V.",Ross 128 - GL 447. A possible activity cycle for a slow-rotating fully convective star,Astronomy and Astrophysics,10.1051/0004-6361/201936030,n,1,alias_probability_calibrated,title,"single-system discovery/characterisation, RV, rotation, or unrelated topic; mentions aliases in passing"
2019MNRAS.486..796M,2019,"Morgan, J. S.",Exoplanetary atmosphere target selection in the era of comparative planetology,Monthly Notices of the Royal Astronomical Society,10.1093/mnras/stz783,n,1,alias_probability_calibrated,title,"single-system discovery/characterisation, RV, rotation, or unrelated topic; mentions aliases in passing"
2019arXiv190604644T,2019,"Tuomi, M.",Frequency of planets orbiting M dwarfs in the Solar neighbourhood,arXiv e-prints,10.48550/arXiv.1906.04644,n,1,alias_probability_calibrated,title,"single-system discovery/characterisation, RV, rotation, or unrelated topic; mentions aliases in passing"
2019AJ....157..202S,2019,"Su, Kate Y. L.",Extreme Debris Disk Variability: Exploring the Diverse Outcomes of Large Asteroid Impacts During the Era of Terrestrial Planet Formation,The Astronomical Journal,10.3847/1538-3881/ab1260,n,1,alias_probability_calibrated,title,"single-system discovery/characterisation, RV, rotation, or unrelated topic; mentions aliases in passing"
2019Sci...364...66M,2019,"Manser, Christopher J.",A planetesimal orbiting within the debris disc around a white dwarf star,Science,10.1126/science.aat5330,n,1,alias_probability_calibrated,title,"single-system discovery/characterisation, RV, rotation, or unrelated topic; mentions aliases in passing"
2019MNRAS.483.1642H,2019,"Hambálek, L.",T Tauri stars in the SuperWASP and NSVS surveys,Monthly Notices of the Royal Astronomical Society,10.1093/mnras/sty3151,n,1,alias_probability_calibrated,title,"single-system discovery/characterisation, RV, rotation, or unrelated topic; mentions aliases in passing"
2019ApJ...870...10M,2019,"Mondrik, Nicholas",An Increased Rate of Large Flares at Intermediate Rotation Periods for Mid-to-late M Dwarfs,The Astrophysical Journal,10.3847/1538-4357/aaee64,n,1,alias_probability_calibrated,title,"single-system discovery/characterisation, RV, rotation, or unrelated topic; mentions aliases in passing"
2019AJ....158...57C,2019,"Caceres, Gabriel A.",Autoregressive Planet Search: Methodology,The Astronomical Journal,10.3847/1538-3881/ab26b8,n,1,harmonic_correction_transit_search,abstract,abstract: ARPS methodology. No alias resolution.
2019AJ....158...58C,2019,"Caceres, Gabriel A.",Autoregressive Planet Search: Application to the Kepler Mission,The Astronomical Journal,10.3847/1538-3881/ab26ba,n,1,harmonic_correction_transit_search,abstract,abstract: ARPS on Kepler. No alias resolution.
2019ApJ...875L..25M,2019,"Martin, David V.",Transits of Inclined Exomoons—Hide and Seek and an Application to Kepler-1625,The Astrophysical Journal Letters,10.3847/2041-8213/ab0aea,n,1,missing_transits_alias,title,"single-system discovery/characterisation, RV, rotation, or unrelated topic; mentions aliases in passing"
2018AJ....156..277L,2018,"Livingston, John H.",Sixty Validated Planets from K2 Campaigns 5-8,The Astronomical Journal,10.3847/1538-3881/aae778,n,1,true_period_half_tess,title,"single-system discovery/characterisation, RV, rotation, or unrelated topic; mentions aliases in passing"
2018MNRAS.481.4960R,2018,"Raynard, Liam",NGTS-2b: an inflated hot-Jupiter transiting a bright F-dwarf,Monthly Notices of the Royal Astronomical Society,10.1093/mnras/sty2581,n,1,true_period_half_tess,title,"single-system discovery/characterisation, RV, rotation, or unrelated topic; mentions aliases in passing"
2018MNRAS.475.4467B,2018,"Bayliss, Daniel",NGTS-1b: a hot Jupiter transiting an M-dwarf,Monthly Notices of the Royal Astronomical Society,10.1093/mnras/stx2778,n,1,true_period_half_tess,title,"single-system discovery/characterisation, RV, rotation, or unrelated topic; mentions aliases in passing"
2018ApJ...864L..28R,2018,"Robertson, Paul",Aliasing in the Radial Velocities of YZ Ceti: An Ultra-short Period for YZ Ceti c?,The Astrophysical Journal Letters,10.3847/2041-8213/aadc0b,n,1,alias_resolution_transit,title,"single-system discovery/characterisation, RV, rotation, or unrelated topic; mentions aliases in passing"
2018arXiv181203148L,2018,"Lund, Michael B.",A Higher Cadence Subsurvey Located in the Galactic Plane,arXiv e-prints,10.48550/arXiv.1812.03148,n,1,alias_stellar_density,title,"single-system discovery/characterisation, RV, rotation, or unrelated topic; mentions aliases in passing"
2018A&A...620A.203M,2018,"Moya, A.",Asteroseismic potential of CHEOPS,Astronomy and Astrophysics,10.1051/0004-6361/201833772,n,1,alias_stellar_density,title,"single-system discovery/characterisation, RV, rotation, or unrelated topic; mentions aliases in passing"
2018AJ....156..102S,2018,"Stassun, Keivan G.",The TESS Input Catalog and Candidate Target List,The Astronomical Journal,10.3847/1538-3881/aad050,n,1,alias_stellar_density,title,"single-system discovery/characterisation, RV, rotation, or unrelated topic; mentions aliases in passing"
2018MNRAS.478.4866V,2018,"Van Eylen, V.",HD 89345: a bright oscillating star hosting a transiting warm Saturn-sized planet observed by K2,Monthly Notices of the Royal Astronomical Society,10.1093/mnras/sty1390,n,1,alias_stellar_density,title,"single-system discovery/characterisation, RV, rotation, or unrelated topic; mentions aliases in passing"
2018ApJS..236...42Y,2018,"Yu, Jie","Asteroseismology of 16,000 Kepler Red Giants: Global Oscillation Parameters, Masses, and Radii",The Astrophysical Journal Supplement Series,10.3847/1538-4365/aaaf74,n,1,alias_stellar_density,title,"single-system discovery/characterisation, RV, rotation, or unrelated topic; mentions aliases in passing"
2018A&A...610A..63D,2018,"Demangeon, O. D. S.","The discovery of WASP-151b, WASP-153b, WASP-156b: Insights on giant planet migration and the upper boundary of the Neptunian desert",Astronomy and Astrophysics,10.1051/0004-6361/201731735,n,1,alias_stellar_density,title,"single-system discovery/characterisation, RV, rotation, or unrelated topic; mentions aliases in passing"
2018haex.bookE.129C,2018,"Crouzet, Nicolas",Small Telescope Exoplanet Transit Surveys: XO,Handbook of Exoplanets,10.1007/978-3-319-55333-7_129,n,1,alias_stellar_density,title,"single-system discovery/characterisation, RV, rotation, or unrelated topic; mentions aliases in passing"
2018haex.bookE...7A,2018,"Agol, Eric",Transit-Timing and Duration Variations for the Discovery and Characterization of Exoplanets,Handbook of Exoplanets,10.1007/978-3-319-55333-7_7,n,1,alias_stellar_density,title,"single-system discovery/characterisation, RV, rotation, or unrelated topic; mentions aliases in passing"
2018A&A...618A.115K,2018,"Kaminski, A.",The CARMENES search for exoplanets around M dwarfs. A Neptune-mass planet traversing the habitable zone around HD 180617,Astronomy and Astrophysics,10.1051/0004-6361/201833354,n,1,alias_probability_calibrated,title,"single-system discovery/characterisation, RV, rotation, or unrelated topic; mentions aliases in passing"
2018MNRAS.479.2968H,2018,"Hall, Richard D.",On the Feasibility of Intense Radial Velocity Surveys for Earth-Twin Discoveries,Monthly Notices of the Royal Astronomical Society,10.1093/mnras/sty1464,n,1,alias_probability_calibrated,title,"single-system discovery/characterisation, RV, rotation, or unrelated topic; mentions aliases in passing"
2018ApJS..237...25K,2018,"Kao, Melodie M.",The Strongest Magnetic Fields on the Coolest Brown Dwarfs,The Astrophysical Journal Supplement Series,10.3847/1538-4365/aac2d5,n,1,alias_probability_calibrated,title,"single-system discovery/characterisation, RV, rotation, or unrelated topic; mentions aliases in passing"
2018arXiv180711925F,2018,"Fischer, Debra A.",55 Cancri (Copernicus): A Multi-Planet System with a Hot Super-Earth and a Jupiter Analogue,arXiv e-prints,10.48550/arXiv.1807.11925,n,1,alias_probability_calibrated,title,"single-system discovery/characterisation, RV, rotation, or unrelated topic; mentions aliases in passing"
2018A&A...615A..69D,2018,"Damasso, M.",Eyes on K2-3: A system of three likely sub-Neptunes characterized with HARPS-N and HARPS,Astronomy and Astrophysics,10.1051/0004-6361/201732459,n,1,alias_probability_calibrated,title,"single-system discovery/characterisation, RV, rotation, or unrelated topic; mentions aliases in passing"
2018AJ....155..124H,2018,"Hirano, Teruyuki",K2-155: A Bright Metal-poor M Dwarf with Three Transiting Super-Earths,The Astronomical Journal,10.3847/1538-3881/aaaa6e,n,1,alias_probability_calibrated,title,"single-system discovery/characterisation, RV, rotation, or unrelated topic; mentions aliases in passing"
2018ApJ...854..145M,2018,"Mace, Gregory N.","Wolf 1130: A Nearby Triple System Containing a Cool, Ultramassive White Dwarf",The Astrophysical Journal,10.3847/1538-4357/aaa8dd,n,1,alias_probability_calibrated,title,"single-system discovery/characterisation, RV, rotation, or unrelated topic; mentions aliases in passing"
2018AJ....155...99W,2018,"Wolk, Scott J.",YSOVAR: Mid-infrared Variability among YSOs in the Star Formation Region Serpens South,The Astronomical Journal,10.3847/1538-3881/aaa6c4,n,1,alias_probability_calibrated,title,"single-system discovery/characterisation, RV, rotation, or unrelated topic; mentions aliases in passing"
2018haex.bookE....D,2018,"Deeg, Hans J.",Handbook of Exoplanets,Handbook of Exoplanets,10.1007/978-3-319-55333-7,n,1,alias_probability_calibrated,title,"single-system discovery/characterisation, RV, rotation, or unrelated topic; mentions aliases in passing"
2018AJ....155...23S,2018,"Saylor, Dicy",Light-curve Modulation of Low-mass Stars in K2. I. Identification of 481 Fast Rotators in the Solar Neighborhood,The Astronomical Journal,10.3847/1538-3881/aa96a4,n,1,alias_probability_calibrated,title,"single-system discovery/characterisation, RV, rotation, or unrelated topic; mentions aliases in passing"
2018AJ....155...39O,2018,"Oelkers, Ryan J.",Variability Properties of Four Million Sources in the TESS Input Catalog Observed with the Kilodegree Extremely Little Telescope Survey,The Astronomical Journal,10.3847/1538-3881/aa9bf4,n,1,alias_probability_calibrated,title,"single-system discovery/characterisation, RV, rotation, or unrelated topic; mentions aliases in passing"
2018ApJS..239....5C,2018,"Crossfield, Ian J. M.",A TESS Dress Rehearsal: Planetary Candidates and Variables from K2 Campaign 17,The Astrophysical Journal Supplement Series,10.3847/1538-4365/aae155,n,1,harmonic_correction_transit_search,title,"single-system discovery/characterisation, RV, rotation, or unrelated topic; mentions aliases in passing"
2018AJ....156..234C,2018,"Collins, Karen A.",The KELT Follow-up Network and Transit False-positive Catalog: Pre-vetted False Positives for TESS,The Astronomical Journal,10.3847/1538-3881/aae582,n,1,harmonic_correction_transit_search,title,"single-system discovery/characterisation, RV, rotation, or unrelated topic; mentions aliases in passing"
2017ApJ...846..147Z,2017,"Zimmerman, Mara K.",The Pseudosynchronization of Binary Stars Undergoing Strong Tidal Interactions,The Astrophysical Journal,10.3847/1538-4357/aa85e3,n,1,true_period_half_tess,title,"single-system discovery/characterisation, RV, rotation, or unrelated topic; mentions aliases in passing"
2017AJ....154...83M,2017,"Millholland, Sarah",Supervised Learning Detection of Sixty Non-transiting Hot Jupiter Candidates,The Astronomical Journal,10.3847/1538-3881/aa7a0f,n,1,true_period_half_tess,title,"single-system discovery/characterisation, RV, rotation, or unrelated topic; mentions aliases in passing"
2017ApJ...851...94L,2017,"Luger, Rodrigo",Planet-Planet Occultations in TRAPPIST-1 and Other Exoplanet Systems,The Astrophysical Journal,10.3847/1538-4357/aa9c43,n,1,alias_stellar_density,title,"single-system discovery/characterisation, RV, rotation, or unrelated topic; mentions aliases in passing"
2017AJ....154..254G,2017,"Grunblatt, Samuel K.",Seeing Double with K2: Testing Re-inflation with Two Remarkably Similar Planets around Red Giant Branch Stars,The Astronomical Journal,10.3847/1538-3881/aa932d,n,1,alias_stellar_density,title,"single-system discovery/characterisation, RV, rotation, or unrelated topic; mentions aliases in passing"
2017AJ....154..122C,2017,"Christiansen, Jessie L.","Three’s Company: An Additional Non-transiting Super-Earth in the Bright HD 3167 System, and Masses for All Three Planets",The Astronomical Journal,10.3847/1538-3881/aa832d,n,1,alias_stellar_density,title,"single-system discovery/characterisation, RV, rotation, or unrelated topic; mentions aliases in passing"
2017AJ....153..263M,2017,"McLeod, Kim K.","KELT-18b: Puffy Planet, Hot Host, Probably Perturbed",The Astronomical Journal,10.3847/1538-3881/aa6d5d,n,1,alias_stellar_density,title,"single-system discovery/characterisation, RV, rotation, or unrelated topic; mentions aliases in passing"
2017Natur.546..514G,2017,"Gaudi, B. Scott",A giant planet undergoing extreme-ultraviolet irradiation by its hot massive-star host,Nature,10.1038/nature22392,n,1,alias_stellar_density,title,"single-system discovery/characterisation, RV, rotation, or unrelated topic; mentions aliases in passing"
2017A&A...600A..50G,2017,"Geier, S.",The population of hot subdwarf stars studied with Gaia. I. The catalog of known hot subdwarf stars,Astronomy and Astrophysics,10.1051/0004-6361/201630135,n,1,alias_stellar_density,title,"single-system discovery/characterisation, RV, rotation, or unrelated topic; mentions aliases in passing"
2017AJ....153...64M,2017,"Mann, Andrew W.",Zodiacal Exoplanets in Time (ZEIT). IV. Seven Transiting Planets in the Praesepe Cluster,The Astronomical Journal,10.1088/1361-6528/aa5276,n,1,alias_stellar_density,title,"single-system discovery/characterisation, RV, rotation, or unrelated topic; mentions aliases in passing"
2017arXiv170203295E,2017,"Eyer, L.",Gaia Data Release 1: The variability processing &amp; analysis and its application to the south ecliptic pole region,arXiv e-prints,10.48550/arXiv.1702.03295,n,1,alias_stellar_density,title,"single-system discovery/characterisation, RV, rotation, or unrelated topic; mentions aliases in passing"
2017ApJ...851...31S,2017,"Swihart, Samuel J.",2FGL J0846.0+2820: A New Neutron Star Binary with a Giant Secondary and Variable γ-Ray Emission,The Astrophysical Journal,10.3847/1538-4357/aa9937,n,1,alias_probability_calibrated,title,"single-system discovery/characterisation, RV, rotation, or unrelated topic; mentions aliases in passing"
2017EPJP..132..349B,2017,"Borin, Federico",Observing exoplanets from the planet Earth: How our revolution around the Sun affects the detection of 1-year periods,European Physical Journal Plus,10.1140/epjp/i2017-11621-7,n,1,alias_probability_calibrated,title,"single-system discovery/characterisation, RV, rotation, or unrelated topic; mentions aliases in passing"
2017arXiv170804058L,2017,LSST Science Collaboration,Science-Driven Optimization of the LSST Observing Strategy,arXiv e-prints,10.48550/arXiv.1708.04058,n,1,alias_probability_calibrated,title,"single-system discovery/characterisation, RV, rotation, or unrelated topic; mentions aliases in passing"
2017NatAs...1E.129L,2017,"Luger, Rodrigo",A seven-planet resonant chain in TRAPPIST-1,Nature Astronomy,10.1038/s41550-017-0129,n,1,alias_probability_calibrated,title,"single-system discovery/characterisation, RV, rotation, or unrelated topic; mentions aliases in passing"
2017AJ....153..208B,2017,"Butler, R. Paul",The LCES HIRES/Keck Precision Radial Velocity Exoplanet Survey,The Astronomical Journal,10.3847/1538-3881/aa66ca,n,1,alias_probability_calibrated,title,"single-system discovery/characterisation, RV, rotation, or unrelated topic; mentions aliases in passing"
2017AJ....153..204S,2017,"Sesar, Branimir","Machine-learned Identification of RR Lyrae Stars from Sparse, Multi-band Data: The PS1 Sample",The Astronomical Journal,10.3847/1538-3881/aa661b,n,1,alias_probability_calibrated,title,"single-system discovery/characterisation, RV, rotation, or unrelated topic; mentions aliases in passing"
2017MNRAS.466.1399H,2017,"Hümmerich, Stefan",An investigation of four chemically peculiar stars with photometric periods below 12 h,Monthly Notices of the Royal Astronomical Society,10.1093/mnras/stw3186,n,1,alias_probability_calibrated,title,"single-system discovery/characterisation, RV, rotation, or unrelated topic; mentions aliases in passing"
2017arXiv170508891B,2017,"Bouma, L. G.",Planet Detection Simulations for Several Possible TESS Extended Missions,arXiv e-prints,10.48550/arXiv.1705.08891,n,1,toi_period_errors_catalog,title,"single-system discovery/characterisation, RV, rotation, or unrelated topic; mentions aliases in passing"
2016PASA...33...47B,2016,"Burton, Michael G.",Scientific Goals of the Kunlun Infrared Sky Survey (KISS),Publications of the Astronomical Society of Australia,10.1017/pasa.2016.38,n,1,alias_stellar_density,title,"single-system discovery/characterisation, RV, rotation, or unrelated topic; mentions aliases in passing"
2016MNRAS.460.1970B,2016,"Bowman, Dominic M.",Amplitude modulation in δ Sct stars: statistics from an ensemble study of Kepler targets,Monthly Notices of the Royal Astronomical Society,10.1093/mnras/stw1153,n,1,alias_stellar_density,title,"single-system discovery/characterisation, RV, rotation, or unrelated topic; mentions aliases in passing"
2016arXiv160804225F,2016,"Faedi, F.",WASP-86b and WASP-102b: super-dense versus bloated planets,arXiv e-prints,10.48550/arXiv.1608.04225,n,1,alias_stellar_density,title,"single-system discovery/characterisation, RV, rotation, or unrelated topic; mentions aliases in passing"
2016ApJ...818...46M,2016,"Mann, Andrew W.",Zodiacal Exoplanets in Time (ZEIT). I. A Neptune-sized Planet Orbiting an M4.5 Dwarf in the Hyades Star Cluster,The Astrophysical Journal,10.3847/0004-637X/818/1/46,n,1,alias_stellar_density,title,"single-system discovery/characterisation, RV, rotation, or unrelated topic; mentions aliases in passing"
2016PASP..128k4401H,2016,"Howard, Andrew W.",Limits on Planetary Companions from Doppler Surveys of Nearby Stars,Publications of the Astronomical Society of the Pacific,10.1088/1538-3873/128/969/114401,n,1,alias_probability_calibrated,title,"single-system discovery/characterisation, RV, rotation, or unrelated topic; mentions aliases in passing"
2016ApJ...829...23D,2016,"Davenport, James R. A.",The Kepler Catalog of Stellar Flares,The Astrophysical Journal,10.3847/0004-637X/829/1/23,n,1,alias_probability_calibrated,title,"single-system discovery/characterisation, RV, rotation, or unrelated topic; mentions aliases in passing"
2016Natur.536..437A,2016,"Anglada-Escudé, Guillem",A terrestrial planet candidate in a temperate orbit around Proxima Centauri,Nature,10.1038/nature19106,n,1,alias_probability_calibrated,title,"single-system discovery/characterisation, RV, rotation, or unrelated topic; mentions aliases in passing"
2016MNRAS.460.2834R,2016,"Raetz, St.",YETI observations of the young transiting planet candidate CVSO 30 b,Monthly Notices of the Royal Astronomical Society,10.1093/mnras/stw1159,n,1,alias_probability_calibrated,title,"single-system discovery/characterisation, RV, rotation, or unrelated topic; mentions aliases in passing"
2016csss.confE.121R,2016,"Roelens, Maroussia",Short Timescale Variables In Stellar Clusters: From Gaia To Ground-Based Telescopes,"19th Cambridge Workshop on Cool Stars, Stellar Systems, and the Sun (CS19)",10.5281/zenodo.59150,n,1,alias_probability_calibrated,title,"single-system discovery/characterisation, RV, rotation, or unrelated topic; mentions aliases in passing"
2016AJ....151..166O,2016,"Oelkers, Ryan J.","Stellar Variability and Flare Rates from Dome A, Antarctica, Using 2009 and 2010 CSTAR Observations",The Astronomical Journal,10.3847/0004-6256/151/6/166,n,1,alias_probability_calibrated,title,"single-system discovery/characterisation, RV, rotation, or unrelated topic; mentions aliases in passing"
2016AJ....151..112D,2016,"David, Trevor J.",New Pleiades Eclipsing Binaries and a Hyades Transiting System Identified by K2,The Astronomical Journal,10.3847/0004-6256/151/5/112,n,1,alias_probability_calibrated,title,"single-system discovery/characterisation, RV, rotation, or unrelated topic; mentions aliases in passing"
2016ApJ...821...74J,2016,"Johnson, Marshall C.",A 12-year Activity Cycle for the Nearby Planet Host Star HD 219134,The Astrophysical Journal,10.3847/0004-637X/821/2/74,n,1,alias_probability_calibrated,title,"single-system discovery/characterisation, RV, rotation, or unrelated topic; mentions aliases in passing"
2016AN....337..261G,2016,"Garai, Z.",Search for transiting exoplanets and variable stars in the open cluster NGC 7243,Astronomische Nachrichten,10.1002/asna.201512310,n,1,alias_probability_calibrated,title,"single-system discovery/characterisation, RV, rotation, or unrelated topic; mentions aliases in passing"
2016A&A...585A.134D,2016,"Díaz, R. F.","The HARPS search for southern extra-solar planets. XXXVIII. Bayesian re-analysis of three systems. New super-Earths, unconfirmed signals, and magnetic cycles",Astronomy and Astrophysics,10.1051/0004-6361/201526729,n,1,alias_probability_calibrated,title,"single-system discovery/characterisation, RV, rotation, or unrelated topic; mentions aliases in passing"
2016arXiv161208846F,2016,"Faigler, Simchon",BEER analysis of Kepler and CoRoT light curves: discovering binaries and exoplanets,arXiv e-prints,10.48550/arXiv.1612.08846,n,1,harmonic_correction_transit_search,title,"single-system discovery/characterisation, RV, rotation, or unrelated topic; mentions aliases in passing"
2015AJ....150..197H,2015,"Hartman, J. D.",HAT-P-57b: A Short-period Giant Planet Transiting a Bright Rapidly Rotating A8V Star Confirmed Via Doppler Tomography,The Astronomical Journal,10.1088/0004-6256/150/6/197,n,1,alias_stellar_density,title,"single-system discovery/characterisation, RV, rotation, or unrelated topic; mentions aliases in passing"
2015MNRAS.453.2644A,2015,"Almenara, J. M.",Absolute masses and radii determination in multiplanetary systems without stellar models,Monthly Notices of the Royal Astronomical Society,10.1093/mnras/stv1735,n,1,alias_stellar_density,title,"single-system discovery/characterisation, RV, rotation, or unrelated topic; mentions aliases in passing"
2015ApJ...812..112S,2015,"Sanchis-Ojeda, R.",The K2-ESPRINT Project I: Discovery of the Disintegrating Rocky Planet K2-22b with a Cometary Head and Leading Tail,The Astrophysical Journal,10.1088/0004-637X/812/2/112,n,1,alias_stellar_density,title,"single-system discovery/characterisation, RV, rotation, or unrelated topic; mentions aliases in passing"
2015ApJ...811..102P,2015,"Petigura, Erik A.",Two Transiting Earth-size Planets Near Resonance Orbiting a Nearby Cool Star,The Astrophysical Journal,10.1088/0004-637X/811/2/102,n,1,alias_stellar_density,title,"single-system discovery/characterisation, RV, rotation, or unrelated topic; mentions aliases in passing"
2015EAS....73..193G,2015,"García, R. A.",Observational techniques to measure solar and stellar oscillations,EAS Publications Series,10.1051/eas/1573004,n,1,alias_stellar_density,title,"single-system discovery/characterisation, RV, rotation, or unrelated topic; mentions aliases in passing"
2015A&A...584A..72M,2015,"Motalebi, F.",The HARPS-N Rocky Planet Search. I. HD 219134 b: A transiting rocky planet in a multi-planet system at 6.5 pc from the Sun,Astronomy and Astrophysics,10.1051/0004-6361/201526822,n,1,alias_probability_calibrated,title,"single-system discovery/characterisation, RV, rotation, or unrelated topic; mentions aliases in passing"
2015AJ....150..145W,2015,"Wolk, Scott J.",YSOVAR: Mid-infrared Variability Among YSOs in the Star Formation Region GGD12-15,The Astronomical Journal,10.1088/0004-6256/150/5/145,n,1,alias_probability_calibrated,title,"single-system discovery/characterisation, RV, rotation, or unrelated topic; mentions aliases in passing"
2015ApJ...814...12V,2015,"Vogt, Steven S.",Six Planets Orbiting HD 219134,The Astrophysical Journal,10.1088/0004-637X/814/1/12,n,1,alias_probability_calibrated,title,"single-system discovery/characterisation, RV, rotation, or unrelated topic; mentions aliases in passing"
2015A&A...583A..65R,2015,"Reinhold, Timo","Rotation, differential rotation, and gyrochronology of active Kepler stars",Astronomy and Astrophysics,10.1051/0004-6361/201526216,n,1,alias_probability_calibrated,title,"single-system discovery/characterisation, RV, rotation, or unrelated topic; mentions aliases in passing"
2015AJ....149..128T,2015,"Thorstensen, John R.",Spectroscopic Orbital Periods for 29 Cataclysmic Variables from the Sloan Digital Sky Survey,The Astronomical Journal,10.1088/0004-6256/149/4/128,n,1,alias_probability_calibrated,title,"single-system discovery/characterisation, RV, rotation, or unrelated topic; mentions aliases in passing"
2014ApJ...782...61T,2014,"Terrien, Ryan C.",New Red Jewels in Coma Berenices,The Astrophysical Journal,10.1088/0004-637X/782/2/61,n,1,true_period_half_tess,title,"single-system discovery/characterisation, RV, rotation, or unrelated topic; mentions aliases in passing"
2014ApJ...792...79B,2014,"Burke, Christopher J.",Transit and Radial Velocity Survey Efficiency Comparison for a Habitable Zone Earth,The Astrophysical Journal,10.1088/0004-637X/792/1/79,n,1,alias_stellar_density,title,"single-system discovery/characterisation, RV, rotation, or unrelated topic; mentions aliases in passing"
2014ChPhC..38i0001O,2014,"Olive, K. A.",Review of Particle Physics,Chinese Physics C,10.1088/1674-1137/38/9/090001,n,1,alias_stellar_density,title,"single-system discovery/characterisation, RV, rotation, or unrelated topic; mentions aliases in passing"
2014ApJ...789..154D,2014,"Dumusque, Xavier",The Kepler-10 Planetary System Revisited by HARPS-N: A Hot Rocky World and a Solid Neptune-Mass Planet,The Astrophysical Journal,10.1088/0004-637X/789/2/154,n,1,alias_stellar_density,title,"single-system discovery/characterisation, RV, rotation, or unrelated topic; mentions aliases in passing"
2014AJ....148...92R,2014,"Rebull, L. M.",Young Stellar Object VARiability (YSOVAR): Long Timescale Variations in the Mid-infrared,The Astronomical Journal,10.1088/0004-6256/148/5/92,n,1,alias_probability_calibrated,title,"single-system discovery/characterisation, RV, rotation, or unrelated topic; mentions aliases in passing"
2014MNRAS.442.2381N,2014,"Nascimbeni, V.",The M 4 Core Project with HST - III. Search for variable stars in the primary field,Monthly Notices of the Royal Astronomical Society,10.1093/mnras/stu930,n,1,alias_probability_calibrated,title,"single-system discovery/characterisation, RV, rotation, or unrelated topic; mentions aliases in passing"
2014ApJS..213....9D,2014,"Drake, A. J.",The Catalina Surveys Periodic Variable Star Catalog,The Astrophysical Journal Supplement Series,10.1088/0067-0049/213/1/9,n,1,alias_probability_calibrated,title,"single-system discovery/characterisation, RV, rotation, or unrelated topic; mentions aliases in passing"
