     10507 219.04301800 -24.33205152  1.939769 2359.152100   0.447765 4.33  1.939882 1.0                   1.939702 1.0
    881833 123.94651670 -17.70373251  1.987130 1497.350200   0.993565 2.0
   1112170  36.11608856 -10.67637303  1.045524 1414.882700   0.522796 2.0   1.045526 1.0                   1.045500 1.0
   1117908  36.49942981  -6.70552321  1.514553 1413.138600                  1.514463 1.0    0.757287 2.0   0.757254 2.0
   1269141 131.56079200 -27.62577500  1.032436 1518.731600   1.032436 1.0   1.032443 1.0    1.032410 1.0   0.516222 2.0
   1415167 131.91006900 -29.58232800  1.934707 1518.936500   1.934678 1.0   1.934831 1.0    1.120788 1.67  1.934831 1.0  0.967340 2.0
   2239760  79.68957400  35.64016100  5.885544 1820.638200   3.236978 0.0
   2597145  80.12783800  34.44265800  1.414322 1818.017900   0.707178 2.0   1.414410 1.0    1.414738 1.0   1.414343 1.0
   3058501 138.65347140 -36.40441672  7.962294 1525.857100  15.924880 2.0
   3214112  82.27603800  31.42322800  1.943528 1817.883400   2.701741 1.33
   3573796  82.98665037  35.28591698  1.312360 1835.279700   0.328077 4.0
   4077485 114.08109380  33.40550370  1.545394 2549.008900   0.407441 0.0                   0.772632 2.0   1.545350 1.0
   4283974 115.51137400  33.50772100  2.829836 1844.213300  10.093261 3.5   2.829939 1.0    2.830857 1.0   2.829943 1.0  1.414990 2.0
   4343416 140.74440700 -38.33469400 18.383375 1527.577500   4.779462 0.0
   4980446 109.74453900 -18.56928900  1.317841 1494.208400  14.496163 0.0   0.658923 2.0    0.658886 2.0   0.658920 2.0
   5092088 142.14330590 -37.07999118 10.125851 2261.799400   3.798230 2.67
   5120370 269.42501200  17.30385100  9.334616 2019.075900   6.927918 1.33
   5131618 110.09197400 -19.07629300  1.576855 1493.258600   3.876770 2.5                                  1.576611 1.0
   5236501 112.39936260 -19.44348391  2.219087 1501.475800   1.109354 2.0
   5465608 107.95651540  -2.90939406  2.170411 1498.453600   0.256337 0.0   2.170061 1.0    2.170994 1.0
   5862049 111.88283840  -9.57196663  4.206144 1495.092400  12.581424 3.0
   5869818 187.77130300 -21.45882000  1.584331 1572.301800   2.003602 1.33  1.584265 1.0
   6684699 113.07526160  -6.41956162  4.479732 2252.216200   4.479877 1.0   8.958000 2.0                   8.958000 2.0  2.212570 2.0
   7031784 113.52067810  -8.96385871  1.292010 1495.224500   2.584039 2.0                   8.753075 0.0
   7205547  32.04316422 -44.94726702  3.285115 1388.564700   2.616297 1.33
   7328825 114.03417200  -9.47436200  1.187939 1493.471500   1.187949 1.0   1.187959 1.0    1.187883 1.0   0.593955 2.0
   7622506 272.85848430  44.13289483  9.338899 1701.138200   0.243054 0.0
   8187983 278.90373370  19.24800019  2.612157 2030.657800   2.612199 1.0                                  5.225000 2.0
   8299931  65.48289600  54.32437600  1.799132 1817.499600   0.899241 2.0   1.798467 1.0                   1.798580 1.0               1.798580 1.0
   8460962 279.19877520  21.44355606  2.205433 2021.405800   0.277059 0.0
   8603096 279.44396600  18.32194800  1.085422 2010.493200   1.085421 1.0   1.085402 1.0                   1.085432 1.0  0.542710 2.0
   8997402 348.86126400 -21.54248700  7.892800 1359.225500                                                 6.323600 1.33
   9265413 117.56568940  37.90419012  5.678774 2941.468500                  5.678820 1.0                   2.839300 2.0
   9271475 137.42946900  39.01173600  1.967523 1871.890500   3.640396 0.0
   9273637 137.73122700  40.62119400  9.335186 1874.177500   4.927551 0.0
   9473243 258.39735800  30.71001200  2.266935 1987.122700   9.067957 4.0   4.533815 2.0                                 1.133490 2.0
   9655156  69.80778629  59.17919822  1.932721 1819.310500   1.358527 1.33                  3.861256 2.0
   9779014 287.63435800  22.98657600  1.484400 1684.104100   1.484407 1.0                   1.484597 1.0   1.484407 1.0  0.742200 2.0 1.484601 1.0
  10061433 110.30331241  -4.33023204  9.342209 2201.985600                                  0.983626 0.0
  10152911 175.06847740  37.70041318  4.200005 2645.300400   2.909325 1.5   4.199895 1.0   39.343760 0.0
  10472113 268.13777600  33.73718800  7.751726 1990.778100   1.937920 4.0
  10678038 340.94240160  35.84237254  8.385184 1748.564000                 16.667948 2.0
  10935086  49.37033200  -5.75042500  1.012070 1411.378800   0.625977 1.67  1.012070 1.0                   1.012100 1.0
  11048874  62.91352163  -3.57684114  2.845297 1449.498100   2.847207 1.0                                  1.422600 2.0
  11229872 122.65183000 -23.05786800  1.573118 1493.939600   1.225647 1.33  3.145929 2.0    0.786591 2.0   1.573100 1.0
  11299475  85.01629300  -1.32863300  4.634104 1470.178800   9.268131 2.0                                  4.633965 1.0
  11356650  85.07707261  -4.37290116  3.248199 2194.875800   3.909684 0.0
  11362625  85.28617729  -0.35389237  1.971233 1480.626800   1.070374 0.0
  11412481  85.35104064  -1.82639580  1.438319 1479.917400   0.718732 2.0   2.875570 2.0                   2.875570 2.0
  11521104 146.39963540 -24.69312143  1.792538 2257.384100                  1.792520 1.0    0.640897 0.0   3.585136 2.0
  11670491 100.90745660  55.49942938  2.751898 1860.736300   3.054196 0.0
  11702360 304.14901710  38.43066327  1.275917 1712.040600   2.551818 2.0   2.551952 2.0                   2.552000 2.0
  11834738 102.87748400  54.90524700  3.575887 1844.863200   1.191952 3.0   3.575627 1.0    1.788293 2.0
  11965059  91.28634898  -5.18282992  1.237210 1468.412231                                  0.618574 2.0
  12396863  32.99997800  65.46638100  2.675996 1790.697300   5.351902 2.0
  12477924  33.06693960  60.02723312  1.901289 1799.559500   1.902761 1.0                                  3.805502 2.0               3.805502 2.0
  12915859 305.04131070  37.95580838  6.438147 1689.726300   7.284737 0.0
  13090571 348.67362500 -29.63289777  1.818301 1377.249800   0.491416 3.67
  13357005  36.78681900  60.04981700  3.648482 1794.053000   3.648827 1.0   7.301303 2.0    3.650564 1.0   3.648790 1.0               3.648790 1.0
  13461343  36.85067678  65.04265393  3.306781 2004.365700   1.102236 3.0
  13658524 320.63701700  25.06785300  1.034883 1711.585900   1.034804 1.0   1.034810 1.0                   1.034780 1.0  0.517410 2.0 1.034780 1.0
  13709310 133.50583100  -8.29414700  5.695520 1524.423300   3.006395 0.0
  13710074 133.51139830  -9.65959112  1.977045 1793.459800   3.589243 0.0   3.798943 2.0
  13770149  37.56375296  60.23278232  1.043575 1798.591100   1.043574 1.0   1.043556 1.0                   1.043587 1.0  0.521790 2.0
  13799424 320.98496500  25.40131800  1.259399 1712.444300   1.259835 1.0   1.259807 1.0                   1.259810 1.0  0.629910 2.0
  13983086  75.74476700 -36.35005200  4.826519 1439.207600   0.250334 0.0
  14341274 105.61985490  55.28973204  1.594901 1852.418500   2.542200 1.5
  14560868 111.12241500  14.86214400  1.702590 1493.581900   1.315977 1.33  1.702666 1.0    1.702745 1.0   1.702600 1.0
  15421076 322.85594460  26.46087043  1.510165 3545.804100   1.510157 1.0                                                0.755080 2.0
  16305831 307.39468800  40.34390700  1.230909 1684.029200   1.231954 1.0   1.231952 1.0    1.232026 1.0   1.231937 1.0  0.613900 2.0
  16402206 307.51914980  40.01493067  5.061083 2430.314500   9.903460 2.0
  16454685 116.75122800  13.27406100  1.554622 1494.047700   2.644150 1.67  1.554563 1.0                   1.554560 1.0
  16605494 326.93590000  27.25680800  3.877978 1713.447000   4.671012 0.0   3.880319 1.0
  16733008 307.86580400  41.48810800  5.466809 1687.427000  10.935057 2.0
  17031202 307.97771700  40.71437100  4.702497 1686.510900  23.517723 5.0
  17375135 308.26514700  40.29545200  2.310682 1684.941500   4.621297 2.0                   4.620519 2.0   2.310898 1.0               2.310898 1.0
  17568668 244.22637240  31.12260637  0.567843 1972.648100   0.567840 1.0   0.567840 1.0                   0.567800 1.0  0.283920 2.0
  17679884 135.67662450 -31.41444383  6.122085 1526.156400  16.050647 2.67
  18250072  23.04752100  29.44848500  1.018819 1765.155900   1.018778 1.0   1.018793 1.0    0.674391 1.5   1.018796 1.0  0.509400 2.0
  18431691 137.16312800 -33.77011100  1.544418 1519.280000  61.599078 0.0
  18748813 112.56724190  40.95846699  6.225594 2948.240300  12.143254 2.0   6.225602 1.0                   6.226000 1.0
  18997490 119.42585790  14.53980385  1.608467 2515.100100   1.608495 1.0   0.804221 2.0
  19064156 119.88447100  13.13199000 10.985267 1499.616500                  4.393820 2.5
  19088234 138.54777900 -31.69533700  3.974305 1519.050500   3.974371 1.0   3.974644 1.0                                 1.987200 2.0
  19259658 124.00303600 -10.29882700  3.855611 1496.394200   3.855855 1.0   7.712092 2.0                   7.712100 2.0
  19495076 139.56115200 -33.84147200  7.900509 1521.939000   2.634162 3.0                                  7.900580 1.0
  19751701 140.08578000 -35.85543900  4.634332 1521.384600   2.317118 2.0
  19759319 125.39126900  -8.73215600  2.072032 1494.327600   2.072300 1.0   4.143777 2.0                   4.143800 2.0
  20040133 136.81124900 -11.83589900  6.053706 2972.851800                                  0.992670 6.0
  20431161 283.89412100  33.73132600  1.772451 1683.507000   1.772462 1.0   1.772493 1.0                   1.772341 1.0  0.886230 2.0 1.772341 1.0
  20645354  61.33187202  44.29739155  3.419910 1832.113600   2.310254 1.5
  21321087  73.13193100  45.90722400  1.410476 1817.529800   0.705165 2.0   1.410332 1.0    1.410168 1.0
  21748292  88.59173600 -36.57268500  2.991315 1447.193600  10.677949 3.5
  21947194 182.00095700 -43.66449500  2.221848 1573.331400   4.443763 2.0
  21983485 258.06230800  32.19631700  1.565535 1986.042300   1.565430 1.0   1.565430 1.0                   1.565312 1.0  0.782710 2.0 1.565312 1.0
  22031976 182.71877330 -47.13265242  1.301540 1585.075600   6.495681 5.0   1.301538 1.0
  22114549 269.25295620  33.84205755  3.939898 2016.788400  11.937773 3.0
  22202315 269.73377500  31.03129900  1.965847 2010.887100   1.965851 1.0   1.965845 1.0                                 0.982920 2.0
  22395403 186.14409220 -18.97838417 13.659332 2329.280200   6.587474 2.0
  23221200  47.55273592  -6.17470986  1.371315 2163.770000                                                 0.685661 2.0
  24055366 240.42537000  39.37898500  1.706559 1956.090500   1.586374 1.0   1.706580 1.0    0.509612 3.33  1.706575 1.0  0.853270 2.0 1.706466 1.0
  24201266 277.11681900  32.27129700  3.323073 2012.591100   1.187842 0.0
  24437175 140.83482157 -33.82049442  5.904319 1519.119009                                  0.745505 0.0
  24440482 140.84321800 -30.57862900  1.284166 1519.567200  25.250398 0.0
  24586824  83.65844100 -30.59412700  1.827202 1440.116700   0.913608 2.0   1.827204 1.0    0.913622 2.0   1.827214 1.0
  24659186 349.56538000  48.04141200  1.864512 1741.797100   0.227289 0.0
  24995599 248.66050900 -48.97198808  4.220520 2377.450100  54.965824 0.0
  25158665 143.26707800 -32.39446400  2.119377 1518.629500   2.119451 1.0                                  1.059700 2.0
  25638148  98.73110500 -10.06572800  3.355464 1469.587000  17.896144 5.33  3.355450 1.0    3.353990 1.0   3.354800 1.0
  25639402  98.79755800 -10.78947700  1.523610 1469.064700   2.285355 1.5   1.523602 1.0                   1.523600 1.0
  25779641 145.45069500 -31.46858700  2.768708 1520.657800   2.768776 1.0   2.768654 1.0                   2.768764 1.0  1.384390 2.0
  26541651 291.86707300  49.69019600  1.273300 1683.750100   0.637240 2.0                   1.275046 1.0
  27236884 294.60045800  48.41431100  3.868409 1686.498300   1.114570 3.5
  27352247 213.99461630  40.00745030  1.642800 1739.166700   1.642866 1.0                                  2.450924 1.5
  27397537 295.21206060  50.36118340  3.147440 1706.528300   3.147433 1.0   3.147533 1.0                   6.294590 2.0               3.147498 1.0
  27430187  65.86747785  44.06857420  8.186328 2934.447600   3.446926 2.33                  2.646089 3.0
  27629629 123.18776210  12.91768986  6.575154 2506.625400   2.671912 2.5
  27639585 295.74376500  50.83091700  1.471363 1684.111200   2.941718 2.0   2.942159 2.0                   1.471061 1.0
  27766676 296.10504000  50.51845300  6.096061 1686.578400                  6.095964 1.0    6.095553 1.0   6.096022 1.0  3.047870 2.0 6.096847 1.0
  27784228 332.44876900  28.41098100  1.246438 1712.497900   1.246463 1.0   1.246452 1.0                   1.246487 1.0  0.623230 2.0 1.246487 1.0
  27843942 296.44188800  51.22429900  1.521895 1684.075200                  1.521880 1.0                   1.521925 1.0  0.760940 2.0
  27953378 250.42113200 -87.60454900  3.978525 1631.310400  31.238769 0.0                                                1.989250 2.0
  27997777 296.99556300  53.22466500  5.638107 1687.716000   3.788750 1.5   5.638637 1.0                   5.638400 1.0
  28087218 297.20260400  48.45025700  1.155486 1683.415900   1.155495 1.0   1.155518 1.0                   1.155495 1.0  0.577740 2.0 1.155495 1.0
  28107220  14.15978233 -22.66863825  2.852481 2125.294200   0.248426 0.0   2.852547 1.0                   1.426280 2.0
  28424057  67.69887600  44.82290500  1.424724 1817.016000   1.424961 1.0   1.424949 1.0                   1.424824 1.0  0.712480 2.0 1.424824 1.0
  28481651 281.96273800  30.22967900  1.628404 2010.755600   0.814171 2.0                                  1.628885 1.0  0.814200 2.0
  28557587 131.53966510 -45.86466997  2.390238 1524.233100  29.238485 0.0
  28651515 131.62891760 -46.91750895  1.502307 1519.570700   1.502323 1.0   1.502431 1.0                   1.502329 1.0  0.751160 2.0
  28839606 278.10450700 -32.71993900  1.663529 1656.912100   1.880244 0.0
  28977825 278.33117000 -30.61469800  2.604920 1658.116300  15.074735 0.0   2.605479 1.0                   2.605270 1.0
  29694882 133.26794000 -44.93326200  4.370917 1522.514500   4.370998 1.0   8.743737 2.0                   4.371000 1.0
  30488107 134.32173800 -44.15765123  4.511042 1565.861800  12.288361 2.67                                 4.511100 1.0
  30661176 199.54221900 -40.99168000  3.408852 1602.914000   8.212602 2.33
  30971529 134.91984700 -41.87822600  1.418717 1519.329800   1.418706 1.0   1.418660 1.0                                 0.709360 2.0
  31698206 289.15823250 -35.05897191  1.836715 1663.802700   2.555978 1.33  1.836691 1.0                   1.836700 1.0
  31802526 136.72017800 -44.88100857  2.622866 2274.050600   0.242306 0.0
  32053953 137.06263800 -43.91956800  1.798413 1518.719600   0.899229 2.0
  32088582 202.87753500 -23.43597000  5.029205 1574.680800   6.275655 1.33
  32275143 290.23426570 -31.04911709  1.091383 3149.379300   1.637068 1.5   1.091380 1.0
  32282975  24.03901800 -34.50992500  1.639546 1386.971300                  3.279313 2.0                   3.279300 2.0
  32677141  85.68637482 -26.49306316  1.113886 1449.401000   0.556932 2.0   1.113890 1.0                   1.113900 1.0
  33199904 105.81336980  -3.92211395  2.391202 2226.036200   5.205746 0.0
  33893350 146.08355600 -47.06758200  3.704761 1548.348300   3.704699 1.0   7.408985 2.0                   7.409000 2.0
  33912852 356.14223500 -26.47627400  1.704999 1355.763700                                                 0.852501 2.0
  33937258  93.83960300 -16.40678900  3.094167 1468.818600   3.094070 1.0   6.188112 2.0    3.094732 1.0                 1.547070 2.0
  34069997 146.25071940 -46.10406513  1.922891 2260.135600   3.847015 2.0
  34780378 253.75594600 -29.98955900  8.594924 1635.589400   5.729521 1.5
  34853800  96.37679900 -13.75694700  3.202776 1470.255900 164.435108 0.0   3.202743 1.0    3.203312 1.0   3.202639 1.0
  35518394 148.46461490 -46.14716230  1.754306 1563.738400   1.754271 1.0   1.754244 1.0                                 0.877140 2.0
  35637335 102.27128400 -17.35771500  6.058383 1496.411000   6.058056 1.0                   1.500538 4.0                 3.029030 2.0
  36002186 101.64998400  -1.84551400  1.148805 1469.000000   0.832698 1.33  1.148800 1.0                   1.148800 1.0               1.148831 1.0
  36135860 149.78158200 -42.45572600  2.025043 1546.502600   2.025242 1.0                                  1.012500 2.0
  36382347 150.15159400 -44.58679700  3.035221 1545.072100   3.047719 1.0   6.095780 2.0                   6.095800 2.0
  36440386 102.27615000  -0.68284500  2.991959 1469.839900   4.604621 1.5   5.984048 2.0
  36817995 150.92224500 -45.78354300  2.128801 1545.537800   2.128790 1.0   4.257769 2.0                   4.257800 2.0
  36878219 156.15620500 -10.05505700  1.060563 1545.857400                                                 0.530276 2.0
  36995471  97.91799900  -0.55872600 12.598713 1470.283700   2.390422 5.33
  37640585 135.36633000 -25.28593200  3.091647 1520.804300   1.545872 2.0
  37766858  93.77844100 -26.75720500  4.449847 1470.450800   0.427926 0.0
  37916470  94.64222500 -24.51273100 12.959122 1472.242600  20.123553 1.5
  38586438  64.09021100 -62.01289000  1.111243 1325.889600                  0.555640 2.0                   0.555640 2.0
  38696832  66.11955100 -62.41556400 10.281420 1329.119000   0.318290 0.0
  38811805  67.76034364 -65.73496410  1.788537 1351.009200   1.788475 1.0   1.788482 1.0                   1.788500 1.0  0.894230 2.0
  38865689 255.44991200 -33.69074100  1.447862 1629.939600   1.016486 1.33
  39046297  12.37367700 -68.21459600  1.836514 1326.095500                  3.672583 2.0                   3.672600 2.0
  39349958  88.88643800   0.06585700  1.327147 1468.578900   1.327162 1.0   2.654079 2.0    1.327193 1.0   0.663580 2.0
  39429191 262.78767000  32.29427600  2.062088 1985.663500   0.781813 2.67  2.062080 1.0                   2.062080 1.0  1.031050 2.0
  39718234 137.75252370  45.06004147  1.260358 1879.302100   1.260367 1.0   1.260385 1.0    1.260490 1.0   1.260340 1.0  0.630170 2.0
  39733268 154.03235150  47.05908090  8.360179 1877.922600   6.022370 1.33
  40465975 293.40056600  33.69289100  3.013207 1685.754500   1.143769 2.67
  40926491 250.52091410 -52.84055253  1.666315 2362.058100   0.833145 2.0
  41536032 301.81137530  41.84843620  1.914482 2435.588200   2.480921 1.33  1.914534 1.0                   1.914530 1.0
  42374148 302.35809070  38.58839683  5.028812 2420.774500  10.057531 2.0
  42405439 228.48835300 -56.49734300  3.076740 1631.157700   6.806708 0.0
  42545610 286.81846510  30.32377523  3.146897 2765.137300   3.147012 1.0   3.147036 1.0                                 1.573480 2.0
  42756524  96.77269900  -5.14177500  1.652693 1468.838000   0.601280 2.67                  9.635928 0.0   1.652700 1.0
  42948686 302.65156960  38.53144596  1.345186 1728.199900   1.345181 1.0                                  0.672600 2.0               1.345075 1.0
  42994136  97.27862100  -0.25788200  6.866192 1470.807500   1.205532 5.67  6.866260 1.0
  43469011 229.24088760 -59.61673212  3.139708 1649.634000   6.279491 2.0
  43845548  77.84940881  -7.43675018  7.342826 1448.565400   1.580689 4.67
  44160093 345.30643360  35.56795448  1.408216 3570.463900   0.704098 2.0
  44223622 345.65408500  35.64960200 10.227744 1740.906100  30.024152 3.0  10.229911 1.0                  10.227720 1.0
  44635035 145.99172600 -39.71557900  1.077327 1545.613000   0.538661 2.0   1.077326 1.0                   1.077332 1.0
  44923924 146.86867120 -41.88743282  1.699900 2287.248500   1.699887 1.0   3.399846 2.0                   1.699900 1.0
  45237340 147.76909000 -40.12583600 11.166212 1552.661600   6.569509 1.67
  45239061 147.82282100 -38.92397500  7.994284 1546.938300   2.362128 3.33
  45407959 130.44528600 -55.03675100  1.185958 1518.660700   1.185900 1.0   1.185925 1.0                   1.185900 1.0  0.592950 2.0
  45552762 148.69399670 -38.07732968  1.848908 1559.632200   1.848905 1.0   1.848904 1.0                   1.848887 1.0  0.924460 2.0
  46626680  85.02616200 -15.87225900  1.782947 1469.399400   1.782952 1.0   3.565783 2.0    1.783312 1.0   0.891458 2.0
  47000124 143.60039800  -9.67867100  1.462300 3012.842800  28.354320 0.0   1.462265 1.0                   1.462300 1.0
  47146169 145.16632300  -7.04204100  3.228331 1521.325900   1.307345 2.5
  47330298 135.21821960  -8.14857139  1.782177 1538.141400   3.564352 2.0
  47588748 100.72486400 -27.52360200  3.354609 1470.986300   0.248556 0.0
  47730141 279.52100600  49.81295000  3.705627 1684.205900   1.852852 2.0   3.705759 1.0    3.705730 1.0   3.705867 1.0  1.852860 2.0 3.705668 1.0
  47731085 279.64015270  48.45611835  1.268940 2011.455800   1.268954 1.0   1.268961 1.0    1.269153 1.0   1.269056 1.0  0.634480 2.0 1.269056 1.0
  47820471 280.33561100  50.07175200  2.912923 1714.103700   2.913001 1.0   2.913058 1.0                   2.912999 1.0  1.456490 2.0 2.912999 1.0
  47830746 221.44861200 -35.61267200  1.821139 1596.975300   0.607666 3.0
  47935158 281.10322560  51.13552968  7.202620 1732.122200   2.948816 2.5                                  3.601000 2.0
  47971410 281.20456600  52.10707400  1.314106 1683.467800                  1.314147 1.0                   1.314150 1.0  0.657050 2.0 1.313985 1.0
  48237446  99.15457671 -19.09109013  1.154789 1485.221700   2.309503 2.0   2.309611 2.0    2.309749 2.0
  48280319 148.24282200 -33.20491600  4.983727 1549.954700  67.277937 0.0
  48886060 100.77559500 -19.69461800  1.538070 1468.995000   2.307139 1.5   1.538056 1.0                   1.538100 1.0
  48948123 100.84452400 -21.07514000  2.814863 1469.555600   3.295517 0.0
  48955811 100.98941700 -21.54475800  1.375426 1469.491000   0.687712 2.0   1.375363 1.0    0.687672 2.0
  49928191 111.95712200 -13.05405600  2.814030 1493.826700   5.628303 2.0
  49952907  59.71850500  -5.53225500  1.421258 1438.492300   0.517555 2.67
  49963230 277.84300800  15.38498600  7.076256 2013.077500   2.829981 2.5
  50160979 278.02081100  17.61767400  3.619828 2010.467500   0.707134 0.0
  50284946 112.28992415 -14.61161984  5.045758 1515.591300                                  0.912505 0.0
  50359588  40.60856500  61.18401900  0.999761 1791.014800   0.999549 1.0                                  0.499767 2.0
  50484168 112.45703900 -17.81070500  1.348871 1493.961200   0.848259 1.5                                  1.348900 1.0
  50574018 112.58378700 -14.00597200  6.776532 1493.974700   3.400287 2.0
  50903744 108.89958940  -1.93159377  1.064043 1510.148000   0.532021 2.0   1.064043 1.0    1.064197 1.0
  51174342 110.17447911  59.02900561 10.851575 2959.448000                                  2.081456 0.0
  51579157 129.67670900 -11.64060100  3.152679 1519.412300   3.152490 1.0   6.304511 2.0                   6.304500 2.0
  52041148  14.16254400  65.44941200  1.786212 1790.924500   0.893112 2.0   1.786288 1.0                   1.786300 1.0               1.786428 1.0
  52245789  20.39641665 -68.40282054  0.731995 1331.432100   0.731988 1.0   0.731993 1.0                   0.731989 1.0  0.366000 2.0
  52275218  99.72837783 -32.40009403  2.564301 1515.124500   2.564105 1.0   5.128625 2.0                   5.127942 2.0
  52289850  83.47674500  15.83340100  1.157413 1468.391300   0.579369 2.0
  52320797  99.99125516 -34.95002208  4.258535 1512.909200                                  0.686935 0.0
  52430002  16.36537236  60.07683849  1.088253 1978.535800   0.544140 2.0
  52517749  84.10693928  14.89333246  1.895364 2489.924800   3.790887 2.0   3.790922 2.0    4.212920 0.0   1.895200 1.0
  52560489  99.07606100  -1.35386900  1.771816 1468.882400   0.904471 2.0                  15.542678 0.0
  52835115 125.66364000 -45.64655800  1.392056 1519.300700   1.392067 1.0   1.392030 1.0                   1.392000 1.0  0.696040 2.0
  52967894  99.45559800  -4.10770400  1.920871 1469.919100  20.094439 0.0                                  1.920800 1.0
  53194798 126.11678800 -45.41986500  3.451118 1518.525200   1.494433 2.33  3.450811 1.0                   3.451023 1.0
  53327518  99.92341300  -4.52789600  2.032492 1469.347800   4.065269 2.0   4.064532 2.0    4.065055 2.0
  53393175 118.12989860  57.53515356  1.338490 1868.402500                  1.338481 1.0                   1.338480 1.0  0.669250 2.0
  53455094 102.75357700 -27.93756300  1.385086 1468.460500   7.654097 0.0   2.775296 2.0                   2.775300 2.0
  53697656  12.56515800  31.00128900  1.726152 1767.255300   1.724230 1.0   1.724371 1.0                   1.724280 1.0  0.862140 2.0
  54002864  23.50896900 -16.50579100  1.127783 1386.315500   2.962522 2.67  1.127766 1.0    1.127880 1.0   1.127800 1.0
  54039889 159.74719400 -32.54282800  2.436163 1545.084900   8.737845 3.5   2.436229 1.0    6.257659 2.5
  55247749  95.95038600  62.96915100  5.425423 1821.144100   0.238362 0.0
  55888819 126.37231100 -31.76552000  2.057860 1518.872000   2.057840 1.0   4.115599 2.0                   4.115600 2.0
  56099387  70.24070000  -5.92973900  2.806419 1440.153900   2.806351 1.0   2.806339 1.0    2.807194 1.0   2.806003 1.0  1.403050 2.0
  56469790 119.32197200 -12.93017300  3.074861 1493.652300   3.074871 1.0   6.149784 2.0                   6.150300 2.0
  56914071 139.56889500  44.11154700  9.000946 1875.495900   6.588297 1.33
  57183207 170.61239100 -35.35670400  2.049525 1573.241200   1.271113 1.67
  57210808 171.00610700 -32.57948500  1.447100 1545.860600   3.742051 2.5                                  1.450000 1.0
  58469966  65.73299900  29.11717800  1.027703 1816.231200                  2.055387 2.0                   2.054940 2.0
  59545859  94.94892260  16.33514822  1.602297 2204.417700   1.602298 1.0   1.602332 1.0    1.602235 1.0   1.602068 1.0  0.801150 2.0 1.602068 1.0
  59612379  98.50698200  16.87694900  1.986563 1470.187200   2.202601 0.0   1.986562 1.0    0.993097 2.0
  59764617 110.03774900 -42.52032400  1.750551 1494.087600   1.750289 1.0   1.750320 1.0                   1.750340 1.0  0.875170 2.0
  59901161 110.57134000 -45.67711500  1.206300 1493.517600   1.206302 1.0   1.206303 1.0                   1.206300 1.0  0.603150 2.0
  60284401 125.08761820  13.04848550 10.130012 2249.973000                 10.128072 1.0                   9.808717 1.0  1.688260 6.0
  60326248 112.10144730 -43.81883018  1.491389 1515.813300  32.237469 0.0
  60650708 137.99615400  -7.63430500  2.753668 1519.059100   6.838096 2.5
  60890670 276.85040800 -41.61433300  1.230543 1655.682000   1.971839 1.67  1.230794 1.0                                 0.615330 2.0
  60972097 226.36362700 -27.95378000  1.418603 1602.422600   6.588025 4.67  2.837160 2.0                   2.837136 2.0
  61371376 175.52363100 -42.95959200  8.740979 1572.706000  19.481428 0.0
  61863489  78.86633791  29.81441280  4.456449 2483.186100  12.201610 2.67
  62333066 318.70029200  49.58085200  3.221507 1713.745300   8.590473 2.67
  62559728  80.17164000  29.89140600  3.919868 1836.982100                  3.919509 1.0    3.937897 1.0   1.959700 2.0
  62761031 149.04462090  -4.45673813  8.992837 2997.157200   0.616972 0.0
  63001966 291.63905300  44.17441500  7.100046 1713.760200   2.451571 0.0                   5.539873 1.33
  63289629 292.45787100  46.43337400  1.711509 1684.506500   0.855775 2.0   1.711498 1.0                   1.711528 1.0               1.711664 1.0
  63363382 292.57277230  45.75767666  1.680210 1684.097600   1.680413 1.0   1.680440 1.0    1.680913 1.0   1.680000 1.0  0.840210 2.0
  63586068  32.54430000  33.30986600  2.006318 1792.158900   4.603083 2.33  4.011654 2.0                   2.005798 1.0  1.002890 2.0
  63805680 105.96544500 -29.13801637  3.016497 1500.731000  10.661276 3.5
  64070626  38.96987600 -21.55466700  1.025178 1411.472400   0.512586 2.0   1.025153 1.0    1.024988 1.0
  64087765 337.78199500  57.47649400  1.878433 1740.146500   0.342620 0.0
  64168418 337.67476200  59.49477800  3.380096 1741.308700   2.015444 1.67
  64171349 337.88633200  59.34268600  2.412091 1740.262300                                                 2.412010 1.0  1.214070 2.0 2.412010 1.0
  64566503 111.54421200  -1.37080100  1.236734 1493.098200   2.470226 2.0   2.470254 2.0
  64649549 338.69030100  54.69953200  2.322201 1741.951400   4.648806 2.0
  66024070 114.72154980  -4.62307870  4.187633 2248.566300   4.187634 1.0   4.187133 1.0    1.351138 3.0   4.187540 1.0  2.093790 2.0
  66306771 115.26118300  -3.79076500  4.847017 1496.519200  15.019287 3.0   4.847122 1.0                   4.846800 1.0
  66324755  72.88502700  60.75224300  1.077808 1817.451000   9.166478 0.0   1.077833 1.0                   1.077842 1.0  0.538920 2.0
  66407959  73.57361300  63.90524700  2.695233 1819.951400   5.396491 2.0                                  5.396900 2.0
  66443131 341.19312100  48.95520900  1.165859 1740.934900                  2.331743 2.0                   1.165000 1.0
  66524768  74.40520035  63.12421312  2.359714 1840.342000   0.219660 0.0
  66736507  87.51535135  -6.13850975  2.315990 1468.435400   4.629661 2.0
  66891255  88.21367624 -10.23458363  5.684616 1482.168800  28.421205 5.0
  67018240 181.43982600 -59.17926400  4.889474 1573.593400   2.444685 2.0
  67163605  89.32852300  -9.43306200  5.204595 1473.406500   2.891292 0.0
  67432728 311.98447430  41.23568454  2.756909 2424.430500   2.756912 1.0                   2.757194 1.0   2.757092 1.0  1.357930 2.0 2.757092 1.0
  67488719 235.98990100 -57.42086300  3.471399 1629.832400   9.030526 2.67
  67587411 131.13332500  39.83748400  1.429672 1871.967200   0.306066 4.67  1.429644 1.0    1.429415 1.0   1.429600 1.0
  68095518  44.28664100  37.89457700  2.921524 1792.947000   2.915495 1.0   2.915544 1.0    2.915363 1.0                 1.457770 2.0
  68279606 116.66625300  -0.77776000  5.576506 1497.359800   3.256531 1.67
  68543179 103.60369000  32.42415300  4.192376 1845.861000   4.682299 0.0   4.192686 1.0                   4.192500 1.0
  69814497 337.35474750 -18.65257635  3.196781 2083.248000                                  0.639364 5.0   1.598300 2.0
  70777271   1.51890900 -32.07203700  2.424856 1355.680600   4.849505 2.0
  70784005 152.07632500 -35.75035400  4.790732 1548.858900   3.763097 1.33
  70909328 152.82060200 -31.09243000  2.460105 1545.712600  57.463059 0.0   2.460250 1.0                   2.460300 1.0
  71101327  91.67504900  61.57801700  1.614781 1818.825200   1.614758 1.0   1.614790 1.0                   1.614790 1.0  0.807380 2.0
  71110482  67.03387994 -12.17595465  1.792185 1459.378800   0.896128 2.0
  71145941 127.01613950  51.83081033  6.329339 1852.609300   1.140783 0.0
  71294136 114.25588400  70.76397800  3.982451 1846.474300   3.982382 1.0   3.982342 1.0                   3.988700 1.0  1.991220 2.0
  71294205 114.28676940  70.56256687  1.445075 2015.242900   1.445076 1.0   0.722537 2.0                   0.722543 2.0
  71404287 154.79340300 -30.54654200  2.871020 1546.302800                                                               1.435540 2.0
  71517879  90.28668746  -8.19928596  1.907764 1475.636600   1.907757 1.0   1.907800 1.0                   1.907800 1.0  0.953870 2.0
  71612065 202.13605900  30.62352400  1.041580 1931.125300   1.041571 1.0   1.041573 1.0    1.041564 1.0   1.042172 1.0  0.520790 2.0
  71689358  25.62436359  58.78459692  1.489743 2889.996600   1.489731 1.0   2.979576 2.0                   1.489660 1.0               1.489705 1.0
  71725881  91.04084300  -7.35287800  1.328105 1468.881100   1.328114 1.0   1.328107 1.0                   1.328080 1.0  0.664050 2.0
  71733696 166.40135440 -44.97663259 13.564671 1594.026800   0.250353 0.0
  71743214  25.82863860  55.66795178  5.381444 1793.336900  14.693626 2.67  5.381573 1.0
  71918143  91.61092500  -8.22862200  1.334823 1484.144800                                  0.888323 1.5
  72008835 167.47989800 -42.93713800  1.911987 1572.408600   3.823929 2.0
  72028193  27.48486800  54.00558000  1.064497 1792.619400   1.064638 1.0   1.064633 1.0                   1.064661 1.0  0.532320 2.0 1.064661 1.0
  72041316  91.92788900 -10.47302100  1.443043 1469.505200   2.245700 1.5
  72050148  92.10798704  -9.32038525  1.116295 1487.566000   1.674521 1.5   1.116255 1.0
  72229208 186.67292000 -43.09411100  1.288019 1571.783800   1.288687 1.0   2.577295 2.0                   2.577372 2.0
  72450391  59.45030217  57.52426171  4.553406 2922.867400   9.107038 2.0   4.553410 1.0    4.555075 1.0   4.552674 1.0               4.552674 1.0
  72451792  59.45714474  58.11773199  3.158386 1830.268200   3.158467 1.0   6.316537 2.0    3.157486 1.0   1.579200 2.0
  72529363  60.03971494  54.19364257  1.882469 1834.907400   1.882435 1.0   1.882412 1.0    1.882513 1.0                 0.941210 2.0
  72555159  93.55768960  -7.13169198  1.186789 1480.476100   1.186792 1.0   1.186820 1.0    1.186936 1.0   1.186801 1.0  0.593410 2.0
  72705846  33.90752900 -25.63392700  1.264987 1386.208900   0.632488 2.0   1.264970 1.0    0.632427 2.0   1.264970 1.0
  72766300 253.36082430  40.30336372  1.474742 1980.643400   1.474752 1.0   1.474722 1.0    1.474796 1.0   1.474750 1.0  0.737370 2.0 1.474750 1.0
  73043226 120.31312400  -5.06321800  3.818332 2236.603300                                  1.909984 2.0
  73233940 120.88932220  -5.44918770  1.936586 1502.397600   0.502141 0.0
  74474255 137.55787350 -46.68555762  5.177436 1541.218200   7.407841 1.33
  74832170 265.97997600 -56.60566458  7.067679 1658.478200  23.348038 3.33
  75054045 138.49053600 -46.09559800  1.151199 1519.191000   1.151209 1.0   1.151225 1.0                                 0.575600 2.0
  75834026 271.54124200  40.94494200  6.159123 1986.124400   0.214088 0.0
  76090835 273.04277800  41.51024900  2.833036 2010.902300                  5.665595 2.0    5.662587 2.0   2.832774 1.0  2.833400 1.0 2.832774 1.0
  76313453 269.52070300 -57.61179796  1.661228 3112.433400   2.634135 1.5
  77206890  68.67502425 -41.80666376  4.470981 2167.958000   2.235473 2.0   4.471044 1.0                   4.471000 1.0
  77553401 152.50299160  -1.03705628  1.836055 1524.259800   0.248327 0.0   1.836062 1.0                   1.836050 1.0
  77596455 141.79134800 -42.93674500  2.540383 1518.638800   2.540361 1.0   5.081084 2.0                   5.081100 2.0
  78571779 102.89743900 -20.45115000  1.319757 1469.325400   1.319755 1.0   1.319786 1.0                   0.659876 2.0
  79646818 120.41041400 -44.98189200  1.554174 1493.288200   0.200563 0.0
  79807236 296.56440200 -45.23026900  1.572025 1655.126300   2.007049 1.33  3.143964 2.0                   3.144116 2.0
  79985059 251.89746320 -38.23815109  5.632257 2364.337300   1.953542 0.0
  80709183 105.96942250 -21.50887581 12.277789 2220.086300   9.976892 0.0
  80775010 165.89763100 -50.21853700  1.583585 1571.690900   1.583604 1.0   1.583582 1.0                   1.583552 1.0  0.795250 2.0
  81164079 125.91794900  55.16656100  4.688121 1845.766400  15.922036 3.33
  81236062 166.80185800 -52.55288000  1.758265 1571.747200  10.061802 5.67
  81312628 167.07826200 -48.22652800  1.857157 1573.143800   1.857165 1.0   3.714296 2.0                   1.489840 1.33
  81540037 123.26103360 -43.38713962  1.081608 1520.041100   2.163184 2.0
  82216639 124.39283800 -42.15109100  1.843565 1519.319700   0.921794 2.0
  82219438 124.29440800 -42.92372700  1.256067 1519.272700   9.145288 0.0
  82561240  51.39463200  64.89619600  3.131530 1793.372900   3.131539 1.0   3.131206 1.0                   3.132985 1.0  1.565790 2.0 3.132985 1.0
  82804836  79.72422400  65.70923000  1.384609 1818.236000   1.384669 1.0   1.384668 1.0                   1.384600 1.0  0.692330 2.0
  83149027   2.43474377  64.72330181  2.763415 1804.506100   2.764486 1.0   2.764324 1.0                   2.764487 1.0  1.382190 2.0
  84070123 327.31048000  41.13794100  1.756298 1712.286100   1.756166 1.0   1.756140 1.0                                 0.878110 2.0
  84903792  64.81652882  65.07234043  3.176611 2921.040800   3.176631 1.0                                  3.176480 1.0  1.588310 2.0
  85054953  74.57466600  29.73172000  4.195668 1818.130000   4.703872 0.0
  85078829 111.24412400  61.48903400  2.327101 1843.034200   2.327070 1.0                                  2.327090 1.0  1.163550 2.0
  85243065 114.36421800  62.73806200  2.172362 1844.309200   2.172362 1.0   2.172380 1.0                   2.172380 1.0  1.086180 2.0
  85525521  47.07464894  31.18401758  2.884387 1791.883800   2.409514 0.0
  85587070 258.84387100  39.94834800  1.251812 1985.949100                  1.251853 1.0                   1.251850 1.0  0.625910 2.0
  85624217  57.05759200  69.81717400  5.773196 1821.597400  40.420220 0.0
  86013074  59.90343200  69.44856400  1.096843 1817.791500   1.096861 1.0                                                0.548420 2.0
  86013775  59.93988100  70.26430600  3.056705 1818.425400   5.335322 1.67
  86440073 298.52605400  33.81065600  1.976272 1683.948200   5.415446 2.67                                 1.976275 1.0
  86670296  57.68106200  57.57104300  1.319211 1818.182300   1.318991 1.0   1.318969 1.0                   1.318979 1.0  0.659500 2.0 1.318979 1.0
  87724422  81.78675601  46.76017505  1.047262 1834.841100   0.523626 2.0   1.047198 1.0    1.047226 1.0   0.523636 2.0
  87780825 273.38918100 -44.27353700  5.121922 1662.792200   1.856922 2.67
  87976701 146.80920700  21.38594500  1.054840 1872.304500   1.054872 1.0   2.109783 2.0                   2.109780 2.0
  88053036  82.35061402  45.45125093  1.805152 1835.915500   1.805179 1.0   1.805061 1.0                   1.804347 1.0  0.902570 2.0 1.804347 1.0
  88118482 193.96727950  14.32833257  3.881006 1930.563100   6.633554 1.67
  88385413 104.39555800  59.97910200  4.321795 1845.366600   0.483193 0.0   4.321936 1.0                   4.321940 1.0
  88459227 105.65349800  61.05397400  1.053209 1843.699800   1.053208 1.0   1.053200 1.0                   1.053300 1.0  0.526600 2.0
  88484737 105.90669600  62.88516500  8.691071 1848.202700   5.190479 1.67
  88574127 121.69197800  -3.26134900  7.853687 1497.438100  10.994863 1.33
  88813520 274.68356540 -44.16793332  1.077114 3098.268000   0.201709 5.33
  88977629 123.25895500  -5.69476000  1.208729 1493.491300   0.229281 5.33  1.208320 1.0    1.208590 1.0   1.208400 1.0
  88978245 123.28198900  -5.02293000  2.880216 1494.276800                  2.881792 1.0                   1.440900 2.0
  89297596  89.87893200  17.38442000  2.812016 1468.652900   2.100421 1.33                  2.811179 1.0
  89593414 239.17415400 -54.31898900  4.885622 1631.522200   1.886827 2.5
  90208002 127.83967500 -52.74159300  2.404591 1519.504900   0.997049 2.33  2.404170 1.0                   2.404200 1.0  1.202320 2.0
  91369561 312.56828000 -42.21794400  3.983134 1328.381000   3.983009 1.0  11.949249 3.0                                 2.013630 2.0
  91605777  88.45754700  16.22460900  1.534869 1468.633200   2.058582 1.33  1.534840 1.0                   1.534800 1.0
  91779500  88.73239900  16.60899900  2.608191 1469.196600                                                 5.218177 2.0               5.218177 2.0
  91835947 171.77105000 -50.75469800  2.893964 1573.834500   2.894007 1.0   2.894160 1.0                   2.894200 1.0  1.446980 2.0
  92566226 315.44838180 -32.06498276  4.647891 1333.385800   2.323931 2.0
  92695523 173.65375280 -50.32345824  3.250131 1592.304400   5.112710 1.5
  92861561 317.50735100 -32.59403300  2.514494 1326.523100   0.615738 4.0   2.514391 1.0                   2.514490 1.0
  92994267  28.59369800 -16.11546100  1.431957 1387.240200   0.715937 2.0
  93024107  83.95828114 -21.14713886  3.209934 1468.871800   0.222374 0.0
  93483585 129.98943810 -49.75614091  3.454150 1518.678200   3.453460 1.0   6.911849 2.0                   6.911800 2.0
  93932730 240.99512200 -35.17338800  3.382386 1632.916600   3.383642 1.0   3.383613 1.0                                 1.691810 2.0
  94558431 177.62207200 -48.24529100  1.667649 1571.587100   1.669524 1.0   1.669556 1.0                   1.669600 1.0  0.834770 2.0
  95780027 161.15339200  21.44967900  1.524269 1900.686100   1.524448 1.0   1.524437 1.0    1.524272 1.0   1.524460 1.0  0.762220 2.0
  95978226 264.38790280 -52.50358929  4.973324 2366.593000   1.657926 3.0
  96430381  73.50243100  32.98635000  1.776397 1818.644300   1.776399 1.0   1.776408 1.0                   1.776388 1.0  0.888200 2.0
  96431424  73.45698100  33.64503600  1.841627 1817.177800   1.841777 1.0   3.683213 2.0                   1.843365 1.0
  96985270 105.58111100 -30.67231900  3.458400 3687.218400   0.426632 0.0   3.457602 1.0    4.714627 1.33  3.458200 1.0
  97043773  74.91962500  31.35813700  1.231469 1817.643500   1.231451 1.0   1.231471 1.0    1.231531 1.0   0.615723 2.0
  97145899  74.87199200  34.14632800  1.126371 1816.847100   1.126372 1.0   1.126388 1.0    1.126425 1.0                 0.563180 2.0 1.126303 1.0
  97197767 106.04939394 -30.85317080  1.906511 1515.140800                                  2.204451 0.0
  97402192 332.41547080 -33.49827607  3.650661 2081.913700   1.825362 2.0
  97419392 106.48832600 -35.01027900  3.096354 1469.221900   3.096364 1.0   3.096152 1.0                   3.122996 1.0  1.548200 2.0
  97832125 289.44256600 -39.08516900  1.325382 1655.114000   0.662686 2.0   1.325371 1.0                   1.325376 1.0
  98280982 290.48412000 -41.22776600  1.156154 1655.763800   2.679770 2.33  1.156153 1.0                   1.156200 1.0
  98292789 108.65677100 -33.14509700  8.105089 1498.781300   3.508657 2.33
  98569906 291.23208920 -37.05969288 10.066438 1672.974800   5.033060 2.0
  98836317 105.39093680  37.30899752  7.388868 1866.020000   0.935949 0.0
  98948695  87.43913800  46.05301300  2.145442 1816.973300   2.144260 1.0   2.144560 1.0    2.144194 1.0   2.144220 1.0  1.072130 2.0
  99181804 184.13655100 -25.42939400  3.106992 1572.621700   3.107010 1.0   1.553726 2.0    3.108688 1.0   1.553068 2.0
  99270144 169.46407032  39.86527355  1.892138 1922.546600                                  0.851588 0.0
  99594854 310.02427800  34.60666900  4.414830 1687.541600   4.414862 1.0   8.829400 2.0                   8.829400 2.0               4.414015 1.0
  99970436 171.36723000  60.18978400  7.594480 1689.889300   3.797530 2.0
  99972568 310.44031400  35.02926572  2.257098 1711.911800   2.257255 1.0   2.256826 1.0                                 1.128650 2.0 2.257489 1.0
 100659981  87.15882600 -32.10482500  1.485550 1439.305000   0.742758 2.0
 101335534 263.33750900 -30.48092900  4.202687 1630.338000   2.410713 1.67  8.405756 2.0                   8.405800 2.0
 102298710 154.32060000 -43.97551500  2.496466 1545.564000   4.990401 2.0   4.990098 2.0                   4.991600 2.0
 102312868 196.37549300 -39.75871400  3.746834 1573.144000  37.298482 0.0
 102469440 154.99527940 -47.87178590  7.815205 1561.913700   2.865932 2.67
 102571243  89.78179300   9.07225700  2.933526 1468.723800   4.557776 1.5   5.866537 2.0    2.934802 1.0   1.466800 2.0
 102624646 155.15763600 -45.69441000  2.653845 1545.428600   2.653866 1.0                                  1.326900 2.0
 102951928  58.55456400  73.28399000  8.425210 1821.629800   2.201504 0.0
 103111320 156.54521700 -43.58944500  1.407371 1545.156900   1.407384 1.0   2.814821 2.0                   1.407350 1.0
 103316008 156.89098500 -46.94570200  4.309607 1546.487500   4.309706 1.0   4.310158 1.0                   4.309564 1.0  2.154720 2.0
 103360861 299.94214900  31.92273200  7.573210 1684.843600   7.573265 1.0   3.786761 2.0                   3.786800 2.0               7.568951 1.0
 103687645 153.93005260  68.03779101  1.262879 1683.996000   1.262881 1.0   2.525736 2.0                   2.525666 2.0               1.262922 1.0
 103859520 194.93120800 -30.20745900  6.759499 1571.753600   1.726448 4.0
 104312684  54.69453000  52.12985800  1.938989 1790.976300   3.877712 2.0   3.877360 2.0    1.939478 1.0   1.938880 1.0               1.938816 1.0
 104629148 264.22676400 -31.19833900  2.155036 1629.081400   0.923647 2.33  2.155053 1.0
 106491593 109.95408300 -27.48639300  1.345199 1493.538600   1.345211 1.0   1.345174 1.0                   1.345200 1.0  0.672600 2.0
 107310125 204.46454700 -33.01934700  7.027440 1606.674300   3.642161 2.0
 107342914 110.99297200 -25.90732100  2.905626 1495.038700   5.811212 2.0   5.811365 2.0                   5.810700 2.0
 109060231 112.94374300 -24.11270900  1.259018 1493.368400   2.518050 2.0
 109202589 113.13124100 -29.06671300  1.759838 1493.517800   0.879917 2.0   1.759775 1.0    0.935057 0.0   0.879900 2.0
 109929199 113.73203200 -27.89897800  2.837092 1493.807400   1.098738 2.5
 110193497 114.03682900 -26.14115500  3.579920 1494.108100   4.503546 1.33
 110741988 291.51850800  29.38181800  1.370308 1684.227300   1.370352 1.0   1.370344 1.0    1.370303 1.0                 0.685170 2.0 1.370291 1.0
 113154889 276.93460600 -39.23561900  1.479892 1656.506200   2.506019 1.67  1.480139 1.0
 113289825 113.11077000 -31.20890300  1.734380 1492.714000                  3.468739 2.0                   1.734000 1.0
 114141101 295.19452700 -33.85588000  1.014745 1655.832300   1.421440 1.33  1.014736 1.0                   1.014729 1.0
 115061592 285.39362100  28.30221000  1.188908 1684.197200   1.188904 1.0   1.188920 1.0                   1.188919 1.0  0.594450 2.0
 115124509  83.27166300  30.55170700  1.930395 1816.340900   0.465026 0.0
 115351916 251.55522100  42.08487500  7.320163 1961.779700   8.365398 0.0
 115404643 285.87927000  27.78354400  1.139565 1684.349800   1.137742 1.0                                  0.568854 2.0
 115521594 253.78982450  47.94515858  4.795589 1970.232300   2.397864 2.0   4.795624 1.0
 115620185   8.54651100  37.98991300  7.781350 1766.795700   9.057238 0.0
 115812557  84.21907300  31.56410900  1.307259 1818.164800   1.157742 0.0
 115907273 189.67477500  43.61607400  7.903202 1906.423300  10.537743 1.33
 116015382  44.51796000  50.95433800  1.568606 1791.415200   3.108204 2.0
 116142913  84.81443500  32.70371100  1.486241 1817.870600   1.147911 1.33                                 1.486236 1.0               1.486236 1.0
 116161302 267.47108380  37.14438422  2.532132 2414.183900   2.531989 1.0   2.532079 1.0    2.531999 1.0   2.532100 1.0  1.266070 2.0
 116405523  45.65018200  52.54323300  1.301688 1791.555300   1.301704 1.0   2.603400 2.0    0.650786 2.0   1.301533 1.0               1.301533 1.0
 116417661   7.88964100 -36.27369000  2.277689 1354.566200   2.782919 0.0                                  2.277687 1.0
 116502572 233.86795100  43.48032400  3.932928 1931.008100   3.933038 1.0   3.933039 1.0                                 1.966540 2.0
 116598525  85.55334700  32.36766000  4.406423 1818.935200  22.767915 0.0
 116618808  46.25292600  50.21601600  1.403107 1791.958800   0.701634 2.0   1.402970 1.0                   1.403000 1.0
 116719388  46.51269100  52.03931600  2.053949 1792.398900   2.054544 1.0   4.109090 2.0                   4.109100 2.0
 116856646  85.99300982  32.33275299  1.801046 1832.377800                                  4.467191 2.5
 117098064  86.33565800  31.90870500  5.266681 1816.315200   5.266496 1.0   5.266704 1.0                   5.266706 1.0  2.633260 2.0 5.266511 1.0
 117122984 129.05417300  26.82572700  2.209002 1872.985500   1.627092 1.33
 117260494  47.84986800  49.42098400  1.556447 1790.947400   1.556331 1.0   1.556325 1.0                   1.556619 1.0  0.778180 2.0 1.556619 1.0
 117642602   9.34658900 -36.90409300  4.539295 1356.644400   7.390349 1.67
 117656736  49.33916000  53.10008200  1.733051 1790.874600   1.733697 1.0   1.733622 1.0    1.733637 1.0   1.733718 1.0  0.866850 2.0
 117661316  49.45569700  50.30071300  3.585822 1792.725700   3.584269 1.0   3.584534 1.0    3.582373 1.0   3.548990 1.0  1.792070 2.0
 117945492 128.44098800 -21.60941600 11.980165 2965.531000                                  1.711822 0.0
 118561970 129.90825600 -23.18389000  7.869004 1523.095800   1.211247 0.0
 119372613 100.59455800  -6.06911700  3.321318 1470.263100   6.645595 2.0   6.644240 2.0                   3.321800 1.0
 119398402 332.33534300  41.56608200  0.996331 1740.239600   0.996340 1.0   1.992709 2.0                                 0.498170 2.0
 119569773 277.35369200 -54.89792300  1.286615 1655.231300                  2.572925 2.0                   2.572900 2.0
 119835401 333.79089200  40.59671700  3.012409 1742.681900                  3.013701 1.0    3.013852 1.0   3.016620 1.0  1.506860 2.0
 119845844 101.18844600  -9.96395000  1.074234 1469.193900   1.074237 1.0   1.074222 1.0    1.074267 1.0                 0.537120 2.0
 119899180 334.04723400  41.74288700  1.065933 1740.599800   1.065911 1.0   1.065912 1.0    1.065950 1.0   1.065884 1.0  0.532960 2.0
 119944992 278.70697300 -59.24168700  1.697550 1655.453300   3.395590 2.0   1.697517 1.0                   1.697525 1.0  0.848750 2.0
 119960685 334.16066700  40.77014100  3.669597 1740.557600   3.663805 1.0   3.663829 1.0                   3.663916 1.0  1.831920 2.0
 120052916 334.51286400  39.36921200  1.679751 1740.226900   1.678275 1.0   3.356629 2.0    1.677685 1.0
 120072475 162.63720000 -50.68967100  7.484902 1572.544700   4.953396 1.5
 120125308 279.86079500 -56.12519200  1.334382 1655.700100   0.667487 2.0   1.334997 1.0                   1.334988 1.0
 120239061 335.47710000  36.61777400  4.391522 1741.662200   7.902640 0.0
 120266712 101.70457200  -6.96432700  2.779040 1470.655400   0.491309 5.67  2.779157 1.0                   2.779200 1.0
 120289832 335.54513000  41.60216500  1.390892 1740.604200   1.390758 1.0   2.781668 2.0
 120328657 101.83720160 -11.16955052  6.210297 2212.217900                  3.105250 2.0    1.035250 6.0
 120460448   1.30271700 -39.98814200  1.753920 1354.203200   0.876946 2.0
 120577262 285.57989200  41.95642100  3.964868 1684.597800   3.964749 1.0   3.964421 1.0                   3.964420 1.0  1.982340 2.0
 120601550 337.69727400  40.98245800  1.372828 1740.240500   1.372965 1.0   1.372950 1.0    1.373275 1.0   1.372947 1.0  0.686480 2.0 1.372930 1.0
 120653593 163.89670600 -49.70938100  3.269350 1572.076700   3.269176 1.0   3.268763 1.0                   3.268800 1.0  1.634600 2.0
 120665125 102.38825300 -11.09270600  5.553912 1472.182900   0.652175 0.0
 120969423 286.78856200  37.07588300  1.981216 1683.864000   0.990633 2.0
 121202108 128.07429300  -2.51425900  1.782174 1493.550900   0.891079 2.0   1.782167 1.0
 121646297  72.66234200 -22.02799900  1.113581 1438.822900   0.556790 2.0                                  0.556794 2.0
 122884992 277.85634400  46.77775500  4.378226 1684.366900   4.378198 1.0   4.377260 1.0    4.378810 1.0   4.377260 1.0  2.189000 2.0 4.377773 1.0
 122893665 117.94408400  -2.49644000  1.430014 1493.426300   0.715044 2.0   0.715014 2.0                   0.715014 2.0
 122987766 113.14350700 -43.90035600  2.790793 1493.920500   1.014290 2.67
 123084675 118.51143200  -3.10065400  4.580271 1495.120200   8.469319 0.0
 123135027 118.65825300  -5.23610400  2.169095 1494.187400   0.286974 0.0   2.168894 1.0                   2.168900 1.0
 123230976 281.09370000  43.33898300  1.276650 1683.513400   0.638295 2.0
 123257510 114.14821300 -47.49116400  2.216931 1494.302500   9.001343 4.0
 123358805 281.77561000  47.59325700  2.879230 1686.264900                                                 5.758458 2.0
 123448681 282.30849900  45.41071400  1.322691 1683.558500   1.322689 1.0   1.322689 1.0                   1.322681 1.0  0.661340 2.0
 123763401  90.20872400 -21.35172000  1.635242 1469.243500   0.817617 2.0   1.635245 1.0
 124196054 104.00704300  -7.17995800  2.464141 1470.089200   3.931883 1.5
 124197179 104.02944900  -7.55155900  5.603114 1470.989200  44.211543 0.0
 124319707  92.93402700 -21.38006000  1.966786 1468.351800   3.933614 2.0
 124498760 104.40896100  -8.97380900  2.412673 1468.360500   1.779624 1.33
 125268885 105.41946600 -11.74763700  5.696854 1495.621300   7.754627 1.33
 125290264 123.47375864 -15.76248749  1.163121 1493.075900                                  0.581569 2.0
 125346344 105.65264700  -7.96545700  1.865983 1493.018700  14.528737 0.0   1.866098 1.0    1.866108 1.0
 126312544 134.06550000  28.75329100  1.547924 1872.533800   0.516024 3.0   1.547917 1.0                   1.547930 1.0
 126607688 316.15164400  24.14028200  1.380951 1711.403900   4.009255 3.0                                  1.381000 1.0
 127371285 350.21124100  40.12446700  6.019690 1742.111500   1.389557 4.33
 127517201 228.55906000 -52.89490400  1.317134 1629.196900   3.414757 2.5
 128474000 118.11577100 -27.08912800  5.527530 1492.806300   0.519752 0.0
 128527278 219.55559200 -45.54003200  3.416325 1602.200200   0.797051 4.33                                 1.708400 2.0
 128714282 339.87415000  37.12508600  5.080294 1740.304700   1.171251 4.33
 129098604 118.68857107 -25.08437162  1.419804 1493.284900                                  0.709246 2.0
 129361304 118.97843500 -28.60884800  6.878608 1495.095100  10.339957 1.5
 129484476 343.53444300  40.94390200  1.829097 1741.291600  14.632992 0.0
 129808367  53.98961800 -40.05414300  5.808192 1416.450200   5.076239 0.0
 129869260  35.84837900  37.02717800  1.748476 1792.386600                  1.748452 1.0                   1.748456 1.0  0.874220 2.0
 130094177 119.60644600 -29.80690500 10.109137 1494.277700   7.618193 1.33
 130180049 117.26834400  28.52178100  1.782816 1843.630000   1.782825 1.0   3.565076 2.0   24.548046 0.0
 130535309 120.12272900 -27.99809500  1.051883 1492.936600   2.103767 2.0   2.103737 2.0    1.023898 1.0
 130720183 186.58222400 -32.84283600  2.606800 1571.833700   7.821625 3.0
 130732094 186.87933500 -31.17992000  8.496731 1574.642300  11.337957 1.33
 130805559 229.16505800 -52.46448200 14.522069 1632.098100   0.985741 0.0
 131838289 118.66078600 -38.83258600  1.742096 1493.859900                  3.484225 2.0                   3.484200 2.0
 132709400 120.00828700 -39.27838500  4.362280 1493.602600   0.635782 0.0
 133037886 120.51246800 -36.91737500  5.400774 1496.971400   7.055403 1.33
 133657834 121.24349700 -40.42535300  1.609295 1493.950400   1.609308 1.0   1.609277 1.0                                 0.804660 2.0
 133859037 121.46830900 -38.66666600  4.295733 1496.591200   0.326213 0.0
 134228465 106.88714300 -45.91065600  2.956494 1468.993700   2.957118 1.0   2.957161 1.0                   2.957150 1.0  1.478580 2.0
 134902657 183.94537700 -37.12858000 18.109176 1579.475700  12.374369 1.5
 135044985 184.71850500 -37.93691500  1.100491 1572.422000   0.550244 2.0                                  1.100496 1.0
 135161301 185.54775400 -40.05591500 18.652532 1580.676900  10.084445 0.0
 136917120 230.45021500 -49.10659400  2.307414 1629.441400   5.464010 2.33  2.307560 1.0                   2.307560 1.0
 137429718 151.15291500 -50.27499600  6.249925 1548.589500   0.923163 0.0
 137607688 145.95650400  82.25649500  1.108540 1684.948300   0.920353 0.0
 137998185  88.32143300  77.67488500  1.182058 1817.787200   1.182050 1.0   1.182074 1.0                   0.591040 2.0
 138032974 293.13898900  36.81585500  1.871349 1684.728900 189.491438 0.0
 138177003  94.91478135  32.19408402  7.681673 2488.446029                                  0.809308 0.0
 138184518 211.91423300  34.08757800  1.109026 1930.114100                                                               0.554520 2.0
 138410679  95.88744200  35.69332000  1.600963 1843.877900                  1.600928 1.0                   0.800454 2.0
 138541814 158.80863120  65.51097927  0.745120 1684.106600   0.745124 1.0   1.490237 2.0                   1.490239 2.0  0.372560 2.0 0.745175 1.0
 138798958  74.35624500  -7.20486500  5.049334 1439.714100   8.344252 1.67
 138868679 320.43153528  46.34238703  4.530480 1754.360813                                  0.697633 0.0
 138938803  83.14932800   6.11993600  1.930859 1469.587700   7.897467 4.0
 139142188 320.71017600  42.35605100  2.492940 1713.213100   2.493071 1.0   5.000000 2.0                   5.000000 2.0
 139153227 121.02337400  34.16128700  1.465455 1842.974800   0.301278 0.0   1.465449 1.0                   1.465500 1.0
 139171762 111.38226300 -22.45030000  2.427837 1493.370000                                                 4.855300 2.0
 139303449 172.16374100  17.99086000  1.686058 1900.609400   1.955125 0.0
 139348942 348.94052900 -42.64127500  1.466413 1355.327900   1.305659 0.0
 139478189  88.21208800  10.61521700  1.463011 1469.512100   1.299312 0.0                                  1.463000 1.0
 139578655  64.74259900 -22.59170400  1.804723 1439.413900   1.804727 1.0   0.902354 2.0                   0.902354 2.0
 139590327  88.58472000   8.82721400  2.131784 1468.626900                  4.263594 2.0                   2.132000 1.0
 139637470  65.44752515 -22.73255543  1.022764 1444.539107                                  2.098810 2.0
 139683313  66.46336100 -22.80262200  6.583711 1441.688300   4.004372 1.67
 139841210 325.45643200 -50.16936300  1.489036 1325.581800   2.233597 1.5                                  1.489030 1.0
 140040845 329.12896100 -53.36499200  2.416432 1326.714500  15.335986 6.33
 140133071 127.38571400 -43.61140600  1.919262 1518.951700   0.959622 2.0                                  1.919329 1.0
 140323777 115.73594000 -22.30648200  4.778856 1496.469800   1.435949 3.33
 140385401  90.17836200   8.14555600  5.847388 1473.237100   2.259890 2.5                                  2.923700 2.0
 140655479 128.41323800 -47.73750800  1.159700 1519.632700   1.157838 1.0   1.157910 1.0                                 0.578920 2.0
 140739409  74.44624100  73.20020900  2.112110 1818.603500   2.112248 1.0   2.112194 1.0                   2.112100 1.0  1.056090 2.0
 140779368  74.53774000  74.96344300  4.366696 1819.464600   2.183388 2.0
 140827017  74.85822900 -77.54650300  1.036978 1326.281400   1.036960 1.0   1.036963 1.0                                 0.518480 2.0
 140997887  78.24211500 -76.19982500  1.481833 1325.946200   1.481845 1.0   1.481869 1.0                   1.481900 1.0  0.740920 2.0
 141011743 116.66905200 -20.25661300 11.567744 1497.873300   2.892036 4.0
 141173459 116.91955000 -20.75732800  1.005955 1493.175500   1.004566 1.0   2.009173 2.0
 141317260 117.06224400 -22.64345200  6.165243 1494.564100   1.476829 0.0
 141365859 129.49326400 -43.57753700  2.228198 1519.064900   4.457009 2.0
 141369456 129.54810000 -44.39174600  7.813026 1522.051700   0.457255 0.0
 141439332 129.51270100 -45.87264800  1.358003 1519.378000   1.358013 1.0   0.679032 2.0
 141472325  86.55936500 -74.63218600  2.331355 1327.601100   2.331261 1.0   2.331560 1.0                   2.331370 1.0  1.165680 2.0
 141727581 117.74710400 -23.51112500  6.727678 1493.424400   1.348617 5.0
 141816629 205.18966600  59.43315800  2.166588 1712.177900                  2.166619 1.0                                 1.083300 2.0
 141871821 207.61386300  55.61417900  1.196404 1712.239800   1.196405 1.0   0.598195 2.0    0.598277 2.0
 142013374  75.19113452  83.58478418  4.200221 2004.762500   1.070985 4.0
 142487007 160.25639100  74.68273000  1.057165 1684.404800   0.528581 2.0   1.057167 1.0                   1.057150 1.0
 142584344 166.48310200  76.07917400  1.851425 1683.687300   1.851478 1.0   1.851517 1.0                   1.851441 1.0  0.925750 2.0 1.851543 1.0
 143060048 167.97601900 -10.80500100  4.285168 1547.969000  30.471480 0.0   4.285406 1.0                   4.285400 1.0
 143150357 116.95263400 -43.86029800  1.889937 1493.832400   0.631894 3.0
 143156464 117.15432400 -42.93285400  1.854951 1494.093100   0.927468 2.0
 143175136  93.85347000  -6.13791800  1.208031 1468.946800   0.224763 5.33  2.416254 2.0    2.415905 2.0   0.604011 2.0
 143454519  63.79019000  41.30164900  7.395873 1819.684100   0.920621 0.0
 143493071 118.18365300 -42.86334500  2.458828 1493.252000   0.711957 3.5
 143525810 125.54829900 -18.85137500  1.575048 1493.376100   0.543804 0.0   1.575052 1.0    1.574893 1.0
 143725115 126.01380600 -23.09611000  4.301231 1520.297200   2.257041 2.0                   2.150331 2.0
 143746809  80.79953400  39.18565600  1.631999 1816.973000   1.143591 1.33  1.632388 1.0    1.632141 1.0   1.632230 1.0               1.632230 1.0
 143762508 285.50848800 -47.06527600  2.286683 1657.023300   0.421474 5.33  2.286481 1.0                   2.286500 1.0
 144129851  97.10051900  41.93304700  3.799525 1844.239200                  3.798827 1.0    3.797399 1.0   1.307800 3.0
 144328338 171.30940500  32.80434200  0.996547 1900.272500   2.655306 2.67                  0.995567 1.0
 144425109 190.05408300 -40.61105400 12.181402 1576.614500   4.815622 2.5
 144457050 336.04708500 -42.80709400  1.109799 1326.082700   3.343385 3.0
 144713949 131.21003370 -50.74907891  5.411550 1551.153000   1.788689 3.0   5.411776 1.0                   5.411800 1.0
 144999904 131.59944700 -53.46661600  1.032877 1518.940900   0.516799 2.0   1.033587 1.0                   1.033587 1.0  0.516800 2.0
 146122310 123.42750300 -32.88787300  1.995710 1493.211000   3.991182 2.0
 146276600 158.16839800 -45.76670800  3.362095 1572.906900   3.361997 1.0   3.361991 1.0                   3.362252 1.0  1.681050 2.0
 146280264 158.05845500 -47.82089400  2.955667 1547.102300   2.955688 1.0   5.910743 2.0                   5.910700 2.0
 146310451 158.28975200 -47.64227500  5.995226 1547.030500   7.447146 1.33
 146372757 158.51091000 -46.54712300  5.512699 1550.277900   0.987988 5.67
 146665631 159.84127600 -42.84679900  3.684256 1548.358600   7.367837 2.0   3.684952 1.0                                 1.842180 2.0
 146687815  43.10878903 -46.21556767  3.061874 1401.849300   2.449639 1.33
 146756367 160.36671600 -47.58820800  7.588200 1549.100700   3.710172 2.0
 147237256 124.91067600 -33.83961000  3.118893 1521.063600   0.745115 0.0   3.119750 1.0                   3.119800 1.0
 147488808 105.02640200 -12.75859900  1.914099 1493.347800   1.323780 1.5   3.828305 2.0    1.913706 1.0
 147520110 125.36277000 -30.19877600  2.943635 1520.778400   5.887144 2.0   2.943191 1.0                   2.943200 1.0
 147572066 163.58666800 -46.44684200  9.152092 1550.417100  10.538869 0.0
 147878085 141.37645000  71.40182800  2.197281 1685.155200   2.197264 1.0   2.197300 1.0                   2.197300 1.0  1.098630 2.0
 148099074 105.88208100 -16.60071900  5.542643 1494.610900   2.052764 2.67
 148105935 105.91626200 -16.83477300  1.622865 1493.766200                  1.622863 1.0    0.811490 2.0   0.811431 2.0
 148319994 101.79109000 -39.57287800  2.404649 1470.360900   4.809327 2.0   2.404731 1.0                   2.404736 1.0
 148470303  77.41796800  63.46216100  1.610025 1817.572900   0.804922 2.0   1.609844 1.0                   1.609900 1.0
 148487546 102.81779900 -38.26290800  1.016117 1468.820900   0.508084 2.0
 148630972 106.67203900 -14.50174300  3.166765 1495.440900   6.343529 2.0
 148986284 115.37909600 -31.98523900  2.569726 1492.646400   5.133990 2.0
 149750906 116.41893500 -31.90136800  1.320385 1493.807000   0.660210 2.0
 150067837  91.64604200 -64.99240000  2.571963 1327.276500   2.470970 1.0   2.572064 1.0                                 1.286040 2.0
 150275144  94.86719200 -62.80805600  4.297990 1329.059200   0.218751 0.0
 150389733  96.33950200 -65.90871000  2.410062 1327.635400   2.410265 1.0   2.410225 1.0                   2.410245 1.0  1.205120 2.0
 151008206 118.36090400 -33.84295500  3.329592 1496.479626                                  5.005830 1.5
 151063942  90.89696400  14.31670500  1.530806 1468.725700   4.060959 2.67  1.530907 1.0                   1.530900 1.0
 151238713  91.19009900  15.40083300  1.364534 1468.809800   1.364519 1.0                   1.364576 1.0   1.364295 1.0  0.682270 2.0 1.364295 1.0
 151281308  91.31078300  16.20415500  1.489316 1468.549300   2.978097 2.0                   2.978506 2.0
 152313511 170.85031000 -41.04803900  4.910185 1573.396800   2.861640 1.67
 152328270 119.95427800 -30.20544300  9.070585 1495.232200 381.074102 0.0
 152393809 171.46886800 -36.44483500  1.713248 1573.183100   0.856622 2.0
 152482993 171.86572250 -41.51410927  0.864454 2296.425300   0.864453 1.0                                                0.432230 2.0
 152513129 172.10729660 -39.72985739  2.063383 1571.927800   4.126044 2.0   4.126830 2.0                   4.126800 2.0
 153125772  89.44076900 -26.14799900  1.043752 1468.908700   0.521499 2.0
 153829954 340.71344400  43.03797000  2.687149 1740.523500   0.895939 3.0
 153987857 341.28871800  42.01955600  1.014342 1741.744600                                                 0.507078 2.0
 154089225 209.16013100  68.30453100  4.839592 1686.757900  12.863117 2.67
 154109839 232.86754500 -46.72261900  1.135622 1629.286900   1.879257 1.67
 154296087 342.33346300  44.49996600  1.460010 1741.483600   1.459996 1.0                                  0.730026 2.0
 154358412 214.27887200  58.95904800  2.029590 1711.414800   2.029668 1.0   2.029723 1.0                   2.029700 1.0  1.014830 2.0
 154483464 185.18559600  74.47669000  2.139576 1683.789400                  4.279128 2.0                   4.279130 2.0
 155313405 102.95372000  15.64884300  2.931083 1471.047100                  5.861762 2.0    5.860537 2.0   2.930910 1.0  2.930770 1.0 2.931299 1.0
 155427861 123.36517800 -27.24921200  5.596711 1494.278900   2.798433 2.0
 155568346 123.59319300 -26.71367700  5.234146 1492.781500  13.455431 2.5
 155600876  68.59572200  40.97908400  1.540099 1818.778300   2.309945 1.5                   1.539753 1.0
 155648220 123.65955400 -28.08696000  4.549270 1494.100900   1.350666 3.33
 155886188 123.98953800 -25.58480000  3.678266 1493.612700   3.303524 0.0
 155993582  56.01365651 -15.61061703  2.684208 2149.214800   0.249281 0.0   2.684137 1.0                   2.684200 1.0
 156041186  69.90630000  36.26147800  2.987272 1816.137800   7.924359 2.67
 156366087  70.96840300  38.39502000  2.859168 1816.753900   2.857944 1.0                   2.858608 1.0   1.175711 2.33              1.175711 2.33
 156478625  71.28915500  36.53302800  3.092266 1817.568200   3.091177 1.0   3.090961 1.0                                 1.545540 2.0
 156519042  71.41938200  39.09918300  5.223416 1816.863900   2.293649 2.33
 156580371 125.06429000 -25.02709300  2.022633 1492.883000   2.022649 1.0   4.045461 2.0                   4.045500 2.0
 156677397  71.80060800  38.14790700  1.078187 1816.861400   1.078063 1.0   1.078049 1.0                   1.078061 1.0  0.539030 2.0 1.078228 1.0
 156753325 275.36397000  17.49043300  1.701672 2011.928900   0.841695 2.0   1.701714 1.0                   1.701710 1.0
 156785094 106.95909800  36.75041400 13.609143 1851.736000   1.286264 0.0
 156797402  72.16588600  39.39388700  3.258270 1816.827100   3.258030 1.0   3.258275 1.0    3.257349 1.0   3.257700 1.0  1.628890 2.0
 157089542 104.92911300 -38.76406300  6.220806 1484.539400   0.502132 0.0   6.219587 1.0                   6.219600 1.0
 157198852 247.72311500  16.83404500  1.738616 1986.664000   3.476661 2.0
 157237391 276.10717200  16.06106200  4.258986 2012.810500   3.144460 1.33  4.259298 1.0
 157324460 176.91166600 -30.40550400  3.123863 1573.185700   6.252377 2.0
 157474230 265.16798700  38.94496800  3.299545 1986.291800   0.900948 3.67
 157549048 279.07025300  37.39506100  2.633674 1683.531700                  5.267227 2.0                   5.267230 2.0
 157665672 275.23577600  15.67104000  4.133460 2011.032700   4.133853 1.0   4.133173 1.0                   4.133763 1.0  2.066850 2.0
 157689633 279.53970400  36.21382700  2.407274 1684.384000                  4.814761 2.0                   4.814760 2.0
 157889314 280.63416900  37.92619900  1.432770 1683.934100   0.716375 2.0   1.432929 1.0    1.432856 1.0   1.432800 1.0
 158048526 261.08595900 -32.80194400  3.244881 1629.160300  10.981594 3.33  3.244399 1.0
 158089205  90.50854100 -47.84030600  1.622968 1439.355200                  1.622920 1.0                   1.622916 1.0  0.811460 2.0
 158111399 285.90266900  46.40657200  1.037853 1684.629600   1.037852 1.0   0.518928 2.0    0.518926 2.0   0.518929 2.0  0.518920 2.0 1.037860 1.0
 158162714 287.04860600 -49.06991400  8.686092 1656.899000   4.877903 0.0
 158200002 162.52429300 -37.85525700  6.496572 1545.181700                 12.980853 2.0                   1.730770 3.67
 158387638 287.04648500  42.00050000  5.088377 1686.991700   0.234404 0.0                                  5.088330 1.0
 158445630 289.40919500 -51.67947100  4.921962 1659.809200  11.284806 2.33
 158462579 219.73177200  54.86806800  2.707848 1713.050300   5.472936 2.0
 158499570 164.06594100 -36.56899800  1.583164 1545.541600                  3.166408 2.0                   3.166400 2.0
 158657090 269.17658200  26.85929200  7.862327 2015.931200  31.452253 4.0
 158723781 288.47317700  42.38006600  2.172118 1685.436300   2.172313 1.0   4.343862 2.0    4.343401 2.0   2.171994 1.0  2.172020 1.0
 158786524 288.61918900  46.80296100  7.095175 1686.258100   3.417705 2.0                                  7.095218 1.0
 158933380 289.00710700  44.71906300  8.394430 1684.730400   1.957854 4.33
 159297935 229.55989100  83.29275100  1.741638 1684.699100                                                 1.749978 1.0  0.870830 2.0
 159347094 236.67781700  81.70851000  1.462265 1684.296100   1.462268 1.0   1.462276 1.0                   1.462280 1.0  0.731140 2.0
 159448132 290.64525500  42.79766300  1.768537 1685.011500   0.884271 2.0   1.768541 1.0                   0.884350 2.0
 159458652  98.82851700  48.35707000  1.504445 2946.937073                                  0.752266 2.0
 159458976  99.08953900  47.98471600  2.603829 3310.036568                                  0.721895 3.67
 159614037 219.85269200  64.99171300  1.029201 1683.827500   1.029200 1.0   1.029198 1.0                   1.029204 1.0  0.514600 2.0 1.029206 1.0
 159692791 318.32076600 -39.55080600  7.953683 1331.998600   3.052673 2.67
 159818663 268.95603400  38.13458100  1.293111 1988.852700   1.293097 1.0   1.293107 1.0    1.293160 1.0   1.293132 1.0  0.646540 2.0
 160036449 336.75228800 -37.18836800  1.893182 1326.833300   1.673191 0.0   1.893345 1.0                   1.893193 1.0
 160226427  28.28072403 -42.90674191  0.826060 1388.067300   1.239100 1.5   0.826048 1.0                   0.826066 1.0
 160374408 211.20335400  30.43556000  2.108131 1931.741000   2.108057 1.0   4.216220 2.0                   4.216872 2.0
 160396455 232.94526400  73.13631300  1.380073 1684.083000   1.380126 1.0   1.380079 1.0                   1.380080 1.0  0.690040 2.0
 160409066 233.62499400  73.84906900  6.020432 1689.671500   5.128450 0.0
 160423610 235.45347400  75.44708300  4.052634 1683.389000                  8.104404 2.0                                 4.052400 1.0
 160506965 322.81616800  33.96504600  7.002553 1715.549700   7.000621 1.0                                                3.500310 2.0
 160551435 241.92685300  72.22385700  1.399926 1683.991400   1.399926 1.0   1.399922 1.0                   1.399940 1.0  0.699960 2.0 1.400018 1.0
 160618979 246.05893600  76.69289800  6.270040 1689.110700  11.622908 0.0
 160945336 323.82860200  30.47597300  1.869483 1712.084400   0.934714 2.0   3.738959 2.0                   3.738960 2.0
 161262470 341.18523680 -49.22287724  4.081191 3177.564600   0.248554 0.0
 161474596  73.02790100 -41.96271500  1.480585 1411.842300   2.220850 1.5   1.480616 1.0                   1.480556 1.0  0.740290 2.0
 161485285 241.44002200 -42.56530400  4.819123 1632.169000   7.230191 1.5
 161920516 309.59031800  30.16428400  1.958464 1685.093500   1.958416 1.0   3.916953 2.0                   3.917000 2.0
 162023624 168.14068400 -46.67350100  3.587447 1572.822900   0.474945 0.0
 162206348 168.76633300 -45.89009100  1.100886 1572.279400   0.550444 2.0   1.100869 1.0                   1.100900 1.0
 162303581 169.17328800 -42.63605300  1.810318 1573.092500   1.810367 1.0   1.810327 1.0                   1.810330 1.0  0.905160 2.0
 162329382 331.90907600  30.06480700  1.142371 1711.744100   1.142397 1.0   1.142423 1.0                   1.142400 1.0  0.571210 2.0 1.142450 1.0
 162488570 332.51061300  33.42005800  4.372065 1713.424800   2.186068 2.0
 162633616 245.89192100  53.37746700  3.210682 1740.492300   1.017921 0.0   3.210596 1.0                   3.210600 1.0
 163548452 262.72790800 -32.33174200  4.058655 1630.024100   1.944944 2.0                                  4.058600 1.0
 163584958 174.42883000 -44.84510100  7.911506 1576.957500  43.742526 0.0
 163653867 191.27781500 -49.23192300  1.730192 1572.287600   1.730190 1.0   3.460351 2.0
 163904092 321.07980900  31.45402900  1.133364 1711.760600                                                 0.566615 2.0
 164729814 284.53161000  41.98430500  1.990240 1685.260700   1.990100 1.0   2.985445 1.5                                 0.995110 2.0
 165209447  92.34601800 -46.36834300  5.466912 1440.664500   4.051770 1.33
 165225355  92.49791100 -44.97519700  3.725003 1439.955800   0.390206 0.0   3.726302 1.0                   3.725700 1.0
 165317795 179.28420500 -38.84201000 17.746503 1572.081700                  3.219890 0.0                   3.219890 0.0
 165584674 192.39351800 -52.91476700  4.143816 1603.701800   4.143689 1.0   8.286000 2.0                   8.286000 2.0  2.071990 2.0
 165716077 230.82440000  57.90764000  3.109335 1711.874900   3.109045 1.0   3.109130 1.0    3.108526 1.0   3.109046 1.0  1.554540 2.0 3.109046 1.0
 165796434 121.96659400  31.45582100  2.397985 1843.414100   4.795921 2.0   2.397964 1.0    3.432639 1.33  2.397967 1.0
 165797774 122.04191200  32.57853200  2.434895 1844.981900   3.408871 1.33  2.434830 1.0                   2.434814 1.0
 165909729 192.35073100 -49.35869800  2.844053 1573.459800   2.844147 1.0   5.688277 2.0
 166204259 317.55321400  41.84121000  2.040139 1712.360300                  4.080638 2.0                   4.080600 2.0
 166221652 295.41946590 -48.60223998  3.080318 2037.830700   0.842597 3.67  3.080305 1.0                   3.080335 1.0
 166314007 295.91093620 -49.50488070  0.633033 1659.723000   1.301982 2.0   0.633033 1.0                   0.633030 1.0
 166738175  36.50644600 -52.27399400  1.282313 1354.459600   1.282319 1.0   1.282324 1.0                   1.282332 1.0  0.641160 2.0
 166788240  38.51582700 -53.73287400  1.452516 1354.258000   1.452513 1.0   1.452530 1.0                   1.452533 1.0  0.726260 2.0
 166897516  59.79288600 -33.54056700  1.791856 1411.569100   0.894831 2.0
 167037441  93.90887600   9.21039000  1.712458 1469.488500                  3.424945 2.0                   1.712500 1.0
 167309182  98.30391800 -71.30618000  3.991163 1328.468800   6.619092 1.67
 167746516  80.93187170 -40.69608028  1.555913 1476.700900   1.555922 1.0   1.555893 1.0                   1.555918 1.0  0.777950 2.0
 167747439  80.97590600 -40.29816000  6.131086 1445.328100  19.659795 0.0
 168120052 101.51102200  -4.17991200  3.868933 1475.673800   2.485334 1.5
 168192853 101.54304200  -3.23348200  3.667013 1471.215700                  7.333768 2.0                   3.667040 1.0
 168342040 106.85082100  -1.34203000  1.654791 1493.503400   7.220743 4.33  1.654745 1.0
 168790813  63.61998400 -35.41473900  8.326110 1413.250600   0.203748 0.0
 169019645 126.61763300  -2.29718200  1.134772 1492.608000   2.258211 2.0
 169363722 297.42481500  36.51750700  1.886043 1684.946000   1.886029 1.0   3.772050 2.0    1.886917 1.0   1.885920 1.0               1.885920 1.0
 169378688 297.37609400  38.99629300  3.359752 1685.414200   4.395722 1.33
 170745318 298.49292500  39.20214100  2.474640 1684.191200   2.473899 1.0   4.947686 2.0                   4.762690 2.0
 170978125 254.31890900 -58.25035400  4.805856 1633.351800  55.272173 0.0
 171009514  67.64234600  32.32347700  7.351879 1817.645400  28.947628 4.0
 171412169 298.94407500  37.82388900  3.754334 1686.663900   7.506476 2.0   7.505595 2.0                   7.505700 2.0  3.752790 1.0
 171517465 119.87371700  29.87771100  2.783044 1843.839600   0.537432 0.0   2.783278 1.0
 171644680 158.58389170  18.39789695 12.679007 2546.106100                  1.408798 0.0                   5.071530 2.5
 171875955 299.21638600  39.78990200  1.981639 1685.177300   3.963286 2.0
 172215581  98.05884300  31.16512300  4.399556 1844.729100   0.584382 0.0   4.399523 1.0                   4.397600 1.0
 172307763  99.49502300 -27.69163700  2.011393 1468.378200   2.011328 1.0   4.022950 2.0                   4.022950 2.0
 172462957 100.15185300 -28.97223800  6.199350 1472.756600   2.575983 2.33
 172497052  99.06769800  32.55156500  3.403381 1843.099700   2.127139 1.5   3.404180 1.0    3.402119 1.0   3.403400 1.0
 172521488 100.27739900 -26.78404200  3.305867 1471.330500   8.680175 2.67
 172764013 299.86049500  39.69431000  1.825456 1683.784700   1.825446 1.0   1.825419 1.0    1.825409 1.0   1.825430 1.0  0.912720 2.0 1.825430 1.0
 172927750 101.89161700 -25.94981900  3.805763 1470.916400   3.805771 1.0   3.805221 1.0                   3.801706 1.0  1.902890 2.0
 173045827 179.83100700  30.19726200  1.264149 1900.699900                  2.528262 2.0    0.632015 2.0
 173203667 346.19046700  42.04266300  1.082557 1740.796900   1.082444 1.0   1.082440 1.0                   1.082460 1.0  0.541220 2.0
 173320536 257.19064400 -54.55023600  3.361152 1628.645600   3.364668 1.0   3.364998 1.0                   3.365000 1.0  1.666930 2.0
 173381716 111.92462800 -41.77893000  1.780968 1493.950000   1.781045 1.0   1.781074 1.0                   1.780936 1.0  0.890530 2.0
 173521768 348.34542700  46.14752200  2.765187 1741.943500  23.479753 0.0   5.530514 2.0                   2.765090 1.0
 173980301 258.29021800 -59.50159300  1.460520 1629.817000   0.682314 0.0
 174429404 114.47454800 -36.61688300  1.262607 1493.290800   1.262442 1.0   2.525011 2.0                   1.262500 1.0
 175183573 116.01706500 -38.06200100  1.083338 1493.126900   0.470283 2.33
 175298452 347.48550140 -39.43143778  4.377842 1360.780400   2.249028 2.0
 175316540 347.59129900 -38.85120600  5.946754 1354.952700   2.960252 2.0
 176554389 132.24339300 -19.54887500  4.949539 1520.856400   0.550012 0.0   4.949576 1.0
 176642337 353.30872915  45.31485197  3.216498 1744.083706                                  0.845614 0.0
 176841862  49.22729700 -34.17871100  3.931728 1412.869800   8.021410 2.0
 176843020  49.38529600 -30.83588800  6.597957 1416.240400   7.433419 0.0                                  2.013546 3.33
 176947079 355.18095940  42.74069799  2.726680 1741.386800   2.726657 1.0   2.726700 1.0    2.725528 1.0   2.726700 1.0  1.363350 2.0
 177047187 235.85126200 -37.09440400  3.860654 1630.959800   5.907422 1.5
 177316589 357.68973500  45.11660300  1.787313 1767.791300   0.655483 2.67  1.787079 1.0                   1.787080 1.0
 177444462 106.89474300 -10.05341200  3.600956 1494.560000   1.952672 0.0   3.601419 1.0    3.601395 1.0
 177501970 358.78835900  43.19718800  2.558218 1765.459200   1.610817 1.5   2.558371 1.0                   2.558370 1.0
 177540164 106.21661100  -1.34251200  1.179285 1493.420800                  0.589640 2.0    1.179143 1.0   1.179280 1.0               1.179280 1.0
 177750102 106.39398600  -2.58132700  1.355833 1493.324600   2.437825 0.0   1.353292 1.0    1.353080 1.0   1.353229 1.0
 177751079 106.46144400  -2.26800900  3.462805 1495.338100   1.385176 2.5                   1.385005 2.5
 178070841 113.41040600  -2.79872900  1.615743 1492.786000   2.586260 1.67
 178330598 108.20409500  -8.89070400  4.533243 1494.176700   2.266750 2.0
 178427568 108.38249600  -5.94132500  1.363111 1493.137600   5.332187 4.0                   4.303042 0.0
 178533779 165.09213800 -46.68462400  2.743585 1572.776500   5.487377 2.0
 178635173 108.72771900  -8.94255000  3.001934 1495.145100  20.276442 6.67  3.001926 1.0
 178639083 108.72963800 -10.22647700  1.069747 1493.371000   1.069748 1.0   0.534881 2.0    1.069728 1.0   1.069760 1.0               1.069760 1.0
 178706522 165.96653100 -46.09755600  1.650424 1572.751400  41.872719 0.0
 178708140 165.96645200 -47.20918300  2.289229 1572.383500   0.327829 0.0   4.578455 2.0
 178857300  66.67018200 -24.95049400  1.287316 1438.696500   1.287313 1.0   1.287323 1.0    1.287136 1.0   1.287310 1.0  0.643660 2.0
 179549734 188.03566500 -64.24409400  1.887050 1602.733300   0.943516 2.0
 180257957 180.01711700 -17.92320000  1.703923 1572.820600                                                 0.851905 2.0
 180761818 272.33180800  30.70745300  1.754913 2010.315400  15.041330 0.0                                  1.754925 1.0
 180844568 273.25795900  32.18497500  2.354062 2011.405000   0.767792 3.0
 181011888 130.20581400 -36.62800000  1.764744 1520.180500   0.269496 0.0   1.764692 1.0
 181806004 165.83929100 -14.72379700  3.078352 1545.237100   0.247243 0.0                                  1.539200 2.0
 182986998 124.70537900 -38.92503900  3.534519 1519.864700   1.579061 2.33
 185228741 301.22723000  47.45364100  1.720452 1684.784200                                  0.860276 2.0   0.462380 3.67
 185339685 301.55609200  45.50763200  1.669398 1684.820700   0.834669 2.0
 185774305 302.54608800  43.57441500  1.375186 1684.004500   1.375206 1.0   1.375158 1.0    1.374814 1.0   1.375228 1.0  0.687590 2.0 1.375228 1.0
 185882425 302.70884700  42.28424200  1.198598 1683.693200   1.198583 1.0   1.198628 1.0                   1.198654 1.0  0.599300 2.0 1.198654 1.0
 186097273 131.62942000 -32.67431900  1.825602 1519.596300   3.651181 2.0   3.651399 2.0
 186366186  18.39359900  37.52783400  1.756552 1766.417200   7.284525 0.0   1.756665 1.0                   1.755200 1.0
 186373727 132.24273900 -34.91148800  7.340543 1524.124000   0.441355 0.0
 187700575  78.52303000  38.93537600  1.160925 1817.070800   0.580493 2.0   1.161004 1.0    1.160847 1.0   1.160862 1.0               1.160862 1.0
 188123865 161.95330900 -26.69823500  2.885819 1546.165300   2.885785 1.0   2.885818 1.0    2.885423 1.0   2.885795 1.0  1.442910 2.0
 188301282 308.20837000  44.12575100  1.996829 1685.187400   1.996810 1.0                                  0.798708 2.5
 188464850 133.08274100  39.47454300  1.784152 1871.772100   0.421160 4.33
 188505088 134.27089900  41.77169800  1.340641 1871.800800   1.341897 1.0   1.341904 1.0    1.341858 1.0   1.341905 1.0  0.670950 2.0 1.341834 1.0
 189279595 309.60620300  43.03158400  1.193267 1712.348200   1.193199 1.0   2.386341 2.0                   2.386300 2.0               2.386333 2.0
 189406274 142.85748400 -24.13999100  5.714211 1519.393500   0.319900 0.0
 190107440  97.27184300  45.64022000  1.126901 1843.100900   1.690604 1.5   1.127057 1.0                   1.127060 1.0
 190484763 325.17569400  45.18611800  5.306413 1711.727900   0.740894 0.0
 190823683 325.95245300  46.34230700  1.446977 1712.834200   2.530657 1.67                                 1.447311 1.0               1.447311 1.0
 191725471  21.84521700  47.79092100  1.612979 1767.642600   2.001747 1.33
 191997983 103.76000700  46.42585400  7.478162 1846.630200   1.585804 4.67
 192067945 104.55823000  47.27467491  1.372877 2597.551800                  2.745999 2.0                   2.745980 2.0
 192158489 105.44888200  43.66690500  2.943926 1843.611200   1.531825 2.0   2.943924 1.0    1.511314 2.0   2.943910 1.0  1.471950 2.0
 192325947 137.61090300 -36.77607900  1.982182 1518.793900   1.982214 1.0   3.964473 2.0                   3.964500 2.0
 192472070  46.41513800  45.63271000  2.834434 1793.227800   2.834206 1.0   2.834303 1.0                   2.834550 1.0  1.417150 2.0
 192938726 122.41832100  43.13489600  1.263804 1842.802800   1.438200 0.0   1.263799 1.0    0.631952 2.0   1.263810 1.0
 193260524 305.34508100  42.76660500  4.915093 1698.066100   3.306812 1.5
 193536321 305.83386800  46.24500000  2.056605 1700.358202                                  1.028306 2.0
 193857753 306.45262400  45.83184100  4.365246 1685.860200  10.119433 2.33
 193878243 270.18581600  47.35041700  1.375618 1685.032100                  1.375608 1.0                   1.375656 1.0  0.687810 2.0 1.375582 1.0
 193993801 231.31254700  50.59101200  1.431299 1741.372200   0.715640 2.0   1.431324 1.0                   1.431340 1.0
 194411826   3.53936200  36.92062800  2.387289 1768.465900   5.570916 2.33  2.387595 1.0
 194439774 222.44571700 -55.94976500  2.624242 1597.769100   1.748738 1.5
 194531864   5.02377100  37.91737500  3.062551 1767.401200   3.061110 1.0   3.061226 1.0    1.207802 2.5   3.061000 1.0  1.530580 2.0
 194624186 312.65379000  36.31188100  2.150555 1713.374400   2.150570 1.0   4.301069 2.0                                 1.075280 2.0
 195613495 310.51266200  43.24956100  1.936408 1712.190900   1.936348 1.0                   1.936437 1.0   1.936403 1.0  0.973370 2.0 1.936403 1.0
 195972637 314.78568800  35.97394400  1.659210 1713.261200   0.829620 2.0   1.659237 1.0                   1.659200 1.0  0.829610 2.0
 196294481  14.28853200  43.85232600  1.300866 1767.046700   0.650529 2.0   1.301054 1.0    1.301070 1.0   1.301136 1.0  0.650520 2.0
 196432206  15.22360500  44.61890200  1.482202 1767.573200   0.741030 2.0
 196840135  19.18342000  44.10301100  4.235839 1769.908300  15.312034 3.67  4.238648 1.0    4.238236 1.0   4.239179 1.0
 197041495  95.71036000  37.89168900  1.265255 1843.792200   1.265075 1.0   1.265103 1.0    1.265078 1.0   1.265071 1.0  0.632540 2.0 1.265192 1.0
 197094425  96.08647700  40.65426500  1.968605 1844.740800  54.633421 0.0
 197296609 334.93928000  49.11172700  1.830949 1741.436100  19.070898 0.0
 197406736 335.36207700  49.39378000  3.468992 1742.820900   3.477759 1.0   3.477791 1.0    3.477137 1.0   3.477800 1.0  1.738950 2.0 3.478251 1.0
 197590548 326.62169600 -39.47504200  7.686582 1327.669100   2.562753 3.0
 199224074 306.52929000  33.84053800  1.625065 1685.261900   0.557446 3.0   1.625091 1.0    1.624993 1.0
 199382562 306.65975500  35.04357100  1.169248 1683.922700   1.169250 1.0                                  1.169267 1.0  0.584620 2.0
 199754655  81.90630594 -10.74465655  8.228796 2197.501477                                  2.071446 4.0
 199820155  84.99154900   2.05828800  1.919123 1469.027100   0.959469 2.0  50.604401 0.0                   0.353414 5.33
 199920707  85.70858500   2.47959300  3.124312 1470.680300   0.260441 0.0   3.120348 1.0    3.119724 1.0   3.120300 1.0  1.560150 2.0
 200515320  82.80925200  10.00527400  3.477845 1468.972000   2.470476 1.33
 200516528  82.76992900  11.40246100  5.357747 1471.123500   9.438197 1.67
 200630831 339.52731800  47.54167800  2.265910 1740.270100                  4.532770 2.0    0.514557 4.33  1.133200 2.0
 200850660  53.58923000 -51.81183900  1.146616 1386.925900                  1.146644 1.0                   1.146652 1.0  0.573320 2.0
 201176965 357.92426000 -53.00009500  1.366614 1325.742700   1.364025 1.0   1.364023 1.0                                 0.682010 2.0
 201414722   0.06366300  48.92409900  1.717404 1766.186800   1.715416 1.0   1.715403 1.0                   1.715345 1.0  0.857710 2.0
 201436554   0.30276700  53.86497500  1.714937 1765.221300   1.714975 1.0   3.429997 2.0    1.714886 1.0   1.715000 1.0
 201523317   1.05487100  49.70421500  1.272927 1765.361300   1.272608 1.0   1.272583 1.0                   1.272280 1.0  0.636290 2.0
 201625146   1.15246100  48.44532900  6.200478 1772.045500   0.209549 0.0
 201646264   1.55201700  51.81906200  1.588883 1765.240000   0.794600 2.0                                  1.589373 1.0               1.589373 1.0
 201958236  42.11752700 -57.05389400  1.015222 1354.590300   1.014509 1.0   1.014500 1.0                   1.014500 1.0  0.507250 2.0
 202120866 101.60347200   7.69806500  1.796534 1469.724600   0.228057 0.0
 202299805 225.16084300  57.77514700  1.545686 1713.157100   1.545683 1.0   1.545687 1.0                   1.545650 1.0  0.772840 2.0
 202368917   5.77602400  52.18736400  1.029519 1765.142900   1.029517 1.0   2.059101 2.0                   1.029500 1.0
 202442974 227.93510300  63.62198000  2.738928 1684.825100                                                 5.477980 2.0
 202467015 228.50390800  64.92610700  2.458077 1684.207000   2.457792 1.0   2.457732 1.0                   2.457803 1.0  1.228890 2.0 2.457708 1.0
 202509246 231.48113100  60.28156200  1.269709 1712.589000   1.269694 1.0   1.269707 1.0                   1.269700 1.0  0.634850 2.0
 204497617 326.79900000 -32.89641300  1.589155 1325.946200   0.794721 2.0   1.589135 1.0                   1.589135 1.0
 206076305 250.61664900 -28.66364700  1.176251 1629.736100   1.764247 1.5   1.176287 1.0                   1.176300 1.0
 206543366  18.14664300 -57.69415400  5.488810 1357.497700   0.997879 0.0
 206702849  96.35171500   7.51223300  2.557502 1470.607900   0.316394 0.0   5.116055 2.0                   5.116100 2.0
 206761116  96.52575400   8.71824900  3.591249 1469.406300   6.564444 0.0
 206844720  96.88023600   6.52569300  5.934770 1473.146000  33.390190 5.67                                 5.934337 1.0
 206883875  97.07327300  10.34755300  4.002563 1469.127200   3.044916 1.33
 206946569  97.27109500  11.71818300  1.850229 1468.816900   3.432949 0.0   1.850205 1.0
 207199906  47.37185400 -59.83326100  1.109659 1354.503000                                                               0.554820 2.0
 207277134 110.45173000  10.68543100  2.280757 1494.485100   0.742098 3.0   2.280774 1.0                   2.280770 1.0
 207339936 135.19543200  76.76755823  2.977046 1849.360200   1.488529 2.0   2.977074 1.0                   2.977030 1.0
 207440986 244.91983200  57.58016500  2.103817 1713.199600   2.103822 1.0   2.103788 1.0    2.103808 1.0   2.103820 1.0  1.051900 2.0 2.103903 1.0
 208306727 208.40479800 -59.23427400  4.682681 1608.126300   6.485947 1.33
 209285550 210.14349700 -54.27101900  2.359563 1601.233700   4.719113 2.0   2.359530 1.0
 209309426 337.27505400 -29.73375500  3.827152 1326.446500   0.618321 0.0
 209792417 210.97640500 -57.28277100  3.909386 1601.869700   6.806034 1.67  3.915328 1.0                   3.915300 1.0
 211271007 246.87907300 -35.62759000  1.254587 1629.396600   4.004691 0.0   1.254587 1.0                   1.254600 1.0
 212609324 256.43440600 -53.78732500  7.609036 1628.953100   2.876699 2.67
 212979667   9.57897800  -4.42960700  5.163205 1387.449000   0.387556 0.0
 213042224  75.19852400  -4.11787100  5.970260 1442.900100   1.176406 5.0
 213056433 257.15055800 -53.88072000  1.140389 1629.614800   1.142156 1.0   2.284487 2.0                   2.284500 2.0
 213105905  76.32816286  -0.29094485  4.389314 2198.022200   4.389278 1.0   4.389724 1.0    4.390997 1.0   2.194600 2.0
 213502963 257.80128600 -53.89039500  1.658165 1628.960900  14.697651 0.0   3.316505 2.0                   3.316500 2.0
 213698753 257.98026100 -53.00503600  1.100380 1629.717700   1.100376 1.0   2.200777 2.0                   1.100400 1.0
 215403644  43.10247858 -41.15074777  2.195855 1412.129600   2.196306 1.0                                  4.392900 2.0
 215655621 242.38153900 -49.08502000  5.004404 1632.607000   7.156638 1.33
 218076591 261.74204800 -44.35194700  2.752240 1629.760300   2.752229 1.0   5.504245 2.0                   5.504800 2.0
 219015771 223.08148000  68.49054000  3.700035 1683.408100   1.598616 2.33
 219029619 197.63417600  27.60054400  1.568277 1931.853900                                                 9.409728 6.0
 219101330 270.27116920  69.25066035  4.193160 1685.440800   6.401294 1.5   4.193291 1.0                   4.191700 1.0
 219159872  90.27978200 -53.37454100  1.814958 1326.140000   0.467184 0.0   1.814995 1.0                   1.815000 1.0
 219173590  91.31679239 -49.12438389  7.649490 1440.881700   7.650541 1.0                                                3.824650 2.0
 219407299  78.81573100 -51.49027200  1.051798 1411.862300   1.051819 1.0   2.103634 2.0                   2.103598 2.0  0.525910 2.0
 219585577 305.93352500  22.10281800  1.759982 1684.099500   1.759969 1.0   3.519982 2.0
 219729428 197.12655680  18.47531250  0.897898 1952.399000                  0.897905 1.0                                 0.448950 2.0
 219739347 241.83922860  61.92008487  0.773530 1930.590600   0.386764 2.0
 219773880 263.24801500  63.39366900  7.303705 1690.994300   4.569924 1.5
 219876199 260.33388300  66.77873600  1.941267 1684.790100   1.941258 1.0                                                0.970610 2.0
 219900002 263.82678900  68.55946500  1.944452 1683.723600   0.972295 2.0   0.972239 2.0                   1.944510 1.0
 219968259 305.92681700 -55.58232200  5.659587 1659.565600   1.460942 0.0
 219970790 306.24450600 -59.00004300  1.642782 1655.994100                  3.285561 2.0
 220062284  83.79715300   2.94849200  1.810523 1469.009700   1.810532 1.0   1.810459 1.0                                 0.905270 2.0
 220276280  99.82394900   7.38405900  3.094925 1468.753500   3.792556 0.0
 221904672 249.51747900 -55.61001900  1.544820 1629.061800                                                 3.089600 2.0
 222173701 250.31971500 -55.45815800  3.535155 1631.329600   1.049451 3.33
 224300521 185.83186100  57.70156600  3.103068 1713.335900   3.102854 1.0   3.102966 1.0    3.101933 1.0   3.103160 1.0  1.551510 2.0 3.103068 1.0
 224509835 282.30655800  14.21089000  1.570820 2010.349800   1.570818 1.0   3.141757 2.0                   1.570800 1.0               1.570725 1.0
 224606205 255.72092900  55.12982900  1.368898 1740.262300                                                 0.684456 2.0  0.684460 2.0
 224630570 312.18149000  23.56469100  1.026883 1683.970600   1.027014 1.0   1.026900 1.0                   1.026900 1.0  0.513440 2.0
 225371790 258.29920500 -38.06312200  6.900667 1641.971300   0.250708 0.0
 225528076 247.08227800 -42.76806200  3.734175 1631.081900   1.292696 0.0
 229350625  98.25763100   6.13442000  3.382652 1471.134200   3.382701 1.0   3.382636 1.0    3.382958 1.0   3.382750 1.0  1.691350 2.0
 229448943 294.04004700  61.84518200  6.161749 1687.282300  24.879321 4.0
 229487634 296.13637700  62.51936200  1.320147 1683.834900   1.320167 1.0   2.640217 2.0                   2.640220 2.0  0.660080 2.0
 229489538 296.09825100  65.02637700  1.125813 1684.043100   1.125838 1.0   1.125840 1.0                   1.125840 1.0  0.562920 2.0 1.125807 1.0
 229599046 197.66257100 -29.65730900  2.383725 1573.599700                  2.383777 1.0                   2.383762 1.0  1.191910 2.0
 229639439 278.94176900  73.42477500  1.204213 1684.064500   1.204209 1.0   1.204212 1.0                   1.204190 1.0  0.602110 2.0 1.204210 1.0
 229880841 225.28057830  29.59512487  4.028775 1974.989900                  4.028839 1.0                   0.671471 6.0
 229974261 290.05869400  61.54322300  1.994145 1684.788500   9.154281 4.5
 230024775 291.92196900  63.87184600  1.033152 1684.591900   0.516577 2.0
 230065851 230.66681100  70.77494400  3.436367 1684.630200   3.436384 1.0   3.436463 1.0                   3.436430 1.0  1.718200 2.0
 230112574 248.64119400  68.88336300  1.064262 1684.352300   0.532118 2.0                                  0.532108 2.0  0.532140 2.0
 230376925 285.14506100  61.27877300  1.670193 1684.819500  26.996122 0.0                                  1.670128 1.0  0.835100 2.0
 231007435  25.34145800 -55.33297100  2.317424 1355.330200   2.317345 1.0   4.634737 2.0                   4.634920 2.0  2.317390 1.0
 231187891 100.78396200   8.95457500  2.121183 1469.662800   1.153543 0.0                                  2.121119 1.0
 231851620  27.30546200 -63.51660200  3.716878 1355.670000                                                 7.433670 2.0
 232017956  95.81094400 -46.01004400  6.046312 1439.941700  12.082884 2.0
 232458653  93.40405700   1.08549100  5.787051 1470.698600  16.813230 3.0   5.788466 1.0                   5.788700 1.0
 232481009  93.53904100   1.20629700  2.223726 1469.996500                  4.445380 2.0                   4.445380 2.0  1.111840 2.0
 232843128 311.43642200  35.73123200  2.276347 1712.701800                  4.553002 2.0                                 1.138280 2.0
 232964354 196.86464100  69.17200900  2.349042 1685.549900   2.349068 1.0   2.349027 1.0                   2.349060 1.0  1.174510 2.0
 232982511 241.52249800  67.69999600  2.978739 1684.344900   2.647529 0.0
 233048133 268.57216600  62.98771900  1.494957 1684.107700   0.285944 0.0   0.747497 2.0                   0.747497 2.0  0.747510 2.0 1.495275 1.0
 233125287 273.79033500  60.04673800  1.155580 1684.040300   0.577776 2.0                                                0.577770 2.0
 233183004 219.14421650  67.11297322  6.763111 1747.483000   0.369582 0.0   3.381561 2.0
 233273575 300.05316500  57.30605000  1.609210 1685.278400   0.402266 4.0
 233314224 301.04897800  58.23631300  3.423870 1687.029700   0.328870 0.0
 233346646 301.24187900  56.64735000  4.648449 1684.245800                  4.647971 1.0                   4.647604 1.0  2.323990 2.0
 233350026 301.34764500  58.98768600  1.070062 1683.810000   0.262797 4.0   2.140118 2.0                   1.070000 1.0  0.535020 2.0
 233437870 250.57176100 -44.98700000  2.453614 1630.257900   4.907291 2.0
 233513717 270.83218200  53.33296700  1.862074 1684.843400   1.862788 1.0                                  1.862875 1.0  0.931370 2.0
 233520215 271.26628700  51.95821900  4.621474 1686.256100   3.763731 0.0
 233532554 280.44750500  62.67637300  2.831043 1685.288200   3.122291 0.0                                                1.415630 2.0
 233689651 275.42614200  64.47306100  2.402209 1683.880900   2.402136 1.0                                                1.201080 2.0
 233840513 303.65919900  54.10686100  2.188164 1685.538100   2.188265 1.0   4.376486 2.0                   4.375200 2.0
 234271385 102.15975500   3.02126700  2.382036 1469.664500   0.215633 0.0
 234379255 112.70823200   9.14144500 12.409822 1499.036500   1.081883 0.0
 234397114 113.16316800   8.95807200  1.540675 1493.412200                                                 0.377700 4.0
 234700591  96.82172000   4.23569800  1.135095 1468.788800   1.266410 0.0   1.135093 1.0    1.134926 1.0
 234717177  97.15683500   0.55021200  3.850224 1471.171800   1.020459 0.0                                  3.850278 1.0
 234736867  97.21579700   1.68042900  1.432236 1468.841000   1.733027 0.0
 234824945  97.69735300   0.39727000  1.121456 1468.825900   1.121462 1.0   1.121454 1.0    1.121539 1.0   1.121461 1.0  0.560730 2.0 1.121336 1.0
 234876012  98.06396100   2.04482900  4.050018 1476.121900   2.835599 1.33
 235058826  83.44673300 -49.45434200  2.628008 1411.619400                  5.256110 2.0                   5.256100 2.0
 235177990 102.52890600  10.77735100  1.248218 1468.518700   0.831717 1.5   1.250340 1.0                   1.250300 1.0
 235179178 102.53941800  10.22838800  4.922291 1472.163900  24.407374 5.0
 235282359 103.03407700   6.53336800  1.956263 1469.499500   0.317191 0.0                   0.977990 2.0   0.978130 2.0
 235457825 104.16126400   9.32330000  2.324669 1468.470500   0.200717 0.0   2.324672 1.0                   2.324668 1.0
 235594340 270.28165640  41.85575517  2.020684 2401.324400   2.020709 1.0   2.020682 1.0                   2.020680 1.0  1.010360 2.0
 235927305 290.83399000  82.85360400  5.179249 1792.735500   3.224260 1.67
 235928072 291.49016500  79.07773500  2.091830 1683.874200   2.091896 1.0   4.183618 2.0                                 1.045910 2.0
 235995712 303.32256500  82.09323500 11.772475 1800.866500   5.893869 2.0
 236105734 313.31566500  35.51663200  6.912566 1716.275000   4.217785 1.67
 236117514 313.26834000  32.30761200  1.323056 1712.199400   3.528878 2.67
 236227451 313.90420400  35.35077400  2.197321 1712.103900   4.394657 2.0   4.394492 2.0    2.198127 1.0   2.197400 1.0
 236309533 223.30202200  28.70599100  3.075947 1956.624600   3.075999 1.0   3.075783 1.0                   3.076419 1.0  1.537980 2.0
 236547925 314.63788900  33.77599600  1.933711 1713.698800   3.867363 2.0
 236642843 329.22771400  35.08853900  4.243868 1713.606800   4.245657 1.0   4.245620 1.0                                 2.122780 2.0
 236646009 329.37744700  34.35494300  2.834845 1711.683500   2.706704 1.0   5.668954 2.0                   5.668950 2.0
 236665105 329.85551500  30.37835600  1.206265 1712.524200                  2.411860 2.0                   1.206000 1.0
 236766674 273.44208500  71.82084700  1.703172 1683.810500   2.917828 1.67  0.851615 2.0                   1.703200 1.0  0.851580 2.0
 237083935 307.42760900  63.63911600  7.198382 1711.965800   5.111801 1.33
 237187016 283.50103300  39.15308000  1.882326 1685.537600   3.764898 2.0   1.882344 1.0    1.882754 1.0   1.882300 1.0
 237199163 292.52217950  76.32875928  3.283632 1741.211700                  3.283817 1.0                   1.644838 2.0
 237234024 297.52410200  75.11707000  1.895752 1684.258400                  0.947897 2.0                   0.473947 4.0
 237386800  95.29992600 -40.32759400  1.318411 1468.873100   5.122272 0.0   1.318413 1.0                   1.318400 1.0
 237489726 102.78224700   0.17332900  4.181104 3675.338321                                 46.028321 0.0
 237703032 103.85396900   0.06648400  2.492595 1470.076600   0.332192 0.0
 238043771 103.85611200 -49.50011500  2.261388 1470.199100   2.261611 1.0   2.261628 1.0                   2.261550 1.0  1.130800 2.0
 238120796 105.35682600 -52.15200800  2.586665 1470.289900                  5.173010 2.0                   5.173000 2.0
 238173456 357.69168200 -71.69258300 19.493423 1343.512100   2.436821 0.0
 238185181  54.73451539 -72.40909816  0.817033 1365.250400   0.817032 1.0   0.817043 1.0                   0.817050 1.0  0.408520 2.0
 238395154 121.01317000 -47.99240200  2.866147 1495.032700   5.730474 2.0   5.733528 2.0                   5.733500 2.0
 238646161  13.12806300  46.69761100  5.113212 1767.388600   0.871698 0.0
 238769104 123.29483200 -50.43301900  7.438368 1518.957000   3.283733 2.33
 238805125 123.47904100 -51.67159300  2.801536 1520.335600   1.473349 2.0
 238805991 123.51040200 -52.14943700 10.823154 1528.733800  21.513221 2.0
 238870447  38.23533700 -73.75531300  1.642752 1325.472300                  0.234669 0.0
 238928197  94.66256800 -50.51479800  7.300934 1444.596400  16.429225 2.33
 239014863  83.86034200  41.62184900  3.048508 1817.201800   2.455077 1.33
 239025175  83.93753200  36.65819500  1.575374 1817.613500   0.787729 2.0   1.575458 1.0                   1.575500 1.0
 239152578 113.00291300  33.13847300  1.316103 1843.784300   6.685377 5.0   1.316087 1.0    1.934837 1.5   1.315927 1.0               1.315927 1.0
 239632903 325.66005100  33.46871500  4.219533 1714.528600   4.222001 1.0   4.222388 1.0                   4.173553 1.0  2.111040 2.0
 239642160 333.71627300  31.71036500  7.005254 1711.866900  10.509373 1.5
 239664280  64.84989800  34.40443500  2.536568 1817.448700   2.872976 0.0   2.536668 1.0    2.537495 1.0   2.536760 1.0
 239674342  64.87849800  35.25516600  2.392234 1817.514600   2.391378 1.0   2.391304 1.0                   1.195700 2.0
 239750750  86.73864500  35.27912900  4.610618 1818.030300   1.229451 3.67
 239828846  87.39566800  34.24286500  1.192861 1817.284300   1.192867 1.0   1.192836 1.0                   1.192829 1.0  0.596430 2.0 1.192829 1.0
 240318946 322.65022100  42.10067100  1.643216 1711.402400   1.642721 1.0                                  3.285700 2.0
 240466768 323.48927000  42.13085800  5.175673 1716.276600   1.339015 0.0
 240490101 323.65135900  43.28885600  1.901561 1712.552600   1.901546 1.0                                  3.803300 2.0
 240676559   9.25277300  48.89456700  1.846254 1765.179100   3.692227 2.0   3.692196 2.0                   1.846100 1.0
 240687447   9.74587200  52.47325200  1.442189 1767.313900   0.721220 2.0
 240723503  10.43422600  51.84545800  1.848918 1765.229800   1.848733 1.0   3.697385 2.0    1.848095 1.0
 240869524  16.73172000  50.07463600  3.221379 1765.122800   6.430321 2.0   6.430010 2.0    3.214743 1.0   3.215400 1.0
 240965909  18.90678100  49.67212600  1.084202 1765.086900   1.084249 1.0   2.168481 2.0    1.084144 1.0   0.542091 2.0
 241152071 115.05458500  47.19424100  1.486859 1842.812400   0.741960 2.0   1.483858 1.0    0.741975 2.0   1.483860 1.0
 241155353 115.28236600  43.28263200  2.650006 2588.482652                                  5.254263 2.0
 241173122 116.22974000  43.96671600  4.019012 1846.260900                  8.207286 2.0                   8.207290 2.0
 241185693 141.66742000  33.54071900  5.667106 1872.258400  36.111251 6.33                  1.620544 3.5
 241606909 207.45001800 -48.14276000  1.869856 1602.845700   1.869900 1.0   1.869711 1.0                   1.869700 1.0  0.934950 2.0
 241992487  93.37249500  -1.93021600  1.800279 1469.291400   0.900146 2.0   1.800214 1.0
 242981691  59.43110244  12.87837510  2.417736 1456.500000  11.900258 5.0                                  2.417647 1.0
 243155486  15.80771300  23.93937400  1.364490 1765.356300   2.253101 1.67
 243158570 202.63812600 -44.54715600  1.666077 1602.226200   2.803110 1.67  1.666014 1.0                                 0.833040 2.0
 243611880 207.14870500 -43.95673800  2.342631 1601.734300   1.975462 0.0
 244208023  73.28580300  -3.49798500  1.822865 1438.431300   1.822761 1.0   1.822743 1.0    1.822640 1.0   1.822760 1.0  0.911380 2.0
 245026818 197.60777600 -48.74881000 12.674807 1606.853400  51.562220 4.0                                  6.338700 2.0
 245202751 198.97632400 -51.50132500  1.825441 1596.977900   0.912917 2.0
 245512669  39.20256500  56.06997900  2.894405 1792.478900   2.370634 0.0   2.894358 1.0                   2.894365 1.0
 245549535  39.40356900  57.89807000  2.986589 1791.436300   2.987487 1.0   5.974306 2.0                   2.987441 1.0  1.493760 2.0
 245755958  40.67036500  56.25935200  1.650780 1792.777300   3.302187 2.0
 246861515   7.18227062 -25.66896899 13.749424 3189.426953                                  1.549337 0.0
 246896469  73.15769100 -13.33308400  4.925800 1442.424800  11.349214 2.33
 247317885 314.88610500  24.13242200 12.206604 1718.215700   4.362058 0.0
 247465999  85.57865000  13.20270000  3.625204 1486.339500  10.752512 3.0
 247630161  86.47680500  12.56564200  5.626608 1473.361400   3.752312 1.5
 247663970  86.76284700  17.41465500  1.246009 2474.783500   1.245984 1.0   2.492024 2.0                   1.246000 1.0               1.246094 1.0
 247668267  86.80558600  15.35687100  3.999424 1475.666200   4.986854 1.33
 247684302  86.89970100  17.08835700  5.389326 1471.449400   0.484976 0.0
 247688125  86.95875200  17.06221800  1.179799 1469.246000   1.181165 1.0   1.181134 1.0    1.181097 1.0   0.590568 2.0
 247833780  87.66722000  16.30732200  1.606822 1469.398300   1.433964 0.0   1.609467 1.0                   1.609500 1.0
 248344571  16.62225400  -2.55614200  3.518109 1388.840300   0.839708 0.0
 248431329  77.09778700  -0.67534000  3.165854 1438.571000   2.717852 0.0   3.166141 1.0                   3.165578 1.0
 248612259  65.84768700  -1.67047500  1.344194 1439.229500   6.321284 4.67  1.344181 1.0                   1.344200 1.0
 248614662  66.13044300  -5.57845800  1.709322 1439.796000  20.958463 0.0   1.709299 1.0                   1.709300 1.0
 249037217  79.11509300  -5.94631100  1.042340 1439.068700                  2.087664 2.0
 250001142 220.46342300 -52.42792800  5.171583 1600.690100   2.577434 2.0
 250199383  65.36595100  -1.73989000  5.287980 1442.865000  14.702907 0.0
 250526742  94.50091500  -3.12563600  5.185411 1472.324400   7.087855 1.33
 250551994  94.54955100  -4.43957500  5.826979 1469.984800   0.582627 0.0
 250633376  32.56756300  48.62108100  2.564995 1794.029000   9.516998 3.67
 251011405  59.93403300  39.78647300  2.911679 1818.856600   5.824112 2.0   5.823887 2.0
 251133662  95.00722406  -0.50698558  1.883205 1487.351014                                  0.941525 2.0
 251169987  43.23062100  56.48374900  2.730331 1793.844300   1.414835 2.0
 251200095  43.39087900  56.97093300  3.618388 1794.886500   1.506859 2.33  3.618434 1.0                   3.618400 1.0
 251458664  45.03191800  58.94061100  1.174243 1791.684000   1.173986 1.0   1.173970 1.0                   1.173971 1.0  0.586990 2.0 1.173987 1.0
 251520111  45.57975200  58.95382000  1.894810 1791.516500   1.894690 1.0                                  1.894634 1.0  0.947340 2.0
 251673103  46.21985935  58.01865014  4.035243 2902.112563                                  1.624921 2.5
 251893351 351.77632900  56.74566400  2.259550 1766.118800   2.259416 1.0   2.259440 1.0    2.260024 1.0                 1.129740 2.0
 252148322  16.12317700  59.26952900  1.712349 1767.333300   0.285414 6.0                   0.428057 4.0
 252151443  16.30251700  59.44490700  1.220715 1767.169500   1.220694 1.0                   1.220736 1.0   1.220700 1.0  0.610340 2.0
 252151825  16.38388100  59.29915800  8.461370 1782.713900   4.231524 2.0
 252188029  16.78276000  54.61885300  3.543184 1767.589000   3.543370 1.0   3.543248 1.0    3.542478 1.0                 1.754670 2.0
 252243636  72.80732000  59.26077200  6.519220 3310.176900                                  0.993103 0.0
 252351823  74.99202000  55.49475500  4.021323 1820.418500   7.454514 0.0                                  4.008802 1.0               4.008802 1.0
 252379358  75.55880100  57.63936600  4.686786 1817.121200   0.520271 0.0
 252541807 344.86761100  53.93444800  1.238570 1741.035500   1.238580 1.0   2.477219 2.0                   1.238700 1.0               1.238505 1.0
 252730043 347.80681600  49.91183000  1.635780 1741.663900   1.635780 1.0   1.635785 1.0    0.817797 2.0   1.635700 1.0  0.814240 2.0
 252797323 165.48989800  46.11608000  1.758288 1872.126800   0.879140 2.0   0.586097 3.0                   0.586194 3.0
 252797931 165.51794200  42.61502600  1.511505 1871.836700   0.755769 2.0   1.511490 1.0                   1.511484 1.0  0.755760 2.0
 252901195 104.04762500  50.86264100  2.307305 1844.860300   4.615309 2.0   2.307723 1.0                                 1.153820 2.0
 252968199 120.14967500  51.41249900  2.226426 1850.805103                                  0.814804 2.67
 252973937 120.56106300  52.64731100  3.358566 1845.807300   5.152572 1.5
 253088714 194.56413400 -54.41974400  1.950942 1601.321300   1.950971 1.0                                  1.951000 1.0  0.975490 2.0
 253205334 195.36761000 -54.08833400  1.627148 1602.479800   1.627158 1.0   3.254265 2.0                   1.627100 1.0
 253467621 196.96064100 -57.40581400  6.692005 1603.003800   7.671865 0.0
 253676385 281.58783800 -37.33923200  3.804204 1657.833900                  7.597046 2.0                   7.597100 2.0
 254057254 285.47822900 -38.26487700  2.093959 1655.849100   7.698109 3.67  2.094000 1.0                   2.094000 1.0
 254262977 288.60437970 -38.39991087  1.779191 1659.901700   1.779223 1.0   1.779313 1.0                   1.779207 1.0  0.889600 2.0
 254480098 235.73933700 -47.41086000  2.865683 1631.201800   2.865744 1.0   5.731972 2.0                   5.732000 2.0
 255530984 240.57068900 -42.79526800  2.240235 1630.080400   3.461039 1.5
 255682526  98.42855400 -48.39261600  2.211061 1468.386100                  4.422190 2.0                   4.422200 2.0
 255859590 235.48214800  29.17283100  7.513752 1959.840200                                                 1.878470 4.0
 256054261 266.12829400 -74.32527700  2.548186 1629.611300   2.548198 1.0   2.548219 1.0                   2.548224 1.0  1.274090 2.0
 256200928  15.02787400  63.88200600  1.515076 1791.671600   1.515105 1.0   1.515119 1.0                   1.515200 1.0  0.757560 2.0 1.515091 1.0
 256640207 327.54639700  71.44395700  1.183364 1766.891900   1.775451 1.5                                  1.183365 1.0  0.591680 2.0
 256722778 329.61616200  71.31329900  3.671399 1765.224400   0.263426 0.0
 256779187 329.12528100  38.78264700  3.090393 1713.830600   3.092145 1.0   3.092186 1.0    3.092695 1.0   3.091900 1.0  1.546060 2.0
 256970071 329.66258500  37.78461300  3.732573 1714.582300                  7.467639 2.0                   7.467639 2.0
 257364991 241.10653700 -42.24758200  1.307208 1628.851500   2.614464 2.0   1.307169 1.0                   1.307200 1.0
 257497082 289.64560300 -79.54360500  1.153725 1655.538400   1.153735 1.0   1.153711 1.0                   1.153695 1.0  0.576860 2.0
 257980830 126.63222000 -25.37499100  1.489578 1519.282300   2.234355 1.5   1.489507 1.0                   1.489500 1.0
 258235456 182.32074200 -42.24964200  2.313970 1572.195200   8.239316 3.5   4.627818 2.0                   4.627800 2.0
 258239055 252.49868600  24.56396200  5.664582 1988.079700  13.424672 2.33
 258548530 305.92381600  66.42272700  1.429955 1711.741000   1.429849 1.0                                                0.714970 2.0
 258664913 278.29100900  23.38077600  1.223089 2010.873100   1.223098 1.0   1.223098 1.0                                 0.611550 2.0
 258753411 306.67560804  42.63788273  3.148848 1719.470952                                  0.899850 3.5
 258830966 287.72011600  69.67702800  1.475168 1684.579600   0.805315 0.0   1.475168 1.0                   1.475190 1.0  0.737590 2.0
 259138190 350.57563900  39.07194300  2.608815 1741.807800   2.608624 1.0   2.608570 1.0    2.608241 1.0   2.608680 1.0  1.304330 2.0
 259829664  76.21908889  51.52500026  2.110022 1835.025775                                  1.354279 1.5
 259928347  42.22202301 -68.44315025  3.873199 1358.306100   1.173461 3.33  1.936575 2.0                   1.936600 2.0
 260043515  91.43415200 -59.45354900  1.740708 1326.403200   1.740792 1.0   1.740722 1.0                   1.740700 1.0  0.870390 2.0
 260297388  94.32893700 -58.23812800  1.580212 1325.745800  20.633609 0.0   1.580198 1.0                   1.580200 1.0
 260561599 210.37555510 -20.26733417  7.165933 2322.546700   0.723458 0.0   7.165403 1.0                   7.165400 1.0
 260856484  76.04729700  47.59009700  1.410908 1816.331000   1.409710 1.0   1.409719 1.0                   1.409764 1.0  0.704860 2.0 1.409764 1.0
 260950407  73.74403400 -79.77267000  1.961183 1326.554300                  1.961030 1.0                   1.961030 1.0  0.980590 2.0
 261132074 331.52293700  36.79234500  1.380096 1711.876400   1.380138 1.0   1.380103 1.0                   1.380130 1.0  0.690070 2.0
 261407265 227.10380800 -66.03586200  2.535517 1630.202400   1.998296 1.33
 261621166  77.12370158  45.85958437  1.861821 1827.096039                                 27.866544 0.0
 261746657  26.55530000 -79.86477100  1.316985 1325.984200   1.316990 1.0                                                0.658490 2.0
 261986799 193.77286500 -58.18243300  1.966378 1602.564900   1.474932 1.33
 262084368 228.37613800 -66.42305500  1.547245 1629.729300   0.773622 2.0
 262098514  77.79498300  46.32152000  5.561043 1816.996700   0.967583 5.67
 262300933  78.01815700   5.88451100  1.948636 1439.348200   1.948442 1.0   1.948540 1.0    1.948690 1.0   1.948543 1.0  0.974290 2.0
 262301608  78.10115700   4.83938500  1.036028 1438.391900                                                 0.299677 3.5
 262327551  78.23971700   2.58302100  6.619357 1443.671700  13.241547 2.0
 262401731  78.41573500   4.28103500  2.599826 1438.937200   5.202205 2.0   5.199508 2.0                   5.199510 2.0
 262530279  20.45175300 -47.35044700  7.625646 1355.633100   6.677878 0.0
 262575069 114.67512850 -58.04701444  1.099776 1507.571000   1.099807 1.0                                                0.549890 2.0
 262699990 107.94152000   7.20485200  1.460793 1493.349300   2.921614 2.0
 262745997 138.92966800   5.33056800  1.931013 1519.817400  10.554308 0.0   1.930958 1.0    1.871069 1.0   1.931048 1.0
 262907211 218.36794400 -83.63099000  5.413129 1631.743500   3.964380 1.33  5.412929 1.0                   5.412900 1.0
 262958558  11.46124000 -78.82133700  3.536008 1326.602700   5.304976 1.5                                                1.767950 2.0
 263194257 234.22870400 -70.33479300  1.758661 1630.574900   1.758652 1.0   3.517121 2.0                   3.517100 2.0
 263272042  95.32883200   8.18199200  1.459983 1468.674400                  2.919974 2.0    1.459798 1.0   1.460000 1.0  0.729990 2.0
 263335275  95.47367300  10.68316400  1.353748 1469.598800   0.675631 2.0
 263469220  95.64523900   7.87484000  1.579170 1468.978300   0.249967 6.33
 263680857  95.90489400   9.74020400  2.784193 1469.568100   0.528273 5.33  5.567743 2.0    1.856344 1.5
 263685425  95.85485000   8.87708900  3.433718 1468.488200   1.199910 0.0
 263973162 264.92783000 -39.40063100  7.798802 1635.955200   1.124352 0.0
 263993732 108.16774500   6.09051200  5.587911 1496.623800  32.614515 0.0
 264075341 308.88907400  79.81248300  1.088579 1766.926600   1.088569 1.0   1.088582 1.0                                 0.544290 2.0
 264195663 319.47101200  78.05898300  2.142592 1766.146100                  4.285286 2.0                   4.285290 2.0
 264222252 295.10917500  71.95393000  3.515222 1686.475100   5.397145 1.5
 264334713 322.99283100  79.24123400  1.251669 1766.760100   1.251667 1.0   1.251660 1.0                   1.251643 1.0  0.625830 2.0 1.251643 1.0
 264576257 109.21378300   6.70017300  1.378372 1493.628300   0.838468 1.67  2.756772 2.0    1.378347 1.0   1.378372 1.0
 264756112 115.24218200  10.29233500  3.612098 1493.846200   2.035262 0.0   3.611910 1.0                   3.611910 1.0
 264767475 117.29665600 -57.77498200  2.897739 1493.421900   0.674160 4.33  2.897504 1.0                   2.897500 1.0  1.448800 2.0
 264908439 344.19245300  77.16077700  1.851945 1766.459900                  0.925965 2.0                   0.925965 2.0
 264973281 126.31426100   4.37766300  1.147917 1492.599100   1.147914 1.0   0.573958 2.0
 265484632  86.25864800  36.50619900  4.801484 1820.019800   0.497420 0.0
 265591866 331.97940500 -59.87491100  2.280817 1325.924300   2.280826 1.0   2.280820 1.0                   2.280821 1.0  1.140410 2.0
 265687510  59.72643800  53.43230700  6.152655 1822.852300   2.664575 2.33
 265745646  86.69275400  36.72418400  9.050971 1816.490200   1.599720 5.67
 265875209  59.90064700  50.05814800  6.228055 3644.760419                                  0.542349 0.0
 266151256  60.34962000  50.09384400  4.288598 1819.941600   4.290748 1.0   4.292118 1.0                   4.291166 1.0  2.145510 2.0 4.291166 1.0
 266353827  88.00116400  38.36680100  5.123568 1819.467100   8.109493 1.5   5.122006 1.0    5.124431 1.0   5.121800 1.0
 266436700  88.03238751  40.71864101  1.729948 1839.007944                                  2.735325 1.5
 266777295  61.59490800  49.52399000  3.901169 1818.814500   6.850832 1.67
 266782182  61.64104400  48.65565400  1.736282 2931.914344                                  0.746960 2.33
 266896753 116.41048000   0.71362100  1.160189 1493.433400   2.316678 2.0   1.158349 1.0    1.158294 1.0   1.158400 1.0
 267118803  48.50505000 -88.54795400  1.208819 1630.710700   0.261821 4.67                                 1.209346 1.0
 267544298 289.32888900  72.44775300  2.658206 1684.334800  16.377353 0.0   2.658296 1.0                   2.658300 1.0
 267752779 114.63389500 -48.18460800 12.676512 1501.075400   1.031878 0.0
 267814119 293.42821800  58.95550200  2.777097 1685.865000   2.777100 1.0   5.552977 2.0    5.552010 2.0                 2.776820 1.0
 267859130 312.20003400  58.60837800  1.788358 1711.434600   1.788120 1.0   1.788099 1.0    1.788239 1.0   1.788399 1.0  0.894060 2.0 1.788399 1.0
 268134690 176.51797100 -54.03970700  3.543010 1574.432200   0.818685 4.33  3.542984 1.0                   3.543000 1.0
 269078565  75.56693700   0.89040700  2.455499 1440.564000   2.455415 1.0   4.910902 2.0    2.455216 1.0   2.455522 1.0
 269082150 105.78425200  -6.06350800  7.731466 1495.808400   2.298564 3.33
 269333997 118.94636400 -52.14026800  2.120183 1494.166300   4.239970 2.0
 269447720 291.98394700 -38.49003400  1.360988 1655.651500   0.489607 0.0   1.360985 1.0                   1.360981 1.0
 269725406  61.85107074  -5.81142529  0.761914 1453.083700   0.380961 2.0   0.761924 1.0                   0.761924 1.0
 269815901 351.09468300  60.13935100  1.330703 1765.374900   0.665375 2.0                                  1.330687 1.0
 270001078 138.46702500   2.95967800  1.059825 1518.664600   1.059853 1.0   1.059867 1.0    1.059853 1.0   1.059879 1.0  0.529930 2.0
 270247508 333.25045700 -72.36681400  2.141437 1327.060000   2.141423 1.0   2.141500 1.0                   2.141500 1.0  1.070730 2.0
 270326742 351.86645300  63.56888600  1.000631 1765.289300   1.000633 1.0                                  1.000540 1.0  0.498950 2.0 1.000540 1.0
 270565975 337.43163900 -35.76201900  4.043429 1328.581000   5.328553 1.33  4.043518 1.0                   4.043500 1.0  2.021810 2.0
 270622446 358.81912630 -31.92147239  2.445066 2090.324600   3.125282 1.33
 270691602 137.32112900   0.15698700  6.105145 1520.956200   9.861991 1.67
 270921800 353.44490000  62.21661500  1.749148 1767.535600   9.067734 0.0
 270951487 294.30819500  43.47787000  3.724511 1686.155700   7.449034 2.0   3.724827 1.0
 271064717 132.34612000 -44.27817800  3.398042 1519.796800  10.195374 3.0
 271359810 292.28847800 -46.40547200  1.407151 1655.579000   1.407154 1.0   1.407153 1.0                   1.407151 1.0  0.703580 2.0
 271418163 117.63168600   4.34885000 16.202336 1502.155400   4.262520 0.0
 271496641 117.69894600   5.15504300  1.038293 1492.901900   1.038274 1.0   2.076624 2.0
 271639765 108.76560100 -72.99842500  2.278101 1326.272000   2.278311 1.0   2.278385 1.0                   2.278400 1.0  1.139160 2.0
 272011896 153.15485900 -43.54369700  2.779081 1545.191600   2.779151 1.0   2.779117 1.0                   0.482781 5.67
 272284773 118.05332100 -76.18067355  7.841688 1400.373200   2.825818 0.0   7.840581 1.0                   7.840600 1.0
 272473230 121.45531900 -77.66531500  1.669391 1386.312600   1.669384 1.0   1.669350 1.0                   1.669348 1.0  0.834690 2.0
 272496313 296.62154400  46.67044100  1.684729 1684.454900   1.684777 1.0   1.684788 1.0                   1.680000 1.0  0.842370 2.0 1.684709 1.0
 272534572 356.21066600  61.41173300  2.373888 1767.220400   2.373709 1.0   2.373888 1.0                   2.373695 1.0  1.186840 2.0 2.373695 1.0
 272544611 356.39963400  61.24820000  3.344221 1769.066200                  6.688656 2.0                   6.688700 2.0
 272622914 356.54385900  61.62590200  1.315575 1765.468900   1.315665 1.0   1.315688 1.0                   1.315630 1.0  0.657840 2.0 1.315630 1.0
 272950261 297.13773400  42.67999000  2.253523 1683.797300   2.253519 1.0   2.253872 1.0                   2.253472 1.0  1.126760 2.0
 273039443 297.19008400  44.75985100  4.015180 1684.236500   2.007827 2.0   4.015037 1.0                   4.015040 1.0
 273543398  68.95138300  48.89860800  2.005210 1817.011400   2.005986 1.0                                  2.006021 1.0  1.002990 2.0
 273646280  69.09973300  51.71335800  3.528467 1816.910300   0.296544 0.0                   1.826028 2.0
 273650051  69.05015700  53.49230700  2.780428 1820.022500   1.950685 1.33
 274026300 298.33601600  43.64313000  1.929121 1683.828900                                                 0.964562 2.0
 274327161 100.29007300  46.51809200  1.323415 1842.953700   1.323421 1.0   1.323398 1.0    1.323420 1.0   0.661729 2.0
 274330387 100.53128500  44.64066500  2.546650 1843.141100   9.393457 3.67  2.546691 1.0                   2.546577 1.0
 274330678 100.52639700  44.22234400  2.333143 1844.473800                  4.668324 2.0    4.669681 2.0   2.333900 1.0
 274397854 316.57851000  43.76014300  7.176941 1711.973200   6.229497 0.0
 274666647  92.02370296  49.64291569  1.832124 2944.590607                                  3.664239 2.0
 274670518  92.24364100  49.96324200  6.196062 1818.513300   2.609849 2.33
 274754432 240.28880300 -50.55806800  6.187369 1630.243400  12.376136 2.0   6.186250 1.0                   6.186200 1.0
 274848136 334.59589500  34.77230100  3.820327 1741.830400  34.428675 0.0   7.654713 2.0                   7.654710 2.0               7.654711 2.0
 274955593   8.99908800  73.92536800  1.744457 1790.731000   1.744426 1.0   1.744409 1.0                   1.744410 1.0  0.872210 2.0 1.744295 1.0
 274989909 149.47171300 -58.09286200  2.160049 1546.499600   0.682297 0.0
 275474869 178.83173300 -45.27763300  1.216305 1571.668000   1.216241 1.0                                  0.608125 2.0
 275995355  54.71775600  71.02969200  1.690975 1816.994700   0.352957 0.0
 276003621 208.20240900 -44.33797400  1.159340 1597.569300   1.158438 1.0   1.158427 1.0                   1.158430 1.0  0.579220 2.0
 276038222  55.16984200  69.29429300  4.316747 1817.327200   4.316917 1.0   4.316452 1.0                   4.266667 1.0  2.158460 2.0
 276119305 328.96478420  57.54563367  2.577993 1740.800600   2.578433 1.0   2.578484 1.0                   2.578614 1.0  1.298410 2.0 2.578614 1.0
 276396435 324.49126500  44.71914800  1.079770 1711.618000   1.079928 1.0   2.159845 2.0    1.080244 1.0   0.539979 2.0
 276655189 308.59107500  58.86273700  2.578159 1712.444700   6.583899 2.5   2.578690 1.0    1.600483 1.67  1.289300 2.0
 276674126 269.86805800 -78.35355100  4.249629 1631.887600  10.891669 2.5
 276677174 328.96442700  36.89597800  1.535417 1712.897600   1.535470 1.0   1.535536 1.0    2.856739 0.0   0.767750 2.0  0.767730 2.0
 276814792 309.28839700  59.32697400  5.549602 1711.839700  11.085558 2.0
 277580349 321.00453900  49.60110300  3.709193 1714.445400   0.246116 0.0
 277609474 292.83479300  16.35639200  5.785059 1683.521500   4.228211 1.33
 277751843 330.54803600 -63.84318100  8.306950 1326.750800   1.977911 0.0
 277957310 324.39978900  50.61838500  4.451287 1712.730900   1.748217 2.5                   1.042153 4.33
 278271064 111.79443400 -81.96689600  1.710815 1597.614300   1.710787 1.0   1.710850 1.0                   1.710850 1.0  0.855390 2.0
 278593268 123.36561700 -81.32716900  1.391249 1597.485700   1.391194 1.0   1.391227 1.0                                 0.695610 2.0
 278684227  99.11175600 -57.24841500  1.248374 1325.642500   1.248298 1.0   1.248346 1.0                   0.624172 2.0
 278706358 334.81070770 -40.53367343  6.902318 2069.888100   1.725606 4.0
 278844235 290.09598600  22.00255800  4.227659 1687.758300   5.782679 1.33
 278856573  24.31873500  67.40068300  2.580255 1791.937600   2.580228 1.0                                                1.290070 2.0
 278992257 101.96441200 -55.89191300  2.033892 1326.590400   0.222699 0.0   2.033958 1.0                   2.034000 1.0  2.033890 1.0
 279599266  52.43312300  65.31953400  3.139646 1792.916900   3.139688 1.0   6.279736 2.0                   6.279700 2.0
 279789603 100.48919600  -5.55455900  2.133465 1468.825800                  4.266902 2.0                   4.266900 2.0
 279799752 113.65185400   5.64279200  3.434805 1493.667800   3.684081 1.0   3.431728 1.0    3.432388 1.0   3.431655 1.0  1.715860 2.0
 280410565  49.50202600  67.04757300  1.197885 1792.597700   0.598975 2.0
 280620657 115.88611600   5.42878500  1.190873 1493.009900   1.188955 1.0   2.377966 2.0                   1.188900 1.0
 280870275 137.38604400  -1.59420200  1.767341 1519.273700  15.845349 0.0   1.767046 1.0                   1.766983 1.0  0.883490 2.0
 281147356  98.83768700   1.15568600  1.200772 1469.433500   1.200353 1.0   5.942545 5.0    1.200436 1.0   1.200300 1.0  0.600170 2.0 1.200204 1.0
 281154179  98.89456088   1.05078702  1.840776 1481.297570                                  0.920430 2.0
 281193035  69.76772400  71.14875400  1.679856 1817.607800   1.679829 1.0   0.839927 2.0                   0.839927 2.0
 281270160 140.39492556  -2.46760863  2.943169 2967.215647                                  1.054584 0.0
 281298496 151.15025900 -19.04305800  1.274828 1545.089600                  1.274829 1.0    1.274898 1.0                 0.637410 2.0
 281431018  71.46166000  69.85269300  1.739971 1816.196000   0.869983 2.0
 281610087  99.55023800   1.63763900  2.514254 1468.535900   5.028122 2.0   5.028772 2.0                   5.028000 2.0
 281658569  10.15031000 -55.24032500  1.295443 1354.469000   1.295425 1.0   1.295465 1.0                   1.295500 1.0  0.647720 2.0
 281799122 102.66169800  -3.80403400  6.482011 1472.921600                                                 3.709000 1.67
 281925878 129.45163400 -73.01731700  6.886107 1470.285500  15.784246 2.33
 281980941 130.48430500 -73.98261600  1.640676 1469.319400   1.640687 1.0   1.640666 1.0                                 0.820330 2.0
 281986911  88.86915285   1.69903635  2.201684 2206.987800   2.201737 1.0   4.403429 2.0
 282024617 102.80975900  -3.89063800  5.040160 1470.172900   1.225311 0.0                                  5.040000 1.0
 282302391 103.07641500  -1.57301600  1.952575 1468.786000                  3.905254 2.0    1.952808 1.0
 282305494 103.06572600  -0.52967000  2.112942 1468.735100   0.546976 0.0
 282457133 311.68806100  29.46223700  1.790648 1684.164900   1.790639 1.0   3.581194 2.0                   3.580900 2.0
 282633307  90.23831800   2.21802300  4.196449 1469.159900   8.381536 2.0
 282936594 313.13333400  25.89287100  3.875945 1713.297400   3.875360 1.0   3.875818 1.0                                 1.937970 2.0
 283022176   1.13014100  63.03935100  1.621734 1766.416000   1.621648 1.0   3.243471 2.0                   3.243500 2.0               1.621954 1.0
 283027115   1.04566600  61.70218800  2.869343 1969.684600   1.570454 0.0   2.869189 1.0
 283413915 327.87473400  59.39723000 10.719931 1742.781300                                                 5.159000 2.0
 283499909 128.40281700 -25.11191100  1.278300 1519.216400   5.037564 4.0
 283849910 316.02735900  23.41811500  1.049746 1711.952600   0.571995 0.0
 283930209   8.82672900  60.40834200  1.835863 1765.417000   0.917941 2.0                                  1.835860 1.0
 284010449 118.41675100  53.89176900  1.198071 1842.921900   1.198071 1.0   1.198067 1.0    1.198179 1.0   1.198059 1.0  0.599040 2.0
 284036136 152.29722600 -19.84342000  1.287559 1545.124900   0.242524 5.33
 284147010   9.34483400  60.17864200  7.925494 1766.133500  15.760178 2.0                                  7.925988 1.0
 284201646  84.45459400   8.26207300  3.240934 1469.407300   7.546627 2.33
 284597299 178.26827300  56.19458500  3.359110 1714.650600                                                 1.260700 2.67
 284613377 109.11731800   5.97898600  1.110050 1493.011300   2.213930 2.0                                  1.110100 1.0
 284787152 233.59186100 -54.60064400  6.499400 1630.955700   2.888274 2.33
 284924847  12.05591900  61.06397100  2.379136 1768.214600                                                 4.758200 2.0
 285143002 196.23579230  21.35797709  1.614029 2688.009800   4.344087 2.67  3.228065 2.0    5.281975 3.33
 285154285 119.94009100 -43.40671100  1.463283 1493.443600   1.463296 1.0                                                0.731650 2.0
 285212343 119.98033500 -45.22785600  2.069645 1494.276400                  4.139223 2.0                   2.069641 1.0  1.034850 2.0
 285424262  27.93140200  49.52560200  1.734433 1792.266900   5.216763 3.0
 285622374 130.42251100 -44.51852100  3.932778 1518.650600   1.573013 2.5
 285794649  31.92339300  62.00550400  2.534007 1792.516700   2.534067 1.0                                  2.534950 1.0  1.267040 2.0 2.534950 1.0
 286294623  71.99786800  48.11380100  4.557822 1817.322700   9.115850 2.0   4.558115 1.0    4.554928 1.0   4.557750 1.0  4.557890 1.0
 286306733 318.27284800  63.50950000  2.246718 1740.417400   2.246701 1.0   2.246579 1.0                   2.260674 1.0  1.123360 2.0
 286623355  66.32760700  30.83835000  2.529702 1817.265900   2.529695 1.0   2.529684 1.0                   1.265071 2.0
 286627410 313.26393600  23.16952400  1.934682 1712.097400   9.482752 5.0
 286779918  80.67583600  62.76782100 14.295924 1820.037200                  1.998400 0.0                  14.300680 1.0
 286798303 186.81954300 -68.70476400 13.897220 1602.041900   2.315864 6.0
 286964436 217.33737300  32.13439000  1.561261 1930.125900   3.122683 2.0   1.561226 1.0                   1.561247 1.0  0.780620 2.0
 287076512 164.36024700 -12.43496000  6.909817 1551.066300   0.246235 0.0
 287194910 292.46506800  58.54526000  1.714277 1684.699000                                                 0.857124 2.0
 287231794 151.11056600  61.11960000  1.228114 1872.479200   1.228106 1.0   1.228120 1.0                                 0.614060 2.0 1.228142 1.0
 287645189 326.80824900  35.84429000  1.108035 1712.402000   1.108037 1.0   1.108080 1.0                   1.107876 1.0  0.554020 2.0 1.107876 1.0
 287728019 276.58641200  14.01015900  1.332087 2010.982500                  2.664195 2.0                   2.664190 2.0
 287785338 276.77090500  17.12133700  3.899823 2012.002000  10.741423 2.67
 287925942 327.63276000  30.15486700  1.926749 1712.875600   1.926751 1.0   1.926770 1.0    1.926113 1.0   1.926770 1.0  0.963370 2.0
 288013322 184.93392900 -57.63238000  1.153603 1571.804800   0.576346 2.0
 288051936 301.07518200  22.42343600  3.811595 1685.577900  11.435408 3.0   7.622192 2.0                   3.852126 1.0  1.905820 2.0
 288130542 208.47151000  82.91631600  1.444244 1683.923800  15.500922 0.0
 288240330 257.98370100  78.12632300  1.979255 1685.023000   1.978930 1.0   3.957863 2.0                   3.957860 2.0  0.989450 2.0
 288292154   5.25330000  41.81354800  2.687057 1769.013500   4.030464 1.5
 288469081 270.52870710  83.11821637  0.709149 1792.574000   0.709149 1.0   0.709151 1.0                                 0.354570 2.0
 289430825 315.34792300  51.66796400  5.459494 1745.240700   5.459649 1.0                                  5.459492 1.0  2.729760 2.0
 289721001  36.23718800 -14.09854000  1.162858 1411.248600   4.249084 3.67
 289815731  66.40233700  80.06315800  2.492058 1819.054700   2.492050 1.0   2.492202 1.0                   2.492106 1.0  1.246000 2.0
 290215405 205.17235900 -59.57048700  1.060462 1601.331200   1.058934 1.0   2.117860 2.0
 290471810 239.31447500 -84.64414800  1.204901 1629.307900   1.206920 1.0   1.206965 1.0                   1.206895 1.0  0.603460 2.0
 291998859  30.51529100  47.05336700  2.769403 1794.082800   2.769347 1.0   2.769392 1.0    2.768693 1.0   2.769323 1.0  1.384660 2.0
 292061897 106.42284300   2.66994100  3.175496 1492.623900   1.558733 2.0   6.352744 2.0    2.919695 1.0   6.350300 2.0
 292182602 106.50348600   2.88491800  4.156866 1494.866100   6.166443 1.5   4.156918 1.0    4.155822 1.0   4.157100 1.0  2.078410 2.0
 292707433 107.28852900   1.70333700  1.822534 1492.804400   0.950340 2.0   1.822238 1.0
 292911215 218.69318900 -56.75484100 11.602448 1604.813800   3.085197 3.67
 292981074  34.89628200  46.38632900  1.331680 1790.780600   1.331735 1.0   2.663321 2.0                   1.331600 1.0
 293064537  35.13442800  46.84051700  2.670905 1793.784200   1.384979 2.0   2.670701 1.0    1.611977 1.67  2.671000 1.0
 293244992 261.14671900 -69.67271000  3.554993 1630.444400   6.191413 1.67
 293484138 350.85885700 -69.81084700  1.039573 1325.893200   1.039574 1.0   1.039574 1.0                                 0.519790 2.0
 293525651 351.90206300 -74.05094200  1.359499 1325.892100   0.929676 1.5
 293537377 239.31164800 -52.79943600  2.634131 1631.124800  14.071785 5.33
 293620358  59.82653900 -53.00893800  2.538435 1386.519100  17.110937 6.67  2.538493 1.0                   2.538376 1.0  1.269200 2.0
 293773275  77.40388700  13.04870800  3.861137 1443.617000                  7.723911 2.0                   7.723910 2.0
 293807851 295.80661590  57.97581385  5.152110 1698.908600  22.297731 4.33 10.237637 2.0                  10.238000 2.0
 293823982 119.65475723 -21.42381792  1.261125 1508.789503                                  0.630805 2.0
 293950421 297.80120600  56.91578700  3.324322 1684.437400   0.853645 0.0
 294229836 132.76140300 -18.27471200 11.428522 2231.363645                                  4.569010 2.5
 294601448 302.17999100  49.96245700  1.673779 1683.452500   3.347089 2.0
 294602356 302.14985600  50.29900000  1.622685 1685.195000   0.389726 0.0   1.622800 1.0    1.623186 1.0   1.622800 1.0
 294671852  70.61978100 -69.97940800  1.404301 1325.659300   1.909687 1.33  1.404286 1.0                                 0.702140 2.0
 295292163 170.69208200 -70.94158600  1.747463 1573.174500   0.873725 2.0   1.747492 1.0                   1.747500 1.0  0.873730 2.0
 295528318 303.44375200  51.57503500  1.038048 1684.599300   1.038054 1.0                                  1.038048 1.0  0.519030 2.0
 295641262 303.73730300  51.91595000  2.546160 1684.212600                                                 0.832332 3.0
 296602550 125.82865900 -13.97929900  3.296416 1494.925200   7.032610 0.0
 296657617 141.73809700 -13.52637800  7.650101 1523.520100   1.912605 4.0   5.564820 1.33
 296690934 176.48683200 -66.26378200  2.210371 1573.240300   2.210438 1.0   4.420972 2.0                   4.421000 2.0
 296843718 158.16645000 -14.32099100  1.076103 1567.864102                                  2.336178 0.0
 296869206 141.87941600 -51.31354800  7.832092 1546.278500   3.538737 0.0
 297822566  50.71798500  78.29097800 16.630707 1832.346200   3.246799 0.0
 297824362  50.98656000  81.21526000  1.379154 1817.912500   0.689547 2.0
 298104177 308.54351900  26.73666100  1.177894 1684.215200   1.177893 1.0   1.177924 1.0                   1.177873 1.0  0.588940 2.0
 298202356 142.67614200 -51.77886400  2.589525 1546.423900   2.589522 1.0   2.589364 1.0                                 1.285630 2.0
 298655672 317.81268800  29.65882800  1.924618 1712.152200   1.924528 1.0   1.924726 1.0                   0.962337 2.0
 298661488 272.52962500  49.15544300  2.718930 1685.130700   2.718929 1.0   2.718903 1.0                   2.719097 1.0  1.359480 2.0
 299329094  15.33522700  51.03524400  7.894996 2898.452065                                  1.443735 0.0
 299433366  26.58541300  49.80025900  2.506435 1793.753000   7.445584 3.0   2.506150 1.0                   2.506150 1.0
 299931282 296.73337500 -36.20616600  3.271924 1657.210700   1.990631 1.67  3.271953 1.0                   3.271898 1.0
 300012172 106.82710600 -66.06319800  1.461645 1325.553200   1.461454 1.0                                                0.730730 2.0
 300014528 107.26625000 -69.26455300  1.229384 1325.946300   1.229302 1.0   1.229296 1.0                   1.229300 1.0  0.614650 2.0
 300140005 108.65112300 -67.87490000  1.137003 1326.407100   1.137033 1.0   1.137072 1.0                   1.137100 1.0  0.568520 2.0
 300529508 245.01524300 -63.31201400  6.835799 1630.536000  16.653141 2.5
 300987437 290.05609800  16.61709500  3.994690 1684.159700   3.994708 1.0   2.663047 1.5                   3.994297 1.0
 301229279 178.31554600 -56.14508400  1.175468 1572.523300   1.173563 1.0   1.173575 1.0                   1.173600 1.0  0.586780 2.0
 301285053 100.19041500   1.07117500  1.505406 1469.366600                  1.505370 1.0                   1.505327 1.0  0.752690 2.0
 301829817  40.19173000  49.79561900  1.517225 1790.775800   5.316778 3.5   1.517181 1.0                   1.517200 1.0
 302007361 131.91821700 -66.70666500  1.576657 1440.544100   1.576621 1.0   1.576650 1.0                   1.576639 1.0  0.788330 2.0
 302209758 132.79804300 -71.18922900  1.520609 1546.067500   0.760291 2.0   0.760290 2.0                   0.760290 2.0
 302227505  41.28018700  48.70253100 11.336131 1796.545000   3.941818 0.0
 302440148  33.72446100 -14.15745900  1.287880 1411.282800   2.569196 2.0
 302727324 169.03943590  57.57322099  4.057930 1684.157400   4.057948 1.0   4.057886 1.0  144.807919 0.0   2.028800 2.0
 302801055  94.63016739   6.10444570  1.159997 1483.245144                                 14.251351 0.0
 303091941 136.61391500 -70.82860900  1.689548 1546.681900   1.689576 1.0   1.689567 1.0                   1.689612 1.0  0.844790 2.0
 303500822 159.82560100 -49.03276200  1.270220 1545.569200   1.272471 1.0   2.544980 2.0                   2.545000 2.0
 303527450  75.37919500  13.35276200  2.612412 1438.378800   2.241127 0.0
 303646831 168.77868600 -32.54608000  2.230923 1546.758700   1.324542 1.67  2.230981 1.0                   2.230930 1.0
 303733089 168.72016100 -34.63492200  1.263307 1545.144800   2.526638 2.0
 303735072 177.67240800 -65.74401800  2.586515 1575.416800   2.586501 1.0   5.172914 2.0                   2.605049 1.0
 303868250 140.28132400 -70.60576800  3.029512 1574.515200   3.030489 1.0   3.030466 1.0                   3.030640 1.0  1.515270 2.0
 303909865  22.79996333 -75.94729907  2.126667 1350.734200   0.326597 0.0                                  2.126640 1.0
 303951396  23.12589200 -76.04043900  1.748857 1326.627200   1.000979 1.67  1.748774 1.0                   1.748800 1.0  0.874430 2.0
 304597290 277.69761300 -67.13869000  1.851899 1656.704300   1.851906 1.0   1.851814 1.0                   1.851880 1.0  0.925950 2.0
 305645558 164.26807800 -17.48211000  4.419694 1549.407300   1.657541 2.67
 306665786 120.41022300 -67.24730000  2.746363 1326.302200   2.746234 1.0   5.492431 2.0                   2.746210 1.0  1.373110 2.0
 306683211 179.44535400 -65.15897800  2.262519 1572.953800   2.262542 1.0   4.524956 2.0
 306690431  97.77934000  17.19881700  3.706253 1470.270300   4.986055 1.33
 306778837 121.32510000 -70.67243100  1.188758 1325.709400   1.188763 1.0   1.783165 1.5                   1.783200 1.5  0.594380 2.0
 306822595 121.77465900 -71.17467500  1.056201 1325.585800   2.112537 2.0
 307024753 122.86027800 -66.40122700 11.607733 1331.870200   2.344452 5.0
 307483689  59.87833100  47.01855600  5.301545 1817.699400  14.580174 2.67
 307562694 124.58243000 -16.22553000  2.222155 1492.715200   3.973060 0.0
 307633010 127.23483600 -69.70571300  1.095832 1355.163700   1.095840 1.0   1.095840 1.0                   1.095800 1.0  0.547920 2.0
 307805599  99.11090700  16.36249200  3.207090 2532.573826                                  6.420674 2.0
 307848860 128.31245900 -65.98169800  3.592635 1439.189700   0.593119 6.0
 307930429 141.58205170  35.48263705  2.716775 2633.859800   2.716817 1.0   1.358381 2.0
 307934751 138.84611600 -15.92529500  1.553774 1519.431900   1.553767 1.0   1.553740 1.0                   1.553737 1.0  0.776890 2.0
 307957394 256.95232200  64.60953900  1.537333 1683.809200   1.537324 1.0                                  1.537432 1.0  0.768660 2.0 1.537432 1.0
 308064083  99.54131000  16.00906200  3.670912 2495.942007                                  1.369487 2.67
 308276132 167.39761100 -58.36279400  1.304357 1571.578800   1.304362 1.0   5.217435 4.0                   5.217400 4.0
 308294486  22.95622800  53.44577900  2.305951 1792.436900   2.305881 1.0   2.305900 1.0                                 1.160270 2.0 2.306237 1.0
 308521192  75.33750600  29.80708900  1.567782 1818.771600   1.567775 1.0   1.567906 1.0    1.567799 1.0   1.567760 1.0  0.783890 2.0 1.567712 1.0
 308718557  24.08669700  48.38169400  1.683730 1791.024600   0.841858 2.0                   0.841975 2.0   1.683700 1.0
 308782485  24.38928300  53.65535800  1.200673 1790.776700  38.021234 0.0
 308816302  87.71921400  35.73609400  2.980860 1817.370700                                                 5.960300 2.0
 309199647 223.51332800 -51.41211200  1.258737 1602.175700   1.257660 1.0   1.257644 1.0                   1.262014 1.0  0.631000 2.0
 309236392  25.65673600  52.86561300  2.271179 1792.174900  24.344708 0.0
 309685164  81.30390200  52.77300800  1.357186 1817.452200   2.717515 2.0
 309828087 225.19346600  53.21475900  2.514873 1741.304800   5.029430 2.0
 309962559 249.81244000 -77.74784100  1.759359 1628.931600   1.759343 1.0   1.759346 1.0                                 0.879680 2.0
 309998013 214.07406900  76.21111500  1.274061 1683.914600   0.637038 2.0   1.274060 1.0                   1.274065 1.0  0.637030 2.0
 310168188 239.23752700  50.90157400  1.686214 1740.808500   1.686206 1.0   1.686209 1.0                   1.686200 1.0  0.843110 2.0
 310516902 242.43436600  39.57558100  1.613629 1956.879900   1.613585 1.0   1.613582 1.0    1.613860 1.0                 0.806790 2.0
 310663261 254.12520200 -72.99289700  1.250486 1628.723000   0.210646 6.0   2.500981 2.0
 310786056  84.11017000  48.80671800  3.707363 1818.991800   0.217827 0.0
 310788816  84.24033100  50.69159100  2.370799 1817.997900   2.371169 1.0   2.370968 1.0    2.370887 1.0   2.370968 1.0  1.185470 2.0
 310964325 132.63169500  67.44034300  1.528023 1683.817700   1.528037 1.0   1.528038 1.0                   1.528030 1.0  0.764010 2.0
 311436201  86.49382900  48.62569700  6.230811 1820.554000   0.252611 0.0
 311651226 260.84420100 -77.31949400  1.049383 1629.913900   1.049378 1.0   1.049395 1.0                   1.052429 1.0  0.524690 2.0
 311918333  88.21474200  30.38495200  4.351214 1820.758700   1.397669 0.0
 311927278 138.45113800   7.20572100  8.555475 1521.271100   5.916161 1.5
 312076957 303.17845000  37.50084200  1.991433 1683.790100   0.878002 2.33
 312113398  88.33649100  33.16588100  7.205533 1821.603100  16.854739 2.33  4.803589 1.5    1.565481 4.67
 312716709 211.04199300 -49.41849700  2.329989 1603.200400   3.138940 1.33  4.659949 2.0                   2.329970 1.0  1.172490 2.0
 312978289  15.28705500  58.83182800  2.828085 1765.405600   2.828194 1.0   5.655525 2.0                   2.828104 1.0  1.414080 2.0 2.828104 1.0
 313302520  89.12152100  50.91836600  1.647368 1816.782300   1.647355 1.0   3.294838 2.0    1.647521 1.0   1.647293 1.0               1.647293 1.0
 314045868 345.72762000  59.35152100  7.581101 1765.289400  10.498417 1.33
 314642142 307.22765200  66.39493500  1.543861 1711.988900   1.544149 1.0   1.544098 1.0                                 0.772060 2.0
 314864553  53.16818544 -75.88881372  1.055848 1371.144600   1.055817 1.0   1.055836 1.0                                 0.527910 2.0
 314887863  50.98084400 -78.65633300  1.838114 1326.916300   0.918967 2.0   0.919058 2.0                   0.919057 2.0
 314961095 347.07100586  58.39738726  3.042944 2881.144013                                  6.083026 2.0
 315056046 336.52988000  40.27034700  3.013480 1741.696200  31.004986 0.0
 315326265 320.46077500  54.67674700  3.264466 1714.105600   3.265547 1.0   6.530929 2.0                   3.265900 1.0  3.265570 1.0 3.265904 1.0
 315906804 321.34748500  57.82650700  1.422179 1712.571100   1.422192 1.0                   1.422337 1.0   1.422371 1.0  0.711110 2.0 1.422371 1.0
 316131662  51.59337100  57.83866800  2.069093 1791.713500   2.069077 1.0                   2.069282 1.0   2.057436 1.0  1.034540 2.0
 316187068 328.27177000  56.60469400  7.235345 1744.544400   4.706663 1.5
 316398562 321.69111100  54.25129300  1.684451 1713.048700   1.684414 1.0   1.684361 1.0    1.684145 1.0   1.684278 1.0  0.842210 2.0 1.684278 1.0
 317030850  53.60185500  55.84540100  6.664968 1792.160200   2.211205 3.0
 317380057 280.50937900  23.92806500  1.652802 2010.617300   1.652780 1.0   1.652733 1.0                                 0.826390 2.0
 317557449 280.75049800  27.18040500  1.662359 2010.553200   1.662359 1.0   1.662340 1.0    9.973361 6.0   0.831179 2.0
 317760027  56.87877900  59.68439100  1.886074 1817.526000   0.943008 2.0
 318558674 109.72809200  -7.58957700  1.903281 1493.055100   2.966157 1.5   1.903370 1.0
 318614747 349.52615800  59.95448000  1.617099 1767.312300   1.617095 1.0   1.617124 1.0                                 0.808550 2.0
 318661042 109.80149700  -8.57632600  1.543503 1492.657600   0.680872 2.33
 318694104 111.98143500   1.35038900  1.473934 1492.635500   1.474081 1.0   1.474173 1.0                   1.474100 1.0  0.737050 2.0
 318758663 112.07345400   2.86900500  2.389706 1494.730900   0.732258 3.33
 319011942 112.53186300   2.29774200  6.513631 1494.497300   1.425620 4.5   6.513202 1.0
 319012759 112.51224100   2.92858800  2.842362 1495.236400   1.935686 1.5
 319041848 110.26296700 -10.27670900  3.169528 1493.697200   4.755095 1.5
 319082410 112.72495700   1.90218700  1.921469 1493.760900   3.380631 1.67
 319188112 350.38488800  57.33541600  2.528766 1765.082200   0.309659 0.0
 319345854 174.15016900 -64.68679700  1.677339 1597.862000   0.838675 2.0
 319485168  52.46265600  81.20324500  3.226338 1816.960400   3.226559 1.0                                  3.226786 1.0  1.613330 2.0
 319559417 100.94547100 -53.33598100  2.455802 1355.063000                  4.911589 2.0                   4.911600 2.0
 320270477   7.54689100  56.12992600  3.874386 1765.427000   7.749158 2.0   3.874542 1.0                                 1.937280 2.0
 320918957 113.16414100   1.61030100  1.121950 1493.688900   2.247263 2.0   1.122003 1.0
 321555100 235.50705600  38.88340500  5.579379 1958.770100   9.736213 1.67
 321649307 206.06359100 -65.63139300  2.093622 1597.662000   4.187169 2.0
 321897711  84.87499200  58.08198200  8.515063 1822.097300  22.675175 2.67
 321988988 323.58412700  71.67997100  3.185845 1742.635800  20.002389 6.33
 322037122 278.15442100  27.15709200  1.608916 2010.459400   1.608897 1.0   1.608892 1.0                   1.608890 1.0  0.804450 2.0
 322165005  86.53970164  54.14594309  6.427761 2925.995500   4.958221 1.33  6.428649 1.0                   6.427000 1.0
 322201996 325.20227570  69.19466030  6.894405 1768.257500   0.887664 0.0
 322341979  36.78527200  56.02058600  1.458395 1791.938700   8.756425 6.0                                  1.459290 1.0
 322365313 309.18431100  52.18977800  1.054588 1712.370700   1.054575 1.0   1.054549 1.0    1.054615 1.0   1.054634 1.0  0.527290 2.0 1.054634 1.0
 322516342  44.79607300 -18.97748300  2.281106 1412.939900   2.281133 1.0   2.281018 1.0                   2.281110 1.0  1.147720 2.0
 322840107 176.15495710 -62.44712323  2.011271 1579.501200   8.265964 0.0
 322840110 176.15742500 -62.44708900  2.011285 1573.490300   8.265964 0.0
 322952481 124.67652500 -80.15149400  1.100392 1601.793800   1.100419 1.0   1.100437 1.0                   1.100400 1.0  0.551880 2.0
 323403945 333.48670150  69.85657015  1.049504 1797.440700   1.495280 1.33
 323422335  84.58723600   4.74507400  1.868920 1468.803400   7.977010 4.33
 323424052  67.11365964 -85.26143734  1.919572 1631.390500   1.293687 1.5   2.879378 1.5                   1.919500 1.0
 323686506 137.24714200   9.59476300  1.799201 1520.060900   1.799186 1.0   1.799198 1.0                                 0.899600 2.0
 323731770 140.78822460 -79.17806533  1.112792 1655.338500   1.112804 1.0   2.225548 2.0                   1.112780 1.0  0.556400 2.0
 324122961 148.09896190 -81.92881748  3.028654 1662.959300   2.055562 1.5
 324394434 176.99742400 -64.78224139  1.310835 1615.978000   6.989489 5.33
 324493536 277.29961970 -50.97182002  0.838638 1678.786700   0.838638 1.0   0.838637 1.0                   0.838637 1.0  0.419320 2.0
 324596129 330.11531700  53.29305500  2.346908 1740.739300   2.346906 1.0   2.346849 1.0                                 1.173460 2.0 2.347159 1.0
 324803765 330.21295000  48.36117600  4.876780 1740.694400  23.668930 0.0
 324815644 280.74385800 -51.53924000  1.729358 1659.334400   1.422160 0.0
 325205917 355.64178500 -70.46229000  7.880401 1328.685900   1.766631 4.5
 325373788 346.22096230 -75.71806951  2.485096 1676.836500   2.484776 1.0   2.485227 1.0                                 1.242540 2.0
 325558269 186.47778730 -71.03881950  1.867398 1600.469400   1.867330 1.0   3.735002 2.0                   3.735000 2.0
 325897347 331.29376500  50.74286100  2.390925 1740.809300   1.598145 1.5
 326537346 359.34032200  61.93065100  3.372733 1768.375500   1.475390 2.33
 326997213   2.71493900  57.19503500  1.657504 1767.304000                  1.657566 1.0                                 0.828770 2.0
 327220514 270.69977320 -36.36392695 19.571331 1663.453800   1.188716 0.0                                  1.188720 0.0
 327293706  24.59481854  45.40533037  2.611886 2886.150255                                  1.305714 2.0
 327425172 189.44658800 -66.32955500  5.699937 1604.093300   2.849643 2.0
 327456976   4.90117600  54.22443300  2.356975 1768.094300  18.869527 0.0
 327586530  76.45801000  53.52078500  1.271035 1816.949600                                                 0.635506 2.0               0.635506 2.0
 327669401 330.01468200 -67.55941600  1.090447 1327.389700   2.178596 2.0
 327874973  77.17548500  48.48105200  2.457131 1818.407900   4.914278 2.0   4.914840 2.0                   4.914840 2.0
 327877845  77.57694300  48.53180500  1.333055 1818.527900                  2.669261 2.0                   1.334679 1.0
 327993954   0.29778100 -22.62911700  1.791851 1355.349800   1.791887 1.0   1.791868 1.0    1.791513 1.0   1.791840 1.0  0.895940 2.0
 327997778  77.72041888  51.27699605  1.886028 1831.702400   3.771598 2.0
 328019849 190.16448740 -69.26372083  2.231744 1621.481900   1.209043 0.0
 328036188 331.44425970  55.28720016  4.753406 2831.064200   1.415459 3.33
 328263283 331.83488760  59.72094124  2.055879 1959.226000   2.055725 1.0                                  2.055770 1.0  1.027880 2.0 2.055453 1.0
 329074799 319.21379280  60.24220106  1.067126 1731.209500   0.544188 2.0   2.134209 2.0                   1.067080 1.0
 329088288 191.24909100 -70.92032300  3.956723 2339.702400   3.954736 1.0   3.954511 1.0                   3.998289 1.0  1.977290 2.0
 329129852 211.81872300 -52.18725300  7.423438 1608.381500  18.444711 2.5
 329134352 249.49715600  23.55642700  1.837294 1986.406400   1.832669 1.0   1.832773 1.0                   1.832770 1.0  0.916360 2.0 1.832749 1.0
 329143681 332.43817530  59.78441034  1.718624 1741.050900   5.162107 3.0
 329194674 211.70956490 -53.44576765  1.563558 2344.559600   1.563514 1.0                                                0.778440 2.0
 329291692 269.49021300  49.98383300  1.144312 1684.162200   1.144306 1.0   1.144314 1.0    1.144371 1.0   1.144300 1.0  0.572150 2.0 1.144318 1.0
 329330372 314.48612000  44.67213700  5.385309 1727.332000   3.590374 1.5
 329447166 273.33861100  20.20534300  3.538401 2011.384800   3.538472 1.0   3.538251 1.0                   3.573276 1.0  1.769250 2.0
 330230358 213.22715600 -50.94571600  1.326590 1602.525400   0.663301 2.0   1.326692 1.0                   1.326700 1.0
 330323450 315.19438200  44.86590600  3.557327 1712.451500   6.323055 0.0
 330542028 333.48742700  30.80940400  1.964399 1712.634800   1.964414 1.0   3.928452 2.0                   3.928450 2.0
 330740464 333.98416400  55.44563100  4.006309 1743.323200   1.554671 2.5   4.007068 1.0
 330744605 333.97270700  56.35170666  1.488122 1740.203300   2.974175 2.0                                  2.974216 2.0               2.974216 2.0
 330756098 144.21585750  26.23267866  1.686062 1874.612100   3.372161 2.0   1.686089 1.0
 331106424 214.08829900 -49.25009500  3.792243 1601.402000   2.549114 1.5                                  1.896200 2.0
 331388174  17.74811800  56.70131300  3.525515 1766.224000   1.762867 2.0
 331459675 330.34343340  44.15704366  3.910125 2838.421100   6.397147 1.67
 331643515 330.52923800  46.77581600  1.114507 1740.986300   1.671638 1.5
 331715681  18.40194200  54.23472600  3.140256 1767.367200   3.140245 1.0   3.140263 1.0                   3.140103 1.0  1.570110 2.0
 331747681  32.43944653  81.98303590  3.113205 1832.312900   0.337760 0.0
 332049765  19.02886000  57.24003400  4.018212 1791.610000   4.018169 1.0   8.036802 2.0                   4.018169 1.0  2.009120 2.0
 332220783 215.32718500 -51.33578600  3.494768 1602.413800   0.986370 3.5
 332309502 120.64401400 -16.16576000  5.570227 1493.868400   9.747906 1.67
 332344985 215.68054500 -53.11076500  1.121394 1596.897500   0.560013 2.0   1.121377 1.0
 332376370  19.77360290  56.89647929  1.586704 2896.745200   1.586688 1.0   1.586711 1.0                   1.586706 1.0  0.793350 2.0
 332483767 136.31606300 -12.65861400 12.037718 1541.335700   6.001258 2.0
 332518527 351.07540600 -25.08255700  5.110085 1356.671700   3.124765 1.67  5.109948 1.0
 332634483 137.08616990 -13.59611284  7.517979 2260.590500  38.777066 0.0   3.758931 2.0                   7.517980 1.0
 332636248 137.16134700 -16.71217400  1.616958 1520.138100   1.613430 1.0   1.613438 1.0                   1.613413 1.0  0.806700 2.0
 332642534 180.17326500 -50.33708200  1.544582 1572.429900   3.089180 2.0
 332646280 180.18481200 -51.19670200  3.085534 1571.738900   3.085518 1.0   3.086174 1.0                   3.086200 1.0  1.542800 2.0
 332843908  34.33994986  -3.69200145  0.800339 2151.447700   0.800336 1.0   0.800334 1.0    0.800309 1.0                 0.400170 2.0
 332916554  84.86850800 -11.64372400  2.811237 1469.439000   0.686099 4.0
 333166948 352.61974900  41.92075000  1.398100 1740.532100   0.699056 2.0
 333279293 353.17631300  40.75069300  1.112072 1740.149500   1.112070 1.0   1.112080 1.0    1.112181 1.0   1.112080 1.0  0.556040 2.0
 333301594 216.63717300 -51.44123400  1.853537 1601.805600                  3.707184 2.0                   3.707200 2.0
 333421517 354.02740700  41.54724800  1.600142 1740.112900   0.799493 2.0
 333826863 182.15954000 -49.55665900 11.402739 1579.205100  45.558894 4.0
 333868774 309.50309000  72.09546600  1.373851 1740.047300   1.373749 1.0   1.373726 1.0                                 0.686870 2.0
 334157099  89.38079231  50.54032077  3.439134 1829.622334                                  1.087334 0.0
 334490977 331.15059800  65.50833500  9.567970 1746.539400   3.333734 0.0                                  9.568000 1.0
 335156510 332.14087020  65.05184638  1.285475 1740.992900   2.570972 2.0                                  1.285354 1.0  1.285480 1.0 1.285354 1.0
 335163342 332.05665100  62.46034300  1.972312 1740.379800   0.986146 2.0                                  1.971893 1.0               1.971893 1.0
 335463355 194.67717500 -71.47730400  3.376728 1603.885200   5.064922 1.5
 336065287 195.39626300 -67.36308000  3.198412 1597.756600   3.198414 1.0   3.198146 1.0                   3.226983 1.0  1.599210 2.0
 336097969 333.72289500  61.44532200  1.275341 1740.145600   1.275327 1.0   2.550482 2.0                   2.550500 2.0               1.275267 1.0
 336414881 252.41960200 -38.22527900  1.723199 1629.262900   0.863638 2.0   1.727273 1.0                   1.727300 1.0
 336456903 334.34648200  62.54863100  2.022981 1741.515800   1.011488 2.0
 336823117 335.12072500  63.36433900  1.454947 1741.446700   0.727484 2.0   1.454932 1.0                   1.454900 1.0  0.727490 2.0
 337282162 270.43732900 -52.58208748  1.156906 2376.537800   1.156897 1.0   2.313797 2.0                   2.314000 2.0
 337373700 336.23816170  65.32350007  2.422648 1967.045400   2.422762 1.0                                  4.847017 2.0               4.847017 2.0
 338168842 337.94415400  61.91985800  5.044149 1742.103800  11.542568 2.33
 338278698 338.09885330  60.74778751  4.144557 1779.696900   0.551039 0.0
 339134310  59.39928333  62.14173105  3.417126 1819.321200   3.417116 1.0  13.668864 4.0                  13.669000 4.0
 339210655 294.33331500 -64.93940200  2.379773 1655.637600   2.379799 1.0   4.760195 2.0                   4.760200 2.0
 339608037 209.77370900   8.82152800  3.900679 1932.236000   2.600485 1.5
 339675267 110.66047000 -54.54737700  6.324792 1470.865200   0.499680 0.0
 340064844 113.09197650 -57.02037668  1.759600 1387.154500   1.759622 1.0   1.759680 1.0                   1.759680 1.0  0.879820 2.0
 340255326 114.93749800 -57.12358500  2.069794 1387.119400   2.070055 1.0   2.069977 1.0                   2.069943 1.0  1.034980 2.0
 340355013 115.17149800 -57.24776075  8.123070 1538.359300   1.444986 5.67
 340484535 115.99379000 -55.07031224  1.160008 1552.716800   0.580050 2.0   1.159988 1.0                   1.160000 1.0  0.580000 2.0
 341057959 202.54706300 -69.31783900  3.536209 1629.259000   1.494745 2.33
 341061451 312.50563200 -62.56539600  1.039882 1655.316400   1.039145 1.0   1.039231 1.0                   1.039150 1.0  0.519570 2.0
 341077135 312.75211340 -63.69209332  2.544243 2046.705100   2.544208 1.0                                                1.272110 2.0
 341123735 324.32590000  54.68205700  1.825588 1743.320500   0.912788 2.0
 341194774 119.19349500 -57.98826200  2.609616 1519.299200   2.447108 1.0   2.609240 1.0                   2.609240 1.0  1.304780 2.0
 341202273 324.45181300  57.48919900  5.376632 1742.231100                                                10.753336 2.0
 341415213 119.96861800 -56.38752700  2.573501 1494.452300   2.573331 1.0   2.573395 1.0                   2.573380 1.0  1.286650 2.0
 341434798 324.95257140  54.76803225  1.178960 2839.867600   1.178962 1.0   2.357873 2.0                   2.357900 2.0               1.178911 1.0
 341490119 120.47246440 -58.09822786  2.007909 1554.653000   2.007948 1.0   2.007917 1.0                   2.008014 1.0  1.003990 2.0
 341549575 120.54880260 -54.86080864  1.274420 1527.259200   1.274426 1.0   1.274432 1.0                   1.274424 1.0  0.637210 2.0
 341727190 121.03090680 -58.41503488  1.804921 1550.484800   1.804879 1.0   1.804835 1.0                                 0.902450 2.0
 341768151 329.65468900  49.47165000  1.169443 1740.705100   1.168820 1.0   2.337618 2.0    6.864351 0.0   1.168817 1.0  0.584410 2.0 1.168817 1.0
 341936458 122.25671000 -55.02196300  2.479369 1520.092800   2.479275 1.0   2.479266 1.0                                 1.239650 2.0
 342529079 326.86212300  54.36514500  5.186483 1781.064856                                  1.728064 3.0
 342645086 276.73540050  19.21937526  1.274768 2010.855500   1.274754 1.0   1.274770 1.0                                 0.637370 2.0
 342753867 125.40060280 -58.20481427  2.320631 1568.194500   2.320130 1.0   2.320112 1.0                   2.320100 1.0  1.160050 2.0
 343126499 334.53528500  55.67663200  2.301851 1742.012500   1.835305 1.33
 343433862 341.29600500  54.93098828  6.838919 1746.142900                                                 1.404500 0.0
 343601788 271.89518200 -72.39674500  1.877444 1629.281900   1.877439 1.0   1.877430 1.0                   1.877430 1.0  0.938720 2.0
 343665342 341.74833660  57.26296128  3.366767 1760.099600   1.599390 0.0
 343728363 316.28730300  55.83115100  1.461270 1711.485900   1.461271 1.0   1.461296 1.0                   1.461270 1.0  0.730640 2.0 1.461349 1.0
 343773139 341.60445000  54.28213900  1.050373 1740.082700   1.050372 1.0                                  0.688020 1.5
 343774648 341.83014200  53.98508500  2.791229 1742.914000   2.791282 1.0   2.791389 1.0                                 1.395630 2.0 2.791348 1.0
 344010081 316.83691580  55.20836227  1.749827 1711.398400   3.502566 2.0                   3.502668 2.0   3.502305 2.0  1.751240 1.0 3.502305 2.0
 344095696 316.90462600  59.10896100  1.709294 1712.597000   1.709194 1.0   1.709218 1.0    1.709229 1.0                 0.854610 2.0
 344639135 156.74413800 -70.28454500  3.653176 1571.531200   0.370644 0.0
 345176700 281.50211300 -77.83673600  1.547899 1630.049700   0.225235 0.0   1.547808 1.0                   1.547800 1.0
 345221921 355.53758460  57.59026997  1.343303 1981.709400   5.373160 4.0   2.686644 2.0                   2.686640 2.0
 345336068 238.32507200  18.29646000  1.189868 1956.201400   0.594958 2.0
 345414071  57.65891101  10.27915042  1.844038 1445.359400   1.843860 1.0   3.687857 2.0                   3.687860 2.0  1.843960 1.0
 345435136 326.58090100  45.74496800  6.921773 1712.685500   1.977637 3.5
 345783726 356.66291300  59.38520900  1.829109 1765.308700   6.194704 3.33
 345943529 193.37966200 -13.09071000 12.549657 1571.767500   7.821004 1.67
 346274788  54.29032843  63.05867179  1.103871 2927.959700   1.103880 1.0                                  1.103892 1.0  0.551940 2.0 1.103892 1.0
 346332100  60.04132422  60.71704436  1.935919 1821.395300   3.871838 2.0
 346450075 357.61517490  58.81427337  6.125276 1974.241700   4.083572 1.5
 346648369   0.31970238  56.34006705  1.198852 1969.342100   1.198858 1.0   2.397740 2.0                   2.397700 2.0               1.198891 1.0
 346744745 287.62445000 -85.41718277  2.904809 2036.606800   2.904816 1.0   2.904740 1.0                   2.904740 1.0  1.452380 2.0
 346778955 255.84037200 -37.71217500  1.511749 1628.785700   0.757445 2.0   1.514844 1.0                   1.514800 1.0
 346784333  47.03785700  41.34119000  9.344697 1795.804600   5.610423 1.67
 346993723 117.41749100 -15.36775200  4.784178 1494.106300   6.088962 1.33
 346994829 117.44425600 -14.86326300  4.720684 1493.443600   3.304503 1.33
 347063557 283.00641270  19.51744238  2.935037 2011.955400   2.935156 1.0   2.935341 1.0    1.187599 2.5   2.935104 1.0  1.467580 2.0
 347118707   1.21792900  57.70890700  1.700849 1767.502100   0.686851 2.5
 347442454 133.23772346 -12.30991841  9.693223 2973.201711                                 19.029770 2.0
 347460659 256.05338200 -38.56152900  1.621613 1630.176600   1.621615 1.0   0.810808 2.0
 347483661  33.04422300  57.04749200  1.454470 1790.912400   2.061259 1.33
 347687491  33.51718800  56.42229500  5.551051 1796.931900   5.566003 1.0   5.566358 1.0                   5.566400 1.0  2.783050 2.0 5.565244 1.0
 347747367 256.16772590 -37.52477741  1.483741 1630.441600   0.741887 2.0
 347770248  33.68455700  57.08527500  8.318427 1794.562000   0.649723 0.0                   2.622450 0.0   8.318490 1.0
 347957004 281.09203200  20.79144200  1.124542 2010.874800   1.124557 1.0   2.249145 2.0                   1.124540 1.0
 347967199 281.65920400  23.36210500  1.649479 2010.580800   0.824730 2.0
 347994875  64.97250762  42.39471118  1.361235 1825.882900   1.361228 1.0   1.361243 1.0    1.361364 1.0   1.361200 1.0  0.680620 2.0
 348297702 120.91811700 -17.58738800 12.329238 1516.075300   5.499172 2.33
 348318739 281.83703600  20.97079000  2.272300 2011.221200   2.272339 1.0   2.272266 1.0                   2.272270 1.0  1.129130 2.0
 348525452  35.61458043  55.38443274  1.998705 1811.636700                                                 1.332436 1.5               1.332436 1.5
 348608829  35.50553348  57.47478600  2.911258 1804.813700                  2.911276 1.0    2.909830 1.0   2.911291 1.0  1.455650 2.0
 348782420 134.38317400 -13.89076000  1.900842 1519.349500   4.059580 0.0   1.900808 1.0    0.654388 3.0
 348821584 282.40571500  20.69564800  1.514881 2010.800300   1.514943 1.0   1.514913 1.0                                 0.757470 2.0
 349291986 222.47979870  22.84289295 14.025389 2689.657400   6.558841 0.0
 349296927  51.99726500  34.83023600  3.100467 1793.730700   1.185943 2.67
 349690037  67.21495765  34.19703850  2.833080 1829.613700  13.349101 4.67                  2.834441 1.0   1.416400 2.0
 349832824 113.64763400 -64.94468900  1.040753 1325.931900                                                               0.520360 2.0
 349922812 109.07092200 -50.30136600  3.877067 1468.536100   5.813973 1.5
 349998105 274.78291300 -48.59574500  1.664881 1655.575100   3.331227 2.0   1.664821 1.0                   1.664800 1.0
 350144367 115.64147200 -65.60229800  3.694277 1327.494100   6.567047 0.0
 350145806 115.77576100 -64.36849900  1.884857 1326.124400   3.769550 2.0   1.884768 1.0                   1.884800 1.0  1.884780 1.0
 350155186  53.32695900 -83.70229700  2.121448 1326.169600   2.121430 1.0   2.121439 1.0                   2.121400 1.0  1.060720 2.0
 350336454  84.32530400 -56.76900800  1.156972 1326.168300   0.578452 2.0   1.156973 1.0                   1.156990 1.0  0.578490 2.0
 350778733 246.02653500 -36.82456400  1.802424 1628.790700                  3.603693 2.0                   3.603700 2.0
 350932338  90.63164400 -57.58717000  1.926199 1325.485400   2.889281 1.5   1.926055 1.0                   1.926070 1.0
 351606545   9.96720100  70.96282700  5.855389 1796.176500   2.751981 0.0
 351608653  13.22648300  71.39232100  1.939523 1792.545800   1.939535 1.0   3.879224 2.0                   1.939530 1.0               1.939423 1.0
 351680282 274.98012800  44.88083200  6.668714 1684.445400   3.635101 0.0
 351870321 304.87705800  51.69177500  1.134656 1684.499200   0.567382 2.0
 351905658 348.57412500  39.10598400  1.336630 1740.190500   1.336645 1.0   1.336639 1.0    0.421945 0.0   1.336630 1.0  0.668320 2.0
 352034178  14.36329000  65.98125600  4.740752 1792.170600   4.741133 1.0   9.481282 2.0                   4.740254 1.0  2.370290 2.0
 352214353 288.19408100  23.82068600  1.655365 1684.430200   1.655384 1.0                                                0.827690 2.0
 352597703 355.74284700  39.19235000  1.648727 1740.817800   1.226317 1.33
 352687304 356.10572700  41.38279949  1.609674 2878.552000   4.829338 3.0                   1.445787 0.0
 352915308 313.82226640  62.77344812  3.494581 1714.485500   4.234982 0.0
 353038698 333.16412060  31.35621964  5.887240 2830.743800   0.243658 0.0
 353045294  61.50145783  36.40360825  1.107166 1837.229600   1.107169 1.0   2.214369 2.0                   1.107130 1.0
 353067552  61.68471100  41.52162500 13.266512 1825.218200   3.315433 4.0
 353140283 338.29458340  33.67161379  1.197842 1740.086200   3.675741 3.0
 353201418  61.99633000  40.35249100  4.313156 1816.905700   0.436649 0.0
 353242846  28.73921241  70.03613068  2.010937 1799.790900   2.010946 1.0                                                1.005450 2.0
 353302317  89.86916600  35.16257800  3.711439 1819.406100                  3.711339 1.0                   1.855800 2.0
 353359617 100.38959734  29.23249019  6.308253 1847.963602                                  7.240422 0.0
 353628656  96.68705900  38.05809100  2.581608 1842.949600 355.625676 0.0   2.581038 1.0
 353840074  67.03042600  40.83572100  3.102619 1819.692500  11.147864 3.5
 353851017  24.79864400  27.25455100  1.278596 1765.394800   2.560130 2.0   1.280102 1.0                   1.280097 1.0
 353853624 271.06761090  59.60116313  2.720409 1732.509300   2.720402 1.0   5.440933 2.0                   2.721353 1.0  2.720470 1.0 2.721353 1.0
 353856528 330.43263700  58.08585300  3.334396 1743.343300                  1.667251 2.0                   1.667300 2.0
 353960520  62.47286853  47.28540590  2.313704 1819.524900   6.168831 2.67
 354378755 347.16575500  75.85256707  1.031048 1765.613500   1.031120 1.0   1.031144 1.0                   1.031115 1.0  0.515560 2.0
 354386950  88.94244300  39.22175100  4.268105 1816.987700   5.689275 1.33
 354643696  52.77551000  51.09023700  2.642121 1792.110100   1.321188 2.0   2.642270 1.0                   2.642270 1.0
 354673143 107.41737000 -12.10421450  4.865567 1497.356600   7.284305 1.5                                  4.865300 1.0
 354673152 107.49071800 -12.10807700  1.764335 1493.091300   0.882166 2.0                  15.290861 0.0
 355080341 129.82070000 -62.35752500  1.162924 1518.749900   1.162910 1.0   2.325784 2.0                                 0.581450 2.0
 355236141 130.67911900 -62.52713400  5.794512 1523.144500  12.301355 0.0
 355343748  77.49441922  50.18839557  1.003505 2932.542900   1.003486 1.0                                  1.003490 1.0  0.501750 2.0 1.003499 1.0
 355408832 110.24850400 -53.44460800  5.022056 1493.537700  10.738373 0.0
 355499690  78.13678100  48.31964000  1.722116 1817.816500   1.722099 1.0   3.444248 2.0    1.722245 1.0   1.721994 1.0               1.721994 1.0
 355508601  15.04995800 -55.37909900  1.434965 1355.070200   1.434978 1.0   1.434987 1.0                   1.434932 1.0  0.717490 2.0
 355698245 132.02668880 -64.88767750  2.574470 1623.676900   3.861801 1.5   2.574544 1.0                   2.574500 1.0
 355708244  95.70876100  53.27023300  3.280003 1842.870200   3.760408 0.0   3.281160 1.0    3.282930 1.0   3.281160 1.0
 355759806 300.22665500  39.02889200  6.100612 1689.740800                                                 4.067056 1.5
 355932684 140.09603500  48.00630400  1.913486 1872.347200   5.292452 2.67
 355971237 138.35478400 -52.21774000  1.125537 1519.226500   0.562750 2.0   1.125572 1.0                   1.125600 1.0
 356064345 257.87635300  23.23668600  4.151235 1986.448900   4.151210 1.0   4.151249 1.0                   4.151283 1.0  2.075610 2.0
 356115598  61.42319400  58.10001100  1.490428 1818.826500   1.491443 1.0   1.491432 1.0    1.491439 1.0   1.491300 1.0  0.745710 2.0 1.491300 1.0
 356195717 266.62225000  50.86311200  1.173185 1683.699700                                                 1.173239 1.0  0.586600 2.0
 356448936 169.74178100 -79.05869100  3.910429 1602.017300   0.563120 0.0
 356593115  77.90071923  55.12984556  3.139983 2917.445800   3.140117 1.0   1.569870 2.0    3.141152 1.0
 356697725 183.56805800  28.58873600  1.894601 1901.088200                                                 0.947338 2.0
 356701798 254.84550600  70.57691200  1.072554 1684.001900   1.072561 1.0   1.072564 1.0                                 0.536280 2.0
 356730075 174.58267800 -78.04834759  3.122396 1616.457000   0.312376 0.0
 356815832 175.84736370 -78.89842230  1.295841 3087.436800   1.295844 1.0   1.295827 1.0                                 0.647920 2.0
 356915848 273.40737270  54.56547823  6.234865 1765.311500   3.441584 0.0
 356920552 273.55991300  56.25920500  2.425126 1683.428100   0.331825 0.0   2.425047 1.0                   2.425351 1.0  1.212550 2.0
 357097598 274.82920000  55.14849900  3.019155 1683.491200   4.914236 1.67                  2.981582 1.0   1.509300 2.0
 357098774 275.07392500  54.75046000  2.228710 1685.193300   1.076519 2.0
 357166783 145.63873000  48.45124200  4.212707 1879.329186                                  1.116096 0.0
 357176378 328.80324050  31.90398323  1.040102 1742.119900   2.080196 2.0
 357259392 182.86338100 -78.07773200  1.205033 1600.645500   0.510454 2.33  1.205107 1.0                   1.205100 1.0
 357303028 202.56852360  55.95678460  2.421847 1903.609200   1.210921 2.0   2.421770 1.0                   2.421770 1.0
 357671629  35.26760208  62.11215475  6.274468 3634.242100   4.763414 1.33
 357871538 316.90075860  48.44686522  2.232872 1729.604700   1.615216 1.33                                 2.233119 1.0               2.233119 1.0
 357887788  32.66253900  70.13914000  2.642702 1792.962500   2.642742 1.0   5.284731 2.0                   2.642774 1.0  1.321360 2.0
 357905858 138.59742600 -64.90965709  6.013732 1566.897500   0.217668 0.0   3.007533 2.0                   3.007500 2.0  3.007370 2.0
 358018140 124.58010500  86.78608700  2.391948 1818.141100   1.966685 0.0
 358085059  56.40522550  83.65118995  4.162883 1819.723200  11.375962 2.67
 358394831  99.14800429   3.33449408  1.033753 1481.910400   0.752167 1.33
 358586033 290.97321300  22.22440500  2.489446 1685.020300   4.979124 2.0
 358705976 118.62942800   7.44775044  5.778045 2229.846600   2.412609 2.33  5.778652 1.0
 359003765 283.93406500  28.83579811  1.083168 2034.063200   1.083167 1.0   1.083165 1.0    1.083129 1.0   1.083170 1.0  0.541580 2.0 1.083167 1.0
 359032992   1.30057700  61.16224000  5.556079 1765.027100   3.161446 1.67
 359036142   1.30594526  62.13442624  1.720847 1808.066200   3.441504 2.0   3.441787 2.0                   3.441800 2.0
 359070152 181.15304200 -74.50488000  3.039215 1604.164700  11.007706 3.67  6.078755 2.0                                 1.519630 2.0
 359214621 181.89864220 -74.65309030  2.416605 1601.954400   5.388594 0.0
 359388243 268.01839320  58.21899644  2.388546 1751.995200   1.130405 0.0
 359390362 261.92214200  27.75095200  4.724944 1988.994600   8.207252 1.67  4.725085 1.0                   4.725110 1.0  2.362490 2.0
 359422409 182.87252930 -73.30964332  1.714960 1620.781200   1.277019 1.33
 359674815 280.83602400  56.16900700  1.437225 1684.996300   0.502797 0.0
 359893927 185.75697300 -74.82535534  1.380136 1601.349300   4.140385 3.0
 360212738 187.48347350 -74.02044219  3.468859 1636.760900   1.637354 0.0
 360331265 188.26309200 -72.81980500  2.748423 1596.987000   8.234867 3.0
 360372707 217.45081860 -70.39166002  4.996234 2356.968300   4.996088 1.0   4.995342 1.0                   4.996519 1.0  2.498060 2.0
 360643067 142.77673210 -62.48146635  1.645907 1545.717200   3.291878 2.0
 360798795 241.40514770 -66.93204312  1.247410 1629.859600  18.387706 0.0
 361258749 192.98726800 -74.89403600  1.312643 1601.977700   0.656323 2.0
 362167848 244.85865500 -71.68761400  2.614574 1630.364100   2.614580 1.0   2.614495 1.0                   2.614520 1.0  1.307280 2.0
 362217606 285.33748190  78.05495424  1.896761 1685.209800   0.947747 2.0   1.895420 1.0
 362225806 286.00605980  73.94063745  1.383958 1716.855000   0.343682 4.0   1.383998 1.0                   1.384000 1.0
 362264361 145.14081600 -51.74796700  5.483962 1550.072400  10.967581 2.0
 362379939 245.88704400 -68.81051700  3.012952 1631.508100   3.012890 1.0   6.027240 2.0                   6.027200 2.0
 362671557 146.24247250 -63.81208882 16.812570 1552.176000   0.371963 0.0
 362818324 145.70476510 -52.95691484  2.521679 1545.828500   5.521193 0.0
 363268141 248.63335000 -70.56620700  1.855552 1629.221900  13.339450 0.0   1.855594 1.0                   1.855600 1.0
 363348244 163.82233900 -27.92110700  3.311022 1546.272000   3.311014 1.0   1.655471 2.0                   1.655517 2.0
 363979086 267.41065100 -48.25221700  4.763569 1659.340600   2.408574 2.0
 364268064 114.49599900 -57.70168100  1.525491 1386.329600   1.525391 1.0   1.525490 1.0                   1.525490 1.0  0.762730 2.0
 364769547 299.53228000  53.32535800  2.110875 1684.484400   2.111562 1.0   2.111699 1.0                                 1.055770 2.0
 365122949 311.46280980  53.56409250  1.767211 1711.987700   8.229695 4.67                                 1.178200 1.5
 365534585 327.71212000  56.39302300  2.683587 1742.637000   2.254144 0.0
 365597143 313.11231100  63.92785800  2.293627 1713.353900   4.587105 2.0                                                2.264810 1.0
 366067898 356.34276680  70.75251506  3.047673 1964.478900  22.258141 0.0
 366326766 328.81500540  74.84188789  1.420738 1811.895300   1.420762 1.0                                                0.710380 2.0
 366408057 126.30700200   6.07966300  9.803143 1494.461300  87.604030 0.0
 366582661 305.07059300  77.01779000 11.633259 1787.312100  23.928809 2.0
 366679735 333.86905560  76.16022458  2.778764 1809.818800   2.778695 1.0   2.778528 1.0                   2.778596 1.0  1.389320 2.0
 367097589 340.22419010  77.17646381  3.106793 1767.740200   6.214907 2.0   6.216482 2.0                   6.216480 2.0               3.107956 1.0
 367098904 317.54772810  72.19579284  3.517229 1758.897500   2.345622 1.5                                  3.484425 1.0  1.742160 2.0
 367142001 339.97789600  77.78035600  2.614831 1766.734800   0.881459 3.0
 367352585 342.93884600  75.04362600  2.144106 1768.008900   2.144124 1.0   2.144461 1.0                   2.144124 1.0  1.072050 2.0
 367655581  65.14008144  41.43301820  1.183199 1831.751800   3.551484 3.0
 367789589  73.78270600  44.94587700  5.630505 1822.199700   2.815848 2.0
 367794855  73.75360857  47.07658526  1.169587 1824.886800   1.169635 1.0   2.339145 2.0    1.169476 1.0   1.169782 1.0               1.169782 1.0
 367922088  81.60014600  40.67137800  6.143632 1818.211900   1.584825 0.0
 368144876  82.40261813  40.59716466  1.315434 2922.466800   1.315435 1.0   1.315382 1.0                                 0.657720 2.0
 369258632  81.00436479  47.21612779  3.264086 1833.532300   1.955265 1.67  3.264050 1.0    3.262165 1.0   1.632200 2.0  1.632080 2.0
 369370898  59.52876200 -41.43098300  1.710464 1412.701900   1.353068 1.33  0.855247 2.0
 369995729  20.81046000  59.80218000  2.645798 1792.086200   2.094436 1.33  0.257120 0.0                   0.257120 0.0
 370243555  41.16018106 -83.85670724  1.082841 1342.918000   1.082820 1.0   1.082860 1.0                   1.082861 1.0  0.541430 2.0
 370376167 142.55204540 -65.90612877  2.989799 1594.187700   1.019623 3.0
 370952053 145.58529400 -71.13408500  1.970061 1572.193300   2.955221 1.5   1.970038 1.0                                 0.985020 2.0
 370958302 145.55372900 -67.71882400  1.959538 1572.689400   0.472535 0.0
 370997764  29.09089600  54.45734300  1.916241 1792.397200   0.958591 2.0   1.917458 1.0                   1.917500 1.0
 371017863 145.77602710 -70.20785391  1.541686 1592.022500   0.223882 0.0   1.541821 1.0                   1.541800 1.0
 371188314 146.39372000 -66.47077800  1.832422 1546.797100   0.398599 4.5
 371416642 292.88030800  21.44869100  1.765489 1684.023800   0.882726 2.0
 371491078 149.08246900  51.68583200  3.831150 1873.896300  11.597897 3.0
 371493604 152.39476500  51.06410000  6.306466 1873.281500   3.489995 0.0
 371594196 148.10754720 -67.95485798  2.165463 2299.145900   2.165452 1.0   2.165439 1.0                                 1.082720 2.0
 371866653 149.19108400 -67.71001600  1.686692 1572.195900   1.686698 1.0                                                0.843360 2.0
 372074610 330.48232150  67.28184929  1.518206 1794.123000   0.500383 3.0
 372089463 324.53774300  35.97772100  2.455603 1714.101900   2.455763 1.0   2.455763 1.0    2.456810 1.0                 1.227860 2.0
 372157174 150.18671300 -71.92808000  1.357707 1572.562800   2.715166 2.0
 372208720 330.72609340  66.77307056  1.914564 1740.968000   1.914573 1.0   1.914412 1.0                   1.914540 1.0  0.957280 2.0
 372263820 331.49438600  67.25228600  1.995218 1740.237800   1.995290 1.0   1.330080 1.5                   1.995320 1.0  1.995310 1.0
 372307217 150.66084930 -68.40269077  3.797234 1617.011000   1.403547 2.67
 372606035 101.61518560  13.21848463  3.705521 1473.931200  14.228077 0.0                                  1.852800 2.0
 372747875 311.76229730  76.26433776  1.341535 1825.070500   2.682938 2.0   2.683027 2.0                   1.341491 1.0  0.670760 2.0
 372864409  26.10846600  60.28356654  2.380183 1791.828600   4.750069 2.0
 372957845 152.67913680 -68.59784535  1.174112 1608.424300   1.174106 1.0   1.174115 1.0                                 0.587050 2.0
 373023387  66.77342700   9.12785100  1.299526 1439.962700   1.297255 1.0   1.297195 1.0                   0.648618 2.0
 373202712 319.93873300  38.36596200  2.048021 1712.808800   2.048008 1.0   2.048026 1.0                                 1.024020 2.0
 374012877 346.34037500  37.89654700  6.531907 1745.488900   0.633556 0.0
 374088234 159.90437800 -51.91851000  4.485197 1548.133500   4.485224 1.0   4.485371 1.0                   4.485411 1.0  2.242620 2.0
 374096789 346.91563100  40.69952000  1.386482 1740.894900   1.386500 1.0   2.772544 2.0
 374404519 348.94742200  37.52117900  2.146377 1741.728800   2.146362 1.0   2.146330 1.0                   2.146330 1.0  1.073200 2.0
 374481449  29.44159400  56.08813900  2.220621 1791.052000  13.363018 6.0
 374580014 150.76048800 -63.37057700  3.188789 1546.222500   3.188893 1.0   6.377468 2.0                   6.377500 2.0
 374723496 242.00442200 -37.24056800  2.360120 1630.230700   4.720690 2.0
 375187995 315.26860910  58.91589538  1.647358 2828.479000   3.294734 2.0
 375713583 335.40866100  67.25648600  1.767778 1765.285700   0.225311 0.0   1.767735 1.0                   1.767760 1.0  0.883890 2.0
 376075481 262.74345010 -57.58843816 17.677435 2371.739400  50.168707 0.0
 376086709   3.59008800  75.31739200  1.165281 1791.085300  13.826302 0.0
 376110314 337.27239600  70.42229600  1.489097 1767.413800   0.488975 3.0
 376197366  44.44574900  71.82941100  1.195005 1790.787000   1.194992 1.0   1.194995 1.0                   1.195026 1.0  0.597500 2.0
 376347560 152.94226500 -63.44397300  1.654241 1571.908200   1.654251 1.0   3.308367 2.0                   1.654200 1.0  0.827130 2.0
 376566058 180.78561940 -54.58995115  2.723153 1623.668600   2.723141 1.0                                  1.361500 2.0
 376691323 187.98750500  38.27548400 13.492421 1912.409200   3.670720 3.67
 376925207 284.65385100  74.95395900  3.025076 1684.383900   3.518581 0.0
 377048084 284.61964000  56.19981100  1.541170 1684.032400   1.541130 1.0   1.541111 1.0                   1.541130 1.0  0.770560 2.0 1.541071 1.0
 377307592 286.98610140  59.39779585  1.192878 1701.294000   1.192841 1.0   1.192833 1.0    1.192651 1.0   1.192837 1.0  0.596410 2.0
 377615279 348.19519200  61.44234500  1.153801 1766.155700   2.307584 2.0   1.153801 1.0                                              1.153755 1.0
 377974976 348.81010240  65.49301423  1.626208 1977.609400   1.626178 1.0                                  1.626317 1.0  0.813100 2.0 1.626317 1.0
 378120011 155.02511300 -64.01093300  1.157609 1572.060400   1.157573 1.0   1.157500 1.0                                 0.578790 2.0
 378518782 155.51685600 -64.71618500  2.371344 1572.023200   7.099008 3.0   9.486892 4.0                                 1.185690 2.0
 378530859   0.26213300  67.94125500  1.960723 1766.377700   1.960743 1.0                                  1.960471 1.0  0.980370 2.0 1.960471 1.0
 378904507 303.84306200  34.78419600  5.924667 1687.332200  91.847078 0.0
 378967722 155.86953680 -64.50615586  2.766774 1579.870900   2.755918 1.0   2.755736 1.0                   2.755763 1.0  1.377950 2.0
 378991495  15.16557200  71.15599600  1.214642 1791.482700   1.214597 1.0   1.214629 1.0                   1.214593 1.0  0.607300 2.0
 379167254  15.93849855  69.69317172  1.623262 2004.196200   0.811619 2.0                                  1.623299 1.0               1.623299 1.0
 379203999  93.86685000  62.87803600  1.519472 1816.863800   5.087770 3.33
 379363985 307.63329800  23.22911000  1.354237 1684.984200   2.708659 2.0   2.708562 2.0                   2.708500 2.0
 380524389 140.19599500 -22.99036600  1.094629 1519.734200   1.094597 1.0   1.094589 1.0    1.094487 1.0   1.094587 1.0  0.547290 2.0
 381048506 270.75224300 -62.22692600  1.851688 1656.802300   0.462935 4.0
 381144843 238.07648500 -66.40959400  1.900054 1630.336600   1.900069 1.0                                  1.900061 1.0  0.950030 2.0
 381151342 182.36888420 -65.65823762  2.432533 1601.590100   1.633096 1.5
 382066785  79.44416700 -56.82315300  3.401411 1326.524300   2.093791 1.67
 382199764  81.59648450 -56.19574546  1.422093 1405.058100   1.422094 1.0   5.688249 4.0                   2.833600 2.0  0.711040 2.0
 382244665  81.98256900 -58.78739200  1.370028 1325.935100   0.594717 2.33  1.369955 1.0                   1.370000 1.0
 382816343 137.40276300 -53.41692100  2.707371 1520.727500   2.707418 1.0   5.414735 2.0                   2.707100 1.0
 382950391 249.57222200 -33.78408100  4.653466 2363.003600   6.967429 1.5   4.649125 1.0                   4.649100 1.0
 383096685 216.30567300 -63.03772200  1.971809 1602.547300   1.971724 1.0   3.943255 2.0
 383199385 134.21520670 -54.72331471  3.837161 1540.656100   3.837227 1.0   3.837256 1.0                   3.836944 1.0  1.918590 2.0
 383477928 207.70012900  28.42862700  1.559789 1930.571800   0.917105 1.67  1.559806 1.0    3.113749 2.0
 383754965 284.14328900  30.25687400  3.698720 1685.755400   3.698681 1.0   3.698487 1.0                   3.698490 1.0  1.849370 2.0 3.699646 1.0
 383826729 284.07922540  32.19112447  2.871747 2413.390500   2.870980 1.0   2.871957 1.0                                 1.435870 2.0 2.873034 1.0
 383861191 222.15409500 -43.19966400  3.196345 1602.211500   3.339198 1.0   6.392748 2.0                   4.170020 1.33
 384077492 242.45759800 -81.24043400  1.697510 1629.693000   0.807203 0.0
 384339442 247.03478700 -79.96161500  1.646900 1628.736600   1.646887 1.0   1.646900 1.0                   1.646900 1.0  0.823440 2.0
 384587424 216.53734810 -64.39527816  3.001481 1602.431300   6.002963 2.0
 384609318 254.77500300 -81.13081277  2.177776 2361.909900   2.177804 1.0   2.177826 1.0                                 1.088900 2.0
 384724316 137.00251200 -58.49676700  1.012330 1545.420900   1.012326 1.0                                  0.506174 2.0
 384815695  48.65039700  58.06053100  3.637612 1791.863100   3.637655 1.0                   3.638753 1.0   3.674314 1.0  1.818860 2.0
 385108096  50.92535314  44.79702075 14.911429 2890.808200  34.299458 2.33
 385335529  49.09352100  55.25623400  2.849429 1793.038800   5.699195 2.0
 385342333  49.25033800  55.76143600  1.008251 1790.776600   1.008248 1.0                                  1.008248 1.0  0.504130 2.0
 385423593 137.97163200 -56.79461300  6.252759 1574.467500   4.955231 1.33  6.252066 1.0                   6.252100 1.0
 385544396 138.22506950 -56.06017432  1.446501 1545.246200   4.246188 3.0
 385659324 110.94893000 -12.17264900  4.324455 1495.386800   5.388907 1.33                  1.384036 0.0
 385725183 111.08473300 -17.35650100  3.893708 1495.448300   1.331990 3.0   3.893785 1.0
 385863560 111.20380700 -12.98172000  1.105845 1493.559500   2.211719 2.0                   1.105937 1.0
 386206465 111.66976710 -14.29223755  2.976812 1494.529800   1.699844 1.67
 386250632 139.10537700 -58.32388400  1.517385 1546.109700   1.517360 1.0   9.104024 6.0                   1.517240 1.0  0.758680 2.0
 386763376 140.08912950 -54.08049129  3.115230 1545.539800   0.778756 4.0   3.115601 1.0                   3.115600 1.0
 386903925 140.23176700 -59.19395100  2.364750 1546.977000   2.364504 1.0   4.728159 2.0                   4.728200 2.0
 387058077 107.12443810  84.07780375  3.636576 1845.435200   0.284854 0.0
 387132532 286.79323280 -75.34080759  2.682776 1669.168400   2.682742 1.0   2.682581 1.0                   2.682800 1.0  1.341400 2.0
 387342381 110.14227700  13.34161900  1.780543 1493.603800   1.780781 1.0   1.780603 1.0    1.780626 1.0   1.780263 1.0  0.890300 2.0 1.780263 1.0
 387586657  44.44144200   6.53665800  1.253761 1412.396200   0.216330 0.0
 387606403 313.18426000  68.09598700  2.453634 1740.581000   1.401438 1.67  2.454006 1.0                   2.454000 1.0  1.226980 2.0
 387628610 313.39823220  70.84603736  1.514544 1766.063700   1.514571 1.0   1.514558 1.0                   1.514332 1.0  0.757280 2.0 1.514332 1.0
 387901451 316.61936800  67.55319700  1.096515 1740.057800   1.096491 1.0                                  2.192950 2.0  0.548240 2.0
 387995366 317.26440710  67.82058805  1.227117 1740.151900   4.757545 0.0                                  1.227129 1.0
 388765760 125.91640970 -53.71614645  4.020861 1568.165500   8.042265 2.0   4.021613 1.0                   4.020903 1.0  2.010520 2.0
 388937407  84.16205200  -9.52773300  4.963613 1469.204000  27.523783 0.0
 389119018  74.92796500  12.10816100  4.154078 1438.449300   0.945540 4.33  4.154090 1.0                   4.154100 1.0
 389254402 179.79413730 -45.57145853  6.699557 2309.027700   4.405351 1.5
 389305686 188.33105300 -24.58029700  1.009325 1571.980700   1.010008 1.0   1.010017 1.0    1.010067 1.0   1.010026 1.0  0.505010 2.0
 389702026  23.04679300  63.00013800  4.001744 1793.102100   0.520004 0.0                                  4.002000 1.0               4.002000 1.0
 389859123  88.91166500 -45.46651800  1.051173 1439.149700   1.051173 1.0   1.051170 1.0                   1.051156 1.0  0.525580 2.0
 390139637 269.23257000 -48.78378300  3.267679 1656.598200   9.657182 3.0   6.535600 2.0                   6.535600 2.0
 390475048 184.34547890 -55.42659427  1.364177 1602.494900   1.364159 1.0   1.364069 1.0                   1.364100 1.0  0.682080 2.0
 390847391 161.19340100 -65.85977700  1.518106 1571.762100   3.036258 2.0                                                0.759060 2.0
 390857972  45.30128774  65.50183816  2.273574 1792.660300   4.547141 2.0
 391119630  70.50901000  47.57372200  5.211804 1816.995400  13.631594 2.67
 391622793  71.57001989  43.97428106  2.169896 3309.503500   4.339793 2.0
 391804509 161.81526720 -65.33345066  2.993036 1604.436000   5.423388 0.0   2.992321 1.0                   2.992300 1.0
 392536523 280.29507100  58.58955200  6.943199 1694.910700   6.143135 0.0
 392594888  56.15123300  65.25601100  1.555234 1817.034100   3.110391 2.0
 393037610 290.25842700  31.73323300  1.746786 1684.910400   1.746763 1.0   1.746800 1.0                                 0.873390 2.0 1.746872 1.0
 393112557 290.49200200  34.91092600  3.665501 1684.138000   3.665651 1.0                                  3.628878 1.0  1.814470 2.0
 393293878 116.70726800  65.04038800  2.828818 1844.788900   1.796021 1.5
 393346985 130.73967400 -44.97467400  1.940538 1519.580200   0.970224 2.0   1.940438 1.0                   1.940400 1.0
 393425618 301.79040200  19.82984900  4.181783 1685.363200   0.640538 0.0
 393570853 301.93623210  22.63655063  1.167169 2440.316800   1.167186 1.0                   1.167287 1.0   1.167170 1.0  0.583590 2.0 1.167170 1.0
 393781885 128.09301630 -30.71829829  1.779997 1524.901300   1.779983 1.0   3.559992 2.0                   1.780000 1.0
 393923391 128.35025800 -34.64869900  6.178483 1519.289200   1.582404 4.0                                  6.178480 1.0
 393932469 196.57917000 -72.50482300  1.633764 1601.266200   0.544485 3.0
 393960195 212.01729300  44.86725200  1.162800 1740.293300   1.162794 1.0                                                0.581390 2.0
 394002871 261.99411300  13.43895000  1.020387 1985.432500   1.018996 1.0   1.018984 1.0                                 0.509500 2.0
 394175159 289.75122700  40.32602900  2.483555 1683.872200   0.203916 0.0
 394175208 289.79860100  40.30493800  1.566517 1685.217800   0.966609 1.67  1.566587 1.0    0.783237 2.0
 394356727  43.51396800 -81.95321700  1.789908 1326.852300   6.332346 3.5
 394441768 200.23377600 -72.87418400  1.961755 1597.654900   2.942793 1.5                                  1.961800 1.0
 394565685 156.26186700 -81.34875300  1.182217 1600.478300   2.364795 2.0
 394937761 291.54844900  29.98676700  1.707228 1683.792700   1.707223 1.0                                                0.853610 2.0
 395064422 204.12610900 -75.37865600  9.331643 1602.021400   3.391297 2.67  3.110349 3.0
 395228693 205.22834690 -73.21626957  1.668376 1597.749700   0.290393 5.67
 395388477  26.03174693  72.99445716  1.991810 1830.950800   1.991980 1.0                                  2.002677 1.0  0.995880 2.0
 395512691 207.49398750 -77.46131335  1.758391 1634.110500   1.758390 1.0   1.758358 1.0                                 0.879190 2.0
 395544276 326.39659800  48.68020300  2.923798 1713.143300   0.506448 0.0
 395625461 302.90371500  19.50191915  2.670203 1687.146300   2.051986 1.33                  0.729509 3.67
 395705594 302.96572000  22.91087100  1.613931 1685.246800   1.252800 1.33
 395740254 208.76114300 -74.24732909  1.388509 1622.839800   1.388479 1.0                                  0.694236 2.0
 396347119   2.60034207  54.61797304  4.222518 2862.713200   4.222533 1.0   8.445453 2.0                   4.222700 1.0               4.223086 1.0
 396743833 147.32005200 -16.10852700  1.546407 1519.837800   3.093318 2.0                                  1.546400 1.0
 396827848 130.83020700   8.75619004  3.285138 1500.405100   3.285364 1.0   3.285224 1.0    3.285314 1.0   3.285370 1.0  1.642610 2.0
 397048159  73.39515200   5.61269200  1.608976 1438.516100   1.605408 1.0                                                0.802730 2.0
 397252398 282.59117440 -46.31250588  1.348514 1673.113200   1.167631 0.0   1.348520 1.0                   1.348520 1.0  0.674260 2.0
 397852332  23.11808900  71.20999000  7.606711 1798.133400   2.256132 3.33
 398085939 160.10857100 -69.98354000  1.629640 1572.552000   1.629847 1.0   3.259073 2.0                   3.259100 2.0
 398238117 307.34936590  81.23248583  5.945787 1822.095800   2.227008 2.67
 398290742 181.86109700 -22.72210700  1.020257 1571.790800   2.043395 2.0   1.021718 1.0    1.021652 1.0   1.021704 1.0
 398357038 305.34135300  85.71145000  1.467560 1792.022500   1.467506 1.0   2.935065 2.0                   1.467520 1.0  0.733770 2.0
 398434783 161.08239730 -67.07863484  1.868306 1604.406100   1.868254 1.0   3.737071 2.0                   3.737100 2.0  0.934140 2.0
 399117874 189.41252020   9.78720831  4.471078 1951.821600   7.000446 1.5
 399442690  26.71338200  63.19049400  1.348782 1791.654600   1.348749 1.0   1.348746 1.0                   1.348702 1.0  0.676880 2.0 1.348702 1.0
 399560078 164.21865630 -66.63000200  1.365883 1620.523800   2.737175 2.0   2.737244 2.0                   2.737200 2.0
 399738865  25.77024322  82.52555567  1.709072 1821.526200   0.319823 5.33                                 1.709000 1.0
 399832597  31.04187370  78.84604634  1.309233 1790.709200   1.309242 1.0   1.309232 1.0                   1.309236 1.0  0.654620 2.0
 400148236 262.55012040  14.24674440  2.004646 2728.363900   2.004761 1.0   2.004701 1.0                   2.004670 1.0  1.002340 2.0
 400228115 262.93856200  13.70283000  1.509444 2011.797900   1.509449 1.0   1.509500 1.0                                 0.754720 2.0
 400368030 263.62670900  15.07537700  1.777013 2010.783600   1.777018 1.0   1.777085 1.0                                 0.888510 2.0
 400487022 166.49280460 -67.49706840  1.787817 1616.283500   1.787763 1.0   1.787639 1.0                   1.787600 1.0  0.893880 2.0
 400677935  30.54264844  63.24364971  8.792970 1994.656200  13.192799 1.5
 400897680  17.35374800  71.29391300  9.957059 1794.749800   5.246053 0.0                                  9.957000 1.0
 401273741 187.80195420 -51.45019877  3.374911 1607.676600   1.687456 2.0
 401419278 135.49300400 -49.23835600  1.327849 1519.019400   0.663919 2.0   1.327701 1.0                   1.327700 1.0
 401528002 135.62462900 -52.05214100  1.082589 1520.420100   0.541295 2.0
 401591306 168.15970400 -70.00230600  1.695875 1571.558200   0.242418 0.0
 401793362 136.06716300 -50.12524500  4.112943 1521.509000   4.113032 1.0   8.224718 2.0
 401874529 168.14326600 -68.39905600  1.972662 1572.896000   0.986327 2.0   1.972454 1.0                   1.972500 1.0
 402239922  59.46663798  43.78006179  2.587208 1818.117400  10.588606 4.0
 402304490 221.08118800 -73.38700900  1.856413 1628.781200   0.394224 4.67
 402586210 223.10795500 -72.01534100  2.225410 1630.650200   2.225371 1.0   2.225417 1.0                   2.211814 1.0  1.112690 2.0
 402762879 305.36431500  21.63501200  1.387426 1684.278400   1.387402 1.0   2.774966 2.0                   2.774900 2.0
 402970093 226.34987400 -74.54837000  5.171906 1630.394300   5.172216 1.0   5.171600 1.0                   5.171600 1.0  2.585960 2.0
 403037785  29.21468400  42.10060600  1.355615 1791.574400  10.592642 0.0                                  1.357309 1.0  0.678640 2.0
 403072759 227.47060500 -72.08141900  1.302884 1629.661700   0.520958 2.5
 403117553 303.77203400  66.58849800  1.152072 1712.287700   0.201137 5.67                                               0.576010 2.0
 403286070 332.42280670 -65.44870833  5.318236 1349.712800   1.508896 3.5
 403293447 288.35307600  25.59425600  1.242139 1684.361200   1.242101 1.0   2.484133 2.0                   1.242110 1.0
 403332606 304.06272800  69.08949600  2.058995 3121.437100   2.058870 1.0   4.116940 2.0                   4.116940 2.0  1.029420 2.0
 403527612  27.10333700  55.85303400  1.674407 1793.220900   1.674416 1.0   1.674418 1.0    1.674166 1.0   1.674793 1.0  0.837210 2.0 1.674793 1.0
 403562172 231.04459040 -71.97277372  2.528264 1628.714700   5.942255 2.33
 403852051 323.06490800  61.07018800  3.624591 1767.798800   3.624324 1.0   7.248675 2.0                   7.246110 2.0  1.812160 2.0 3.625167 1.0
 404015415 194.99726500 -49.26755400  6.978338 1604.920900   2.840790 2.5
 404062826 194.94013300 -51.38390500  1.347065 1601.401700   0.241029 5.67  1.347042 1.0                   1.347000 1.0  0.673550 2.0
 404733353 278.56139500 -48.88351200  1.014635 1655.170000   0.530424 2.0
 404890921 323.68332690  60.50407569  2.887702 1748.628900   5.775553 2.0
 405046778 113.62647630 -13.79244940  7.454291 1493.672400  20.052792 2.67
 405626032  28.22738200  43.93565200  2.756950 1793.866000   0.679220 4.0
 405666336  28.62320800  43.12399900  7.734437 1793.570800   4.131592 0.0
 405897233 301.03102500  51.99174800  2.749643 1685.897900   1.173643 2.33                  1.375594 2.0
 406681554 359.12263600  73.19182100  1.069010 1765.191000   2.174791 2.0
 407117807   5.45847200  70.26378200  3.598051 1793.277600   3.595223 1.0                                                1.797600 2.0
 407170396 236.21160700 -83.43869500  7.169652 1632.490700   2.054325 3.5
 407353531  10.69221600  67.27518300  2.894401 1792.263000   0.578884 5.0
 407389467   5.20965700  72.60618000  3.086594 1793.689700   3.086629 1.0   3.086302 1.0                   3.087049 1.0  1.530410 2.0 3.087049 1.0
 407395183   5.37335500  77.17676400  5.973445 1795.833700   0.900989 6.67
 408268165 310.54662430  24.02921817  3.844580 1684.408600   2.602295 1.5
 409129166 109.57289800 -13.36515700  3.122297 2206.036700   2.105238 1.5   3.122366 1.0    3.121473 1.0   3.122704 1.0
 409190618  84.48789900  36.43913500  6.150686 1821.279000   3.316886 0.0
 409266630 109.66059500 -12.21728200  1.085870 1492.990100   0.542932 2.0
 409465981 110.07862400 -14.16447500  1.008751 1492.964600   0.230730 4.33
 410212440 354.63757630 -71.34972644  2.939903 1346.421300   2.939616 1.0   2.938980 1.0                   2.938980 1.0  1.469940 2.0
 410498300  26.00891200  48.04532200  2.290458 1792.890800   2.290477 1.0   2.290270 1.0                   2.290400 1.0  1.145250 2.0
 411049543 178.34210200 -70.89260800  1.987960 1597.820700   1.988039 1.0                                                0.988630 2.0
 411308379 183.19885600 -59.57356400  5.734525 1575.286200   9.276612 1.67
 411507623 183.35377100 -58.04790100  4.203572 1572.825200   5.044548 0.0
 411632181  20.85543800  22.80505700  2.490889 1767.022400   2.490851 1.0   2.490331 1.0                                 1.236970 2.0
 412452630 110.63809500 -19.64890700 10.056620 1495.950900   8.739860 0.0
 412484671 192.87954200 -53.98584000  6.125368 1601.846000  12.252571 2.0
 412775011 111.19387000 -19.06933000  1.598824 1493.053300   0.799405 2.0
 412881515 329.86606400  64.85315600  3.267305 1741.390400   6.533749 2.0                                  6.535200 2.0
 413166636 127.87880100 -23.07484600  1.020290 1519.456800   1.020276 1.0   1.020262 1.0    1.020238 1.0   0.510149 2.0
 414895874  78.58767000  40.00189200  1.060652 1816.348400   4.103119 0.0
 415243789 189.27536200 -63.43885300  4.443246 1603.154300   0.200940 0.0
 415589165  91.71675800  14.08525900  8.920741 1474.076000  12.153816 1.33
 416035702 339.12752500  55.44442300  2.544921 1741.932800   2.544870 1.0   5.089824 2.0                   2.545000 1.0               2.545000 1.0
 416519772 157.64072100  59.53599700  4.000675 1872.165500   4.000755 1.0   4.000591 1.0                   4.001102 1.0  2.000330 2.0
 417420092  34.70497000  70.85567600  1.377236 1791.437100   1.377226 1.0                                                0.688620 2.0
 417774593  12.16109500  34.34199000  1.121875 1765.236500   0.561514 2.0
 418220663 322.39268400  76.76938000  3.950023 1766.155700   3.948334 1.0   3.948389 1.0                   3.946400 1.0  1.974170 2.0
 418739768 212.58573700 -79.11504200 11.088852 1631.307100   0.720117 0.0
 419141772 120.73744100 -33.63878600  1.848425 1492.839900   3.696847 2.0   1.848459 1.0    0.785507 2.33
 419540913 290.59337500 -56.43234200  2.490604 1655.737700   0.559688 4.5   2.490570 1.0                   2.490600 1.0
 419578193 191.20717700 -57.91019900  5.439418 1604.097800  12.046359 0.0
 419907951 202.55908500 -52.69172400 13.402321 1607.679300  22.569861 1.67
 419932107 330.79542600  45.56596000  1.680395 1741.633000   0.840222 2.0
 420380575 344.80212000  55.90774300  1.582543 1740.309100   0.791210 2.0   1.582443 1.0    0.612349 2.5                 0.791270 2.0
 420588069 216.12679800 -48.94480900  2.656938 1602.932100   3.635976 1.33
 420728044  62.67622500  78.20558700  1.061899 1817.626300   1.061889 1.0   1.061877 1.0                   1.061847 1.0  0.530950 2.0 1.061847 1.0
 421081467 325.73859500  53.73386800  1.503440 1741.094600   1.503425 1.0   1.503440 1.0                   1.503554 1.0  0.751710 2.0 1.503554 1.0
 421348700 218.90091500 -68.64587700  4.417871 1598.554900   4.417709 1.0   4.417205 1.0                                 2.182450 2.0
 421525463 219.32550900 -70.27770800  1.909533 1630.425300   0.954681 2.0
 421715961 324.76381600  55.41706500  1.017663 1740.285700   1.016710 1.0   2.033411 2.0                   2.033400 2.0  0.506940 2.0 1.016784 1.0
 422226099 335.95023000  55.70733300  1.403289 1740.834500   1.403296 1.0   1.403192 1.0    1.403265 1.0   1.406100 1.0  0.701650 2.0 1.403291 1.0
 422246362 193.80513000   7.09818400  2.423178 1931.683000   0.695385 3.5
 422774036  22.09271700  64.91882400  2.750959 1958.478000   2.750933 1.0   2.750840 1.0                   2.751000 1.0  1.375450 2.0 2.751000 1.0
 423517015  71.62882600 -20.60371200  6.160634 1439.024800   1.796491 3.33
 425459315 201.22270770 -39.73420890  2.131836 2327.489200   4.313136 2.0   2.131842 1.0                   2.131850 1.0  1.065930 2.0
 426147617 359.02780000  77.87284600  3.331222 1792.458100   3.330850 1.0   3.330556 1.0                   3.331005 1.0  1.665450 2.0 3.330058 1.0
 426317307  85.86138200  36.87942400  3.127888 1818.385000   3.127926 1.0   6.256542 2.0    6.257374 2.0
 427104544 321.33638600  61.19058900  2.172721 1740.436500   2.172743 1.0   2.172843 1.0                   2.172675 1.0  1.086390 2.0 2.172675 1.0
 427501377  94.56168700   9.06392200  1.429663 1469.179100   0.203909 0.0
 427654873 349.48265400  70.10968200  4.286881 1764.982500   8.573360 2.0                                  4.287100 1.0  2.143380 2.0
 428010135 354.83374200  68.70894200  2.390652 1765.211600   0.407986 0.0                                                1.195340 2.0
 428186864 336.30265400  57.75223800  2.030283 1740.527900   1.195871 1.67
 428190345 315.05408000  30.60206700  1.855326 1711.797600   0.907417 2.0
 428421109   5.41193900  60.67058400  1.527822 1765.377000   1.527772 1.0   1.527855 1.0                   1.527745 1.0  0.763890 2.0 1.527745 1.0
 428761034  57.21469800  52.26741200  1.562215 1818.236800   1.559954 1.0   1.560085 1.0    1.559742 1.0   1.560000 1.0  0.779990 2.0 1.559910 1.0
 428980249  58.48135900  48.54000700  1.131883 1818.316000   0.565640 2.0                   1.131344 1.0
 429031494 323.90875400  86.30106300  1.874451 1791.435200   1.874547 1.0                                  0.937268 2.0
 429103332  66.11652800  32.33461100  1.338372 1817.875600   2.879765 0.0
 429294793 184.29694900 -51.32618800  4.111952 1574.830900   4.111612 1.0   4.111581 1.0                   4.111600 1.0  2.055910 2.0
 429565748 322.49497800  59.85145000  4.185547 1740.163200   4.183305 1.0                                  4.183574 1.0  2.091680 2.0
 430117283 323.88066600  55.55775800  1.547569 1740.521100   1.547578 1.0   1.547591 1.0                   1.547516 1.0  0.773780 2.0 1.547516 1.0
 430415983 138.69244700   2.80466100  4.026395 1521.288900   4.024680 1.0   4.026358 1.0    4.046021 1.0                 2.013170 2.0
 430852323 331.75619000  35.62746700  1.045039 1711.676200   1.044950 1.0                                  0.522483 2.0
 431190048 343.43272800  50.87777700  4.480084 1742.986600   6.098623 1.33  8.959851 2.0                   4.480083 1.0
 431280871 343.67222700  53.48670000  1.302607 1740.575200   1.303364 1.0   1.303320 1.0    1.303383 1.0   1.303320 1.0  0.651680 2.0 1.303394 1.0
 431342911 344.20275900  53.79655900  1.041449 1740.553000   1.042433 1.0   1.042427 1.0                   1.042433 1.0  0.521210 2.0
 431554148 357.53454900  49.69102200  7.585909 1769.269700   0.244120 0.0
 431591452  50.44670800 -73.96895600  1.239092 1326.116700   1.239134 1.0   1.239113 1.0                   1.239100 1.0  0.619560 2.0
 432921214 146.85896300 -53.77896100  1.132715 1545.868100   1.132705 1.0   2.265419 2.0
 433365699 182.90993400 -55.49726200  1.074183 1572.247900   1.074171 1.0   1.074173 1.0                   1.074189 1.0  0.537080 2.0
 434230756  63.59303600  15.01427400  2.600058 1439.715000   5.444842 2.0                                  2.599085 1.0
 435271291 346.64756800  62.89637900  1.985259 1766.236900   1.985264 1.0   3.970513 2.0                   3.970500 2.0  0.992630 2.0 1.985918 1.0
 435446435 347.27537900  63.88016700  1.839250 1765.297100   1.839215 1.0                                                0.919600 2.0
 435961592 305.61495200  25.04917100  1.855113 1684.289600   1.855132 1.0   1.855210 1.0    1.855070 1.0   1.855281 1.0  0.927570 2.0 1.855281 1.0
 436423236  91.56260200   8.57492500  1.964542 1469.983400   0.982035 2.0   1.964534 1.0
 436564213  70.60230000  12.94772600  3.253332 1444.270600   3.243052 1.0   3.243180 1.0                   3.243075 1.0  1.621520 2.0
 436674218  73.36652400  14.82566300  1.458777 1439.112500   2.917600 2.0   1.458808 1.0    1.458817 1.0   1.458810 1.0  0.729400 2.0
 436860867  41.30932500  25.75676400  1.557733 1791.811400   0.757100 2.0   1.557743 1.0    1.557865 1.0   1.557415 1.0
 436980017 140.77000900 -58.94657200  5.524338 1545.816700  14.836035 2.67
 437257153 170.07820180 -19.55438378  7.643004 2289.716800  16.397669 0.0
 437290268 174.28626200 -21.04696800  1.637818 1546.072400   0.982555 1.67                  3.277125 2.0
 437915278  94.29907000  12.88337800  1.361507 1468.643800   1.798294 1.33
 438115600  95.94006600  15.91769700  2.657450 1470.560300   1.328702 2.0
 438149605  96.01054200  14.11020400  1.715123 1469.687200   1.715324 1.0                                  3.430300 2.0
 438198116  96.31229700  15.77992000  2.506024 1469.043800   1.031020 2.33
 438464942 100.28163100  12.05046400  6.241065 1473.775000   1.316925 4.67
 438507142 100.56184700  13.31779700  4.104317 1471.014100   6.374208 1.5   8.208840 2.0                  38.000000 0.0
 438518330 100.68427000  16.31865800  1.447826 1469.038900   1.491753 1.0   1.447810 1.0    1.447905 1.0   0.723891 2.0
 440181622   6.27922800  41.91929000  7.168536 1770.533700   0.526893 0.0
 440263770  88.22850400  46.07167500  1.911143 1816.781600   2.716720 1.33                  1.913923 1.0
 440319967  88.95089600  45.69254900  2.810357 1816.186100   2.124873 1.33
 440789912 109.07784500  13.86134000  2.476421 1492.919900   1.790562 1.33
 440963068 144.90967900 -54.67739200  2.622075 1546.826400   5.326796 2.0
 441530520 145.48841400 -58.22104800  1.810663 1545.102000   5.922433 3.33
 441560720 106.78120600  75.82281200  1.818112 1816.923200   1.818100 1.0   1.818117 1.0                   1.818261 1.0  0.909050 2.0 1.818261 1.0
 441613360 118.15678100  72.49277700  5.526853 1844.381800   2.763465 2.0
 441631243 122.92834300  76.08140800  1.179914 1843.280100   1.179911 1.0   0.589958 2.0                   1.179900 1.0
 441765495 261.68821900  77.27894500  1.465416 1685.585200  95.525206 0.0
 441849651 145.66604400 -54.17415500  4.904330 1547.706100   2.179712 2.33
 443281832  96.36016000  -8.75751600  2.447001 1469.455600   3.860685 1.5                   2.446386 1.0   2.446857 1.0
 443308641  96.51270100  -7.91237000  3.863771 1475.676100  11.354385 3.0
 443371784  96.79454800  -8.51454400  2.808080 1470.534300   7.227191 2.5   5.615640 2.0
 443450339  98.78421200 -15.17888900  2.903196 1471.000300 406.088375 0.0   5.806436 2.0                   5.806800 2.0
 443638077 146.95906400 -56.44193100  1.942701 1545.811200   1.942702 1.0   3.885470 2.0                   3.885500 2.0
 443638579 147.02117900 -55.10232400  3.326494 1547.525200   3.326355 1.0   6.652248 2.0                   6.652200 2.0
 443848566 121.24821900   5.95008500  1.654604 1494.185700  12.290763 0.0   1.654570 1.0                   1.654570 1.0
 443900794 122.28434720  11.12574680  3.659559 1497.286900   7.319148 2.0   3.659693 1.0                                 3.659870 1.0
 444079432  37.47591200  54.51745300  3.658390 1793.516500   1.219508 3.0
 444939716 102.71620800  58.48799900  3.956928 1846.009900   1.899414 2.0   1.318993 3.0                   0.659493 6.0
 444989702 112.13639300  54.75451700  1.281401 1843.957100   1.281405 1.0   1.281419 1.0    1.281230 1.0   1.281404 1.0  0.640700 2.0
 445029163 128.44004390  57.09820438  2.523402 2602.541500   2.523443 1.0   2.523377 1.0    2.522943 1.0                 1.261740 2.0
 445259184  12.27956500  57.41378400  7.020598 1769.413700   3.109727 2.33
 445526780  29.90445200  55.98934300  2.470029 1793.769200   2.470099 1.0   2.470100 1.0                                 1.235050 2.0 2.469548 1.0
 445586803 117.17832000 -54.70978300  1.551470 1492.765700   1.551516 1.0   1.551544 1.0                   1.551460 1.0  0.775740 2.0
 445607697  36.06119000  54.39544100  1.099131 1792.248100   1.098023 1.0                   0.548986 2.0   0.549010 2.0
 445683046  63.65236300  54.90604500  1.309850 1816.233200   0.654925 2.0
 445696207  64.19008800  58.07030300  3.402438 1816.889900   3.402426 1.0   3.402640 1.0    3.403994 1.0   3.402426 1.0  1.701220 2.0
 446033063  71.21269900  35.47621300  1.323595 1817.406500   1.323594 1.0   1.323600 1.0    1.323553 1.0                 0.661800 2.0
 446083477  72.07046600  35.06282800  2.937660 1819.020400   1.984318 1.5
 446463166 156.04102400 -48.92899900  1.426845 1546.283900   0.712714 2.0
 446711667 217.89228600 -71.81066100  2.979875 1631.368100   2.979846 1.0   2.980208 1.0                   2.980200 1.0  1.502190 2.0
 446713607 217.76957500 -71.15057500 15.441023 1630.639400  51.444861 3.33
 446764338 156.28103200 -48.17473400  4.034371 1548.808700   5.133922 1.33
 447143159 156.82304100 -51.57312800  4.052089 1547.774700   1.529080 2.67
 447317539 251.50702200 -63.08088700  2.492514 1629.266200   2.488312 1.0   2.488486 1.0                                 1.252720 2.0
 447946518 135.85158300 -44.96674800  1.651959 1518.753000   1.650107 1.0   1.650068 1.0                                 0.825040 2.0
 448626085 212.05082000 -67.49142700  9.455374 1603.036700   0.316994 0.0
 448719866 212.72666200 -71.23943900  1.676538 1596.996800   1.676536 1.0   3.353096 2.0                   1.676579 1.0
 448741239 182.26044900 -32.49383200  3.296498 1572.535000   9.761766 3.0
 449060412 216.09625500 -69.96608500  2.343551 1601.956800   2.343430 1.0   4.686986 2.0                   4.687080 2.0
 449803624 162.58822600 -76.44290300  4.167930 1604.363600  15.727426 0.0
 450085768  72.01185000  11.04494500  1.525723 1438.774100   2.317813 1.5
 450629232 169.13427900 -56.31651800  1.959862 1573.445000   1.959839 1.0   3.918598 2.0                   3.918600 2.0
 450647119 169.39508500 -55.64996800  1.704422 1572.159700   0.852183 2.0
 450935734 170.20820200 -54.61420500  4.390877 1571.814300   7.643671 1.67 17.564902 4.0                  17.565000 4.0
 451074799 170.38802000 -54.86016100  4.287027 1575.382400   2.064116 2.0
 451397681 239.79004500 -74.79391700  2.207383 1630.533600   2.207425 1.0   2.207406 1.0                                 1.103690 2.0
 452162655 173.57437700 -54.47696000  2.275021 1572.645800   7.031214 3.0
 452502387 140.43752200 -74.48453200  1.223364 1572.169900   3.639776 3.0                                  1.223300 1.0
 452685974 318.41493100  23.88339700  2.271791 1713.582100   2.271821 1.0   2.271760 1.0                   2.271760 1.0  1.135900 2.0 2.271610 1.0
 452748012  74.55807800   4.23687400  6.651014 1443.988000  47.157856 0.0   6.650412 1.0                   6.650410 1.0
 452757335 332.70855400  32.07271200  1.815064 1713.116700   1.815044 1.0   1.815025 1.0    1.815372 1.0   0.907538 2.0
 453027282 144.16418100   4.22712900  5.994931 1519.224300  16.902058 0.0                                  5.994529 1.0
 453135348  77.20711100  49.86245700  3.835810 1817.857100   0.475071 0.0                   2.546675 1.5   3.822410 1.0
 453140479 109.79649900   7.94325300  3.571225 1494.833500   2.373354 1.5
 453166293 110.09671400   8.80548000  2.564835 1494.130200   1.263095 2.0   2.564934 1.0                   2.564900 1.0
 453205331  23.92556900  58.39145900  3.787281 1792.446400   7.574970 2.0
 453359192 149.70004600 -74.26622900  3.744229 1573.581500   1.281692 3.0
 453553443 154.28893500 -72.98160300  1.710395 1572.350000   0.855087 2.0
 453590996 155.68534100 -72.62160300  1.063805 1572.341200   0.531893 2.0                                  1.063800 1.0
 453685400 157.52808800 -73.94655100  3.164120 1571.712500  94.924903 0.0
 454536608 171.70802600 -74.64673800  2.709555 1602.505900   2.709536 1.0   5.419009 2.0                                 1.354750 2.0
 455210940 125.40083200   4.35313100  1.417893 1507.422000   0.208629 0.0
 455238658 125.86319900   3.80310300  2.316185 1494.103300   6.948676 3.0                                  1.544120 1.5
 455246877 126.08641500   0.17606000  1.774297 1493.317700   7.208442 4.0
 455274123 146.52764900   1.18056200  5.320258 1519.027200   2.389621 0.0
 455518739 328.40608400  45.03349600  2.960397 1713.289600   2.960304 1.0   2.960323 1.0    2.959424 1.0   2.960740 1.0  1.480130 2.0 2.960328 1.0
 455555650 328.52733500  46.36612100  2.989175 1742.011800   2.989203 1.0   2.988851 1.0    2.990870 1.0   2.989318 1.0  1.494590 2.0
 455761257 357.79482700  36.29607100  3.150610 1767.756600   2.666493 0.0
 455824724 322.57179100  64.55029100  1.320957 1741.221200   0.660464 2.0
 455913019 339.70340400  59.92643000  1.894158 1740.545600   1.894100 1.0                                  1.894205 1.0  0.947050 2.0 1.894205 1.0
 456031379 340.52864900  63.19125500  3.833647 1793.080400   1.277932 3.0
 456203088  52.38650700  46.24497400  1.037688 1790.878000   1.037183 1.0   1.037194 1.0    1.037128 1.0   1.037202 1.0  0.518600 2.0
 456596504 282.15756800 -59.20333100  9.148656 1655.160700  50.358629 0.0
 456702641 112.75384100 -18.50812900  1.492826 1493.257600   1.494340 1.0                   1.494374 1.0                 0.747170 2.0
 458386856 117.13944710  50.84588858  1.323641 2596.647400   1.323635 1.0   1.323661 1.0                   1.323625 1.0  0.661810 2.0
 459054451  60.88922500  65.16076900  1.500082 1816.771800   1.500704 1.0   1.500710 1.0                   1.500710 1.0  0.750360 2.0
 459218028 194.29754300  70.02846700  1.981634 1683.509000   7.464994 0.0
 459678714 163.26840200 -58.82807500  1.206168 1572.017400   1.206168 1.0   2.412370 2.0                   2.412400 2.0
 459870317  88.61004800  86.02241300  2.958507 1817.963900   2.958479 1.0   2.958370 1.0                   2.958100 1.0  1.479240 2.0
 459873564  90.27998200  87.01211600  2.091209 1817.170200   3.135211 1.5
 461515461 336.41750700  88.05108800  1.303080 1817.844500   1.303054 1.0                                  1.303098 1.0  0.651530 2.0
 461805314 128.86269700 -32.99075200  1.466415 1519.185900   4.399284 3.0   1.466342 1.0                   1.466300 1.0
 461840036  79.94483800 -42.98402700  1.230931 1469.451800   1.230920 1.0   1.230926 1.0                   1.230944 1.0  0.615470 2.0
 462939525 152.54322700 -57.98477000  7.663090 1550.390600  11.522308 1.5   7.662975 1.0
 463370107 153.66387300 -59.27040600  3.641404 1546.664300   6.044512 1.67
 464287233 279.84378500 -63.34791200  1.137851 1655.567600   1.706770 1.5
 464486526 284.33465200 -62.35660700  1.185334 1655.868600   1.826523 1.5   1.184875 1.0                   1.184900 1.0
 464488601 284.45806900 -64.55782600  3.396147 1657.156600   3.396141 1.0   3.396169 1.0                   3.396344 1.0  1.698090 2.0
 464898573 159.92100000 -63.27695300  1.506244 1572.375900   0.753140 2.0                                  1.506225 1.0
 465857587 164.49036800 -63.87153400  3.674155 1574.965200   8.762576 2.33  3.674236 1.0                   3.674497 1.0  1.818770 2.0
 467748630  62.25251100  33.86744800  3.004919 1817.529300   0.424866 0.0
 468419263  76.14745100  66.07623400  5.396701 1822.336200  13.488911 2.5
 468482913  13.29379900  73.73690300  1.331966 1792.611300   0.665933 2.0                                  1.331900 1.0
 468512764 326.11584400  39.19587000  1.234980 1712.467800   1.234980 1.0   1.234992 1.0    1.234999 1.0   1.234951 1.0  0.617490 2.0
 468609343 314.86979000  42.54232400  3.179097 1711.818100   2.119385 1.5
 468872294  93.98235400  66.88766200  1.055102 1816.290600   1.054075 1.0   1.054070 1.0                   1.054108 1.0  0.527040 2.0 1.054108 1.0
 468874955  94.25351900  71.49357600  1.344538 1818.592200   2.689104 2.0   2.689126 2.0                   1.344560 1.0
 468894945  95.14829225  67.25649909  3.017520 1819.888300   3.017458 1.0   3.017519 1.0                   3.017640 1.0  1.508770 2.0
 469157449 148.23601800 -55.05531800  3.925060 1546.156500   7.850434 2.0
 469333054 149.00077400 -57.25333600  2.632880 1545.527200   1.316515 2.0   2.633094 1.0                   2.633090 1.0
 469465025 307.78456000  56.64795700  8.878145 1713.298700   0.471632 0.0
 470115551 328.51182200  80.88492500 11.750660 1797.696700  13.399655 0.0
 470269275 353.96946600  81.05591300  2.346969 1792.135200   2.346735 1.0   2.346831 1.0                   2.346872 1.0  1.173410 2.0
 470628618  85.23314200  46.04538800  4.118974 1818.552800   3.589816 0.0
 470733806 357.76010000  63.01481800  3.323926 1766.759200   2.669914 1.33
 470762103 357.79416500  63.88055000  5.442000 1767.797400   2.720945 2.0
 470858035 359.73765200  62.81881000  1.644968 1767.346900   1.644986 1.0   1.644942 1.0                   1.644900 1.0  0.818790 2.0 1.645000 1.0
 757311198 111.16356100   0.71656600  1.149577 1493.156800   0.503015 2.33  1.149639 1.0                                 0.574820 2.0
 758588764 102.57202800   3.57982700  1.363262 1468.917600   0.228306 6.0                                                0.681630 2.0
 761795257 111.69995100  12.56049600  2.588663 1494.152100   3.206411 1.33                  5.173971 2.0
1421145304 264.03561500 -34.01677300  2.816850 1629.765400   0.383206 0.0                                  2.816895 1.0
